Entity,Year,maternal_mortality_ratio_gapdata010,gapdata010_source_component,maternal_mortality_ratio_owid_current,owid_current_source_component,absolute_difference_mmr,audit_caveat
Sweden,1751,1046.2799730547076,Gapminder GD010 gapdata010.xls recovered source component,1046.28,OWID current successor/equivalent fill; not verified book-era Roser 2016p/World Bank 2015 value,2.694529234759102e-05,OWID current values are used for audit/successor fill only; they do not verify the unrecovered Roser 2016p/World Bank 2015 book-era vintage.
Sweden,1752,1050.2276010999426,Gapminder GD010 gapdata010.xls recovered source component,1050.2277,OWID current successor/equivalent fill; not verified book-era Roser 2016p/World Bank 2015 value,9.890005730994744e-05,OWID current values are used for audit/successor fill only; they do not verify the unrecovered Roser 2016p/World Bank 2015 book-era vintage.
Sweden,1753,1070.6401766004415,Gapminder GD010 gapdata010.xls recovered source component,1070.6401,OWID current successor/equivalent fill; not verified book-era Roser 2016p/World Bank 2015 value,7.660044138901867e-05,OWID current values are used for audit/successor fill only; they do not verify the unrecovered Roser 2016p/World Bank 2015 book-era vintage.
Sweden,1754,1097.5305562484411,Gapminder GD010 gapdata010.xls recovered source component,1097.5305,OWID current successor/equivalent fill; not verified book-era Roser 2016p/World Bank 2015 value,5.624844106932869e-05,OWID current values are used for audit/successor fill only; they do not verify the unrecovered Roser 2016p/World Bank 2015 book-era vintage.
Sweden,1755,1019.8834418923551,Gapminder GD010 gapdata010.xls recovered source component,1019.8834,OWID current successor/equivalent fill; not verified book-era Roser 2016p/World Bank 2015 value,4.189235505691613e-05,OWID current values are used for audit/successor fill only; they do not verify the unrecovered Roser 2016p/World Bank 2015 book-era vintage.
Sweden,1756,1022.9162680482169,Gapminder GD010 gapdata010.xls recovered source component,1022.91626,OWID current successor/equivalent fill; not verified book-era Roser 2016p/World Bank 2015 value,8.048216955103271e-06,OWID current values are used for audit/successor fill only; they do not verify the unrecovered Roser 2016p/World Bank 2015 book-era vintage.
Sweden,1757,1094.4999351407446,Gapminder GD010 gapdata010.xls recovered source component,1094.4999,OWID current successor/equivalent fill; not verified book-era Roser 2016p/World Bank 2015 value,3.514074455779337e-05,OWID current values are used for audit/successor fill only; they do not verify the unrecovered Roser 2016p/World Bank 2015 book-era vintage.
Sweden,1758,1205.026682733689,Gapminder GD010 gapdata010.xls recovered source component,1205.0267,OWID current successor/equivalent fill; not verified book-era Roser 2016p/World Bank 2015 value,1.7266310806007823e-05,OWID current values are used for audit/successor fill only; they do not verify the unrecovered Roser 2016p/World Bank 2015 book-era vintage.
Sweden,1759,1073.3090319967598,Gapminder GD010 gapdata010.xls recovered source component,1073.3091,OWID current successor/equivalent fill; not verified book-era Roser 2016p/World Bank 2015 value,6.800324013056525e-05,OWID current values are used for audit/successor fill only; they do not verify the unrecovered Roser 2016p/World Bank 2015 book-era vintage.
Sweden,1760,1098.4987184181618,Gapminder GD010 gapdata010.xls recovered source component,1098.4988,OWID current successor/equivalent fill; not verified book-era Roser 2016p/World Bank 2015 value,8.15818382307043e-05,OWID current values are used for audit/successor fill only; they do not verify the unrecovered Roser 2016p/World Bank 2015 book-era vintage.
Sweden,1761,1119.95722179312,Gapminder GD010 gapdata010.xls recovered source component,1119.9573,OWID current successor/equivalent fill; not verified book-era Roser 2016p/World Bank 2015 value,7.820688006177079e-05,OWID current values are used for audit/successor fill only; they do not verify the unrecovered Roser 2016p/World Bank 2015 book-era vintage.
Sweden,1762,1148.3646057623296,Gapminder GD010 gapdata010.xls recovered source component,1148.3646,OWID current successor/equivalent fill; not verified book-era Roser 2016p/World Bank 2015 value,5.762329465142102e-06,OWID current values are used for audit/successor fill only; they do not verify the unrecovered Roser 2016p/World Bank 2015 book-era vintage.
Sweden,1763,1078.7834371564677,Gapminder GD010 gapdata010.xls recovered source component,1078.7834,OWID current successor/equivalent fill; not verified book-era Roser 2016p/World Bank 2015 value,3.715646766977443e-05,OWID current values are used for audit/successor fill only; they do not verify the unrecovered Roser 2016p/World Bank 2015 book-era vintage.
Sweden,1764,1116.5657472937605,Gapminder GD010 gapdata010.xls recovered source component,1116.5658,OWID current successor/equivalent fill; not verified book-era Roser 2016p/World Bank 2015 value,5.270623955766496e-05,OWID current values are used for audit/successor fill only; they do not verify the unrecovered Roser 2016p/World Bank 2015 book-era vintage.
Sweden,1765,1034.1131218866258,Gapminder GD010 gapdata010.xls recovered source component,1034.1132,OWID current successor/equivalent fill; not verified book-era Roser 2016p/World Bank 2015 value,7.811337422936049e-05,OWID current values are used for audit/successor fill only; they do not verify the unrecovered Roser 2016p/World Bank 2015 book-era vintage.
Sweden,1766,974.973699417683,Gapminder GD010 gapdata010.xls recovered source component,974.9737,OWID current successor/equivalent fill; not verified book-era Roser 2016p/World Bank 2015 value,5.823170567964553e-07,OWID current values are used for audit/successor fill only; they do not verify the unrecovered Roser 2016p/World Bank 2015 book-era vintage.
Sweden,1767,1020.3156176310539,Gapminder GD010 gapdata010.xls recovered source component,1020.3156,OWID current successor/equivalent fill; not verified book-era Roser 2016p/World Bank 2015 value,1.7631053879085812e-05,OWID current values are used for audit/successor fill only; they do not verify the unrecovered Roser 2016p/World Bank 2015 book-era vintage.
Sweden,1768,920.1374340065365,Gapminder GD010 gapdata010.xls recovered source component,920.13745,OWID current successor/equivalent fill; not verified book-era Roser 2016p/World Bank 2015 value,1.599346342118224e-05,OWID current values are used for audit/successor fill only; they do not verify the unrecovered Roser 2016p/World Bank 2015 book-era vintage.
Sweden,1769,820.3723104198566,Gapminder GD010 gapdata010.xls recovered source component,820.3723,OWID current successor/equivalent fill; not verified book-era Roser 2016p/World Bank 2015 value,1.0419856607768452e-05,OWID current values are used for audit/successor fill only; they do not verify the unrecovered Roser 2016p/World Bank 2015 book-era vintage.
Sweden,1770,871.8777351376825,Gapminder GD010 gapdata010.xls recovered source component,871.87775,OWID current successor/equivalent fill; not verified book-era Roser 2016p/World Bank 2015 value,1.4862317470942799e-05,OWID current values are used for audit/successor fill only; they do not verify the unrecovered Roser 2016p/World Bank 2015 book-era vintage.
Sweden,1771,943.847072879331,Gapminder GD010 gapdata010.xls recovered source component,943.84705,OWID current successor/equivalent fill; not verified book-era Roser 2016p/World Bank 2015 value,2.2879331027070293e-05,OWID current values are used for audit/successor fill only; they do not verify the unrecovered Roser 2016p/World Bank 2015 book-era vintage.
Sweden,1772,1059.560423074038,Gapminder GD010 gapdata010.xls recovered source component,1059.5604,OWID current successor/equivalent fill; not verified book-era Roser 2016p/World Bank 2015 value,2.3074037926562596e-05,OWID current values are used for audit/successor fill only; they do not verify the unrecovered Roser 2016p/World Bank 2015 book-era vintage.
Sweden,1773,942.5091298738218,Gapminder GD010 gapdata010.xls recovered source component,942.50916,OWID current successor/equivalent fill; not verified book-era Roser 2016p/World Bank 2015 value,3.012617810327356e-05,OWID current values are used for audit/successor fill only; they do not verify the unrecovered Roser 2016p/World Bank 2015 book-era vintage.
Sweden,1774,853.7696250915392,Gapminder GD010 gapdata010.xls recovered source component,853.76965,OWID current successor/equivalent fill; not verified book-era Roser 2016p/World Bank 2015 value,2.4908460773076513e-05,OWID current values are used for audit/successor fill only; they do not verify the unrecovered Roser 2016p/World Bank 2015 book-era vintage.
Sweden,1775,913.6970343443418,Gapminder GD010 gapdata010.xls recovered source component,913.697,OWID current successor/equivalent fill; not verified book-era Roser 2016p/World Bank 2015 value,3.434434177052026e-05,OWID current values are used for audit/successor fill only; they do not verify the unrecovered Roser 2016p/World Bank 2015 book-era vintage.
Sweden,1776,945.1173919545387,Gapminder GD010 gapdata010.xls recovered source component,945.1174,OWID current successor/equivalent fill; not verified book-era Roser 2016p/World Bank 2015 value,8.045461299843737e-06,OWID current values are used for audit/successor fill only; they do not verify the unrecovered Roser 2016p/World Bank 2015 book-era vintage.
Sweden,1777,892.2899646924998,Gapminder GD010 gapdata010.xls recovered source component,892.29,OWID current successor/equivalent fill; not verified book-era Roser 2016p/World Bank 2015 value,3.530750018398976e-05,OWID current values are used for audit/successor fill only; they do not verify the unrecovered Roser 2016p/World Bank 2015 book-era vintage.
Sweden,1778,947.0404984423676,Gapminder GD010 gapdata010.xls recovered source component,947.0405,OWID current successor/equivalent fill; not verified book-era Roser 2016p/World Bank 2015 value,1.5576323448840412e-06,OWID current values are used for audit/successor fill only; they do not verify the unrecovered Roser 2016p/World Bank 2015 book-era vintage.
Sweden,1779,907.2224331365285,Gapminder GD010 gapdata010.xls recovered source component,907.2224,OWID current successor/equivalent fill; not verified book-era Roser 2016p/World Bank 2015 value,3.313652848646598e-05,OWID current values are used for audit/successor fill only; they do not verify the unrecovered Roser 2016p/World Bank 2015 book-era vintage.
Sweden,1780,830.7262197963123,Gapminder GD010 gapdata010.xls recovered source component,830.7262,OWID current successor/equivalent fill; not verified book-era Roser 2016p/World Bank 2015 value,1.9796312358266732e-05,OWID current values are used for audit/successor fill only; they do not verify the unrecovered Roser 2016p/World Bank 2015 book-era vintage.
Sweden,1781,858.9905806270209,Gapminder GD010 gapdata010.xls recovered source component,858.9906,OWID current successor/equivalent fill; not verified book-era Roser 2016p/World Bank 2015 value,1.9372979068066343e-05,OWID current values are used for audit/successor fill only; they do not verify the unrecovered Roser 2016p/World Bank 2015 book-era vintage.
Sweden,1782,937.2536424421152,Gapminder GD010 gapdata010.xls recovered source component,937.25366,OWID current successor/equivalent fill; not verified book-era Roser 2016p/World Bank 2015 value,1.7557884802954504e-05,OWID current values are used for audit/successor fill only; they do not verify the unrecovered Roser 2016p/World Bank 2015 book-era vintage.
Sweden,1783,784.9897643491512,Gapminder GD010 gapdata010.xls recovered source component,784.98975,OWID current successor/equivalent fill; not verified book-era Roser 2016p/World Bank 2015 value,1.434915122899838e-05,OWID current values are used for audit/successor fill only; they do not verify the unrecovered Roser 2016p/World Bank 2015 book-era vintage.
Sweden,1784,703.6839926674945,Gapminder GD010 gapdata010.xls recovered source component,703.684,OWID current successor/equivalent fill; not verified book-era Roser 2016p/World Bank 2015 value,7.332505447266158e-06,OWID current values are used for audit/successor fill only; they do not verify the unrecovered Roser 2016p/World Bank 2015 book-era vintage.
Sweden,1785,883.0707787885513,Gapminder GD010 gapdata010.xls recovered source component,883.0708,OWID current successor/equivalent fill; not verified book-era Roser 2016p/World Bank 2015 value,2.1211448711255798e-05,OWID current values are used for audit/successor fill only; they do not verify the unrecovered Roser 2016p/World Bank 2015 book-era vintage.
Sweden,1786,883.9078029181645,Gapminder GD010 gapdata010.xls recovered source component,883.9078,OWID current successor/equivalent fill; not verified book-era Roser 2016p/World Bank 2015 value,2.918164568654902e-06,OWID current values are used for audit/successor fill only; they do not verify the unrecovered Roser 2016p/World Bank 2015 book-era vintage.
Sweden,1787,951.2937595129375,Gapminder GD010 gapdata010.xls recovered source component,951.29376,OWID current successor/equivalent fill; not verified book-era Roser 2016p/World Bank 2015 value,4.870624934483203e-07,OWID current values are used for audit/successor fill only; they do not verify the unrecovered Roser 2016p/World Bank 2015 book-era vintage.
Sweden,1788,948.6614683982216,Gapminder GD010 gapdata010.xls recovered source component,948.66144,OWID current successor/equivalent fill; not verified book-era Roser 2016p/World Bank 2015 value,2.8398221616043884e-05,OWID current values are used for audit/successor fill only; they do not verify the unrecovered Roser 2016p/World Bank 2015 book-era vintage.
Sweden,1789,990.9948726787023,Gapminder GD010 gapdata010.xls recovered source component,990.9949,OWID current successor/equivalent fill; not verified book-era Roser 2016p/World Bank 2015 value,2.7321297693561064e-05,OWID current values are used for audit/successor fill only; they do not verify the unrecovered Roser 2016p/World Bank 2015 book-era vintage.
Sweden,1790,986.6842610364683,Gapminder GD010 gapdata010.xls recovered source component,986.68427,OWID current successor/equivalent fill; not verified book-era Roser 2016p/World Bank 2015 value,8.963531627159682e-06,OWID current values are used for audit/successor fill only; they do not verify the unrecovered Roser 2016p/World Bank 2015 book-era vintage.
Sweden,1791,1120.1899573992598,Gapminder GD010 gapdata010.xls recovered source component,1120.19,OWID current successor/equivalent fill; not verified book-era Roser 2016p/World Bank 2015 value,4.260074024386995e-05,OWID current values are used for audit/successor fill only; they do not verify the unrecovered Roser 2016p/World Bank 2015 book-era vintage.
Sweden,1792,1073.8272010927994,Gapminder GD010 gapdata010.xls recovered source component,1073.8271,OWID current successor/equivalent fill; not verified book-era Roser 2016p/World Bank 2015 value,0.00010109279946846073,OWID current values are used for audit/successor fill only; they do not verify the unrecovered Roser 2016p/World Bank 2015 book-era vintage.
Sweden,1793,961.5384615384615,Gapminder GD010 gapdata010.xls recovered source component,961.53845,OWID current successor/equivalent fill; not verified book-era Roser 2016p/World Bank 2015 value,1.1538461535565148e-05,OWID current values are used for audit/successor fill only; they do not verify the unrecovered Roser 2016p/World Bank 2015 book-era vintage.
Sweden,1794,950.1250164495328,Gapminder GD010 gapdata010.xls recovered source component,950.125,OWID current successor/equivalent fill; not verified book-era Roser 2016p/World Bank 2015 value,1.644953283630457e-05,OWID current values are used for audit/successor fill only; they do not verify the unrecovered Roser 2016p/World Bank 2015 book-era vintage.
Sweden,1795,1090.5528023515046,Gapminder GD010 gapdata010.xls recovered source component,1090.5529,OWID current successor/equivalent fill; not verified book-era Roser 2016p/World Bank 2015 value,9.76484952843748e-05,OWID current values are used for audit/successor fill only; they do not verify the unrecovered Roser 2016p/World Bank 2015 book-era vintage.
Sweden,1796,911.310827480301,Gapminder GD010 gapdata010.xls recovered source component,911.31085,OWID current successor/equivalent fill; not verified book-era Roser 2016p/World Bank 2015 value,2.2519698973155755e-05,OWID current values are used for audit/successor fill only; they do not verify the unrecovered Roser 2016p/World Bank 2015 book-era vintage.
Sweden,1797,823.6494388732675,Gapminder GD010 gapdata010.xls recovered source component,823.6494,OWID current successor/equivalent fill; not verified book-era Roser 2016p/World Bank 2015 value,3.8873267499184294e-05,OWID current values are used for audit/successor fill only; they do not verify the unrecovered Roser 2016p/World Bank 2015 book-era vintage.
Sweden,1798,842.3142010102681,Gapminder GD010 gapdata010.xls recovered source component,842.3142,OWID current successor/equivalent fill; not verified book-era Roser 2016p/World Bank 2015 value,1.0102680789714213e-06,OWID current values are used for audit/successor fill only; they do not verify the unrecovered Roser 2016p/World Bank 2015 book-era vintage.
Sweden,1799,844.9132502590537,Gapminder GD010 gapdata010.xls recovered source component,844.91327,OWID current successor/equivalent fill; not verified book-era Roser 2016p/World Bank 2015 value,1.9740946299862117e-05,OWID current values are used for audit/successor fill only; they do not verify the unrecovered Roser 2016p/World Bank 2015 book-era vintage.
Sweden,1800,895.5665753830211,Gapminder GD010 gapdata010.xls recovered source component,895.5666,OWID current successor/equivalent fill; not verified book-era Roser 2016p/World Bank 2015 value,2.4616978862468386e-05,OWID current values are used for audit/successor fill only; they do not verify the unrecovered Roser 2016p/World Bank 2015 book-era vintage.
Sweden,1801,839.5984652196689,Gapminder GD010 gapdata010.xls recovered source component,839.59845,OWID current successor/equivalent fill; not verified book-era Roser 2016p/World Bank 2015 value,1.5219668966892641e-05,OWID current values are used for audit/successor fill only; they do not verify the unrecovered Roser 2016p/World Bank 2015 book-era vintage.
Sweden,1802,841.7485959740138,Gapminder GD010 gapdata010.xls recovered source component,841.7486,OWID current successor/equivalent fill; not verified book-era Roser 2016p/World Bank 2015 value,4.025986186206865e-06,OWID current values are used for audit/successor fill only; they do not verify the unrecovered Roser 2016p/World Bank 2015 book-era vintage.
Sweden,1803,818.5520604469215,Gapminder GD010 gapdata010.xls recovered source component,818.55206,OWID current successor/equivalent fill; not verified book-era Roser 2016p/World Bank 2015 value,4.4692149003822124e-07,OWID current values are used for audit/successor fill only; they do not verify the unrecovered Roser 2016p/World Bank 2015 book-era vintage.
Sweden,1804,754.8107740407885,Gapminder GD010 gapdata010.xls recovered source component,754.8108,OWID current successor/equivalent fill; not verified book-era Roser 2016p/World Bank 2015 value,2.5959211484405387e-05,OWID current values are used for audit/successor fill only; they do not verify the unrecovered Roser 2016p/World Bank 2015 book-era vintage.
Sweden,1805,667.5201170446232,Gapminder GD010 gapdata010.xls recovered source component,667.52014,OWID current successor/equivalent fill; not verified book-era Roser 2016p/World Bank 2015 value,2.295537672125647e-05,OWID current values are used for audit/successor fill only; they do not verify the unrecovered Roser 2016p/World Bank 2015 book-era vintage.
Sweden,1806,866.1723495260187,Gapminder GD010 gapdata010.xls recovered source component,866.17236,OWID current successor/equivalent fill; not verified book-era Roser 2016p/World Bank 2015 value,1.0473981319591985e-05,OWID current values are used for audit/successor fill only; they do not verify the unrecovered Roser 2016p/World Bank 2015 book-era vintage.
Sweden,1807,866.2746235595052,Gapminder GD010 gapdata010.xls recovered source component,866.2746,OWID current successor/equivalent fill; not verified book-era Roser 2016p/World Bank 2015 value,2.3559505279990844e-05,OWID current values are used for audit/successor fill only; they do not verify the unrecovered Roser 2016p/World Bank 2015 book-era vintage.
Sweden,1808,870.7056230818113,Gapminder GD010 gapdata010.xls recovered source component,870.7056,OWID current successor/equivalent fill; not verified book-era Roser 2016p/World Bank 2015 value,2.308181126409181e-05,OWID current values are used for audit/successor fill only; they do not verify the unrecovered Roser 2016p/World Bank 2015 book-era vintage.
Sweden,1809,1007.7760497667185,Gapminder GD010 gapdata010.xls recovered source component,1007.77606,OWID current successor/equivalent fill; not verified book-era Roser 2016p/World Bank 2015 value,1.02332815004047e-05,OWID current values are used for audit/successor fill only; they do not verify the unrecovered Roser 2016p/World Bank 2015 book-era vintage.
Sweden,1810,887.0191089259465,Gapminder GD010 gapdata010.xls recovered source component,887.0191,OWID current successor/equivalent fill; not verified book-era Roser 2016p/World Bank 2015 value,8.92594653123524e-06,OWID current values are used for audit/successor fill only; they do not verify the unrecovered Roser 2016p/World Bank 2015 book-era vintage.
Sweden,1811,896.750017675756,Gapminder GD010 gapdata010.xls recovered source component,896.75,OWID current successor/equivalent fill; not verified book-era Roser 2016p/World Bank 2015 value,1.7675755998425302e-05,OWID current values are used for audit/successor fill only; they do not verify the unrecovered Roser 2016p/World Bank 2015 book-era vintage.
Sweden,1812,828.8212730793424,Gapminder GD010 gapdata010.xls recovered source component,828.8213,OWID current successor/equivalent fill; not verified book-era Roser 2016p/World Bank 2015 value,2.6920657546725124e-05,OWID current values are used for audit/successor fill only; they do not verify the unrecovered Roser 2016p/World Bank 2015 book-era vintage.
Sweden,1813,738.673442468169,Gapminder GD010 gapdata010.xls recovered source component,738.67346,OWID current successor/equivalent fill; not verified book-era Roser 2016p/World Bank 2015 value,1.7531830962980166e-05,OWID current values are used for audit/successor fill only; they do not verify the unrecovered Roser 2016p/World Bank 2015 book-era vintage.
Sweden,1814,764.7981855822355,Gapminder GD010 gapdata010.xls recovered source component,764.79816,OWID current successor/equivalent fill; not verified book-era Roser 2016p/World Bank 2015 value,2.5582235480214877e-05,OWID current values are used for audit/successor fill only; they do not verify the unrecovered Roser 2016p/World Bank 2015 book-era vintage.
Sweden,1815,746.1373315031851,Gapminder GD010 gapdata010.xls recovered source component,746.1373,OWID current successor/equivalent fill; not verified book-era Roser 2016p/World Bank 2015 value,3.150318514144601e-05,OWID current values are used for audit/successor fill only; they do not verify the unrecovered Roser 2016p/World Bank 2015 book-era vintage.
Sweden,1816,691.4335265391812,Gapminder GD010 gapdata010.xls recovered source component,691.43353,OWID current successor/equivalent fill; not verified book-era Roser 2016p/World Bank 2015 value,3.460818788880715e-06,OWID current values are used for audit/successor fill only; they do not verify the unrecovered Roser 2016p/World Bank 2015 book-era vintage.
Sweden,1817,751.3358377861259,Gapminder GD010 gapdata010.xls recovered source component,751.3358,OWID current successor/equivalent fill; not verified book-era Roser 2016p/World Bank 2015 value,3.7786125972161244e-05,OWID current values are used for audit/successor fill only; they do not verify the unrecovered Roser 2016p/World Bank 2015 book-era vintage.
Sweden,1818,757.1691905639685,Gapminder GD010 gapdata010.xls recovered source component,757.1692,OWID current successor/equivalent fill; not verified book-era Roser 2016p/World Bank 2015 value,9.43603151881689e-06,OWID current values are used for audit/successor fill only; they do not verify the unrecovered Roser 2016p/World Bank 2015 book-era vintage.
Sweden,1819,740.6528189910979,Gapminder GD010 gapdata010.xls recovered source component,740.65283,OWID current successor/equivalent fill; not verified book-era Roser 2016p/World Bank 2015 value,1.1008902106368623e-05,OWID current values are used for audit/successor fill only; they do not verify the unrecovered Roser 2016p/World Bank 2015 book-era vintage.
Sweden,1820,757.8882851451539,Gapminder GD010 gapdata010.xls recovered source component,757.8883,OWID current successor/equivalent fill; not verified book-era Roser 2016p/World Bank 2015 value,1.4854846085654572e-05,OWID current values are used for audit/successor fill only; they do not verify the unrecovered Roser 2016p/World Bank 2015 book-era vintage.
Sweden,1821,754.7866505935121,Gapminder GD010 gapdata010.xls recovered source component,754.7866,OWID current successor/equivalent fill; not verified book-era Roser 2016p/World Bank 2015 value,5.059351212821639e-05,OWID current values are used for audit/successor fill only; they do not verify the unrecovered Roser 2016p/World Bank 2015 book-era vintage.
Sweden,1822,780.4133221643746,Gapminder GD010 gapdata010.xls recovered source component,780.4133,OWID current successor/equivalent fill; not verified book-era Roser 2016p/World Bank 2015 value,2.216437451352249e-05,OWID current values are used for audit/successor fill only; they do not verify the unrecovered Roser 2016p/World Bank 2015 book-era vintage.
Sweden,1823,706.2966242278061,Gapminder GD010 gapdata010.xls recovered source component,706.29663,OWID current successor/equivalent fill; not verified book-era Roser 2016p/World Bank 2015 value,5.772193958364369e-06,OWID current values are used for audit/successor fill only; they do not verify the unrecovered Roser 2016p/World Bank 2015 book-era vintage.
Sweden,1824,570.6530450858651,Gapminder GD010 gapdata010.xls recovered source component,570.653,OWID current successor/equivalent fill; not verified book-era Roser 2016p/World Bank 2015 value,4.508586505380663e-05,OWID current values are used for audit/successor fill only; they do not verify the unrecovered Roser 2016p/World Bank 2015 book-era vintage.
Sweden,1825,565.2195583910682,Gapminder GD010 gapdata010.xls recovered source component,565.21954,OWID current successor/equivalent fill; not verified book-era Roser 2016p/World Bank 2015 value,1.83910681244015e-05,OWID current values are used for audit/successor fill only; they do not verify the unrecovered Roser 2016p/World Bank 2015 book-era vintage.
Sweden,1826,618.7902187902188,Gapminder GD010 gapdata010.xls recovered source component,618.7902,OWID current successor/equivalent fill; not verified book-era Roser 2016p/World Bank 2015 value,1.879021874628961e-05,OWID current values are used for audit/successor fill only; they do not verify the unrecovered Roser 2016p/World Bank 2015 book-era vintage.
Sweden,1827,645.578524586444,Gapminder GD010 gapdata010.xls recovered source component,645.57855,OWID current successor/equivalent fill; not verified book-era Roser 2016p/World Bank 2015 value,2.5413555931663723e-05,OWID current values are used for audit/successor fill only; they do not verify the unrecovered Roser 2016p/World Bank 2015 book-era vintage.
Sweden,1828,705.7910522893638,Gapminder GD010 gapdata010.xls recovered source component,705.7911,OWID current successor/equivalent fill; not verified book-era Roser 2016p/World Bank 2015 value,4.771063618136395e-05,OWID current values are used for audit/successor fill only; they do not verify the unrecovered Roser 2016p/World Bank 2015 book-era vintage.
Sweden,1829,721.6950788034738,Gapminder GD010 gapdata010.xls recovered source component,721.69507,OWID current successor/equivalent fill; not verified book-era Roser 2016p/World Bank 2015 value,8.80347386100766e-06,OWID current values are used for audit/successor fill only; they do not verify the unrecovered Roser 2016p/World Bank 2015 book-era vintage.
Sweden,1830,658.3814173694334,Gapminder GD010 gapdata010.xls recovered source component,658.3814,OWID current successor/equivalent fill; not verified book-era Roser 2016p/World Bank 2015 value,1.7369433408020996e-05,OWID current values are used for audit/successor fill only; they do not verify the unrecovered Roser 2016p/World Bank 2015 book-era vintage.
Sweden,1831,627.74070003286,Gapminder GD010 gapdata010.xls recovered source component,627.7407,OWID current successor/equivalent fill; not verified book-era Roser 2016p/World Bank 2015 value,3.28600435750559e-08,OWID current values are used for audit/successor fill only; they do not verify the unrecovered Roser 2016p/World Bank 2015 book-era vintage.
Sweden,1832,569.7625247601878,Gapminder GD010 gapdata010.xls recovered source component,569.7625,OWID current successor/equivalent fill; not verified book-era Roser 2016p/World Bank 2015 value,2.4760187784522714e-05,OWID current values are used for audit/successor fill only; they do not verify the unrecovered Roser 2016p/World Bank 2015 book-era vintage.
Sweden,1833,593.1671136189176,Gapminder GD010 gapdata010.xls recovered source component,593.1671,OWID current successor/equivalent fill; not verified book-era Roser 2016p/World Bank 2015 value,1.3618917591884383e-05,OWID current values are used for audit/successor fill only; they do not verify the unrecovered Roser 2016p/World Bank 2015 book-era vintage.
Sweden,1834,574.672506509962,Gapminder GD010 gapdata010.xls recovered source component,574.6725,OWID current successor/equivalent fill; not verified book-era Roser 2016p/World Bank 2015 value,6.509961963274691e-06,OWID current values are used for audit/successor fill only; they do not verify the unrecovered Roser 2016p/World Bank 2015 book-era vintage.
Sweden,1835,514.5500489077274,Gapminder GD010 gapdata010.xls recovered source component,514.55005,OWID current successor/equivalent fill; not verified book-era Roser 2016p/World Bank 2015 value,1.0922726687567774e-06,OWID current values are used for audit/successor fill only; they do not verify the unrecovered Roser 2016p/World Bank 2015 book-era vintage.
Sweden,1836,543.0686475938755,Gapminder GD010 gapdata010.xls recovered source component,543.06866,OWID current successor/equivalent fill; not verified book-era Roser 2016p/World Bank 2015 value,1.2406124483277381e-05,OWID current values are used for audit/successor fill only; they do not verify the unrecovered Roser 2016p/World Bank 2015 book-era vintage.
Sweden,1837,547.4761139764944,Gapminder GD010 gapdata010.xls recovered source component,547.47614,OWID current successor/equivalent fill; not verified book-era Roser 2016p/World Bank 2015 value,2.6023505597549956e-05,OWID current values are used for audit/successor fill only; they do not verify the unrecovered Roser 2016p/World Bank 2015 book-era vintage.
Sweden,1838,467.06785181913546,Gapminder GD010 gapdata010.xls recovered source component,467.06784,OWID current successor/equivalent fill; not verified book-era Roser 2016p/World Bank 2015 value,1.1819135465884756e-05,OWID current values are used for audit/successor fill only; they do not verify the unrecovered Roser 2016p/World Bank 2015 book-era vintage.
Sweden,1839,507.864233880236,Gapminder GD010 gapdata010.xls recovered source component,507.86423,OWID current successor/equivalent fill; not verified book-era Roser 2016p/World Bank 2015 value,3.880235965425527e-06,OWID current values are used for audit/successor fill only; they do not verify the unrecovered Roser 2016p/World Bank 2015 book-era vintage.
Sweden,1840,610.2281988590057,Gapminder GD010 gapdata010.xls recovered source component,610.2282,OWID current successor/equivalent fill; not verified book-era Roser 2016p/World Bank 2015 value,1.1409942999307532e-06,OWID current values are used for audit/successor fill only; they do not verify the unrecovered Roser 2016p/World Bank 2015 book-era vintage.
Sweden,1841,622.5583387302316,Gapminder GD010 gapdata010.xls recovered source component,622.55835,OWID current successor/equivalent fill; not verified book-era Roser 2016p/World Bank 2015 value,1.1269768378951994e-05,OWID current values are used for audit/successor fill only; they do not verify the unrecovered Roser 2016p/World Bank 2015 book-era vintage.
Sweden,1842,669.4660117255585,Gapminder GD010 gapdata010.xls recovered source component,669.466,OWID current successor/equivalent fill; not verified book-era Roser 2016p/World Bank 2015 value,1.1725558465514041e-05,OWID current values are used for audit/successor fill only; they do not verify the unrecovered Roser 2016p/World Bank 2015 book-era vintage.
Sweden,1843,459.8906751114428,Gapminder GD010 gapdata010.xls recovered source component,459.8907,OWID current successor/equivalent fill; not verified book-era Roser 2016p/World Bank 2015 value,2.488855716364924e-05,OWID current values are used for audit/successor fill only; they do not verify the unrecovered Roser 2016p/World Bank 2015 book-era vintage.
Sweden,1844,426.00746945832105,Gapminder GD010 gapdata010.xls recovered source component,426.00748,OWID current successor/equivalent fill; not verified book-era Roser 2016p/World Bank 2015 value,1.0541678932440846e-05,OWID current values are used for audit/successor fill only; they do not verify the unrecovered Roser 2016p/World Bank 2015 book-era vintage.
Sweden,1845,430.25274937295006,Gapminder GD010 gapdata010.xls recovered source component,430.25275,OWID current successor/equivalent fill; not verified book-era Roser 2016p/World Bank 2015 value,6.270499284255493e-07,OWID current values are used for audit/successor fill only; they do not verify the unrecovered Roser 2016p/World Bank 2015 book-era vintage.
Sweden,1846,494.46857165782376,Gapminder GD010 gapdata010.xls recovered source component,494.46857,OWID current successor/equivalent fill; not verified book-era Roser 2016p/World Bank 2015 value,1.6578237591602374e-06,OWID current values are used for audit/successor fill only; they do not verify the unrecovered Roser 2016p/World Bank 2015 book-era vintage.
Sweden,1847,441.62574738603934,Gapminder GD010 gapdata010.xls recovered source component,441.62573,OWID current successor/equivalent fill; not verified book-era Roser 2016p/World Bank 2015 value,1.7386039360189898e-05,OWID current values are used for audit/successor fill only; they do not verify the unrecovered Roser 2016p/World Bank 2015 book-era vintage.
Sweden,1848,415.5124653739612,Gapminder GD010 gapdata010.xls recovered source component,415.51245,OWID current successor/equivalent fill; not verified book-era Roser 2016p/World Bank 2015 value,1.537396121875645e-05,OWID current values are used for audit/successor fill only; they do not verify the unrecovered Roser 2016p/World Bank 2015 book-era vintage.
Sweden,1849,471.9333238353041,Gapminder GD010 gapdata010.xls recovered source component,471.93332,OWID current successor/equivalent fill; not verified book-era Roser 2016p/World Bank 2015 value,3.83530414183042e-06,OWID current values are used for audit/successor fill only; they do not verify the unrecovered Roser 2016p/World Bank 2015 book-era vintage.
Sweden,1850,467.3955380030616,Gapminder GD010 gapdata010.xls recovered source component,467.39554,OWID current successor/equivalent fill; not verified book-era Roser 2016p/World Bank 2015 value,1.9969384084106423e-06,OWID current values are used for audit/successor fill only; they do not verify the unrecovered Roser 2016p/World Bank 2015 book-era vintage.
Sweden,1851,472.6961689100977,Gapminder GD010 gapdata010.xls recovered source component,472.69617,OWID current successor/equivalent fill; not verified book-era Roser 2016p/World Bank 2015 value,1.0899022981902817e-06,OWID current values are used for audit/successor fill only; they do not verify the unrecovered Roser 2016p/World Bank 2015 book-era vintage.
Sweden,1852,453.34933751904344,Gapminder GD010 gapdata010.xls recovered source component,453.34933,OWID current successor/equivalent fill; not verified book-era Roser 2016p/World Bank 2015 value,7.519043435877393e-06,OWID current values are used for audit/successor fill only; they do not verify the unrecovered Roser 2016p/World Bank 2015 book-era vintage.
Sweden,1853,421.8765427666125,Gapminder GD010 gapdata010.xls recovered source component,421.87656,OWID current successor/equivalent fill; not verified book-era Roser 2016p/World Bank 2015 value,1.7233387495707575e-05,OWID current values are used for audit/successor fill only; they do not verify the unrecovered Roser 2016p/World Bank 2015 book-era vintage.
Sweden,1854,445.4361527637857,Gapminder GD010 gapdata010.xls recovered source component,445.43616,OWID current successor/equivalent fill; not verified book-era Roser 2016p/World Bank 2015 value,7.236214287331677e-06,OWID current values are used for audit/successor fill only; they do not verify the unrecovered Roser 2016p/World Bank 2015 book-era vintage.
Sweden,1855,441.4627363737486,Gapminder GD010 gapdata010.xls recovered source component,441.46274,OWID current successor/equivalent fill; not verified book-era Roser 2016p/World Bank 2015 value,3.626251384503121e-06,OWID current values are used for audit/successor fill only; they do not verify the unrecovered Roser 2016p/World Bank 2015 book-era vintage.
Sweden,1856,352.7919222815036,Gapminder GD010 gapdata010.xls recovered source component,352.79193,OWID current successor/equivalent fill; not verified book-era Roser 2016p/World Bank 2015 value,7.718496362940641e-06,OWID current values are used for audit/successor fill only; they do not verify the unrecovered Roser 2016p/World Bank 2015 book-era vintage.
Sweden,1857,370.34244107617155,Gapminder GD010 gapdata010.xls recovered source component,370.34244,OWID current successor/equivalent fill; not verified book-era Roser 2016p/World Bank 2015 value,1.0761715429907781e-06,OWID current values are used for audit/successor fill only; they do not verify the unrecovered Roser 2016p/World Bank 2015 book-era vintage.
Sweden,1858,509.9233565046227,Gapminder GD010 gapdata010.xls recovered source component,509.92337,OWID current successor/equivalent fill; not verified book-era Roser 2016p/World Bank 2015 value,1.3495377288563759e-05,OWID current values are used for audit/successor fill only; they do not verify the unrecovered Roser 2016p/World Bank 2015 book-era vintage.
Sweden,1859,528.0954371034536,Gapminder GD010 gapdata010.xls recovered source component,528.09546,OWID current successor/equivalent fill; not verified book-era Roser 2016p/World Bank 2015 value,2.2896546397532802e-05,OWID current values are used for audit/successor fill only; they do not verify the unrecovered Roser 2016p/World Bank 2015 book-era vintage.
Sweden,1860,488.1272435079077,Gapminder GD010 gapdata010.xls recovered source component,488.12726,OWID current successor/equivalent fill; not verified book-era Roser 2016p/World Bank 2015 value,1.649209229981352e-05,OWID current values are used for audit/successor fill only; they do not verify the unrecovered Roser 2016p/World Bank 2015 book-era vintage.
Sweden,1861,514.0799469336829,Gapminder GD010 gapdata010.xls recovered source component,514.07996,OWID current successor/equivalent fill; not verified book-era Roser 2016p/World Bank 2015 value,1.3066317137599981e-05,OWID current values are used for audit/successor fill only; they do not verify the unrecovered Roser 2016p/World Bank 2015 book-era vintage.
Sweden,1862,560.0984922178989,Gapminder GD010 gapdata010.xls recovered source component,560.0985,OWID current successor/equivalent fill; not verified book-era Roser 2016p/World Bank 2015 value,7.782101079101267e-06,OWID current values are used for audit/successor fill only; they do not verify the unrecovered Roser 2016p/World Bank 2015 book-era vintage.
Sweden,1863,565.9857460958154,Gapminder GD010 gapdata010.xls recovered source component,565.9857,OWID current successor/equivalent fill; not verified book-era Roser 2016p/World Bank 2015 value,4.6095815491753456e-05,OWID current values are used for audit/successor fill only; they do not verify the unrecovered Roser 2016p/World Bank 2015 book-era vintage.
Sweden,1864,597.0412634922502,Gapminder GD010 gapdata010.xls recovered source component,597.04126,OWID current successor/equivalent fill; not verified book-era Roser 2016p/World Bank 2015 value,3.4922502436529612e-06,OWID current values are used for audit/successor fill only; they do not verify the unrecovered Roser 2016p/World Bank 2015 book-era vintage.
Sweden,1865,595.7655960262434,Gapminder GD010 gapdata010.xls recovered source component,595.7656,OWID current successor/equivalent fill; not verified book-era Roser 2016p/World Bank 2015 value,3.973756520281313e-06,OWID current values are used for audit/successor fill only; they do not verify the unrecovered Roser 2016p/World Bank 2015 book-era vintage.
Sweden,1866,511.7199191175934,Gapminder GD010 gapdata010.xls recovered source component,511.7199,OWID current successor/equivalent fill; not verified book-era Roser 2016p/World Bank 2015 value,1.9117593410555855e-05,OWID current values are used for audit/successor fill only; they do not verify the unrecovered Roser 2016p/World Bank 2015 book-era vintage.
Sweden,1867,495.99478390461996,Gapminder GD010 gapdata010.xls recovered source component,495.99478,OWID current successor/equivalent fill; not verified book-era Roser 2016p/World Bank 2015 value,3.90461997312741e-06,OWID current values are used for audit/successor fill only; they do not verify the unrecovered Roser 2016p/World Bank 2015 book-era vintage.
Sweden,1868,498.4559175329477,Gapminder GD010 gapdata010.xls recovered source component,498.45593,OWID current successor/equivalent fill; not verified book-era Roser 2016p/World Bank 2015 value,1.2467052329157013e-05,OWID current values are used for audit/successor fill only; they do not verify the unrecovered Roser 2016p/World Bank 2015 book-era vintage.
Sweden,1869,591.4494761083304,Gapminder GD010 gapdata010.xls recovered source component,591.44946,OWID current successor/equivalent fill; not verified book-era Roser 2016p/World Bank 2015 value,1.6108330328279408e-05,OWID current values are used for audit/successor fill only; they do not verify the unrecovered Roser 2016p/World Bank 2015 book-era vintage.
Sweden,1870,648.3753066639964,Gapminder GD010 gapdata010.xls recovered source component,648.3753,OWID current successor/equivalent fill; not verified book-era Roser 2016p/World Bank 2015 value,6.663996373390546e-06,OWID current values are used for audit/successor fill only; they do not verify the unrecovered Roser 2016p/World Bank 2015 book-era vintage.
Sweden,1871,569.373218254498,Gapminder GD010 gapdata010.xls recovered source component,569.3732,OWID current successor/equivalent fill; not verified book-era Roser 2016p/World Bank 2015 value,1.8254498058922763e-05,OWID current values are used for audit/successor fill only; they do not verify the unrecovered Roser 2016p/World Bank 2015 book-era vintage.
Sweden,1872,468.56665852909447,Gapminder GD010 gapdata010.xls recovered source component,468.56665,OWID current successor/equivalent fill; not verified book-era Roser 2016p/World Bank 2015 value,8.529094486675604e-06,OWID current values are used for audit/successor fill only; they do not verify the unrecovered Roser 2016p/World Bank 2015 book-era vintage.
Sweden,1873,556.0493151933639,Gapminder GD010 gapdata010.xls recovered source component,556.0493,OWID current successor/equivalent fill; not verified book-era Roser 2016p/World Bank 2015 value,1.5193363879006938e-05,OWID current values are used for audit/successor fill only; they do not verify the unrecovered Roser 2016p/World Bank 2015 book-era vintage.
Sweden,1874,907.32388235559,Gapminder GD010 gapdata010.xls recovered source component,907.32385,OWID current successor/equivalent fill; not verified book-era Roser 2016p/World Bank 2015 value,3.235558995129395e-05,OWID current values are used for audit/successor fill only; they do not verify the unrecovered Roser 2016p/World Bank 2015 book-era vintage.
Sweden,1875,673.7374777504817,Gapminder GD010 gapdata010.xls recovered source component,673.7375,OWID current successor/equivalent fill; not verified book-era Roser 2016p/World Bank 2015 value,2.2249518224271014e-05,OWID current values are used for audit/successor fill only; they do not verify the unrecovered Roser 2016p/World Bank 2015 book-era vintage.
Sweden,1876,618.1470306865848,Gapminder GD010 gapdata010.xls recovered source component,618.14703,OWID current successor/equivalent fill; not verified book-era Roser 2016p/World Bank 2015 value,6.865848263259977e-07,OWID current values are used for audit/successor fill only; they do not verify the unrecovered Roser 2016p/World Bank 2015 book-era vintage.
Sweden,1877,493.94840983275077,Gapminder GD010 gapdata010.xls recovered source component,493.9484,OWID current successor/equivalent fill; not verified book-era Roser 2016p/World Bank 2015 value,9.832750777150068e-06,OWID current values are used for audit/successor fill only; they do not verify the unrecovered Roser 2016p/World Bank 2015 book-era vintage.
Sweden,1878,429.111137553546,Gapminder GD010 gapdata010.xls recovered source component,429.11115,OWID current successor/equivalent fill; not verified book-era Roser 2016p/World Bank 2015 value,1.2446454036307841e-05,OWID current values are used for audit/successor fill only; they do not verify the unrecovered Roser 2016p/World Bank 2015 book-era vintage.
Sweden,1879,443.74761764346283,Gapminder GD010 gapdata010.xls recovered source component,443.74762,OWID current successor/equivalent fill; not verified book-era Roser 2016p/World Bank 2015 value,2.356537152081728e-06,OWID current values are used for audit/successor fill only; they do not verify the unrecovered Roser 2016p/World Bank 2015 book-era vintage.
Sweden,1880,476.679924327062,Gapminder GD010 gapdata010.xls recovered source component,476.67993,OWID current successor/equivalent fill; not verified book-era Roser 2016p/World Bank 2015 value,5.672938016232365e-06,OWID current values are used for audit/successor fill only; they do not verify the unrecovered Roser 2016p/World Bank 2015 book-era vintage.
Sweden,1881,488.6900996957923,Gapminder GD010 gapdata010.xls recovered source component,488.6901,OWID current successor/equivalent fill; not verified book-era Roser 2016p/World Bank 2015 value,3.042076741621713e-07,OWID current values are used for audit/successor fill only; they do not verify the unrecovered Roser 2016p/World Bank 2015 book-era vintage.
Sweden,1882,372.300819061802,Gapminder GD010 gapdata010.xls recovered source component,372.3008,OWID current successor/equivalent fill; not verified book-era Roser 2016p/World Bank 2015 value,1.9061801992847904e-05,OWID current values are used for audit/successor fill only; they do not verify the unrecovered Roser 2016p/World Bank 2015 book-era vintage.
Sweden,1883,412.4176857949201,Gapminder GD010 gapdata010.xls recovered source component,412.4177,OWID current successor/equivalent fill; not verified book-era Roser 2016p/World Bank 2015 value,1.4205079935436515e-05,OWID current values are used for audit/successor fill only; they do not verify the unrecovered Roser 2016p/World Bank 2015 book-era vintage.
Sweden,1884,355.3281199322498,Gapminder GD010 gapdata010.xls recovered source component,355.32812,OWID current successor/equivalent fill; not verified book-era Roser 2016p/World Bank 2015 value,6.775019301130669e-08,OWID current values are used for audit/successor fill only; they do not verify the unrecovered Roser 2016p/World Bank 2015 book-era vintage.
Sweden,1885,436.24552101844034,Gapminder GD010 gapdata010.xls recovered source component,436.2455,OWID current successor/equivalent fill; not verified book-era Roser 2016p/World Bank 2015 value,2.1018440349962475e-05,OWID current values are used for audit/successor fill only; they do not verify the unrecovered Roser 2016p/World Bank 2015 book-era vintage.
Sweden,1886,372.4567850045038,Gapminder GD010 gapdata010.xls recovered source component,372.4568,OWID current successor/equivalent fill; not verified book-era Roser 2016p/World Bank 2015 value,1.499549620120888e-05,OWID current values are used for audit/successor fill only; they do not verify the unrecovered Roser 2016p/World Bank 2015 book-era vintage.
Sweden,1887,443.7500445890318,Gapminder GD010 gapdata010.xls recovered source component,443.75003,OWID current successor/equivalent fill; not verified book-era Roser 2016p/World Bank 2015 value,1.4589031820833043e-05,OWID current values are used for audit/successor fill only; they do not verify the unrecovered Roser 2016p/World Bank 2015 book-era vintage.
Sweden,1888,343.7131277894629,Gapminder GD010 gapdata010.xls recovered source component,343.71313,OWID current successor/equivalent fill; not verified book-era Roser 2016p/World Bank 2015 value,2.210537104474497e-06,OWID current values are used for audit/successor fill only; they do not verify the unrecovered Roser 2016p/World Bank 2015 book-era vintage.
Sweden,1889,314.986862927712,Gapminder GD010 gapdata010.xls recovered source component,314.98688,OWID current successor/equivalent fill; not verified book-era Roser 2016p/World Bank 2015 value,1.707228796021809e-05,OWID current values are used for audit/successor fill only; they do not verify the unrecovered Roser 2016p/World Bank 2015 book-era vintage.
Sweden,1890,303.89903964909394,Gapminder GD010 gapdata010.xls recovered source component,303.89905,OWID current successor/equivalent fill; not verified book-era Roser 2016p/World Bank 2015 value,1.0350906052281061e-05,OWID current values are used for audit/successor fill only; they do not verify the unrecovered Roser 2016p/World Bank 2015 book-era vintage.
Sweden,1891,336.4916319844151,Gapminder GD010 gapdata010.xls recovered source component,336.49164,OWID current successor/equivalent fill; not verified book-era Roser 2016p/World Bank 2015 value,8.015584910481266e-06,OWID current values are used for audit/successor fill only; they do not verify the unrecovered Roser 2016p/World Bank 2015 book-era vintage.
Sweden,1892,367.22161361497274,Gapminder GD010 gapdata010.xls recovered source component,367.22162,OWID current successor/equivalent fill; not verified book-era Roser 2016p/World Bank 2015 value,6.385027234045992e-06,OWID current values are used for audit/successor fill only; they do not verify the unrecovered Roser 2016p/World Bank 2015 book-era vintage.
Sweden,1893,369.69839594925946,Gapminder GD010 gapdata010.xls recovered source component,369.6984,OWID current successor/equivalent fill; not verified book-era Roser 2016p/World Bank 2015 value,4.050740528782626e-06,OWID current values are used for audit/successor fill only; they do not verify the unrecovered Roser 2016p/World Bank 2015 book-era vintage.
Sweden,1894,299.06627399949775,Gapminder GD010 gapdata010.xls recovered source component,299.06628,OWID current successor/equivalent fill; not verified book-era Roser 2016p/World Bank 2015 value,6.00050225330051e-06,OWID current values are used for audit/successor fill only; they do not verify the unrecovered Roser 2016p/World Bank 2015 book-era vintage.
Sweden,1895,277.11944368085943,Gapminder GD010 gapdata010.xls recovered source component,277.11945,OWID current successor/equivalent fill; not verified book-era Roser 2016p/World Bank 2015 value,6.3191405388351995e-06,OWID current values are used for audit/successor fill only; they do not verify the unrecovered Roser 2016p/World Bank 2015 book-era vintage.
Sweden,1896,246.4484617446466,Gapminder GD010 gapdata010.xls recovered source component,246.44846,OWID current successor/equivalent fill; not verified book-era Roser 2016p/World Bank 2015 value,1.7446465960802016e-06,OWID current values are used for audit/successor fill only; they do not verify the unrecovered Roser 2016p/World Bank 2015 book-era vintage.
Sweden,1897,256.3929052098136,Gapminder GD010 gapdata010.xls recovered source component,256.3929,OWID current successor/equivalent fill; not verified book-era Roser 2016p/World Bank 2015 value,5.209813593864965e-06,OWID current values are used for audit/successor fill only; they do not verify the unrecovered Roser 2016p/World Bank 2015 book-era vintage.
Sweden,1898,206.5586018473078,Gapminder GD010 gapdata010.xls recovered source component,206.55861,OWID current successor/equivalent fill; not verified book-era Roser 2016p/World Bank 2015 value,8.152692174689946e-06,OWID current values are used for audit/successor fill only; they do not verify the unrecovered Roser 2016p/World Bank 2015 book-era vintage.
Sweden,1899,248.72649049162695,Gapminder GD010 gapdata010.xls recovered source component,248.72649,OWID current successor/equivalent fill; not verified book-era Roser 2016p/World Bank 2015 value,4.916269347177149e-07,OWID current values are used for audit/successor fill only; they do not verify the unrecovered Roser 2016p/World Bank 2015 book-era vintage.
Sweden,1900,188.21621699882004,Gapminder GD010 gapdata010.xls recovered source component,188.21622,OWID current successor/equivalent fill; not verified book-era Roser 2016p/World Bank 2015 value,3.0011799481144408e-06,OWID current values are used for audit/successor fill only; they do not verify the unrecovered Roser 2016p/World Bank 2015 book-era vintage.
Sweden,1901,226.01707684580612,Gapminder GD010 gapdata010.xls recovered source component,226.01707,OWID current successor/equivalent fill; not verified book-era Roser 2016p/World Bank 2015 value,6.845806126420939e-06,OWID current values are used for audit/successor fill only; they do not verify the unrecovered Roser 2016p/World Bank 2015 book-era vintage.
Sweden,1902,222.7657901633616,Gapminder GD010 gapdata010.xls recovered source component,222.7658,OWID current successor/equivalent fill; not verified book-era Roser 2016p/World Bank 2015 value,9.836638412252796e-06,OWID current values are used for audit/successor fill only; they do not verify the unrecovered Roser 2016p/World Bank 2015 book-era vintage.
Sweden,1903,227.78873155284697,Gapminder GD010 gapdata010.xls recovered source component,227.78873,OWID current successor/equivalent fill; not verified book-era Roser 2016p/World Bank 2015 value,1.5528469816672441e-06,OWID current values are used for audit/successor fill only; they do not verify the unrecovered Roser 2016p/World Bank 2015 book-era vintage.
Sweden,1904,213.40921216432508,Gapminder GD010 gapdata010.xls recovered source component,213.40921,OWID current successor/equivalent fill; not verified book-era Roser 2016p/World Bank 2015 value,2.1643250818215165e-06,OWID current values are used for audit/successor fill only; they do not verify the unrecovered Roser 2016p/World Bank 2015 book-era vintage.
Sweden,1905,245.92161525452516,Gapminder GD010 gapdata010.xls recovered source component,245.92162,OWID current successor/equivalent fill; not verified book-era Roser 2016p/World Bank 2015 value,4.745474825540441e-06,OWID current values are used for audit/successor fill only; they do not verify the unrecovered Roser 2016p/World Bank 2015 book-era vintage.
Sweden,1906,237.88610745132485,Gapminder GD010 gapdata010.xls recovered source component,237.88611,OWID current successor/equivalent fill; not verified book-era Roser 2016p/World Bank 2015 value,2.548675155367164e-06,OWID current values are used for audit/successor fill only; they do not verify the unrecovered Roser 2016p/World Bank 2015 book-era vintage.
Sweden,1907,298.26087592201355,Gapminder GD010 gapdata010.xls recovered source component,298.26086,OWID current successor/equivalent fill; not verified book-era Roser 2016p/World Bank 2015 value,1.592201357425438e-05,OWID current values are used for audit/successor fill only; they do not verify the unrecovered Roser 2016p/World Bank 2015 book-era vintage.
Sweden,1908,212.4227717211285,Gapminder GD010 gapdata010.xls recovered source component,212.42278,OWID current successor/equivalent fill; not verified book-era Roser 2016p/World Bank 2015 value,8.278871490574602e-06,OWID current values are used for audit/successor fill only; they do not verify the unrecovered Roser 2016p/World Bank 2015 book-era vintage.
Sweden,1909,250.1702447940934,Gapminder GD010 gapdata010.xls recovered source component,250.17024,OWID current successor/equivalent fill; not verified book-era Roser 2016p/World Bank 2015 value,4.794093399596022e-06,OWID current values are used for audit/successor fill only; they do not verify the unrecovered Roser 2016p/World Bank 2015 book-era vintage.
Sweden,1910,254.3778801843318,Gapminder GD010 gapdata010.xls recovered source component,254.37788,OWID current successor/equivalent fill; not verified book-era Roser 2016p/World Bank 2015 value,1.8433178183840937e-07,OWID current values are used for audit/successor fill only; they do not verify the unrecovered Roser 2016p/World Bank 2015 book-era vintage.
Sweden,1911,266.2114501003933,Gapminder GD010 gapdata010.xls recovered source component,266.21146,OWID current successor/equivalent fill; not verified book-era Roser 2016p/World Bank 2015 value,9.899606709495856e-06,OWID current values are used for audit/successor fill only; they do not verify the unrecovered Roser 2016p/World Bank 2015 book-era vintage.
Sweden,1912,232.56164012403286,Gapminder GD010 gapdata010.xls recovered source component,232.56165,OWID current successor/equivalent fill; not verified book-era Roser 2016p/World Bank 2015 value,9.875967123207374e-06,OWID current values are used for audit/successor fill only; they do not verify the unrecovered Roser 2016p/World Bank 2015 book-era vintage.
Sweden,1913,227.3425499231951,Gapminder GD010 gapdata010.xls recovered source component,227.34254,OWID current successor/equivalent fill; not verified book-era Roser 2016p/World Bank 2015 value,9.923195079863945e-06,OWID current values are used for audit/successor fill only; they do not verify the unrecovered Roser 2016p/World Bank 2015 book-era vintage.
Sweden,1914,260.3160870707102,Gapminder GD010 gapdata010.xls recovered source component,260.3161,OWID current successor/equivalent fill; not verified book-era Roser 2016p/World Bank 2015 value,1.2929289823659929e-05,OWID current values are used for audit/successor fill only; they do not verify the unrecovered Roser 2016p/World Bank 2015 book-era vintage.
Sweden,1915,290.25098173126173,Gapminder GD010 gapdata010.xls recovered source component,290.25098,OWID current successor/equivalent fill; not verified book-era Roser 2016p/World Bank 2015 value,1.7312617046627565e-06,OWID current values are used for audit/successor fill only; they do not verify the unrecovered Roser 2016p/World Bank 2015 book-era vintage.
Sweden,1916,266.2743776658257,Gapminder GD010 gapdata010.xls recovered source component,266.27438,OWID current successor/equivalent fill; not verified book-era Roser 2016p/World Bank 2015 value,2.3341743258242786e-06,OWID current values are used for audit/successor fill only; they do not verify the unrecovered Roser 2016p/World Bank 2015 book-era vintage.
Sweden,1917,245.74903810351245,Gapminder GD010 gapdata010.xls recovered source component,245.74904,OWID current successor/equivalent fill; not verified book-era Roser 2016p/World Bank 2015 value,1.8964875607707654e-06,OWID current values are used for audit/successor fill only; they do not verify the unrecovered Roser 2016p/World Bank 2015 book-era vintage.
Sweden,1918,257.72540375566956,Gapminder GD010 gapdata010.xls recovered source component,257.7254,OWID current successor/equivalent fill; not verified book-era Roser 2016p/World Bank 2015 value,3.7556695815510466e-06,OWID current values are used for audit/successor fill only; they do not verify the unrecovered Roser 2016p/World Bank 2015 book-era vintage.
Sweden,1919,320.33196461590546,Gapminder GD010 gapdata010.xls recovered source component,320.33197,OWID current successor/equivalent fill; not verified book-era Roser 2016p/World Bank 2015 value,5.3840945497540815e-06,OWID current values are used for audit/successor fill only; they do not verify the unrecovered Roser 2016p/World Bank 2015 book-era vintage.
Sweden,1920,400.712056676252,Gapminder GD010 gapdata010.xls recovered source component,400.71207,OWID current successor/equivalent fill; not verified book-era Roser 2016p/World Bank 2015 value,1.3323747964477661e-05,OWID current values are used for audit/successor fill only; they do not verify the unrecovered Roser 2016p/World Bank 2015 book-era vintage.
Sweden,1921,269.3328531274712,Gapminder GD010 gapdata010.xls recovered source component,269.33286,OWID current successor/equivalent fill; not verified book-era Roser 2016p/World Bank 2015 value,6.8725287860615936e-06,OWID current values are used for audit/successor fill only; they do not verify the unrecovered Roser 2016p/World Bank 2015 book-era vintage.
Sweden,1922,251.39808116566618,Gapminder GD010 gapdata010.xls recovered source component,251.39809,OWID current successor/equivalent fill; not verified book-era Roser 2016p/World Bank 2015 value,8.83433381204668e-06,OWID current values are used for audit/successor fill only; they do not verify the unrecovered Roser 2016p/World Bank 2015 book-era vintage.
Sweden,1923,231.85083968792702,Gapminder GD010 gapdata010.xls recovered source component,231.85085,OWID current successor/equivalent fill; not verified book-era Roser 2016p/World Bank 2015 value,1.031207298751724e-05,OWID current values are used for audit/successor fill only; they do not verify the unrecovered Roser 2016p/World Bank 2015 book-era vintage.
Sweden,1924,238.41181055430744,Gapminder GD010 gapdata010.xls recovered source component,238.4118,OWID current successor/equivalent fill; not verified book-era Roser 2016p/World Bank 2015 value,1.055430743690522e-05,OWID current values are used for audit/successor fill only; they do not verify the unrecovered Roser 2016p/World Bank 2015 book-era vintage.
Sweden,1925,263.42528130056826,Gapminder GD010 gapdata010.xls recovered source component,263.4253,OWID current successor/equivalent fill; not verified book-era Roser 2016p/World Bank 2015 value,1.8699431734603422e-05,OWID current values are used for audit/successor fill only; they do not verify the unrecovered Roser 2016p/World Bank 2015 book-era vintage.
Sweden,1926,294.0974638995363,Gapminder GD010 gapdata010.xls recovered source component,294.09747,OWID current successor/equivalent fill; not verified book-era Roser 2016p/World Bank 2015 value,6.100463679103996e-06,OWID current values are used for audit/successor fill only; they do not verify the unrecovered Roser 2016p/World Bank 2015 book-era vintage.
Sweden,1927,277.5680143682266,Gapminder GD010 gapdata010.xls recovered source component,277.56802,OWID current successor/equivalent fill; not verified book-era Roser 2016p/World Bank 2015 value,5.6317733765354205e-06,OWID current values are used for audit/successor fill only; they do not verify the unrecovered Roser 2016p/World Bank 2015 book-era vintage.
Sweden,1928,330.036375526219,Gapminder GD010 gapdata010.xls recovered source component,330.03638,OWID current successor/equivalent fill; not verified book-era Roser 2016p/World Bank 2015 value,4.473781018532463e-06,OWID current values are used for audit/successor fill only; they do not verify the unrecovered Roser 2016p/World Bank 2015 book-era vintage.
Sweden,1929,379.0611774587825,Gapminder GD010 gapdata010.xls recovered source component,379.0612,OWID current successor/equivalent fill; not verified book-era Roser 2016p/World Bank 2015 value,2.2541217504112865e-05,OWID current values are used for audit/successor fill only; they do not verify the unrecovered Roser 2016p/World Bank 2015 book-era vintage.
Sweden,1930,348.1214179579707,Gapminder GD010 gapdata010.xls recovered source component,348.12143,OWID current successor/equivalent fill; not verified book-era Roser 2016p/World Bank 2015 value,1.2042029254644149e-05,OWID current values are used for audit/successor fill only; they do not verify the unrecovered Roser 2016p/World Bank 2015 book-era vintage.
Sweden,1931,367.8327513889804,Gapminder GD010 gapdata010.xls recovered source component,367.83276,OWID current successor/equivalent fill; not verified book-era Roser 2016p/World Bank 2015 value,8.611019609361392e-06,OWID current values are used for audit/successor fill only; they do not verify the unrecovered Roser 2016p/World Bank 2015 book-era vintage.
Sweden,1932,344.17848271867587,Gapminder GD010 gapdata010.xls recovered source component,344.1785,OWID current successor/equivalent fill; not verified book-era Roser 2016p/World Bank 2015 value,1.7281324119267083e-05,OWID current values are used for audit/successor fill only; they do not verify the unrecovered Roser 2016p/World Bank 2015 book-era vintage.
Sweden,1933,306.98659139026114,Gapminder GD010 gapdata010.xls recovered source component,306.9866,OWID current successor/equivalent fill; not verified book-era Roser 2016p/World Bank 2015 value,8.60973887029104e-06,OWID current values are used for audit/successor fill only; they do not verify the unrecovered Roser 2016p/World Bank 2015 book-era vintage.
Sweden,1934,332.58120622385184,Gapminder GD010 gapdata010.xls recovered source component,332.5812,OWID current successor/equivalent fill; not verified book-era Roser 2016p/World Bank 2015 value,6.223851812592329e-06,OWID current values are used for audit/successor fill only; they do not verify the unrecovered Roser 2016p/World Bank 2015 book-era vintage.
Sweden,1935,256.09387004400156,Gapminder GD010 gapdata010.xls recovered source component,256.09387,OWID current successor/equivalent fill; not verified book-era Roser 2016p/World Bank 2015 value,4.400158104544971e-08,OWID current values are used for audit/successor fill only; they do not verify the unrecovered Roser 2016p/World Bank 2015 book-era vintage.
Sweden,1936,314.8260586026221,Gapminder GD010 gapdata010.xls recovered source component,314.82605,OWID current successor/equivalent fill; not verified book-era Roser 2016p/World Bank 2015 value,8.602622074249666e-06,OWID current values are used for audit/successor fill only; they do not verify the unrecovered Roser 2016p/World Bank 2015 book-era vintage.
Sweden,1937,309.8270501145254,Gapminder GD010 gapdata010.xls recovered source component,309.82706,OWID current successor/equivalent fill; not verified book-era Roser 2016p/World Bank 2015 value,9.885474639759195e-06,OWID current values are used for audit/successor fill only; they do not verify the unrecovered Roser 2016p/World Bank 2015 book-era vintage.
Sweden,1938,239.49928682434592,Gapminder GD010 gapdata010.xls recovered source component,239.49928,OWID current successor/equivalent fill; not verified book-era Roser 2016p/World Bank 2015 value,6.8243459168115805e-06,OWID current values are used for audit/successor fill only; they do not verify the unrecovered Roser 2016p/World Bank 2015 book-era vintage.
Sweden,1939,226.94598480180736,Gapminder GD010 gapdata010.xls recovered source component,226.94598,OWID current successor/equivalent fill; not verified book-era Roser 2016p/World Bank 2015 value,4.801807364174238e-06,OWID current values are used for audit/successor fill only; they do not verify the unrecovered Roser 2016p/World Bank 2015 book-era vintage.
Sweden,1940,216.1247885735764,Gapminder GD010 gapdata010.xls recovered source component,216.12479,OWID current successor/equivalent fill; not verified book-era Roser 2016p/World Bank 2015 value,1.426423580142e-06,OWID current values are used for audit/successor fill only; they do not verify the unrecovered Roser 2016p/World Bank 2015 book-era vintage.
Sweden,1941,204.5584445536314,Gapminder GD010 gapdata010.xls recovered source component,204.55844,OWID current successor/equivalent fill; not verified book-era Roser 2016p/World Bank 2015 value,4.553631413273251e-06,OWID current values are used for audit/successor fill only; they do not verify the unrecovered Roser 2016p/World Bank 2015 book-era vintage.
Sweden,1942,156.19378559331702,Gapminder GD010 gapdata010.xls recovered source component,156.19379,OWID current successor/equivalent fill; not verified book-era Roser 2016p/World Bank 2015 value,4.406682990065747e-06,OWID current values are used for audit/successor fill only; they do not verify the unrecovered Roser 2016p/World Bank 2015 book-era vintage.
Sweden,1943,154.71481434222278,Gapminder GD010 gapdata010.xls recovered source component,154.71481,OWID current successor/equivalent fill; not verified book-era Roser 2016p/World Bank 2015 value,4.342222780451266e-06,OWID current values are used for audit/successor fill only; they do not verify the unrecovered Roser 2016p/World Bank 2015 book-era vintage.
Sweden,1944,157.78829699757762,Gapminder GD010 gapdata010.xls recovered source component,157.7883,OWID current successor/equivalent fill; not verified book-era Roser 2016p/World Bank 2015 value,3.0024223747204815e-06,OWID current values are used for audit/successor fill only; they do not verify the unrecovered Roser 2016p/World Bank 2015 book-era vintage.
Sweden,1945,132.96595332895038,Gapminder GD010 gapdata010.xls recovered source component,132.96596,OWID current successor/equivalent fill; not verified book-era Roser 2016p/World Bank 2015 value,6.671049618489633e-06,OWID current values are used for audit/successor fill only; they do not verify the unrecovered Roser 2016p/World Bank 2015 book-era vintage.
Sweden,1946,95.77893919168608,Gapminder GD010 gapdata010.xls recovered source component,95.77894,OWID current successor/equivalent fill; not verified book-era Roser 2016p/World Bank 2015 value,8.083139277914597e-07,OWID current values are used for audit/successor fill only; they do not verify the unrecovered Roser 2016p/World Bank 2015 book-era vintage.
Sweden,1947,86.9707017448497,Gapminder GD010 gapdata010.xls recovered source component,86.9707,OWID current successor/equivalent fill; not verified book-era Roser 2016p/World Bank 2015 value,1.744849711826646e-06,OWID current values are used for audit/successor fill only; they do not verify the unrecovered Roser 2016p/World Bank 2015 book-era vintage.
Sweden,1948,74.99033019426443,Gapminder GD010 gapdata010.xls recovered source component,74.99033,OWID current successor/equivalent fill; not verified book-era Roser 2016p/World Bank 2015 value,1.9426443031989038e-07,OWID current values are used for audit/successor fill only; they do not verify the unrecovered Roser 2016p/World Bank 2015 book-era vintage.
Sweden,1949,66.79200474965367,Gapminder GD010 gapdata010.xls recovered source component,66.79201,OWID current successor/equivalent fill; not verified book-era Roser 2016p/World Bank 2015 value,5.250346333696143e-06,OWID current values are used for audit/successor fill only; they do not verify the unrecovered Roser 2016p/World Bank 2015 book-era vintage.
Sweden,1950,61.51766683417956,Gapminder GD010 gapdata010.xls recovered source component,61.517666,OWID current successor/equivalent fill; not verified book-era Roser 2016p/World Bank 2015 value,8.341795592059498e-07,OWID current values are used for audit/successor fill only; they do not verify the unrecovered Roser 2016p/World Bank 2015 book-era vintage.
Sweden,1951,86.23193667852735,Gapminder GD010 gapdata010.xls recovered source component,86.03981,OWID current successor/equivalent fill; not verified book-era Roser 2016p/World Bank 2015 value,0.19212667852734455,OWID current values are used for audit/successor fill only; they do not verify the unrecovered Roser 2016p/World Bank 2015 book-era vintage.
Sweden,1952,58.98794830840714,Gapminder GD010 gapdata010.xls recovered source component,58.909363,OWID current successor/equivalent fill; not verified book-era Roser 2016p/World Bank 2015 value,0.07858530840714195,OWID current values are used for audit/successor fill only; they do not verify the unrecovered Roser 2016p/World Bank 2015 book-era vintage.
Sweden,1953,61.73736199883788,Gapminder GD010 gapdata010.xls recovered source component,61.821552,OWID current successor/equivalent fill; not verified book-era Roser 2016p/World Bank 2015 value,0.0841900011621135,OWID current values are used for audit/successor fill only; they do not verify the unrecovered Roser 2016p/World Bank 2015 book-era vintage.
Sweden,1954,54.23612696962777,Gapminder GD010 gapdata010.xls recovered source component,54.286232,OWID current successor/equivalent fill; not verified book-era Roser 2016p/World Bank 2015 value,0.050105030372229464,OWID current values are used for audit/successor fill only; they do not verify the unrecovered Roser 2016p/World Bank 2015 book-era vintage.
Sweden,1955,49.39192022738922,Gapminder GD010 gapdata010.xls recovered source component,49.62686,OWID current successor/equivalent fill; not verified book-era Roser 2016p/World Bank 2015 value,0.23493977261077958,OWID current values are used for audit/successor fill only; they do not verify the unrecovered Roser 2016p/World Bank 2015 book-era vintage.
Sweden,1956,35.19822156354205,Gapminder GD010 gapdata010.xls recovered source component,34.33365,OWID current successor/equivalent fill; not verified book-era Roser 2016p/World Bank 2015 value,0.8645715635420501,OWID current values are used for audit/successor fill only; they do not verify the unrecovered Roser 2016p/World Bank 2015 book-era vintage.
Sweden,1967,36.391460137354436,Gapminder GD010 gapdata010.xls recovered source component,14.043088,OWID current successor/equivalent fill; not verified book-era Roser 2016p/World Bank 2015 value,22.34837213735444,OWID current values are used for audit/successor fill only; they do not verify the unrecovered Roser 2016p/World Bank 2015 book-era vintage.
Sweden,1958,30.33117855585676,Gapminder GD010 gapdata010.xls recovered source component,30.502916,OWID current successor/equivalent fill; not verified book-era Roser 2016p/World Bank 2015 value,0.17173744414323977,OWID current values are used for audit/successor fill only; they do not verify the unrecovered Roser 2016p/World Bank 2015 book-era vintage.
Sweden,1959,23.86794344252122,Gapminder GD010 gapdata010.xls recovered source component,24.164162,OWID current successor/equivalent fill; not verified book-era Roser 2016p/World Bank 2015 value,0.296218557478781,OWID current values are used for audit/successor fill only; they do not verify the unrecovered Roser 2016p/World Bank 2015 book-era vintage.
Sweden,1960,38.15337657382678,Gapminder GD010 gapdata010.xls recovered source component,37.683086,OWID current successor/equivalent fill; not verified book-era Roser 2016p/World Bank 2015 value,0.4702905738267802,OWID current values are used for audit/successor fill only; they do not verify the unrecovered Roser 2016p/World Bank 2015 book-era vintage.
Sweden,1961,21.05243012028593,Gapminder GD010 gapdata010.xls recovered source component,21.344095,OWID current successor/equivalent fill; not verified book-era Roser 2016p/World Bank 2015 value,0.2916648797140695,OWID current values are used for audit/successor fill only; they do not verify the unrecovered Roser 2016p/World Bank 2015 book-era vintage.
Sweden,1962,13.049476156742852,Gapminder GD010 gapdata010.xls recovered source component,14.122831,OWID current successor/equivalent fill; not verified book-era Roser 2016p/World Bank 2015 value,1.0733548432571478,OWID current values are used for audit/successor fill only; they do not verify the unrecovered Roser 2016p/World Bank 2015 book-era vintage.
Sweden,1963,26.571481714391997,Gapminder GD010 gapdata010.xls recovered source component,26.830511,OWID current successor/equivalent fill; not verified book-era Roser 2016p/World Bank 2015 value,0.25902928560800476,OWID current values are used for audit/successor fill only; they do not verify the unrecovered Roser 2016p/World Bank 2015 book-era vintage.
Sweden,1964,19.565642731363724,Gapminder GD010 gapdata010.xls recovered source component,19.87874,OWID current successor/equivalent fill; not verified book-era Roser 2016p/World Bank 2015 value,0.31309726863627674,OWID current values are used for audit/successor fill only; they do not verify the unrecovered Roser 2016p/World Bank 2015 book-era vintage.
Sweden,1965,13.842971841766689,Gapminder GD010 gapdata010.xls recovered source component,13.977505,OWID current successor/equivalent fill; not verified book-era Roser 2016p/World Bank 2015 value,0.13453315823331202,OWID current values are used for audit/successor fill only; they do not verify the unrecovered Roser 2016p/World Bank 2015 book-era vintage.
Sweden,1966,10.538774583718405,Gapminder GD010 gapdata010.xls recovered source component,11.411431,OWID current successor/equivalent fill; not verified book-era Roser 2016p/World Bank 2015 value,0.8726564162815951,OWID current values are used for audit/successor fill only; they do not verify the unrecovered Roser 2016p/World Bank 2015 book-era vintage.
Sweden,1967,14.007910349373764,Gapminder GD010 gapdata010.xls recovered source component,14.043088,OWID current successor/equivalent fill; not verified book-era Roser 2016p/World Bank 2015 value,0.03517765062623468,OWID current values are used for audit/successor fill only; they do not verify the unrecovered Roser 2016p/World Bank 2015 book-era vintage.
Sweden,1968,8.842749387639605,Gapminder GD010 gapdata010.xls recovered source component,8.854259,OWID current successor/equivalent fill; not verified book-era Roser 2016p/World Bank 2015 value,0.011509612360395494,OWID current values are used for audit/successor fill only; they do not verify the unrecovered Roser 2016p/World Bank 2015 book-era vintage.
Sweden,1969,10.220958540075449,Gapminder GD010 gapdata010.xls recovered source component,10.26062,OWID current successor/equivalent fill; not verified book-era Roser 2016p/World Bank 2015 value,0.03966145992455061,OWID current values are used for audit/successor fill only; they do not verify the unrecovered Roser 2016p/World Bank 2015 book-era vintage.
Sweden,1970,9.99,Gapminder GD010 gapdata010.xls recovered source component,10.038511,OWID current successor/equivalent fill; not verified book-era Roser 2016p/World Bank 2015 value,0.04851099999999953,OWID current values are used for audit/successor fill only; they do not verify the unrecovered Roser 2016p/World Bank 2015 book-era vintage.
Sweden,1971,7.86,Gapminder GD010 gapdata010.xls recovered source component,7.8840175,OWID current successor/equivalent fill; not verified book-era Roser 2016p/World Bank 2015 value,0.02401749999999936,OWID current values are used for audit/successor fill only; they do not verify the unrecovered Roser 2016p/World Bank 2015 book-era vintage.
Sweden,1972,7.13,Gapminder GD010 gapdata010.xls recovered source component,7.1219997,OWID current successor/equivalent fill; not verified book-era Roser 2016p/World Bank 2015 value,0.00800029999999996,OWID current values are used for audit/successor fill only; they do not verify the unrecovered Roser 2016p/World Bank 2015 book-era vintage.
Sweden,1973,2.74,Gapminder GD010 gapdata010.xls recovered source component,2.732564,OWID current successor/equivalent fill; not verified book-era Roser 2016p/World Bank 2015 value,0.00743600000000022,OWID current values are used for audit/successor fill only; they do not verify the unrecovered Roser 2016p/World Bank 2015 book-era vintage.
Sweden,1974,7.28,Gapminder GD010 gapdata010.xls recovered source component,7.3154225,OWID current successor/equivalent fill; not verified book-era Roser 2016p/World Bank 2015 value,0.035422500000000134,OWID current values are used for audit/successor fill only; they do not verify the unrecovered Roser 2016p/World Bank 2015 book-era vintage.
Sweden,1975,1.93,Gapminder GD010 gapdata010.xls recovered source component,1.9352467,OWID current successor/equivalent fill; not verified book-era Roser 2016p/World Bank 2015 value,0.0052467000000000485,OWID current values are used for audit/successor fill only; they do not verify the unrecovered Roser 2016p/World Bank 2015 book-era vintage.
Sweden,1976,4.07,Gapminder GD010 gapdata010.xls recovered source component,4.076724,OWID current successor/equivalent fill; not verified book-era Roser 2016p/World Bank 2015 value,0.006723999999999286,OWID current values are used for audit/successor fill only; they do not verify the unrecovered Roser 2016p/World Bank 2015 book-era vintage.
Sweden,1977,11.45,Gapminder GD010 gapdata010.xls recovered source component,11.52122,OWID current successor/equivalent fill; not verified book-era Roser 2016p/World Bank 2015 value,0.07122000000000028,OWID current values are used for audit/successor fill only; they do not verify the unrecovered Roser 2016p/World Bank 2015 book-era vintage.
Sweden,1978,6.43,Gapminder GD010 gapdata010.xls recovered source component,6.442261,OWID current successor/equivalent fill; not verified book-era Roser 2016p/World Bank 2015 value,0.012261000000000521,OWID current values are used for audit/successor fill only; they do not verify the unrecovered Roser 2016p/World Bank 2015 book-era vintage.
Sweden,1979,1.04,Gapminder GD010 gapdata010.xls recovered source component,1.0447029,OWID current successor/equivalent fill; not verified book-era Roser 2016p/World Bank 2015 value,0.004702900000000065,OWID current values are used for audit/successor fill only; they do not verify the unrecovered Roser 2016p/World Bank 2015 book-era vintage.
Sweden,1980,8.24,Gapminder GD010 gapdata010.xls recovered source component,8.282174,OWID current successor/equivalent fill; not verified book-era Roser 2016p/World Bank 2015 value,0.04217399999999927,OWID current values are used for audit/successor fill only; they do not verify the unrecovered Roser 2016p/World Bank 2015 book-era vintage.
Sweden,1981,4.25,Gapminder GD010 gapdata010.xls recovered source component,4.25908,OWID current successor/equivalent fill; not verified book-era Roser 2016p/World Bank 2015 value,0.009079999999999977,OWID current values are used for audit/successor fill only; they do not verify the unrecovered Roser 2016p/World Bank 2015 book-era vintage.
Sweden,1982,4.31,Gapminder GD010 gapdata010.xls recovered source component,4.323156,OWID current successor/equivalent fill; not verified book-era Roser 2016p/World Bank 2015 value,0.01315600000000039,OWID current values are used for audit/successor fill only; they do not verify the unrecovered Roser 2016p/World Bank 2015 book-era vintage.
Sweden,1984,2.13,Gapminder GD010 gapdata010.xls recovered source component,2.1329694,OWID current successor/equivalent fill; not verified book-era Roser 2016p/World Bank 2015 value,0.002969400000000011,OWID current values are used for audit/successor fill only; they do not verify the unrecovered Roser 2016p/World Bank 2015 book-era vintage.
Sweden,1985,5.08,Gapminder GD010 gapdata010.xls recovered source component,7.241195,OWID current successor/equivalent fill; not verified book-era Roser 2016p/World Bank 2015 value,2.161195,OWID current values are used for audit/successor fill only; they do not verify the unrecovered Roser 2016p/World Bank 2015 book-era vintage.
Sweden,1986,2.94,Gapminder GD010 gapdata010.xls recovered source component,7.0732574,OWID current successor/equivalent fill; not verified book-era Roser 2016p/World Bank 2015 value,4.1332574,OWID current values are used for audit/successor fill only; they do not verify the unrecovered Roser 2016p/World Bank 2015 book-era vintage.
Sweden,1987,4.78,Gapminder GD010 gapdata010.xls recovered source component,6.8624043,OWID current successor/equivalent fill; not verified book-era Roser 2016p/World Bank 2015 value,2.0824042999999994,OWID current values are used for audit/successor fill only; they do not verify the unrecovered Roser 2016p/World Bank 2015 book-era vintage.
Sweden,1988,8.92,Gapminder GD010 gapdata010.xls recovered source component,8.253099,OWID current successor/equivalent fill; not verified book-era Roser 2016p/World Bank 2015 value,0.6669009999999993,OWID current values are used for audit/successor fill only; they do not verify the unrecovered Roser 2016p/World Bank 2015 book-era vintage.
Sweden,1989,5.17,Gapminder GD010 gapdata010.xls recovered source component,7.4261823,OWID current successor/equivalent fill; not verified book-era Roser 2016p/World Bank 2015 value,2.2561823,OWID current values are used for audit/successor fill only; they do not verify the unrecovered Roser 2016p/World Bank 2015 book-era vintage.
Sweden,1990,3.23,Gapminder GD010 gapdata010.xls recovered source component,6.928258,OWID current successor/equivalent fill; not verified book-era Roser 2016p/World Bank 2015 value,3.6982579999999996,OWID current values are used for audit/successor fill only; they do not verify the unrecovered Roser 2016p/World Bank 2015 book-era vintage.
Sweden,1991,4.04,Gapminder GD010 gapdata010.xls recovered source component,6.841562,OWID current successor/equivalent fill; not verified book-era Roser 2016p/World Bank 2015 value,2.8015619999999997,OWID current values are used for audit/successor fill only; they do not verify the unrecovered Roser 2016p/World Bank 2015 book-era vintage.
Sweden,1993,5.09,Gapminder GD010 gapdata010.xls recovered source component,6.934295,OWID current successor/equivalent fill; not verified book-era Roser 2016p/World Bank 2015 value,1.8442949999999998,OWID current values are used for audit/successor fill only; they do not verify the unrecovered Roser 2016p/World Bank 2015 book-era vintage.
Sweden,1994,0.89,Gapminder GD010 gapdata010.xls recovered source component,6.2913156,OWID current successor/equivalent fill; not verified book-era Roser 2016p/World Bank 2015 value,5.4013156,OWID current values are used for audit/successor fill only; they do not verify the unrecovered Roser 2016p/World Bank 2015 book-era vintage.
Sweden,1995,3.87,Gapminder GD010 gapdata010.xls recovered source component,6.342004,OWID current successor/equivalent fill; not verified book-era Roser 2016p/World Bank 2015 value,2.472004,OWID current values are used for audit/successor fill only; they do not verify the unrecovered Roser 2016p/World Bank 2015 book-era vintage.
Sweden,1996,5.25,Gapminder GD010 gapdata010.xls recovered source component,6.4563656,OWID current successor/equivalent fill; not verified book-era Roser 2016p/World Bank 2015 value,1.2063655999999998,OWID current values are used for audit/successor fill only; they do not verify the unrecovered Roser 2016p/World Bank 2015 book-era vintage.
Sweden,1997,3.32,Gapminder GD010 gapdata010.xls recovered source component,6.477574,OWID current successor/equivalent fill; not verified book-era Roser 2016p/World Bank 2015 value,3.157574,OWID current values are used for audit/successor fill only; they do not verify the unrecovered Roser 2016p/World Bank 2015 book-era vintage.
Sweden,1998,7.86,Gapminder GD010 gapdata010.xls recovered source component,5.4444733,OWID current successor/equivalent fill; not verified book-era Roser 2016p/World Bank 2015 value,2.4155267,OWID current values are used for audit/successor fill only; they do not verify the unrecovered Roser 2016p/World Bank 2015 book-era vintage.
Sweden,1999,1.13,Gapminder GD010 gapdata010.xls recovered source component,5.567468,OWID current successor/equivalent fill; not verified book-era Roser 2016p/World Bank 2015 value,4.437468,OWID current values are used for audit/successor fill only; they do not verify the unrecovered Roser 2016p/World Bank 2015 book-era vintage.
Sweden,2000,4.42,Gapminder GD010 gapdata010.xls recovered source component,6.1463766,OWID current successor/equivalent fill; not verified book-era Roser 2016p/World Bank 2015 value,1.7263766,OWID current values are used for audit/successor fill only; they do not verify the unrecovered Roser 2016p/World Bank 2015 book-era vintage.
Sweden,2001,3.28,Gapminder GD010 gapdata010.xls recovered source component,5.817198,OWID current successor/equivalent fill; not verified book-era Roser 2016p/World Bank 2015 value,2.5371980000000005,OWID current values are used for audit/successor fill only; they do not verify the unrecovered Roser 2016p/World Bank 2015 book-era vintage.
Sweden,2002,4.17,Gapminder GD010 gapdata010.xls recovered source component,5.670674,OWID current successor/equivalent fill; not verified book-era Roser 2016p/World Bank 2015 value,1.500674,OWID current values are used for audit/successor fill only; they do not verify the unrecovered Roser 2016p/World Bank 2015 book-era vintage.
Sweden,2003,2.02,Gapminder GD010 gapdata010.xls recovered source component,5.5996857,OWID current successor/equivalent fill; not verified book-era Roser 2016p/World Bank 2015 value,3.5796857,OWID current values are used for audit/successor fill only; they do not verify the unrecovered Roser 2016p/World Bank 2015 book-era vintage.
Sweden,2004,1.98,Gapminder GD010 gapdata010.xls recovered source component,5.2790623,OWID current successor/equivalent fill; not verified book-era Roser 2016p/World Bank 2015 value,3.2990622999999997,OWID current values are used for audit/successor fill only; they do not verify the unrecovered Roser 2016p/World Bank 2015 book-era vintage.
Sweden,2005,5.92,Gapminder GD010 gapdata010.xls recovered source component,5.080043,OWID current successor/equivalent fill; not verified book-era Roser 2016p/World Bank 2015 value,0.8399570000000001,OWID current values are used for audit/successor fill only; they do not verify the unrecovered Roser 2016p/World Bank 2015 book-era vintage.
Sweden,2006,4.72,Gapminder GD010 gapdata010.xls recovered source component,5.154097,OWID current successor/equivalent fill; not verified book-era Roser 2016p/World Bank 2015 value,0.4340970000000004,OWID current values are used for audit/successor fill only; they do not verify the unrecovered Roser 2016p/World Bank 2015 book-era vintage.
Sweden,2007,1.86,Gapminder GD010 gapdata010.xls recovered source component,5.073368,OWID current successor/equivalent fill; not verified book-era Roser 2016p/World Bank 2015 value,3.213368,OWID current values are used for audit/successor fill only; they do not verify the unrecovered Roser 2016p/World Bank 2015 book-era vintage.
United States,1900,850.0,Gapminder GD010 gapdata010.xls recovered source component,850.0,OWID current successor/equivalent fill; not verified book-era Roser 2016p/World Bank 2015 value,0.0,OWID current values are used for audit/successor fill only; they do not verify the unrecovered Roser 2016p/World Bank 2015 book-era vintage.
United States,1901,800.0,Gapminder GD010 gapdata010.xls recovered source component,800.0,OWID current successor/equivalent fill; not verified book-era Roser 2016p/World Bank 2015 value,0.0,OWID current values are used for audit/successor fill only; they do not verify the unrecovered Roser 2016p/World Bank 2015 book-era vintage.
United States,1902,740.0,Gapminder GD010 gapdata010.xls recovered source component,740.0,OWID current successor/equivalent fill; not verified book-era Roser 2016p/World Bank 2015 value,0.0,OWID current values are used for audit/successor fill only; they do not verify the unrecovered Roser 2016p/World Bank 2015 book-era vintage.
United States,1903,700.0,Gapminder GD010 gapdata010.xls recovered source component,700.0,OWID current successor/equivalent fill; not verified book-era Roser 2016p/World Bank 2015 value,0.0,OWID current values are used for audit/successor fill only; they do not verify the unrecovered Roser 2016p/World Bank 2015 book-era vintage.
United States,1904,790.0,Gapminder GD010 gapdata010.xls recovered source component,790.0,OWID current successor/equivalent fill; not verified book-era Roser 2016p/World Bank 2015 value,0.0,OWID current values are used for audit/successor fill only; they do not verify the unrecovered Roser 2016p/World Bank 2015 book-era vintage.
United States,1905,800.0,Gapminder GD010 gapdata010.xls recovered source component,800.0,OWID current successor/equivalent fill; not verified book-era Roser 2016p/World Bank 2015 value,0.0,OWID current values are used for audit/successor fill only; they do not verify the unrecovered Roser 2016p/World Bank 2015 book-era vintage.
United States,1906,710.0,Gapminder GD010 gapdata010.xls recovered source component,710.0,OWID current successor/equivalent fill; not verified book-era Roser 2016p/World Bank 2015 value,0.0,OWID current values are used for audit/successor fill only; they do not verify the unrecovered Roser 2016p/World Bank 2015 book-era vintage.
United States,1907,720.0,Gapminder GD010 gapdata010.xls recovered source component,720.0,OWID current successor/equivalent fill; not verified book-era Roser 2016p/World Bank 2015 value,0.0,OWID current values are used for audit/successor fill only; they do not verify the unrecovered Roser 2016p/World Bank 2015 book-era vintage.
United States,1908,670.0,Gapminder GD010 gapdata010.xls recovered source component,670.0,OWID current successor/equivalent fill; not verified book-era Roser 2016p/World Bank 2015 value,0.0,OWID current values are used for audit/successor fill only; they do not verify the unrecovered Roser 2016p/World Bank 2015 book-era vintage.
United States,1909,700.0,Gapminder GD010 gapdata010.xls recovered source component,700.0,OWID current successor/equivalent fill; not verified book-era Roser 2016p/World Bank 2015 value,0.0,OWID current values are used for audit/successor fill only; they do not verify the unrecovered Roser 2016p/World Bank 2015 book-era vintage.
United States,1910,690.0,Gapminder GD010 gapdata010.xls recovered source component,690.0,OWID current successor/equivalent fill; not verified book-era Roser 2016p/World Bank 2015 value,0.0,OWID current values are used for audit/successor fill only; they do not verify the unrecovered Roser 2016p/World Bank 2015 book-era vintage.
United States,1911,700.0,Gapminder GD010 gapdata010.xls recovered source component,700.0,OWID current successor/equivalent fill; not verified book-era Roser 2016p/World Bank 2015 value,0.0,OWID current values are used for audit/successor fill only; they do not verify the unrecovered Roser 2016p/World Bank 2015 book-era vintage.
United States,1912,650.0,Gapminder GD010 gapdata010.xls recovered source component,650.0,OWID current successor/equivalent fill; not verified book-era Roser 2016p/World Bank 2015 value,0.0,OWID current values are used for audit/successor fill only; they do not verify the unrecovered Roser 2016p/World Bank 2015 book-era vintage.
United States,1913,680.0,Gapminder GD010 gapdata010.xls recovered source component,680.0,OWID current successor/equivalent fill; not verified book-era Roser 2016p/World Bank 2015 value,0.0,OWID current values are used for audit/successor fill only; they do not verify the unrecovered Roser 2016p/World Bank 2015 book-era vintage.
United States,1914,710.0,Gapminder GD010 gapdata010.xls recovered source component,710.0,OWID current successor/equivalent fill; not verified book-era Roser 2016p/World Bank 2015 value,0.0,OWID current values are used for audit/successor fill only; they do not verify the unrecovered Roser 2016p/World Bank 2015 book-era vintage.
United States,1915,608.0,Gapminder GD010 gapdata010.xls recovered source component,608.0,OWID current successor/equivalent fill; not verified book-era Roser 2016p/World Bank 2015 value,0.0,OWID current values are used for audit/successor fill only; they do not verify the unrecovered Roser 2016p/World Bank 2015 book-era vintage.
United States,1916,622.0,Gapminder GD010 gapdata010.xls recovered source component,622.0,OWID current successor/equivalent fill; not verified book-era Roser 2016p/World Bank 2015 value,0.0,OWID current values are used for audit/successor fill only; they do not verify the unrecovered Roser 2016p/World Bank 2015 book-era vintage.
United States,1917,662.0,Gapminder GD010 gapdata010.xls recovered source component,662.0,OWID current successor/equivalent fill; not verified book-era Roser 2016p/World Bank 2015 value,0.0,OWID current values are used for audit/successor fill only; they do not verify the unrecovered Roser 2016p/World Bank 2015 book-era vintage.
United States,1918,916.0,Gapminder GD010 gapdata010.xls recovered source component,916.0,OWID current successor/equivalent fill; not verified book-era Roser 2016p/World Bank 2015 value,0.0,OWID current values are used for audit/successor fill only; they do not verify the unrecovered Roser 2016p/World Bank 2015 book-era vintage.
United States,1919,737.0,Gapminder GD010 gapdata010.xls recovered source component,737.0,OWID current successor/equivalent fill; not verified book-era Roser 2016p/World Bank 2015 value,0.0,OWID current values are used for audit/successor fill only; they do not verify the unrecovered Roser 2016p/World Bank 2015 book-era vintage.
United States,1920,799.0,Gapminder GD010 gapdata010.xls recovered source component,799.0,OWID current successor/equivalent fill; not verified book-era Roser 2016p/World Bank 2015 value,0.0,OWID current values are used for audit/successor fill only; they do not verify the unrecovered Roser 2016p/World Bank 2015 book-era vintage.
United States,1921,682.0,Gapminder GD010 gapdata010.xls recovered source component,682.0,OWID current successor/equivalent fill; not verified book-era Roser 2016p/World Bank 2015 value,0.0,OWID current values are used for audit/successor fill only; they do not verify the unrecovered Roser 2016p/World Bank 2015 book-era vintage.
United States,1922,664.0,Gapminder GD010 gapdata010.xls recovered source component,664.0,OWID current successor/equivalent fill; not verified book-era Roser 2016p/World Bank 2015 value,0.0,OWID current values are used for audit/successor fill only; they do not verify the unrecovered Roser 2016p/World Bank 2015 book-era vintage.
United States,1923,665.0,Gapminder GD010 gapdata010.xls recovered source component,665.0,OWID current successor/equivalent fill; not verified book-era Roser 2016p/World Bank 2015 value,0.0,OWID current values are used for audit/successor fill only; they do not verify the unrecovered Roser 2016p/World Bank 2015 book-era vintage.
United States,1924,656.0,Gapminder GD010 gapdata010.xls recovered source component,656.0,OWID current successor/equivalent fill; not verified book-era Roser 2016p/World Bank 2015 value,0.0,OWID current values are used for audit/successor fill only; they do not verify the unrecovered Roser 2016p/World Bank 2015 book-era vintage.
United States,1925,647.0,Gapminder GD010 gapdata010.xls recovered source component,647.0,OWID current successor/equivalent fill; not verified book-era Roser 2016p/World Bank 2015 value,0.0,OWID current values are used for audit/successor fill only; they do not verify the unrecovered Roser 2016p/World Bank 2015 book-era vintage.
United States,1926,656.0,Gapminder GD010 gapdata010.xls recovered source component,656.0,OWID current successor/equivalent fill; not verified book-era Roser 2016p/World Bank 2015 value,0.0,OWID current values are used for audit/successor fill only; they do not verify the unrecovered Roser 2016p/World Bank 2015 book-era vintage.
United States,1927,647.0,Gapminder GD010 gapdata010.xls recovered source component,647.0,OWID current successor/equivalent fill; not verified book-era Roser 2016p/World Bank 2015 value,0.0,OWID current values are used for audit/successor fill only; they do not verify the unrecovered Roser 2016p/World Bank 2015 book-era vintage.
United States,1928,692.0,Gapminder GD010 gapdata010.xls recovered source component,692.0,OWID current successor/equivalent fill; not verified book-era Roser 2016p/World Bank 2015 value,0.0,OWID current values are used for audit/successor fill only; they do not verify the unrecovered Roser 2016p/World Bank 2015 book-era vintage.
United States,1929,695.0,Gapminder GD010 gapdata010.xls recovered source component,695.0,OWID current successor/equivalent fill; not verified book-era Roser 2016p/World Bank 2015 value,0.0,OWID current values are used for audit/successor fill only; they do not verify the unrecovered Roser 2016p/World Bank 2015 book-era vintage.
United States,1930,673.0,Gapminder GD010 gapdata010.xls recovered source component,673.0,OWID current successor/equivalent fill; not verified book-era Roser 2016p/World Bank 2015 value,0.0,OWID current values are used for audit/successor fill only; they do not verify the unrecovered Roser 2016p/World Bank 2015 book-era vintage.
United States,1931,661.0,Gapminder GD010 gapdata010.xls recovered source component,661.0,OWID current successor/equivalent fill; not verified book-era Roser 2016p/World Bank 2015 value,0.0,OWID current values are used for audit/successor fill only; they do not verify the unrecovered Roser 2016p/World Bank 2015 book-era vintage.
United States,1932,633.0,Gapminder GD010 gapdata010.xls recovered source component,633.0,OWID current successor/equivalent fill; not verified book-era Roser 2016p/World Bank 2015 value,0.0,OWID current values are used for audit/successor fill only; they do not verify the unrecovered Roser 2016p/World Bank 2015 book-era vintage.
United States,1933,619.0,Gapminder GD010 gapdata010.xls recovered source component,619.0,OWID current successor/equivalent fill; not verified book-era Roser 2016p/World Bank 2015 value,0.0,OWID current values are used for audit/successor fill only; they do not verify the unrecovered Roser 2016p/World Bank 2015 book-era vintage.
United States,1934,593.0,Gapminder GD010 gapdata010.xls recovered source component,593.0,OWID current successor/equivalent fill; not verified book-era Roser 2016p/World Bank 2015 value,0.0,OWID current values are used for audit/successor fill only; they do not verify the unrecovered Roser 2016p/World Bank 2015 book-era vintage.
United States,1935,582.0,Gapminder GD010 gapdata010.xls recovered source component,582.0,OWID current successor/equivalent fill; not verified book-era Roser 2016p/World Bank 2015 value,0.0,OWID current values are used for audit/successor fill only; they do not verify the unrecovered Roser 2016p/World Bank 2015 book-era vintage.
United States,1936,568.0,Gapminder GD010 gapdata010.xls recovered source component,568.0,OWID current successor/equivalent fill; not verified book-era Roser 2016p/World Bank 2015 value,0.0,OWID current values are used for audit/successor fill only; they do not verify the unrecovered Roser 2016p/World Bank 2015 book-era vintage.
United States,1937,489.0,Gapminder GD010 gapdata010.xls recovered source component,489.0,OWID current successor/equivalent fill; not verified book-era Roser 2016p/World Bank 2015 value,0.0,OWID current values are used for audit/successor fill only; they do not verify the unrecovered Roser 2016p/World Bank 2015 book-era vintage.
United States,1938,435.0,Gapminder GD010 gapdata010.xls recovered source component,435.0,OWID current successor/equivalent fill; not verified book-era Roser 2016p/World Bank 2015 value,0.0,OWID current values are used for audit/successor fill only; they do not verify the unrecovered Roser 2016p/World Bank 2015 book-era vintage.
United States,1939,404.0,Gapminder GD010 gapdata010.xls recovered source component,404.0,OWID current successor/equivalent fill; not verified book-era Roser 2016p/World Bank 2015 value,0.0,OWID current values are used for audit/successor fill only; they do not verify the unrecovered Roser 2016p/World Bank 2015 book-era vintage.
United States,1940,376.0,Gapminder GD010 gapdata010.xls recovered source component,376.0,OWID current successor/equivalent fill; not verified book-era Roser 2016p/World Bank 2015 value,0.0,OWID current values are used for audit/successor fill only; they do not verify the unrecovered Roser 2016p/World Bank 2015 book-era vintage.
United States,1941,317.0,Gapminder GD010 gapdata010.xls recovered source component,317.0,OWID current successor/equivalent fill; not verified book-era Roser 2016p/World Bank 2015 value,0.0,OWID current values are used for audit/successor fill only; they do not verify the unrecovered Roser 2016p/World Bank 2015 book-era vintage.
United States,1942,259.0,Gapminder GD010 gapdata010.xls recovered source component,259.0,OWID current successor/equivalent fill; not verified book-era Roser 2016p/World Bank 2015 value,0.0,OWID current values are used for audit/successor fill only; they do not verify the unrecovered Roser 2016p/World Bank 2015 book-era vintage.
United States,1943,245.0,Gapminder GD010 gapdata010.xls recovered source component,245.0,OWID current successor/equivalent fill; not verified book-era Roser 2016p/World Bank 2015 value,0.0,OWID current values are used for audit/successor fill only; they do not verify the unrecovered Roser 2016p/World Bank 2015 book-era vintage.
United States,1944,228.0,Gapminder GD010 gapdata010.xls recovered source component,228.0,OWID current successor/equivalent fill; not verified book-era Roser 2016p/World Bank 2015 value,0.0,OWID current values are used for audit/successor fill only; they do not verify the unrecovered Roser 2016p/World Bank 2015 book-era vintage.
United States,1945,207.0,Gapminder GD010 gapdata010.xls recovered source component,207.0,OWID current successor/equivalent fill; not verified book-era Roser 2016p/World Bank 2015 value,0.0,OWID current values are used for audit/successor fill only; they do not verify the unrecovered Roser 2016p/World Bank 2015 book-era vintage.
United States,1946,157.0,Gapminder GD010 gapdata010.xls recovered source component,157.0,OWID current successor/equivalent fill; not verified book-era Roser 2016p/World Bank 2015 value,0.0,OWID current values are used for audit/successor fill only; they do not verify the unrecovered Roser 2016p/World Bank 2015 book-era vintage.
United States,1947,135.0,Gapminder GD010 gapdata010.xls recovered source component,135.0,OWID current successor/equivalent fill; not verified book-era Roser 2016p/World Bank 2015 value,0.0,OWID current values are used for audit/successor fill only; they do not verify the unrecovered Roser 2016p/World Bank 2015 book-era vintage.
United States,1948,117.0,Gapminder GD010 gapdata010.xls recovered source component,117.0,OWID current successor/equivalent fill; not verified book-era Roser 2016p/World Bank 2015 value,0.0,OWID current values are used for audit/successor fill only; they do not verify the unrecovered Roser 2016p/World Bank 2015 book-era vintage.
United States,1949,90.0,Gapminder GD010 gapdata010.xls recovered source component,90.0,OWID current successor/equivalent fill; not verified book-era Roser 2016p/World Bank 2015 value,0.0,OWID current values are used for audit/successor fill only; they do not verify the unrecovered Roser 2016p/World Bank 2015 book-era vintage.
United States,1950,83.0,Gapminder GD010 gapdata010.xls recovered source component,80.04487,OWID current successor/equivalent fill; not verified book-era Roser 2016p/World Bank 2015 value,2.955129999999997,OWID current values are used for audit/successor fill only; they do not verify the unrecovered Roser 2016p/World Bank 2015 book-era vintage.
United States,1951,75.0,Gapminder GD010 gapdata010.xls recovered source component,73.793304,OWID current successor/equivalent fill; not verified book-era Roser 2016p/World Bank 2015 value,1.2066959999999938,OWID current values are used for audit/successor fill only; they do not verify the unrecovered Roser 2016p/World Bank 2015 book-era vintage.
United States,1952,68.0,Gapminder GD010 gapdata010.xls recovered source component,66.92148,OWID current successor/equivalent fill; not verified book-era Roser 2016p/World Bank 2015 value,1.0785199999999975,OWID current values are used for audit/successor fill only; they do not verify the unrecovered Roser 2016p/World Bank 2015 book-era vintage.
United States,1953,61.0,Gapminder GD010 gapdata010.xls recovered source component,60.304543,OWID current successor/equivalent fill; not verified book-era Roser 2016p/World Bank 2015 value,0.6954569999999975,OWID current values are used for audit/successor fill only; they do not verify the unrecovered Roser 2016p/World Bank 2015 book-era vintage.
United States,1954,52.4,Gapminder GD010 gapdata010.xls recovered source component,51.72477,OWID current successor/equivalent fill; not verified book-era Roser 2016p/World Bank 2015 value,0.6752299999999991,OWID current values are used for audit/successor fill only; they do not verify the unrecovered Roser 2016p/World Bank 2015 book-era vintage.
United States,1955,47.0,Gapminder GD010 gapdata010.xls recovered source component,46.423508,OWID current successor/equivalent fill; not verified book-era Roser 2016p/World Bank 2015 value,0.5764920000000018,OWID current values are used for audit/successor fill only; they do not verify the unrecovered Roser 2016p/World Bank 2015 book-era vintage.
United States,1956,40.9,Gapminder GD010 gapdata010.xls recovered source component,40.479416,OWID current successor/equivalent fill; not verified book-era Roser 2016p/World Bank 2015 value,0.42058399999999807,OWID current values are used for audit/successor fill only; they do not verify the unrecovered Roser 2016p/World Bank 2015 book-era vintage.
United States,1967,41.0,Gapminder GD010 gapdata010.xls recovered source component,27.077425,OWID current successor/equivalent fill; not verified book-era Roser 2016p/World Bank 2015 value,13.922574999999998,OWID current values are used for audit/successor fill only; they do not verify the unrecovered Roser 2016p/World Bank 2015 book-era vintage.
United States,1958,37.6,Gapminder GD010 gapdata010.xls recovered source component,36.381115,OWID current successor/equivalent fill; not verified book-era Roser 2016p/World Bank 2015 value,1.2188850000000002,OWID current values are used for audit/successor fill only; they do not verify the unrecovered Roser 2016p/World Bank 2015 book-era vintage.
United States,1959,37.4,Gapminder GD010 gapdata010.xls recovered source component,36.5111,OWID current successor/equivalent fill; not verified book-era Roser 2016p/World Bank 2015 value,0.8888999999999996,OWID current values are used for audit/successor fill only; they do not verify the unrecovered Roser 2016p/World Bank 2015 book-era vintage.
United States,1960,37.1,Gapminder GD010 gapdata010.xls recovered source component,36.12545,OWID current successor/equivalent fill; not verified book-era Roser 2016p/World Bank 2015 value,0.9745500000000007,OWID current values are used for audit/successor fill only; they do not verify the unrecovered Roser 2016p/World Bank 2015 book-era vintage.
United States,1961,36.9,Gapminder GD010 gapdata010.xls recovered source component,35.919456,OWID current successor/equivalent fill; not verified book-era Roser 2016p/World Bank 2015 value,0.9805440000000019,OWID current values are used for audit/successor fill only; they do not verify the unrecovered Roser 2016p/World Bank 2015 book-era vintage.
United States,1962,35.2,Gapminder GD010 gapdata010.xls recovered source component,34.32078,OWID current successor/equivalent fill; not verified book-era Roser 2016p/World Bank 2015 value,0.8792200000000037,OWID current values are used for audit/successor fill only; they do not verify the unrecovered Roser 2016p/World Bank 2015 book-era vintage.
United States,1963,35.8,Gapminder GD010 gapdata010.xls recovered source component,35.02611,OWID current successor/equivalent fill; not verified book-era Roser 2016p/World Bank 2015 value,0.7738899999999944,OWID current values are used for audit/successor fill only; they do not verify the unrecovered Roser 2016p/World Bank 2015 book-era vintage.
United States,1964,33.3,Gapminder GD010 gapdata010.xls recovered source component,32.55149,OWID current successor/equivalent fill; not verified book-era Roser 2016p/World Bank 2015 value,0.748509999999996,OWID current values are used for audit/successor fill only; they do not verify the unrecovered Roser 2016p/World Bank 2015 book-era vintage.
United States,1965,31.6,Gapminder GD010 gapdata010.xls recovered source component,30.525509,OWID current successor/equivalent fill; not verified book-era Roser 2016p/World Bank 2015 value,1.0744910000000019,OWID current values are used for audit/successor fill only; they do not verify the unrecovered Roser 2016p/World Bank 2015 book-era vintage.
United States,1966,29.1,Gapminder GD010 gapdata010.xls recovered source component,27.999622,OWID current successor/equivalent fill; not verified book-era Roser 2016p/World Bank 2015 value,1.1003780000000027,OWID current values are used for audit/successor fill only; they do not verify the unrecovered Roser 2016p/World Bank 2015 book-era vintage.
United States,1967,28.0,Gapminder GD010 gapdata010.xls recovered source component,27.077425,OWID current successor/equivalent fill; not verified book-era Roser 2016p/World Bank 2015 value,0.9225749999999984,OWID current values are used for audit/successor fill only; they do not verify the unrecovered Roser 2016p/World Bank 2015 book-era vintage.
United States,1968,24.5,Gapminder GD010 gapdata010.xls recovered source component,23.667295,OWID current successor/equivalent fill; not verified book-era Roser 2016p/World Bank 2015 value,0.8327050000000007,OWID current values are used for audit/successor fill only; they do not verify the unrecovered Roser 2016p/World Bank 2015 book-era vintage.
United States,1969,22.2,Gapminder GD010 gapdata010.xls recovered source component,21.369333,OWID current successor/equivalent fill; not verified book-era Roser 2016p/World Bank 2015 value,0.8306669999999983,OWID current values are used for audit/successor fill only; they do not verify the unrecovered Roser 2016p/World Bank 2015 book-era vintage.
United States,1970,21.5,Gapminder GD010 gapdata010.xls recovered source component,20.620617,OWID current successor/equivalent fill; not verified book-era Roser 2016p/World Bank 2015 value,0.8793830000000007,OWID current values are used for audit/successor fill only; they do not verify the unrecovered Roser 2016p/World Bank 2015 book-era vintage.
United States,1971,18.8,Gapminder GD010 gapdata010.xls recovered source component,17.938257,OWID current successor/equivalent fill; not verified book-era Roser 2016p/World Bank 2015 value,0.8617430000000006,OWID current values are used for audit/successor fill only; they do not verify the unrecovered Roser 2016p/World Bank 2015 book-era vintage.
United States,1972,18.8,Gapminder GD010 gapdata010.xls recovered source component,17.906696,OWID current successor/equivalent fill; not verified book-era Roser 2016p/World Bank 2015 value,0.8933040000000005,OWID current values are used for audit/successor fill only; they do not verify the unrecovered Roser 2016p/World Bank 2015 book-era vintage.
United States,1973,15.2,Gapminder GD010 gapdata010.xls recovered source component,14.446473,OWID current successor/equivalent fill; not verified book-era Roser 2016p/World Bank 2015 value,0.7535270000000001,OWID current values are used for audit/successor fill only; they do not verify the unrecovered Roser 2016p/World Bank 2015 book-era vintage.
United States,1974,14.6,Gapminder GD010 gapdata010.xls recovered source component,13.906326,OWID current successor/equivalent fill; not verified book-era Roser 2016p/World Bank 2015 value,0.6936739999999997,OWID current values are used for audit/successor fill only; they do not verify the unrecovered Roser 2016p/World Bank 2015 book-era vintage.
United States,1975,12.8,Gapminder GD010 gapdata010.xls recovered source component,12.177835,OWID current successor/equivalent fill; not verified book-era Roser 2016p/World Bank 2015 value,0.6221650000000007,OWID current values are used for audit/successor fill only; they do not verify the unrecovered Roser 2016p/World Bank 2015 book-era vintage.
United States,1976,12.3,Gapminder GD010 gapdata010.xls recovered source component,11.692572,OWID current successor/equivalent fill; not verified book-era Roser 2016p/World Bank 2015 value,0.6074280000000005,OWID current values are used for audit/successor fill only; they do not verify the unrecovered Roser 2016p/World Bank 2015 book-era vintage.
United States,1977,12.2,Gapminder GD010 gapdata010.xls recovered source component,10.688193,OWID current successor/equivalent fill; not verified book-era Roser 2016p/World Bank 2015 value,1.5118069999999992,OWID current values are used for audit/successor fill only; they do not verify the unrecovered Roser 2016p/World Bank 2015 book-era vintage.
United States,1978,9.6,Gapminder GD010 gapdata010.xls recovered source component,9.129249,OWID current successor/equivalent fill; not verified book-era Roser 2016p/World Bank 2015 value,0.4707509999999999,OWID current values are used for audit/successor fill only; they do not verify the unrecovered Roser 2016p/World Bank 2015 book-era vintage.
United States,1979,9.6,Gapminder GD010 gapdata010.xls recovered source component,9.193671,OWID current successor/equivalent fill; not verified book-era Roser 2016p/World Bank 2015 value,0.4063289999999995,OWID current values are used for audit/successor fill only; they do not verify the unrecovered Roser 2016p/World Bank 2015 book-era vintage.
United States,1980,9.2,Gapminder GD010 gapdata010.xls recovered source component,8.918301,OWID current successor/equivalent fill; not verified book-era Roser 2016p/World Bank 2015 value,0.2816989999999997,OWID current values are used for audit/successor fill only; they do not verify the unrecovered Roser 2016p/World Bank 2015 book-era vintage.
United States,1981,8.5,Gapminder GD010 gapdata010.xls recovered source component,8.218319,OWID current successor/equivalent fill; not verified book-era Roser 2016p/World Bank 2015 value,0.28168100000000074,OWID current values are used for audit/successor fill only; they do not verify the unrecovered Roser 2016p/World Bank 2015 book-era vintage.
United States,1982,7.9,Gapminder GD010 gapdata010.xls recovered source component,7.670956,OWID current successor/equivalent fill; not verified book-era Roser 2016p/World Bank 2015 value,0.22904400000000003,OWID current values are used for audit/successor fill only; they do not verify the unrecovered Roser 2016p/World Bank 2015 book-era vintage.
United States,1983,8.0,Gapminder GD010 gapdata010.xls recovered source component,7.694261,OWID current successor/equivalent fill; not verified book-era Roser 2016p/World Bank 2015 value,0.305739,OWID current values are used for audit/successor fill only; they do not verify the unrecovered Roser 2016p/World Bank 2015 book-era vintage.
United States,1984,7.8,Gapminder GD010 gapdata010.xls recovered source component,7.5358787,OWID current successor/equivalent fill; not verified book-era Roser 2016p/World Bank 2015 value,0.2641213000000002,OWID current values are used for audit/successor fill only; they do not verify the unrecovered Roser 2016p/World Bank 2015 book-era vintage.
United States,1985,7.8,Gapminder GD010 gapdata010.xls recovered source component,10.7291765,OWID current successor/equivalent fill; not verified book-era Roser 2016p/World Bank 2015 value,2.9291764999999996,OWID current values are used for audit/successor fill only; they do not verify the unrecovered Roser 2016p/World Bank 2015 book-era vintage.
United States,1986,7.2,Gapminder GD010 gapdata010.xls recovered source component,11.065458,OWID current successor/equivalent fill; not verified book-era Roser 2016p/World Bank 2015 value,3.8654579999999994,OWID current values are used for audit/successor fill only; they do not verify the unrecovered Roser 2016p/World Bank 2015 book-era vintage.
United States,1987,6.6,Gapminder GD010 gapdata010.xls recovered source component,11.012875,OWID current successor/equivalent fill; not verified book-era Roser 2016p/World Bank 2015 value,4.412875,OWID current values are used for audit/successor fill only; they do not verify the unrecovered Roser 2016p/World Bank 2015 book-era vintage.
United States,1988,8.4,Gapminder GD010 gapdata010.xls recovered source component,10.822872,OWID current successor/equivalent fill; not verified book-era Roser 2016p/World Bank 2015 value,2.422872,OWID current values are used for audit/successor fill only; they do not verify the unrecovered Roser 2016p/World Bank 2015 book-era vintage.
United States,1989,7.9,Gapminder GD010 gapdata010.xls recovered source component,10.434629,OWID current successor/equivalent fill; not verified book-era Roser 2016p/World Bank 2015 value,2.534628999999999,OWID current values are used for audit/successor fill only; they do not verify the unrecovered Roser 2016p/World Bank 2015 book-era vintage.
United States,1990,8.2,Gapminder GD010 gapdata010.xls recovered source component,10.039863,OWID current successor/equivalent fill; not verified book-era Roser 2016p/World Bank 2015 value,1.8398630000000011,OWID current values are used for audit/successor fill only; they do not verify the unrecovered Roser 2016p/World Bank 2015 book-era vintage.
United States,1991,7.9,Gapminder GD010 gapdata010.xls recovered source component,10.273819,OWID current successor/equivalent fill; not verified book-era Roser 2016p/World Bank 2015 value,2.3738189999999992,OWID current values are used for audit/successor fill only; they do not verify the unrecovered Roser 2016p/World Bank 2015 book-era vintage.
United States,1992,7.8,Gapminder GD010 gapdata010.xls recovered source component,10.299621,OWID current successor/equivalent fill; not verified book-era Roser 2016p/World Bank 2015 value,2.4996210000000003,OWID current values are used for audit/successor fill only; they do not verify the unrecovered Roser 2016p/World Bank 2015 book-era vintage.
United States,1993,7.5,Gapminder GD010 gapdata010.xls recovered source component,10.785038,OWID current successor/equivalent fill; not verified book-era Roser 2016p/World Bank 2015 value,3.285038,OWID current values are used for audit/successor fill only; they do not verify the unrecovered Roser 2016p/World Bank 2015 book-era vintage.
United States,1994,8.3,Gapminder GD010 gapdata010.xls recovered source component,11.049206,OWID current successor/equivalent fill; not verified book-era Roser 2016p/World Bank 2015 value,2.749205999999999,OWID current values are used for audit/successor fill only; they do not verify the unrecovered Roser 2016p/World Bank 2015 book-era vintage.
United States,1995,7.1,Gapminder GD010 gapdata010.xls recovered source component,11.327949,OWID current successor/equivalent fill; not verified book-era Roser 2016p/World Bank 2015 value,4.227949000000001,OWID current values are used for audit/successor fill only; they do not verify the unrecovered Roser 2016p/World Bank 2015 book-era vintage.
United States,1996,7.6,Gapminder GD010 gapdata010.xls recovered source component,11.1208,OWID current successor/equivalent fill; not verified book-era Roser 2016p/World Bank 2015 value,3.5207999999999995,OWID current values are used for audit/successor fill only; they do not verify the unrecovered Roser 2016p/World Bank 2015 book-era vintage.
United States,1997,8.4,Gapminder GD010 gapdata010.xls recovered source component,10.933628,OWID current successor/equivalent fill; not verified book-era Roser 2016p/World Bank 2015 value,2.533628,OWID current values are used for audit/successor fill only; they do not verify the unrecovered Roser 2016p/World Bank 2015 book-era vintage.
United States,1998,7.1,Gapminder GD010 gapdata010.xls recovered source component,10.902584,OWID current successor/equivalent fill; not verified book-era Roser 2016p/World Bank 2015 value,3.8025839999999995,OWID current values are used for audit/successor fill only; they do not verify the unrecovered Roser 2016p/World Bank 2015 book-era vintage.
United States,1999,9.9,Gapminder GD010 gapdata010.xls recovered source component,11.460322,OWID current successor/equivalent fill; not verified book-era Roser 2016p/World Bank 2015 value,1.5603219999999993,OWID current values are used for audit/successor fill only; they do not verify the unrecovered Roser 2016p/World Bank 2015 book-era vintage.
United States,2000,9.8,Gapminder GD010 gapdata010.xls recovered source component,11.825416,OWID current successor/equivalent fill; not verified book-era Roser 2016p/World Bank 2015 value,2.025416,OWID current values are used for audit/successor fill only; they do not verify the unrecovered Roser 2016p/World Bank 2015 book-era vintage.
United States,2001,9.9,Gapminder GD010 gapdata010.xls recovered source component,12.526937,OWID current successor/equivalent fill; not verified book-era Roser 2016p/World Bank 2015 value,2.626937,OWID current values are used for audit/successor fill only; they do not verify the unrecovered Roser 2016p/World Bank 2015 book-era vintage.
United States,2002,9.9,Gapminder GD010 gapdata010.xls recovered source component,12.881137,OWID current successor/equivalent fill; not verified book-era Roser 2016p/World Bank 2015 value,2.9811370000000004,OWID current values are used for audit/successor fill only; they do not verify the unrecovered Roser 2016p/World Bank 2015 book-era vintage.
United States,2003,12.1,Gapminder GD010 gapdata010.xls recovered source component,13.174967,OWID current successor/equivalent fill; not verified book-era Roser 2016p/World Bank 2015 value,1.074967000000001,OWID current values are used for audit/successor fill only; they do not verify the unrecovered Roser 2016p/World Bank 2015 book-era vintage.
Malaysia,1933,1084.7553137161674,Gapminder GD010 gapdata010.xls recovered source component,1084.7554,OWID current successor/equivalent fill; not verified book-era Roser 2016p/World Bank 2015 value,8.628383261566341e-05,OWID current values are used for audit/successor fill only; they do not verify the unrecovered Roser 2016p/World Bank 2015 book-era vintage.
Malaysia,1934,974.0541102656983,Gapminder GD010 gapdata010.xls recovered source component,974.05414,OWID current successor/equivalent fill; not verified book-era Roser 2016p/World Bank 2015 value,2.973430162001023e-05,OWID current values are used for audit/successor fill only; they do not verify the unrecovered Roser 2016p/World Bank 2015 book-era vintage.
Malaysia,1935,955.7288805888169,Gapminder GD010 gapdata010.xls recovered source component,955.7289,OWID current successor/equivalent fill; not verified book-era Roser 2016p/World Bank 2015 value,1.941118307513534e-05,OWID current values are used for audit/successor fill only; they do not verify the unrecovered Roser 2016p/World Bank 2015 book-era vintage.
Malaysia,1936,1008.3351980308794,Gapminder GD010 gapdata010.xls recovered source component,1008.3352,OWID current successor/equivalent fill; not verified book-era Roser 2016p/World Bank 2015 value,1.9691206034622155e-06,OWID current values are used for audit/successor fill only; they do not verify the unrecovered Roser 2016p/World Bank 2015 book-era vintage.
Malaysia,1937,901.6658579977358,Gapminder GD010 gapdata010.xls recovered source component,901.66583,OWID current successor/equivalent fill; not verified book-era Roser 2016p/World Bank 2015 value,2.7997735742246732e-05,OWID current values are used for audit/successor fill only; they do not verify the unrecovered Roser 2016p/World Bank 2015 book-era vintage.
Malaysia,1938,854.772984833506,Gapminder GD010 gapdata010.xls recovered source component,854.773,OWID current successor/equivalent fill; not verified book-era Roser 2016p/World Bank 2015 value,1.5166493994911434e-05,OWID current values are used for audit/successor fill only; they do not verify the unrecovered Roser 2016p/World Bank 2015 book-era vintage.
Malaysia,1939,834.0896818740594,Gapminder GD010 gapdata010.xls recovered source component,834.08966,OWID current successor/equivalent fill; not verified book-era Roser 2016p/World Bank 2015 value,2.18740593709299e-05,OWID current values are used for audit/successor fill only; they do not verify the unrecovered Roser 2016p/World Bank 2015 book-era vintage.
Malaysia,1940,765.8922644881287,Gapminder GD010 gapdata010.xls recovered source component,765.8923,OWID current successor/equivalent fill; not verified book-era Roser 2016p/World Bank 2015 value,3.5511871260496264e-05,OWID current values are used for audit/successor fill only; they do not verify the unrecovered Roser 2016p/World Bank 2015 book-era vintage.
Malaysia,1946,668.0800173950859,Gapminder GD010 gapdata010.xls recovered source component,668.08,OWID current successor/equivalent fill; not verified book-era Roser 2016p/World Bank 2015 value,1.739508581977134e-05,OWID current values are used for audit/successor fill only; they do not verify the unrecovered Roser 2016p/World Bank 2015 book-era vintage.
Malaysia,1947,700.1399331167137,Gapminder GD010 gapdata010.xls recovered source component,700.13995,OWID current successor/equivalent fill; not verified book-era Roser 2016p/World Bank 2015 value,1.688328632099001e-05,OWID current values are used for audit/successor fill only; they do not verify the unrecovered Roser 2016p/World Bank 2015 book-era vintage.
Malaysia,1948,583.0094392004441,Gapminder GD010 gapdata010.xls recovered source component,583.00946,OWID current successor/equivalent fill; not verified book-era Roser 2016p/World Bank 2015 value,2.0799555841222173e-05,OWID current values are used for audit/successor fill only; they do not verify the unrecovered Roser 2016p/World Bank 2015 book-era vintage.
Malaysia,1949,533.7055956046719,Gapminder GD010 gapdata010.xls recovered source component,533.70557,OWID current successor/equivalent fill; not verified book-era Roser 2016p/World Bank 2015 value,2.560467191869975e-05,OWID current values are used for audit/successor fill only; they do not verify the unrecovered Roser 2016p/World Bank 2015 book-era vintage.
Malaysia,1950,533.9115856991873,Gapminder GD010 gapdata010.xls recovered source component,533.91156,OWID current successor/equivalent fill; not verified book-era Roser 2016p/World Bank 2015 value,2.569918729022902e-05,OWID current values are used for audit/successor fill only; they do not verify the unrecovered Roser 2016p/World Bank 2015 book-era vintage.
Malaysia,1951,569.7822203902172,Gapminder GD010 gapdata010.xls recovered source component,569.7822,OWID current successor/equivalent fill; not verified book-era Roser 2016p/World Bank 2015 value,2.039021717337164e-05,OWID current values are used for audit/successor fill only; they do not verify the unrecovered Roser 2016p/World Bank 2015 book-era vintage.
Malaysia,1952,519.9816861796063,Gapminder GD010 gapdata010.xls recovered source component,519.9817,OWID current successor/equivalent fill; not verified book-era Roser 2016p/World Bank 2015 value,1.3820393746755144e-05,OWID current values are used for audit/successor fill only; they do not verify the unrecovered Roser 2016p/World Bank 2015 book-era vintage.
Malaysia,1953,471.59785856074427,Gapminder GD010 gapdata010.xls recovered source component,471.59787,OWID current successor/equivalent fill; not verified book-era Roser 2016p/World Bank 2015 value,1.1439255729328579e-05,OWID current values are used for audit/successor fill only; they do not verify the unrecovered Roser 2016p/World Bank 2015 book-era vintage.
Malaysia,1954,475.86913017173174,Gapminder GD010 gapdata010.xls recovered source component,475.86914,OWID current successor/equivalent fill; not verified book-era Roser 2016p/World Bank 2015 value,9.828268275668961e-06,OWID current values are used for audit/successor fill only; they do not verify the unrecovered Roser 2016p/World Bank 2015 book-era vintage.
Malaysia,1955,417.99927904711507,Gapminder GD010 gapdata010.xls recovered source component,417.99927,OWID current successor/equivalent fill; not verified book-era Roser 2016p/World Bank 2015 value,9.047115042903897e-06,OWID current values are used for audit/successor fill only; they do not verify the unrecovered Roser 2016p/World Bank 2015 book-era vintage.
Malaysia,1956,396.244111664963,Gapminder GD010 gapdata010.xls recovered source component,396.2441,OWID current successor/equivalent fill; not verified book-era Roser 2016p/World Bank 2015 value,1.1664962983104488e-05,OWID current values are used for audit/successor fill only; they do not verify the unrecovered Roser 2016p/World Bank 2015 book-era vintage.
Malaysia,1957,282.1613976992463,Gapminder GD010 gapdata010.xls recovered source component,282.1614,OWID current successor/equivalent fill; not verified book-era Roser 2016p/World Bank 2015 value,2.3007536924524175e-06,OWID current values are used for audit/successor fill only; they do not verify the unrecovered Roser 2016p/World Bank 2015 book-era vintage.
Malaysia,1958,277.3496594387664,Gapminder GD010 gapdata010.xls recovered source component,277.34967,OWID current successor/equivalent fill; not verified book-era Roser 2016p/World Bank 2015 value,1.0561233580119733e-05,OWID current values are used for audit/successor fill only; they do not verify the unrecovered Roser 2016p/World Bank 2015 book-era vintage.
Malaysia,1959,209.6057499955742,Gapminder GD010 gapdata010.xls recovered source component,209.60574,OWID current successor/equivalent fill; not verified book-era Roser 2016p/World Bank 2015 value,9.995574203003343e-06,OWID current values are used for audit/successor fill only; they do not verify the unrecovered Roser 2016p/World Bank 2015 book-era vintage.
Malaysia,1960,242.25919966048346,Gapminder GD010 gapdata010.xls recovered source component,242.2592,OWID current successor/equivalent fill; not verified book-era Roser 2016p/World Bank 2015 value,3.395165322217508e-07,OWID current values are used for audit/successor fill only; they do not verify the unrecovered Roser 2016p/World Bank 2015 book-era vintage.
Malaysia,1961,200.31434973079624,Gapminder GD010 gapdata010.xls recovered source component,200.31435,OWID current successor/equivalent fill; not verified book-era Roser 2016p/World Bank 2015 value,2.692037526230706e-07,OWID current values are used for audit/successor fill only; they do not verify the unrecovered Roser 2016p/World Bank 2015 book-era vintage.
Malaysia,1962,230.02457842798657,Gapminder GD010 gapdata010.xls recovered source component,230.02458,OWID current successor/equivalent fill; not verified book-era Roser 2016p/World Bank 2015 value,1.572013417217022e-06,OWID current values are used for audit/successor fill only; they do not verify the unrecovered Roser 2016p/World Bank 2015 book-era vintage.
Malaysia,1963,223.3690723849149,Gapminder GD010 gapdata010.xls recovered source component,223.36908,OWID current successor/equivalent fill; not verified book-era Roser 2016p/World Bank 2015 value,7.615085110046493e-06,OWID current values are used for audit/successor fill only; they do not verify the unrecovered Roser 2016p/World Bank 2015 book-era vintage.
Malaysia,1964,206.49102911195746,Gapminder GD010 gapdata010.xls recovered source component,206.49103,OWID current successor/equivalent fill; not verified book-era Roser 2016p/World Bank 2015 value,8.880425355073385e-07,OWID current values are used for audit/successor fill only; they do not verify the unrecovered Roser 2016p/World Bank 2015 book-era vintage.
Malaysia,1965,203.58720657993854,Gapminder GD010 gapdata010.xls recovered source component,203.5872,OWID current successor/equivalent fill; not verified book-era Roser 2016p/World Bank 2015 value,6.579938542472519e-06,OWID current values are used for audit/successor fill only; they do not verify the unrecovered Roser 2016p/World Bank 2015 book-era vintage.
Malaysia,1966,180.07474556763955,Gapminder GD010 gapdata010.xls recovered source component,180.07475,OWID current successor/equivalent fill; not verified book-era Roser 2016p/World Bank 2015 value,4.432360441342098e-06,OWID current values are used for audit/successor fill only; they do not verify the unrecovered Roser 2016p/World Bank 2015 book-era vintage.
Malaysia,1967,168.21025617158776,Gapminder GD010 gapdata010.xls recovered source component,168.21025,OWID current successor/equivalent fill; not verified book-era Roser 2016p/World Bank 2015 value,6.171587756398367e-06,OWID current values are used for audit/successor fill only; they do not verify the unrecovered Roser 2016p/World Bank 2015 book-era vintage.
Malaysia,1968,169.16916269350946,Gapminder GD010 gapdata010.xls recovered source component,169.16916,OWID current successor/equivalent fill; not verified book-era Roser 2016p/World Bank 2015 value,2.6935094581403973e-06,OWID current values are used for audit/successor fill only; they do not verify the unrecovered Roser 2016p/World Bank 2015 book-era vintage.
Malaysia,1969,157.55332121729256,Gapminder GD010 gapdata010.xls recovered source component,157.55331,OWID current successor/equivalent fill; not verified book-era Roser 2016p/World Bank 2015 value,1.1217292552601066e-05,OWID current values are used for audit/successor fill only; they do not verify the unrecovered Roser 2016p/World Bank 2015 book-era vintage.
Malaysia,1970,148.4024027055676,Gapminder GD010 gapdata010.xls recovered source component,148.4024,OWID current successor/equivalent fill; not verified book-era Roser 2016p/World Bank 2015 value,2.7055675957399217e-06,OWID current values are used for audit/successor fill only; they do not verify the unrecovered Roser 2016p/World Bank 2015 book-era vintage.
Malaysia,1971,123.79677934436191,Gapminder GD010 gapdata010.xls recovered source component,123.796776,OWID current successor/equivalent fill; not verified book-era Roser 2016p/World Bank 2015 value,3.344361914514593e-06,OWID current values are used for audit/successor fill only; they do not verify the unrecovered Roser 2016p/World Bank 2015 book-era vintage.
Malaysia,1972,107.02228333663048,Gapminder GD010 gapdata010.xls recovered source component,107.022285,OWID current successor/equivalent fill; not verified book-era Roser 2016p/World Bank 2015 value,1.6633695167911355e-06,OWID current values are used for audit/successor fill only; they do not verify the unrecovered Roser 2016p/World Bank 2015 book-era vintage.
Malaysia,1973,105.1204918845658,Gapminder GD010 gapdata010.xls recovered source component,105.12049,OWID current successor/equivalent fill; not verified book-era Roser 2016p/World Bank 2015 value,1.8845657905330881e-06,OWID current values are used for audit/successor fill only; they do not verify the unrecovered Roser 2016p/World Bank 2015 book-era vintage.
Malaysia,1974,96.0919407689277,Gapminder GD010 gapdata010.xls recovered source component,96.09194,OWID current successor/equivalent fill; not verified book-era Roser 2016p/World Bank 2015 value,7.689277055078492e-07,OWID current values are used for audit/successor fill only; they do not verify the unrecovered Roser 2016p/World Bank 2015 book-era vintage.
Malaysia,1975,83.30939385234127,Gapminder GD010 gapdata010.xls recovered source component,83.309395,OWID current successor/equivalent fill; not verified book-era Roser 2016p/World Bank 2015 value,1.1476587218339773e-06,OWID current values are used for audit/successor fill only; they do not verify the unrecovered Roser 2016p/World Bank 2015 book-era vintage.
Malaysia,1976,77.73171453953212,Gapminder GD010 gapdata010.xls recovered source component,77.73171,OWID current successor/equivalent fill; not verified book-era Roser 2016p/World Bank 2015 value,4.539532113767564e-06,OWID current values are used for audit/successor fill only; they do not verify the unrecovered Roser 2016p/World Bank 2015 book-era vintage.
Malaysia,1977,78.78851796936553,Gapminder GD010 gapdata010.xls recovered source component,78.78852,OWID current successor/equivalent fill; not verified book-era Roser 2016p/World Bank 2015 value,2.0306344765685935e-06,OWID current values are used for audit/successor fill only; they do not verify the unrecovered Roser 2016p/World Bank 2015 book-era vintage.
Malaysia,1978,84.19645012908059,Gapminder GD010 gapdata010.xls recovered source component,84.19645,OWID current successor/equivalent fill; not verified book-era Roser 2016p/World Bank 2015 value,1.2908058977245673e-07,OWID current values are used for audit/successor fill only; they do not verify the unrecovered Roser 2016p/World Bank 2015 book-era vintage.
Malaysia,1979,68.68376922253542,Gapminder GD010 gapdata010.xls recovered source component,68.68377,OWID current successor/equivalent fill; not verified book-era Roser 2016p/World Bank 2015 value,7.774645780500578e-07,OWID current values are used for audit/successor fill only; they do not verify the unrecovered Roser 2016p/World Bank 2015 book-era vintage.
Malaysia,1980,62.61397474665866,Gapminder GD010 gapdata010.xls recovered source component,62.613976,OWID current successor/equivalent fill; not verified book-era Roser 2016p/World Bank 2015 value,1.25334133826982e-06,OWID current values are used for audit/successor fill only; they do not verify the unrecovered Roser 2016p/World Bank 2015 book-era vintage.
Malaysia,1981,58.85294775902896,Gapminder GD010 gapdata010.xls recovered source component,58.852947,OWID current successor/equivalent fill; not verified book-era Roser 2016p/World Bank 2015 value,7.590289570202913e-07,OWID current values are used for audit/successor fill only; they do not verify the unrecovered Roser 2016p/World Bank 2015 book-era vintage.
Malaysia,1982,50.56766279524991,Gapminder GD010 gapdata010.xls recovered source component,50.56766,OWID current successor/equivalent fill; not verified book-era Roser 2016p/World Bank 2015 value,2.7952499124239694e-06,OWID current values are used for audit/successor fill only; they do not verify the unrecovered Roser 2016p/World Bank 2015 book-era vintage.
Malaysia,1983,39.62674859813592,Gapminder GD010 gapdata010.xls recovered source component,39.626747,OWID current successor/equivalent fill; not verified book-era Roser 2016p/World Bank 2015 value,1.5981359169359166e-06,OWID current values are used for audit/successor fill only; they do not verify the unrecovered Roser 2016p/World Bank 2015 book-era vintage.
Malaysia,1984,39.38811971928885,Gapminder GD010 gapdata010.xls recovered source component,39.38812,OWID current successor/equivalent fill; not verified book-era Roser 2016p/World Bank 2015 value,2.807111485481073e-07,OWID current values are used for audit/successor fill only; they do not verify the unrecovered Roser 2016p/World Bank 2015 book-era vintage.
Malaysia,1985,37.118429914996334,Gapminder GD010 gapdata010.xls recovered source component,55.13256,OWID current successor/equivalent fill; not verified book-era Roser 2016p/World Bank 2015 value,18.014130085003664,OWID current values are used for audit/successor fill only; they do not verify the unrecovered Roser 2016p/World Bank 2015 book-era vintage.
Malaysia,1986,30.067116762293352,Gapminder GD010 gapdata010.xls recovered source component,54.29409,OWID current successor/equivalent fill; not verified book-era Roser 2016p/World Bank 2015 value,24.226973237706645,OWID current values are used for audit/successor fill only; they do not verify the unrecovered Roser 2016p/World Bank 2015 book-era vintage.
Malaysia,1987,27.819251432436225,Gapminder GD010 gapdata010.xls recovered source component,54.293167,OWID current successor/equivalent fill; not verified book-era Roser 2016p/World Bank 2015 value,26.473915567563772,OWID current values are used for audit/successor fill only; they do not verify the unrecovered Roser 2016p/World Bank 2015 book-era vintage.
Malaysia,1988,26.23828779233008,Gapminder GD010 gapdata010.xls recovered source component,49.8026,OWID current successor/equivalent fill; not verified book-era Roser 2016p/World Bank 2015 value,23.564312207669918,OWID current values are used for audit/successor fill only; they do not verify the unrecovered Roser 2016p/World Bank 2015 book-era vintage.
Malaysia,1989,20.03793849688744,Gapminder GD010 gapdata010.xls recovered source component,49.65649,OWID current successor/equivalent fill; not verified book-era Roser 2016p/World Bank 2015 value,29.61855150311256,OWID current values are used for audit/successor fill only; they do not verify the unrecovered Roser 2016p/World Bank 2015 book-era vintage.
Malaysia,1990,20.02733731543557,Gapminder GD010 gapdata010.xls recovered source component,48.63973,OWID current successor/equivalent fill; not verified book-era Roser 2016p/World Bank 2015 value,28.61239268456443,OWID current values are used for audit/successor fill only; they do not verify the unrecovered Roser 2016p/World Bank 2015 book-era vintage.
Malaysia,1991,18.16842377724019,Gapminder GD010 gapdata010.xls recovered source component,47.339516,OWID current successor/equivalent fill; not verified book-era Roser 2016p/World Bank 2015 value,29.171092222759814,OWID current values are used for audit/successor fill only; they do not verify the unrecovered Roser 2016p/World Bank 2015 book-era vintage.
Malaysia,1992,21.00825117175332,Gapminder GD010 gapdata010.xls recovered source component,46.14511,OWID current successor/equivalent fill; not verified book-era Roser 2016p/World Bank 2015 value,25.136858828246684,OWID current values are used for audit/successor fill only; they do not verify the unrecovered Roser 2016p/World Bank 2015 book-era vintage.
Malaysia,1993,21.69355960659201,Gapminder GD010 gapdata010.xls recovered source component,45.251053,OWID current successor/equivalent fill; not verified book-era Roser 2016p/World Bank 2015 value,23.557493393407988,OWID current values are used for audit/successor fill only; they do not verify the unrecovered Roser 2016p/World Bank 2015 book-era vintage.
Malaysia,1994,20.252687602293733,Gapminder GD010 gapdata010.xls recovered source component,43.644753,OWID current successor/equivalent fill; not verified book-era Roser 2016p/World Bank 2015 value,23.39206539770627,OWID current values are used for audit/successor fill only; they do not verify the unrecovered Roser 2016p/World Bank 2015 book-era vintage.
Malaysia,1995,21.129786190041298,Gapminder GD010 gapdata010.xls recovered source component,39.785507,OWID current successor/equivalent fill; not verified book-era Roser 2016p/World Bank 2015 value,18.655720809958705,OWID current values are used for audit/successor fill only; they do not verify the unrecovered Roser 2016p/World Bank 2015 book-era vintage.
Malaysia,1996,17.09302997054917,Gapminder GD010 gapdata010.xls recovered source component,40.579224,OWID current successor/equivalent fill; not verified book-era Roser 2016p/World Bank 2015 value,23.486194029450832,OWID current values are used for audit/successor fill only; they do not verify the unrecovered Roser 2016p/World Bank 2015 book-era vintage.
Malaysia,1997,19.444804533417287,Gapminder GD010 gapdata010.xls recovered source component,41.25739,OWID current successor/equivalent fill; not verified book-era Roser 2016p/World Bank 2015 value,21.812585466582714,OWID current values are used for audit/successor fill only; they do not verify the unrecovered Roser 2016p/World Bank 2015 book-era vintage.
