Entity,Code,Year,Legal status of homosexuality
Afghanistan,AFG,1924,Illegal
Afghanistan,AFG,1925,Illegal
Afghanistan,AFG,1926,Illegal
Afghanistan,AFG,1927,Illegal
Afghanistan,AFG,1928,Illegal
Afghanistan,AFG,1929,Illegal
Afghanistan,AFG,1930,Illegal
Afghanistan,AFG,1931,Illegal
Afghanistan,AFG,1932,Illegal
Afghanistan,AFG,1933,Illegal
Afghanistan,AFG,1934,Illegal
Afghanistan,AFG,1935,Illegal
Afghanistan,AFG,1936,Illegal
Afghanistan,AFG,1937,Illegal
Afghanistan,AFG,1938,Illegal
Afghanistan,AFG,1939,Illegal
Afghanistan,AFG,1940,Illegal
Afghanistan,AFG,1941,Illegal
Afghanistan,AFG,1942,Illegal
Afghanistan,AFG,1943,Illegal
Afghanistan,AFG,1944,Illegal
Afghanistan,AFG,1945,Illegal
Afghanistan,AFG,1946,Illegal
Afghanistan,AFG,1947,Illegal
Afghanistan,AFG,1948,Illegal
Afghanistan,AFG,1949,Illegal
Afghanistan,AFG,1950,Illegal
Afghanistan,AFG,1951,Illegal
Afghanistan,AFG,1952,Illegal
Afghanistan,AFG,1953,Illegal
Afghanistan,AFG,1954,Illegal
Afghanistan,AFG,1955,Illegal
Afghanistan,AFG,1956,Illegal
Afghanistan,AFG,1957,Illegal
Afghanistan,AFG,1958,Illegal
Afghanistan,AFG,1959,Illegal
Afghanistan,AFG,1960,Illegal
Afghanistan,AFG,1961,Illegal
Afghanistan,AFG,1962,Illegal
Afghanistan,AFG,1963,Illegal
Afghanistan,AFG,1964,Illegal
Afghanistan,AFG,1965,Illegal
Afghanistan,AFG,1966,Illegal
Afghanistan,AFG,1967,Illegal
Afghanistan,AFG,1968,Illegal
Afghanistan,AFG,1969,Illegal
Afghanistan,AFG,1970,Illegal
Afghanistan,AFG,1971,Illegal
Afghanistan,AFG,1972,Illegal
Afghanistan,AFG,1973,Illegal
Afghanistan,AFG,1974,Illegal
Afghanistan,AFG,1975,Illegal
Afghanistan,AFG,1976,Illegal
Afghanistan,AFG,1977,Illegal
Afghanistan,AFG,1978,Illegal
Afghanistan,AFG,1979,Illegal
Afghanistan,AFG,1980,Illegal
Afghanistan,AFG,1981,Illegal
Afghanistan,AFG,1982,Illegal
Afghanistan,AFG,1983,Illegal
Afghanistan,AFG,1984,Illegal
Afghanistan,AFG,1985,Illegal
Afghanistan,AFG,1986,Illegal
Afghanistan,AFG,1987,Illegal
Afghanistan,AFG,1988,Illegal
Afghanistan,AFG,1989,Illegal
Afghanistan,AFG,1990,Illegal
Afghanistan,AFG,1991,Illegal
Afghanistan,AFG,1992,Illegal
Afghanistan,AFG,1993,Illegal
Afghanistan,AFG,1994,Illegal
Afghanistan,AFG,1995,Illegal
Afghanistan,AFG,1996,Illegal
Afghanistan,AFG,1997,Illegal
Afghanistan,AFG,1998,Illegal
Afghanistan,AFG,1999,Illegal
Afghanistan,AFG,2000,Illegal
Afghanistan,AFG,2001,Illegal
Afghanistan,AFG,2002,Illegal
Afghanistan,AFG,2003,Illegal
Afghanistan,AFG,2004,Illegal
Afghanistan,AFG,2005,Illegal
Afghanistan,AFG,2006,Illegal
Afghanistan,AFG,2007,Illegal
Afghanistan,AFG,2008,Illegal
Afghanistan,AFG,2009,Illegal
Afghanistan,AFG,2010,Illegal
Afghanistan,AFG,2011,Illegal
Afghanistan,AFG,2012,Illegal
Afghanistan,AFG,2013,Illegal
Afghanistan,AFG,2014,Illegal
Afghanistan,AFG,2015,Illegal
Afghanistan,AFG,2016,Illegal
Afghanistan,AFG,2017,Illegal
Afghanistan,AFG,2018,Illegal
Afghanistan,AFG,2019,Illegal
Afghanistan,AFG,2020,Illegal
Afghanistan,AFG,2021,Illegal
Afghanistan,AFG,2022,Illegal
Afghanistan,AFG,2023,Illegal
Afghanistan,AFG,2024,Illegal
Afghanistan,AFG,2025,Illegal
Albania,ALB,1760,Illegal
Albania,ALB,1761,Illegal
Albania,ALB,1762,Illegal
Albania,ALB,1763,Illegal
Albania,ALB,1764,Illegal
Albania,ALB,1765,Illegal
Albania,ALB,1766,Illegal
Albania,ALB,1767,Illegal
Albania,ALB,1768,Illegal
Albania,ALB,1769,Illegal
Albania,ALB,1770,Illegal
Albania,ALB,1771,Illegal
Albania,ALB,1772,Illegal
Albania,ALB,1773,Illegal
Albania,ALB,1774,Illegal
Albania,ALB,1775,Illegal
Albania,ALB,1776,Illegal
Albania,ALB,1777,Illegal
Albania,ALB,1778,Illegal
Albania,ALB,1779,Illegal
Albania,ALB,1780,Illegal
Albania,ALB,1781,Illegal
Albania,ALB,1782,Illegal
Albania,ALB,1783,Illegal
Albania,ALB,1784,Illegal
Albania,ALB,1785,Illegal
Albania,ALB,1786,Illegal
Albania,ALB,1787,Illegal
Albania,ALB,1788,Illegal
Albania,ALB,1789,Illegal
Albania,ALB,1790,Illegal
Albania,ALB,1791,Illegal
Albania,ALB,1792,Illegal
Albania,ALB,1793,Illegal
Albania,ALB,1794,Illegal
Albania,ALB,1795,Illegal
Albania,ALB,1796,Illegal
Albania,ALB,1797,Illegal
Albania,ALB,1798,Illegal
Albania,ALB,1799,Illegal
Albania,ALB,1800,Illegal
Albania,ALB,1801,Illegal
Albania,ALB,1802,Illegal
Albania,ALB,1803,Illegal
Albania,ALB,1804,Illegal
Albania,ALB,1805,Illegal
Albania,ALB,1806,Illegal
Albania,ALB,1807,Illegal
Albania,ALB,1808,Illegal
Albania,ALB,1809,Illegal
Albania,ALB,1810,Illegal
Albania,ALB,1811,Illegal
Albania,ALB,1812,Illegal
Albania,ALB,1813,Illegal
Albania,ALB,1814,Illegal
Albania,ALB,1815,Illegal
Albania,ALB,1816,Illegal
Albania,ALB,1817,Illegal
Albania,ALB,1818,Illegal
Albania,ALB,1819,Illegal
Albania,ALB,1820,Illegal
Albania,ALB,1821,Illegal
Albania,ALB,1822,Illegal
Albania,ALB,1823,Illegal
Albania,ALB,1824,Illegal
Albania,ALB,1825,Illegal
Albania,ALB,1826,Illegal
Albania,ALB,1827,Illegal
Albania,ALB,1828,Illegal
Albania,ALB,1829,Illegal
Albania,ALB,1830,Illegal
Albania,ALB,1831,Illegal
Albania,ALB,1832,Illegal
Albania,ALB,1833,Illegal
Albania,ALB,1834,Illegal
Albania,ALB,1835,Illegal
Albania,ALB,1836,Illegal
Albania,ALB,1837,Illegal
Albania,ALB,1838,Illegal
Albania,ALB,1839,Illegal
Albania,ALB,1840,Illegal
Albania,ALB,1841,Illegal
Albania,ALB,1842,Illegal
Albania,ALB,1843,Illegal
Albania,ALB,1844,Illegal
Albania,ALB,1845,Illegal
Albania,ALB,1846,Illegal
Albania,ALB,1847,Illegal
Albania,ALB,1848,Illegal
Albania,ALB,1849,Illegal
Albania,ALB,1850,Illegal
Albania,ALB,1851,Illegal
Albania,ALB,1852,Illegal
Albania,ALB,1853,Illegal
Albania,ALB,1854,Illegal
Albania,ALB,1855,Illegal
Albania,ALB,1856,Illegal
Albania,ALB,1857,Illegal
Albania,ALB,1858,Legal
Albania,ALB,1859,Legal
Albania,ALB,1860,Legal
Albania,ALB,1861,Legal
Albania,ALB,1862,Legal
Albania,ALB,1863,Legal
Albania,ALB,1864,Legal
Albania,ALB,1865,Legal
Albania,ALB,1866,Legal
Albania,ALB,1867,Legal
Albania,ALB,1868,Legal
Albania,ALB,1869,Legal
Albania,ALB,1870,Legal
Albania,ALB,1871,Legal
Albania,ALB,1872,Legal
Albania,ALB,1873,Legal
Albania,ALB,1874,Legal
Albania,ALB,1875,Legal
Albania,ALB,1876,Legal
Albania,ALB,1877,Legal
Albania,ALB,1878,Legal
Albania,ALB,1879,Legal
Albania,ALB,1880,Legal
Albania,ALB,1881,Legal
Albania,ALB,1882,Legal
Albania,ALB,1883,Legal
Albania,ALB,1884,Legal
Albania,ALB,1885,Legal
Albania,ALB,1886,Legal
Albania,ALB,1887,Legal
Albania,ALB,1888,Legal
Albania,ALB,1889,Legal
Albania,ALB,1890,Legal
Albania,ALB,1891,Legal
Albania,ALB,1892,Legal
Albania,ALB,1893,Legal
Albania,ALB,1894,Legal
Albania,ALB,1895,Legal
Albania,ALB,1896,Legal
Albania,ALB,1897,Legal
Albania,ALB,1898,Legal
Albania,ALB,1899,Legal
Albania,ALB,1900,Legal
Albania,ALB,1901,Legal
Albania,ALB,1902,Legal
Albania,ALB,1903,Legal
Albania,ALB,1904,Legal
Albania,ALB,1905,Legal
Albania,ALB,1906,Legal
Albania,ALB,1907,Legal
Albania,ALB,1908,Legal
Albania,ALB,1909,Legal
Albania,ALB,1910,Legal
Albania,ALB,1911,Legal
Albania,ALB,1912,Legal
Albania,ALB,1913,Legal
Albania,ALB,1914,Legal
Albania,ALB,1915,Legal
Albania,ALB,1916,Legal
Albania,ALB,1917,Legal
Albania,ALB,1918,Legal
Albania,ALB,1919,Legal
Albania,ALB,1920,Legal
Albania,ALB,1921,Legal
Albania,ALB,1922,Legal
Albania,ALB,1923,Legal
Albania,ALB,1924,Legal
Albania,ALB,1925,Legal
Albania,ALB,1926,Legal
Albania,ALB,1927,Legal
Albania,ALB,1928,Legal
Albania,ALB,1929,Legal
Albania,ALB,1930,Legal
Albania,ALB,1931,Legal
Albania,ALB,1932,Legal
Albania,ALB,1933,Legal
Albania,ALB,1934,Legal
Albania,ALB,1935,Legal
Albania,ALB,1936,Legal
Albania,ALB,1937,Legal
Albania,ALB,1938,Legal
Albania,ALB,1939,Legal
Albania,ALB,1940,Legal
Albania,ALB,1941,Legal
Albania,ALB,1942,Legal
Albania,ALB,1943,Legal
Albania,ALB,1944,Legal
Albania,ALB,1945,Legal
Albania,ALB,1946,Illegal
Albania,ALB,1947,Illegal
Albania,ALB,1948,Illegal
Albania,ALB,1949,Illegal
Albania,ALB,1950,Illegal
Albania,ALB,1951,Illegal
Albania,ALB,1952,Illegal
Albania,ALB,1953,Illegal
Albania,ALB,1954,Illegal
Albania,ALB,1955,Illegal
Albania,ALB,1956,Illegal
Albania,ALB,1957,Illegal
Albania,ALB,1958,Illegal
Albania,ALB,1959,Illegal
Albania,ALB,1960,Illegal
Albania,ALB,1961,Illegal
Albania,ALB,1962,Illegal
Albania,ALB,1963,Illegal
Albania,ALB,1964,Illegal
Albania,ALB,1965,Illegal
Albania,ALB,1966,Illegal
Albania,ALB,1967,Illegal
Albania,ALB,1968,Illegal
Albania,ALB,1969,Illegal
Albania,ALB,1970,Illegal
Albania,ALB,1971,Illegal
Albania,ALB,1972,Illegal
Albania,ALB,1973,Illegal
Albania,ALB,1974,Illegal
Albania,ALB,1975,Illegal
Albania,ALB,1976,Illegal
Albania,ALB,1977,Illegal
Albania,ALB,1978,Illegal
Albania,ALB,1979,Illegal
Albania,ALB,1980,Illegal
Albania,ALB,1981,Illegal
Albania,ALB,1982,Illegal
Albania,ALB,1983,Illegal
Albania,ALB,1984,Illegal
Albania,ALB,1985,Illegal
Albania,ALB,1986,Illegal
Albania,ALB,1987,Illegal
Albania,ALB,1988,Illegal
Albania,ALB,1989,Illegal
Albania,ALB,1990,Illegal
Albania,ALB,1991,Illegal
Albania,ALB,1992,Illegal
Albania,ALB,1993,Illegal
Albania,ALB,1994,Illegal
Albania,ALB,1995,Legal
Albania,ALB,1996,Legal
Albania,ALB,1997,Legal
Albania,ALB,1998,Legal
Albania,ALB,1999,Legal
Albania,ALB,2000,Legal
Albania,ALB,2001,Legal
Albania,ALB,2002,Legal
Albania,ALB,2003,Legal
Albania,ALB,2004,Legal
Albania,ALB,2005,Legal
Albania,ALB,2006,Legal
Albania,ALB,2007,Legal
Albania,ALB,2008,Legal
Albania,ALB,2009,Legal
Albania,ALB,2010,Legal
Albania,ALB,2011,Legal
Albania,ALB,2012,Legal
Albania,ALB,2013,Legal
Albania,ALB,2014,Legal
Albania,ALB,2015,Legal
Albania,ALB,2016,Legal
Albania,ALB,2017,Legal
Albania,ALB,2018,Legal
Albania,ALB,2019,Legal
Albania,ALB,2020,Legal
Albania,ALB,2021,Legal
Albania,ALB,2022,Legal
Albania,ALB,2023,Legal
Albania,ALB,2024,Legal
Albania,ALB,2025,Legal
Algeria,DZA,1966,Illegal
Algeria,DZA,1967,Illegal
Algeria,DZA,1968,Illegal
Algeria,DZA,1969,Illegal
Algeria,DZA,1970,Illegal
Algeria,DZA,1971,Illegal
Algeria,DZA,1972,Illegal
Algeria,DZA,1973,Illegal
Algeria,DZA,1974,Illegal
Algeria,DZA,1975,Illegal
Algeria,DZA,1976,Illegal
Algeria,DZA,1977,Illegal
Algeria,DZA,1978,Illegal
Algeria,DZA,1979,Illegal
Algeria,DZA,1980,Illegal
Algeria,DZA,1981,Illegal
Algeria,DZA,1982,Illegal
Algeria,DZA,1983,Illegal
Algeria,DZA,1984,Illegal
Algeria,DZA,1985,Illegal
Algeria,DZA,1986,Illegal
Algeria,DZA,1987,Illegal
Algeria,DZA,1988,Illegal
Algeria,DZA,1989,Illegal
Algeria,DZA,1990,Illegal
Algeria,DZA,1991,Illegal
Algeria,DZA,1992,Illegal
Algeria,DZA,1993,Illegal
Algeria,DZA,1994,Illegal
Algeria,DZA,1995,Illegal
Algeria,DZA,1996,Illegal
Algeria,DZA,1997,Illegal
Algeria,DZA,1998,Illegal
Algeria,DZA,1999,Illegal
Algeria,DZA,2000,Illegal
Algeria,DZA,2001,Illegal
Algeria,DZA,2002,Illegal
Algeria,DZA,2003,Illegal
Algeria,DZA,2004,Illegal
Algeria,DZA,2005,Illegal
Algeria,DZA,2006,Illegal
Algeria,DZA,2007,Illegal
Algeria,DZA,2008,Illegal
Algeria,DZA,2009,Illegal
Algeria,DZA,2010,Illegal
Algeria,DZA,2011,Illegal
Algeria,DZA,2012,Illegal
Algeria,DZA,2013,Illegal
Algeria,DZA,2014,Illegal
Algeria,DZA,2015,Illegal
Algeria,DZA,2016,Illegal
Algeria,DZA,2017,Illegal
Algeria,DZA,2018,Illegal
Algeria,DZA,2019,Illegal
Algeria,DZA,2020,Illegal
Algeria,DZA,2021,Illegal
Algeria,DZA,2022,Illegal
Algeria,DZA,2023,Illegal
Algeria,DZA,2024,Illegal
Algeria,DZA,2025,Illegal
Andorra,AND,1791,Legal
Andorra,AND,1792,Legal
Andorra,AND,1793,Legal
Andorra,AND,1794,Legal
Andorra,AND,1795,Legal
Andorra,AND,1796,Legal
Andorra,AND,1797,Legal
Andorra,AND,1798,Legal
Andorra,AND,1799,Legal
Andorra,AND,1800,Legal
Andorra,AND,1801,Legal
Andorra,AND,1802,Legal
Andorra,AND,1803,Legal
Andorra,AND,1804,Legal
Andorra,AND,1805,Legal
Andorra,AND,1806,Legal
Andorra,AND,1807,Legal
Andorra,AND,1808,Legal
Andorra,AND,1809,Legal
Andorra,AND,1810,Legal
Andorra,AND,1811,Legal
Andorra,AND,1812,Legal
Andorra,AND,1813,Legal
Andorra,AND,1814,Legal
Andorra,AND,1815,Legal
Andorra,AND,1816,Legal
Andorra,AND,1817,Legal
Andorra,AND,1818,Legal
Andorra,AND,1819,Legal
Andorra,AND,1820,Legal
Andorra,AND,1821,Legal
Andorra,AND,1822,Legal
Andorra,AND,1823,Legal
Andorra,AND,1824,Legal
Andorra,AND,1825,Legal
Andorra,AND,1826,Legal
Andorra,AND,1827,Legal
Andorra,AND,1828,Legal
Andorra,AND,1829,Legal
Andorra,AND,1830,Legal
Andorra,AND,1831,Legal
Andorra,AND,1832,Legal
Andorra,AND,1833,Legal
Andorra,AND,1834,Legal
Andorra,AND,1835,Legal
Andorra,AND,1836,Legal
Andorra,AND,1837,Legal
Andorra,AND,1838,Legal
Andorra,AND,1839,Legal
Andorra,AND,1840,Legal
Andorra,AND,1841,Legal
Andorra,AND,1842,Legal
Andorra,AND,1843,Legal
Andorra,AND,1844,Legal
Andorra,AND,1845,Legal
Andorra,AND,1846,Legal
Andorra,AND,1847,Legal
Andorra,AND,1848,Legal
Andorra,AND,1849,Legal
Andorra,AND,1850,Legal
Andorra,AND,1851,Legal
Andorra,AND,1852,Legal
Andorra,AND,1853,Legal
Andorra,AND,1854,Legal
Andorra,AND,1855,Legal
Andorra,AND,1856,Legal
Andorra,AND,1857,Legal
Andorra,AND,1858,Legal
Andorra,AND,1859,Legal
Andorra,AND,1860,Legal
Andorra,AND,1861,Legal
Andorra,AND,1862,Legal
Andorra,AND,1863,Legal
Andorra,AND,1864,Legal
Andorra,AND,1865,Legal
Andorra,AND,1866,Legal
Andorra,AND,1867,Legal
Andorra,AND,1868,Legal
Andorra,AND,1869,Legal
Andorra,AND,1870,Legal
Andorra,AND,1871,Legal
Andorra,AND,1872,Legal
Andorra,AND,1873,Legal
Andorra,AND,1874,Legal
Andorra,AND,1875,Legal
Andorra,AND,1876,Legal
Andorra,AND,1877,Legal
Andorra,AND,1878,Legal
Andorra,AND,1879,Legal
Andorra,AND,1880,Legal
Andorra,AND,1881,Legal
Andorra,AND,1882,Legal
Andorra,AND,1883,Legal
Andorra,AND,1884,Legal
Andorra,AND,1885,Legal
Andorra,AND,1886,Legal
Andorra,AND,1887,Legal
Andorra,AND,1888,Legal
Andorra,AND,1889,Legal
Andorra,AND,1890,Legal
Andorra,AND,1891,Legal
Andorra,AND,1892,Legal
Andorra,AND,1893,Legal
Andorra,AND,1894,Legal
Andorra,AND,1895,Legal
Andorra,AND,1896,Legal
Andorra,AND,1897,Legal
Andorra,AND,1898,Legal
Andorra,AND,1899,Legal
Andorra,AND,1900,Legal
Andorra,AND,1901,Legal
Andorra,AND,1902,Legal
Andorra,AND,1903,Legal
Andorra,AND,1904,Legal
Andorra,AND,1905,Legal
Andorra,AND,1906,Legal
Andorra,AND,1907,Legal
Andorra,AND,1908,Legal
Andorra,AND,1909,Legal
Andorra,AND,1910,Legal
Andorra,AND,1911,Legal
Andorra,AND,1912,Legal
Andorra,AND,1913,Legal
Andorra,AND,1914,Legal
Andorra,AND,1915,Legal
Andorra,AND,1916,Legal
Andorra,AND,1917,Legal
Andorra,AND,1918,Legal
Andorra,AND,1919,Legal
Andorra,AND,1920,Legal
Andorra,AND,1921,Legal
Andorra,AND,1922,Legal
Andorra,AND,1923,Legal
Andorra,AND,1924,Legal
Andorra,AND,1925,Legal
Andorra,AND,1926,Legal
Andorra,AND,1927,Legal
Andorra,AND,1928,Legal
Andorra,AND,1929,Legal
Andorra,AND,1930,Legal
Andorra,AND,1931,Legal
Andorra,AND,1932,Legal
Andorra,AND,1933,Legal
Andorra,AND,1934,Legal
Andorra,AND,1935,Legal
Andorra,AND,1936,Legal
Andorra,AND,1937,Legal
Andorra,AND,1938,Legal
Andorra,AND,1939,Legal
Andorra,AND,1940,Legal
Andorra,AND,1941,Legal
Andorra,AND,1942,Legal
Andorra,AND,1943,Legal
Andorra,AND,1944,Legal
Andorra,AND,1945,Legal
Andorra,AND,1946,Legal
Andorra,AND,1947,Legal
Andorra,AND,1948,Legal
Andorra,AND,1949,Legal
Andorra,AND,1950,Legal
Andorra,AND,1951,Legal
Andorra,AND,1952,Legal
Andorra,AND,1953,Legal
Andorra,AND,1954,Legal
Andorra,AND,1955,Legal
Andorra,AND,1956,Legal
Andorra,AND,1957,Legal
Andorra,AND,1958,Legal
Andorra,AND,1959,Legal
Andorra,AND,1960,Legal
Andorra,AND,1961,Legal
Andorra,AND,1962,Legal
Andorra,AND,1963,Legal
Andorra,AND,1964,Legal
Andorra,AND,1965,Legal
Andorra,AND,1966,Legal
Andorra,AND,1967,Legal
Andorra,AND,1968,Legal
Andorra,AND,1969,Legal
Andorra,AND,1970,Legal
Andorra,AND,1971,Legal
Andorra,AND,1972,Legal
Andorra,AND,1973,Legal
Andorra,AND,1974,Legal
Andorra,AND,1975,Legal
Andorra,AND,1976,Legal
Andorra,AND,1977,Legal
Andorra,AND,1978,Legal
Andorra,AND,1979,Legal
Andorra,AND,1980,Legal
Andorra,AND,1981,Legal
Andorra,AND,1982,Legal
Andorra,AND,1983,Legal
Andorra,AND,1984,Legal
Andorra,AND,1985,Legal
Andorra,AND,1986,Legal
Andorra,AND,1987,Legal
Andorra,AND,1988,Legal
Andorra,AND,1989,Legal
Andorra,AND,1990,Legal
Andorra,AND,1991,Legal
Andorra,AND,1992,Legal
Andorra,AND,1993,Legal
Andorra,AND,1994,Legal
Andorra,AND,1995,Legal
Andorra,AND,1996,Legal
Andorra,AND,1997,Legal
Andorra,AND,1998,Legal
Andorra,AND,1999,Legal
Andorra,AND,2000,Legal
Andorra,AND,2001,Legal
Andorra,AND,2002,Legal
Andorra,AND,2003,Legal
Andorra,AND,2004,Legal
Andorra,AND,2005,Legal
Andorra,AND,2006,Legal
Andorra,AND,2007,Legal
Andorra,AND,2008,Legal
Andorra,AND,2009,Legal
Andorra,AND,2010,Legal
Andorra,AND,2011,Legal
Andorra,AND,2012,Legal
Andorra,AND,2013,Legal
Andorra,AND,2014,Legal
Andorra,AND,2015,Legal
Andorra,AND,2016,Legal
Andorra,AND,2017,Legal
Andorra,AND,2018,Legal
Andorra,AND,2019,Legal
Andorra,AND,2020,Legal
Andorra,AND,2021,Legal
Andorra,AND,2022,Legal
Andorra,AND,2023,Legal
Andorra,AND,2024,Legal
Andorra,AND,2025,Legal
Angola,AGO,1886,Illegal
Angola,AGO,1887,Illegal
Angola,AGO,1888,Illegal
Angola,AGO,1889,Illegal
Angola,AGO,1890,Illegal
Angola,AGO,1891,Illegal
Angola,AGO,1892,Illegal
Angola,AGO,1893,Illegal
Angola,AGO,1894,Illegal
Angola,AGO,1895,Illegal
Angola,AGO,1896,Illegal
Angola,AGO,1897,Illegal
Angola,AGO,1898,Illegal
Angola,AGO,1899,Illegal
Angola,AGO,1900,Illegal
Angola,AGO,1901,Illegal
Angola,AGO,1902,Illegal
Angola,AGO,1903,Illegal
Angola,AGO,1904,Illegal
Angola,AGO,1905,Illegal
Angola,AGO,1906,Illegal
Angola,AGO,1907,Illegal
Angola,AGO,1908,Illegal
Angola,AGO,1909,Illegal
Angola,AGO,1910,Illegal
Angola,AGO,1911,Illegal
Angola,AGO,1912,Illegal
Angola,AGO,1913,Illegal
Angola,AGO,1914,Illegal
Angola,AGO,1915,Illegal
Angola,AGO,1916,Illegal
Angola,AGO,1917,Illegal
Angola,AGO,1918,Illegal
Angola,AGO,1919,Illegal
Angola,AGO,1920,Illegal
Angola,AGO,1921,Illegal
Angola,AGO,1922,Illegal
Angola,AGO,1923,Illegal
Angola,AGO,1924,Illegal
Angola,AGO,1925,Illegal
Angola,AGO,1926,Illegal
Angola,AGO,1927,Illegal
Angola,AGO,1928,Illegal
Angola,AGO,1929,Illegal
Angola,AGO,1930,Illegal
Angola,AGO,1931,Illegal
Angola,AGO,1932,Illegal
Angola,AGO,1933,Illegal
Angola,AGO,1934,Illegal
Angola,AGO,1935,Illegal
Angola,AGO,1936,Illegal
Angola,AGO,1937,Illegal
Angola,AGO,1938,Illegal
Angola,AGO,1939,Illegal
Angola,AGO,1940,Illegal
Angola,AGO,1941,Illegal
Angola,AGO,1942,Illegal
Angola,AGO,1943,Illegal
Angola,AGO,1944,Illegal
Angola,AGO,1945,Illegal
Angola,AGO,1946,Illegal
Angola,AGO,1947,Illegal
Angola,AGO,1948,Illegal
Angola,AGO,1949,Illegal
Angola,AGO,1950,Illegal
Angola,AGO,1951,Illegal
Angola,AGO,1952,Illegal
Angola,AGO,1953,Illegal
Angola,AGO,1954,Illegal
Angola,AGO,1955,Illegal
Angola,AGO,1956,Illegal
Angola,AGO,1957,Illegal
Angola,AGO,1958,Illegal
Angola,AGO,1959,Illegal
Angola,AGO,1960,Illegal
Angola,AGO,1961,Illegal
Angola,AGO,1962,Illegal
Angola,AGO,1963,Illegal
Angola,AGO,1964,Illegal
Angola,AGO,1965,Illegal
Angola,AGO,1966,Illegal
Angola,AGO,1967,Illegal
Angola,AGO,1968,Illegal
Angola,AGO,1969,Illegal
Angola,AGO,1970,Illegal
Angola,AGO,1971,Illegal
Angola,AGO,1972,Illegal
Angola,AGO,1973,Illegal
Angola,AGO,1974,Illegal
Angola,AGO,1975,Illegal
Angola,AGO,1976,Illegal
Angola,AGO,1977,Illegal
Angola,AGO,1978,Illegal
Angola,AGO,1979,Illegal
Angola,AGO,1980,Illegal
Angola,AGO,1981,Illegal
Angola,AGO,1982,Illegal
Angola,AGO,1983,Illegal
Angola,AGO,1984,Illegal
Angola,AGO,1985,Illegal
Angola,AGO,1986,Illegal
Angola,AGO,1987,Illegal
Angola,AGO,1988,Illegal
Angola,AGO,1989,Illegal
Angola,AGO,1990,Illegal
Angola,AGO,1991,Illegal
Angola,AGO,1992,Illegal
Angola,AGO,1993,Illegal
Angola,AGO,1994,Illegal
Angola,AGO,1995,Illegal
Angola,AGO,1996,Illegal
Angola,AGO,1997,Illegal
Angola,AGO,1998,Illegal
Angola,AGO,1999,Illegal
Angola,AGO,2000,Illegal
Angola,AGO,2001,Illegal
Angola,AGO,2002,Illegal
Angola,AGO,2003,Illegal
Angola,AGO,2004,Illegal
Angola,AGO,2005,Illegal
Angola,AGO,2006,Illegal
Angola,AGO,2007,Illegal
Angola,AGO,2008,Illegal
Angola,AGO,2009,Illegal
Angola,AGO,2010,Illegal
Angola,AGO,2011,Illegal
Angola,AGO,2012,Illegal
Angola,AGO,2013,Illegal
Angola,AGO,2014,Illegal
Angola,AGO,2015,Illegal
Angola,AGO,2016,Illegal
Angola,AGO,2017,Illegal
Angola,AGO,2018,Illegal
Angola,AGO,2019,Illegal
Angola,AGO,2020,Illegal
Angola,AGO,2021,Legal
Angola,AGO,2022,Legal
Angola,AGO,2023,Legal
Angola,AGO,2024,Legal
Angola,AGO,2025,Legal
Antigua and Barbuda,ATG,1995,Illegal
Antigua and Barbuda,ATG,1996,Illegal
Antigua and Barbuda,ATG,1997,Illegal
Antigua and Barbuda,ATG,1998,Illegal
Antigua and Barbuda,ATG,1999,Illegal
Antigua and Barbuda,ATG,2000,Illegal
Antigua and Barbuda,ATG,2001,Illegal
Antigua and Barbuda,ATG,2002,Illegal
Antigua and Barbuda,ATG,2003,Illegal
Antigua and Barbuda,ATG,2004,Illegal
Antigua and Barbuda,ATG,2005,Illegal
Antigua and Barbuda,ATG,2006,Illegal
Antigua and Barbuda,ATG,2007,Illegal
Antigua and Barbuda,ATG,2008,Illegal
Antigua and Barbuda,ATG,2009,Illegal
Antigua and Barbuda,ATG,2010,Illegal
Antigua and Barbuda,ATG,2011,Illegal
Antigua and Barbuda,ATG,2012,Illegal
Antigua and Barbuda,ATG,2013,Illegal
Antigua and Barbuda,ATG,2014,Illegal
Antigua and Barbuda,ATG,2015,Illegal
Antigua and Barbuda,ATG,2016,Illegal
Antigua and Barbuda,ATG,2017,Illegal
Antigua and Barbuda,ATG,2018,Illegal
Antigua and Barbuda,ATG,2019,Illegal
Antigua and Barbuda,ATG,2020,Illegal
Antigua and Barbuda,ATG,2021,Illegal
Antigua and Barbuda,ATG,2022,Legal
Antigua and Barbuda,ATG,2023,Legal
Antigua and Barbuda,ATG,2024,Legal
Antigua and Barbuda,ATG,2025,Legal
Argentina,ARG,1760,Illegal
Argentina,ARG,1761,Illegal
Argentina,ARG,1762,Illegal
Argentina,ARG,1763,Illegal
Argentina,ARG,1764,Illegal
Argentina,ARG,1765,Illegal
Argentina,ARG,1766,Illegal
Argentina,ARG,1767,Illegal
Argentina,ARG,1768,Illegal
Argentina,ARG,1769,Illegal
Argentina,ARG,1770,Illegal
Argentina,ARG,1771,Illegal
Argentina,ARG,1772,Illegal
Argentina,ARG,1773,Illegal
Argentina,ARG,1774,Illegal
Argentina,ARG,1775,Illegal
Argentina,ARG,1776,Illegal
Argentina,ARG,1777,Illegal
Argentina,ARG,1778,Illegal
Argentina,ARG,1779,Illegal
Argentina,ARG,1780,Illegal
Argentina,ARG,1781,Illegal
Argentina,ARG,1782,Illegal
Argentina,ARG,1783,Illegal
Argentina,ARG,1784,Illegal
Argentina,ARG,1785,Illegal
Argentina,ARG,1786,Illegal
Argentina,ARG,1787,Illegal
Argentina,ARG,1788,Illegal
Argentina,ARG,1789,Illegal
Argentina,ARG,1790,Illegal
Argentina,ARG,1791,Illegal
Argentina,ARG,1792,Illegal
Argentina,ARG,1793,Illegal
Argentina,ARG,1794,Illegal
Argentina,ARG,1795,Illegal
Argentina,ARG,1796,Illegal
Argentina,ARG,1797,Illegal
Argentina,ARG,1798,Illegal
Argentina,ARG,1799,Illegal
Argentina,ARG,1800,Illegal
Argentina,ARG,1801,Illegal
Argentina,ARG,1802,Illegal
Argentina,ARG,1803,Illegal
Argentina,ARG,1804,Illegal
Argentina,ARG,1805,Illegal
Argentina,ARG,1806,Illegal
Argentina,ARG,1807,Illegal
Argentina,ARG,1808,Illegal
Argentina,ARG,1809,Illegal
Argentina,ARG,1810,Illegal
Argentina,ARG,1811,Illegal
Argentina,ARG,1812,Illegal
Argentina,ARG,1813,Illegal
Argentina,ARG,1814,Illegal
Argentina,ARG,1815,Illegal
Argentina,ARG,1816,Illegal
Argentina,ARG,1817,Illegal
Argentina,ARG,1818,Illegal
Argentina,ARG,1819,Illegal
Argentina,ARG,1820,Illegal
Argentina,ARG,1821,Illegal
Argentina,ARG,1822,Illegal
Argentina,ARG,1823,Illegal
Argentina,ARG,1824,Illegal
Argentina,ARG,1825,Illegal
Argentina,ARG,1826,Illegal
Argentina,ARG,1827,Illegal
Argentina,ARG,1828,Illegal
Argentina,ARG,1829,Illegal
Argentina,ARG,1830,Illegal
Argentina,ARG,1831,Illegal
Argentina,ARG,1832,Illegal
Argentina,ARG,1833,Illegal
Argentina,ARG,1834,Illegal
Argentina,ARG,1835,Illegal
Argentina,ARG,1836,Illegal
Argentina,ARG,1837,Illegal
Argentina,ARG,1838,Illegal
Argentina,ARG,1839,Illegal
Argentina,ARG,1840,Illegal
Argentina,ARG,1841,Illegal
Argentina,ARG,1842,Illegal
Argentina,ARG,1843,Illegal
Argentina,ARG,1844,Illegal
Argentina,ARG,1845,Illegal
Argentina,ARG,1846,Illegal
Argentina,ARG,1847,Illegal
Argentina,ARG,1848,Illegal
Argentina,ARG,1849,Illegal
Argentina,ARG,1850,Illegal
Argentina,ARG,1851,Illegal
Argentina,ARG,1852,Illegal
Argentina,ARG,1853,Illegal
Argentina,ARG,1854,Illegal
Argentina,ARG,1855,Illegal
Argentina,ARG,1856,Illegal
Argentina,ARG,1857,Illegal
Argentina,ARG,1858,Illegal
Argentina,ARG,1859,Illegal
Argentina,ARG,1860,Illegal
Argentina,ARG,1861,Illegal
Argentina,ARG,1862,Illegal
Argentina,ARG,1863,Illegal
Argentina,ARG,1864,Illegal
Argentina,ARG,1865,Illegal
Argentina,ARG,1866,Illegal
Argentina,ARG,1867,Illegal
Argentina,ARG,1868,Illegal
Argentina,ARG,1869,Illegal
Argentina,ARG,1870,Illegal
Argentina,ARG,1871,Illegal
Argentina,ARG,1872,Illegal
Argentina,ARG,1873,Illegal
Argentina,ARG,1874,Illegal
Argentina,ARG,1875,Illegal
Argentina,ARG,1876,Illegal
Argentina,ARG,1877,Illegal
Argentina,ARG,1878,Illegal
Argentina,ARG,1879,Illegal
Argentina,ARG,1880,Illegal
Argentina,ARG,1881,Illegal
Argentina,ARG,1882,Illegal
Argentina,ARG,1883,Illegal
Argentina,ARG,1884,Illegal
Argentina,ARG,1885,Illegal
Argentina,ARG,1886,Illegal
Argentina,ARG,1887,Legal
Argentina,ARG,1888,Legal
Argentina,ARG,1889,Legal
Argentina,ARG,1890,Legal
Argentina,ARG,1891,Legal
Argentina,ARG,1892,Legal
Argentina,ARG,1893,Legal
Argentina,ARG,1894,Legal
Argentina,ARG,1895,Legal
Argentina,ARG,1896,Legal
Argentina,ARG,1897,Legal
Argentina,ARG,1898,Legal
Argentina,ARG,1899,Legal
Argentina,ARG,1900,Legal
Argentina,ARG,1901,Legal
Argentina,ARG,1902,Legal
Argentina,ARG,1903,Legal
Argentina,ARG,1904,Legal
Argentina,ARG,1905,Legal
Argentina,ARG,1906,Legal
Argentina,ARG,1907,Legal
Argentina,ARG,1908,Legal
Argentina,ARG,1909,Legal
Argentina,ARG,1910,Legal
Argentina,ARG,1911,Legal
Argentina,ARG,1912,Legal
Argentina,ARG,1913,Legal
Argentina,ARG,1914,Legal
Argentina,ARG,1915,Legal
Argentina,ARG,1916,Legal
Argentina,ARG,1917,Legal
Argentina,ARG,1918,Legal
Argentina,ARG,1919,Legal
Argentina,ARG,1920,Legal
Argentina,ARG,1921,Legal
Argentina,ARG,1922,Legal
Argentina,ARG,1923,Legal
Argentina,ARG,1924,Legal
Argentina,ARG,1925,Legal
Argentina,ARG,1926,Legal
Argentina,ARG,1927,Legal
Argentina,ARG,1928,Legal
Argentina,ARG,1929,Legal
Argentina,ARG,1930,Legal
Argentina,ARG,1931,Legal
Argentina,ARG,1932,Legal
Argentina,ARG,1933,Legal
Argentina,ARG,1934,Legal
Argentina,ARG,1935,Legal
Argentina,ARG,1936,Legal
Argentina,ARG,1937,Legal
Argentina,ARG,1938,Legal
Argentina,ARG,1939,Legal
Argentina,ARG,1940,Legal
Argentina,ARG,1941,Legal
Argentina,ARG,1942,Legal
Argentina,ARG,1943,Legal
Argentina,ARG,1944,Legal
Argentina,ARG,1945,Legal
Argentina,ARG,1946,Legal
Argentina,ARG,1947,Legal
Argentina,ARG,1948,Legal
Argentina,ARG,1949,Legal
Argentina,ARG,1950,Legal
Argentina,ARG,1951,Legal
Argentina,ARG,1952,Legal
Argentina,ARG,1953,Legal
Argentina,ARG,1954,Legal
Argentina,ARG,1955,Legal
Argentina,ARG,1956,Legal
Argentina,ARG,1957,Legal
Argentina,ARG,1958,Legal
Argentina,ARG,1959,Legal
Argentina,ARG,1960,Legal
Argentina,ARG,1961,Legal
Argentina,ARG,1962,Legal
Argentina,ARG,1963,Legal
Argentina,ARG,1964,Legal
Argentina,ARG,1965,Legal
Argentina,ARG,1966,Legal
Argentina,ARG,1967,Legal
Argentina,ARG,1968,Legal
Argentina,ARG,1969,Legal
Argentina,ARG,1970,Legal
Argentina,ARG,1971,Legal
Argentina,ARG,1972,Legal
Argentina,ARG,1973,Legal
Argentina,ARG,1974,Legal
Argentina,ARG,1975,Legal
Argentina,ARG,1976,Legal
Argentina,ARG,1977,Legal
Argentina,ARG,1978,Legal
Argentina,ARG,1979,Legal
Argentina,ARG,1980,Legal
Argentina,ARG,1981,Legal
Argentina,ARG,1982,Legal
Argentina,ARG,1983,Legal
Argentina,ARG,1984,Legal
Argentina,ARG,1985,Legal
Argentina,ARG,1986,Legal
Argentina,ARG,1987,Legal
Argentina,ARG,1988,Legal
Argentina,ARG,1989,Legal
Argentina,ARG,1990,Legal
Argentina,ARG,1991,Legal
Argentina,ARG,1992,Legal
Argentina,ARG,1993,Legal
Argentina,ARG,1994,Legal
Argentina,ARG,1995,Legal
Argentina,ARG,1996,Legal
Argentina,ARG,1997,Legal
Argentina,ARG,1998,Legal
Argentina,ARG,1999,Legal
Argentina,ARG,2000,Legal
Argentina,ARG,2001,Legal
Argentina,ARG,2002,Legal
Argentina,ARG,2003,Legal
Argentina,ARG,2004,Legal
Argentina,ARG,2005,Legal
Argentina,ARG,2006,Legal
Argentina,ARG,2007,Legal
Argentina,ARG,2008,Legal
Argentina,ARG,2009,Legal
Argentina,ARG,2010,Legal
Argentina,ARG,2011,Legal
Argentina,ARG,2012,Legal
Argentina,ARG,2013,Legal
Argentina,ARG,2014,Legal
Argentina,ARG,2015,Legal
Argentina,ARG,2016,Legal
Argentina,ARG,2017,Legal
Argentina,ARG,2018,Legal
Argentina,ARG,2019,Legal
Argentina,ARG,2020,Legal
Argentina,ARG,2021,Legal
Argentina,ARG,2022,Legal
Argentina,ARG,2023,Legal
Argentina,ARG,2024,Legal
Argentina,ARG,2025,Legal
Armenia,ARM,1760,Legal
Armenia,ARM,1761,Legal
Armenia,ARM,1762,Legal
Armenia,ARM,1763,Legal
Armenia,ARM,1764,Legal
Armenia,ARM,1765,Legal
Armenia,ARM,1766,Legal
Armenia,ARM,1767,Legal
Armenia,ARM,1768,Legal
Armenia,ARM,1769,Legal
Armenia,ARM,1770,Legal
Armenia,ARM,1771,Legal
Armenia,ARM,1772,Legal
Armenia,ARM,1773,Legal
Armenia,ARM,1774,Legal
Armenia,ARM,1775,Legal
Armenia,ARM,1776,Legal
Armenia,ARM,1777,Legal
Armenia,ARM,1778,Legal
Armenia,ARM,1779,Legal
Armenia,ARM,1780,Legal
Armenia,ARM,1781,Legal
Armenia,ARM,1782,Legal
Armenia,ARM,1783,Legal
Armenia,ARM,1784,Legal
Armenia,ARM,1785,Legal
Armenia,ARM,1786,Legal
Armenia,ARM,1787,Legal
Armenia,ARM,1788,Legal
Armenia,ARM,1789,Legal
Armenia,ARM,1790,Legal
Armenia,ARM,1791,Legal
Armenia,ARM,1792,Legal
Armenia,ARM,1793,Legal
Armenia,ARM,1794,Legal
Armenia,ARM,1795,Legal
Armenia,ARM,1796,Legal
Armenia,ARM,1797,Legal
Armenia,ARM,1798,Legal
Armenia,ARM,1799,Legal
Armenia,ARM,1800,Legal
Armenia,ARM,1801,Legal
Armenia,ARM,1802,Legal
Armenia,ARM,1803,Legal
Armenia,ARM,1804,Legal
Armenia,ARM,1805,Legal
Armenia,ARM,1806,Legal
Armenia,ARM,1807,Legal
Armenia,ARM,1808,Legal
Armenia,ARM,1809,Legal
Armenia,ARM,1810,Legal
Armenia,ARM,1811,Legal
Armenia,ARM,1812,Legal
Armenia,ARM,1813,Legal
Armenia,ARM,1814,Legal
Armenia,ARM,1815,Legal
Armenia,ARM,1816,Legal
Armenia,ARM,1817,Legal
Armenia,ARM,1818,Legal
Armenia,ARM,1819,Legal
Armenia,ARM,1820,Legal
Armenia,ARM,1821,Legal
Armenia,ARM,1822,Legal
Armenia,ARM,1823,Legal
Armenia,ARM,1824,Legal
Armenia,ARM,1825,Legal
Armenia,ARM,1826,Legal
Armenia,ARM,1827,Legal
Armenia,ARM,1828,Legal
Armenia,ARM,1829,Legal
Armenia,ARM,1830,Legal
Armenia,ARM,1831,Legal
Armenia,ARM,1832,Illegal
Armenia,ARM,1833,Illegal
Armenia,ARM,1834,Illegal
Armenia,ARM,1835,Illegal
Armenia,ARM,1836,Illegal
Armenia,ARM,1837,Illegal
Armenia,ARM,1838,Illegal
Armenia,ARM,1839,Illegal
Armenia,ARM,1840,Illegal
Armenia,ARM,1841,Illegal
Armenia,ARM,1842,Illegal
Armenia,ARM,1843,Illegal
Armenia,ARM,1844,Illegal
Armenia,ARM,1845,Illegal
Armenia,ARM,1846,Illegal
Armenia,ARM,1847,Illegal
Armenia,ARM,1848,Illegal
Armenia,ARM,1849,Illegal
Armenia,ARM,1850,Illegal
Armenia,ARM,1851,Illegal
Armenia,ARM,1852,Illegal
Armenia,ARM,1853,Illegal
Armenia,ARM,1854,Illegal
Armenia,ARM,1855,Illegal
Armenia,ARM,1856,Illegal
Armenia,ARM,1857,Illegal
Armenia,ARM,1858,Illegal
Armenia,ARM,1859,Illegal
Armenia,ARM,1860,Illegal
Armenia,ARM,1861,Illegal
Armenia,ARM,1862,Illegal
Armenia,ARM,1863,Illegal
Armenia,ARM,1864,Illegal
Armenia,ARM,1865,Illegal
Armenia,ARM,1866,Illegal
Armenia,ARM,1867,Illegal
Armenia,ARM,1868,Illegal
Armenia,ARM,1869,Illegal
Armenia,ARM,1870,Illegal
Armenia,ARM,1871,Illegal
Armenia,ARM,1872,Illegal
Armenia,ARM,1873,Illegal
Armenia,ARM,1874,Illegal
Armenia,ARM,1875,Illegal
Armenia,ARM,1876,Illegal
Armenia,ARM,1877,Illegal
Armenia,ARM,1878,Illegal
Armenia,ARM,1879,Illegal
Armenia,ARM,1880,Illegal
Armenia,ARM,1881,Illegal
Armenia,ARM,1882,Illegal
Armenia,ARM,1883,Illegal
Armenia,ARM,1884,Illegal
Armenia,ARM,1885,Illegal
Armenia,ARM,1886,Illegal
Armenia,ARM,1887,Illegal
Armenia,ARM,1888,Illegal
Armenia,ARM,1889,Illegal
Armenia,ARM,1890,Illegal
Armenia,ARM,1891,Illegal
Armenia,ARM,1892,Illegal
Armenia,ARM,1893,Illegal
Armenia,ARM,1894,Illegal
Armenia,ARM,1895,Illegal
Armenia,ARM,1896,Illegal
Armenia,ARM,1897,Illegal
Armenia,ARM,1898,Illegal
Armenia,ARM,1899,Illegal
Armenia,ARM,1900,Illegal
Armenia,ARM,1901,Illegal
Armenia,ARM,1902,Illegal
Armenia,ARM,1903,Illegal
Armenia,ARM,1904,Illegal
Armenia,ARM,1905,Illegal
Armenia,ARM,1906,Illegal
Armenia,ARM,1907,Illegal
Armenia,ARM,1908,Illegal
Armenia,ARM,1909,Illegal
Armenia,ARM,1910,Illegal
Armenia,ARM,1911,Illegal
Armenia,ARM,1912,Illegal
Armenia,ARM,1913,Illegal
Armenia,ARM,1914,Illegal
Armenia,ARM,1915,Illegal
Armenia,ARM,1916,Illegal
Armenia,ARM,1917,Illegal
Armenia,ARM,1918,Illegal
Armenia,ARM,1919,Illegal
Armenia,ARM,1920,Illegal
Armenia,ARM,1921,Illegal
Armenia,ARM,1922,Illegal
Armenia,ARM,1923,Illegal
Armenia,ARM,1924,Illegal
Armenia,ARM,1925,Illegal
Armenia,ARM,1926,Illegal
Armenia,ARM,1927,Illegal
Armenia,ARM,1928,Illegal
Armenia,ARM,1929,Illegal
Armenia,ARM,1930,Illegal
Armenia,ARM,1931,Illegal
Armenia,ARM,1932,Illegal
Armenia,ARM,1933,Illegal
Armenia,ARM,1934,Illegal
Armenia,ARM,1935,Illegal
Armenia,ARM,1936,Illegal
Armenia,ARM,1937,Illegal
Armenia,ARM,1938,Illegal
Armenia,ARM,1939,Illegal
Armenia,ARM,1940,Illegal
Armenia,ARM,1941,Illegal
Armenia,ARM,1942,Illegal
Armenia,ARM,1943,Illegal
Armenia,ARM,1944,Illegal
Armenia,ARM,1945,Illegal
Armenia,ARM,1946,Illegal
Armenia,ARM,1947,Illegal
Armenia,ARM,1948,Illegal
Armenia,ARM,1949,Illegal
Armenia,ARM,1950,Illegal
Armenia,ARM,1951,Illegal
Armenia,ARM,1952,Illegal
Armenia,ARM,1953,Illegal
Armenia,ARM,1954,Illegal
Armenia,ARM,1955,Illegal
Armenia,ARM,1956,Illegal
Armenia,ARM,1957,Illegal
Armenia,ARM,1958,Illegal
Armenia,ARM,1959,Illegal
Armenia,ARM,1960,Illegal
Armenia,ARM,1961,Illegal
Armenia,ARM,1962,Illegal
Armenia,ARM,1963,Illegal
Armenia,ARM,1964,Illegal
Armenia,ARM,1965,Illegal
Armenia,ARM,1966,Illegal
Armenia,ARM,1967,Illegal
Armenia,ARM,1968,Illegal
Armenia,ARM,1969,Illegal
Armenia,ARM,1970,Illegal
Armenia,ARM,1971,Illegal
Armenia,ARM,1972,Illegal
Armenia,ARM,1973,Illegal
Armenia,ARM,1974,Illegal
Armenia,ARM,1975,Illegal
Armenia,ARM,1976,Illegal
Armenia,ARM,1977,Illegal
Armenia,ARM,1978,Illegal
Armenia,ARM,1979,Illegal
Armenia,ARM,1980,Illegal
Armenia,ARM,1981,Illegal
Armenia,ARM,1982,Illegal
Armenia,ARM,1983,Illegal
Armenia,ARM,1984,Illegal
Armenia,ARM,1985,Illegal
Armenia,ARM,1986,Illegal
Armenia,ARM,1987,Illegal
Armenia,ARM,1988,Illegal
Armenia,ARM,1989,Illegal
Armenia,ARM,1990,Illegal
Armenia,ARM,1991,Illegal
Armenia,ARM,1992,Illegal
Armenia,ARM,1993,Illegal
Armenia,ARM,1994,Illegal
Armenia,ARM,1995,Illegal
Armenia,ARM,1996,Illegal
Armenia,ARM,1997,Illegal
Armenia,ARM,1998,Illegal
Armenia,ARM,1999,Illegal
Armenia,ARM,2000,Illegal
Armenia,ARM,2001,Illegal
Armenia,ARM,2002,Illegal
Armenia,ARM,2003,Legal
Armenia,ARM,2004,Legal
Armenia,ARM,2005,Legal
Armenia,ARM,2006,Legal
Armenia,ARM,2007,Legal
Armenia,ARM,2008,Legal
Armenia,ARM,2009,Legal
Armenia,ARM,2010,Legal
Armenia,ARM,2011,Legal
Armenia,ARM,2012,Legal
Armenia,ARM,2013,Legal
Armenia,ARM,2014,Legal
Armenia,ARM,2015,Legal
Armenia,ARM,2016,Legal
Armenia,ARM,2017,Legal
Armenia,ARM,2018,Legal
Armenia,ARM,2019,Legal
Armenia,ARM,2020,Legal
Armenia,ARM,2021,Legal
Armenia,ARM,2022,Legal
Armenia,ARM,2023,Legal
Armenia,ARM,2024,Legal
Armenia,ARM,2025,Legal
Australia,AUS,1788,Illegal
Australia,AUS,1789,Illegal
Australia,AUS,1790,Illegal
Australia,AUS,1791,Illegal
Australia,AUS,1792,Illegal
Australia,AUS,1793,Illegal
Australia,AUS,1794,Illegal
Australia,AUS,1795,Illegal
Australia,AUS,1796,Illegal
Australia,AUS,1797,Illegal
Australia,AUS,1798,Illegal
Australia,AUS,1799,Illegal
Australia,AUS,1800,Illegal
Australia,AUS,1801,Illegal
Australia,AUS,1802,Illegal
Australia,AUS,1803,Illegal
Australia,AUS,1804,Illegal
Australia,AUS,1805,Illegal
Australia,AUS,1806,Illegal
Australia,AUS,1807,Illegal
Australia,AUS,1808,Illegal
Australia,AUS,1809,Illegal
Australia,AUS,1810,Illegal
Australia,AUS,1811,Illegal
Australia,AUS,1812,Illegal
Australia,AUS,1813,Illegal
Australia,AUS,1814,Illegal
Australia,AUS,1815,Illegal
Australia,AUS,1816,Illegal
Australia,AUS,1817,Illegal
Australia,AUS,1818,Illegal
Australia,AUS,1819,Illegal
Australia,AUS,1820,Illegal
Australia,AUS,1821,Illegal
Australia,AUS,1822,Illegal
Australia,AUS,1823,Illegal
Australia,AUS,1824,Illegal
Australia,AUS,1825,Illegal
Australia,AUS,1826,Illegal
Australia,AUS,1827,Illegal
Australia,AUS,1828,Illegal
Australia,AUS,1829,Illegal
Australia,AUS,1830,Illegal
Australia,AUS,1831,Illegal
Australia,AUS,1832,Illegal
Australia,AUS,1833,Illegal
Australia,AUS,1834,Illegal
Australia,AUS,1835,Illegal
Australia,AUS,1836,Illegal
Australia,AUS,1837,Illegal
Australia,AUS,1838,Illegal
Australia,AUS,1839,Illegal
Australia,AUS,1840,Illegal
Australia,AUS,1841,Illegal
Australia,AUS,1842,Illegal
Australia,AUS,1843,Illegal
Australia,AUS,1844,Illegal
Australia,AUS,1845,Illegal
Australia,AUS,1846,Illegal
Australia,AUS,1847,Illegal
Australia,AUS,1848,Illegal
Australia,AUS,1849,Illegal
Australia,AUS,1850,Illegal
Australia,AUS,1851,Illegal
Australia,AUS,1852,Illegal
Australia,AUS,1853,Illegal
Australia,AUS,1854,Illegal
Australia,AUS,1855,Illegal
Australia,AUS,1856,Illegal
Australia,AUS,1857,Illegal
Australia,AUS,1858,Illegal
Australia,AUS,1859,Illegal
Australia,AUS,1860,Illegal
Australia,AUS,1861,Illegal
Australia,AUS,1862,Illegal
Australia,AUS,1863,Illegal
Australia,AUS,1864,Illegal
Australia,AUS,1865,Illegal
Australia,AUS,1866,Illegal
Australia,AUS,1867,Illegal
Australia,AUS,1868,Illegal
Australia,AUS,1869,Illegal
Australia,AUS,1870,Illegal
Australia,AUS,1871,Illegal
Australia,AUS,1872,Illegal
Australia,AUS,1873,Illegal
Australia,AUS,1874,Illegal
Australia,AUS,1875,Illegal
Australia,AUS,1876,Illegal
Australia,AUS,1877,Illegal
Australia,AUS,1878,Illegal
Australia,AUS,1879,Illegal
Australia,AUS,1880,Illegal
Australia,AUS,1881,Illegal
Australia,AUS,1882,Illegal
Australia,AUS,1883,Illegal
Australia,AUS,1884,Illegal
Australia,AUS,1885,Illegal
Australia,AUS,1886,Illegal
Australia,AUS,1887,Illegal
Australia,AUS,1888,Illegal
Australia,AUS,1889,Illegal
Australia,AUS,1890,Illegal
Australia,AUS,1891,Illegal
Australia,AUS,1892,Illegal
Australia,AUS,1893,Illegal
Australia,AUS,1894,Illegal
Australia,AUS,1895,Illegal
Australia,AUS,1896,Illegal
Australia,AUS,1897,Illegal
Australia,AUS,1898,Illegal
Australia,AUS,1899,Illegal
Australia,AUS,1900,Illegal
Australia,AUS,1901,Illegal
Australia,AUS,1902,Illegal
Australia,AUS,1903,Illegal
Australia,AUS,1904,Illegal
Australia,AUS,1905,Illegal
Australia,AUS,1906,Illegal
Australia,AUS,1907,Illegal
Australia,AUS,1908,Illegal
Australia,AUS,1909,Illegal
Australia,AUS,1910,Illegal
Australia,AUS,1911,Illegal
Australia,AUS,1912,Illegal
Australia,AUS,1913,Illegal
Australia,AUS,1914,Illegal
Australia,AUS,1915,Illegal
Australia,AUS,1916,Illegal
Australia,AUS,1917,Illegal
Australia,AUS,1918,Illegal
Australia,AUS,1919,Illegal
Australia,AUS,1920,Illegal
Australia,AUS,1921,Illegal
Australia,AUS,1922,Illegal
Australia,AUS,1923,Illegal
Australia,AUS,1924,Illegal
Australia,AUS,1925,Illegal
Australia,AUS,1926,Illegal
Australia,AUS,1927,Illegal
Australia,AUS,1928,Illegal
Australia,AUS,1929,Illegal
Australia,AUS,1930,Illegal
Australia,AUS,1931,Illegal
Australia,AUS,1932,Illegal
Australia,AUS,1933,Illegal
Australia,AUS,1934,Illegal
Australia,AUS,1935,Illegal
Australia,AUS,1936,Illegal
Australia,AUS,1937,Illegal
Australia,AUS,1938,Illegal
Australia,AUS,1939,Illegal
Australia,AUS,1940,Illegal
Australia,AUS,1941,Illegal
Australia,AUS,1942,Illegal
Australia,AUS,1943,Illegal
Australia,AUS,1944,Illegal
Australia,AUS,1945,Illegal
Australia,AUS,1946,Illegal
Australia,AUS,1947,Illegal
Australia,AUS,1948,Illegal
Australia,AUS,1949,Illegal
Australia,AUS,1950,Illegal
Australia,AUS,1951,Illegal
Australia,AUS,1952,Illegal
Australia,AUS,1953,Illegal
Australia,AUS,1954,Illegal
Australia,AUS,1955,Illegal
Australia,AUS,1956,Illegal
Australia,AUS,1957,Illegal
Australia,AUS,1958,Illegal
Australia,AUS,1959,Illegal
Australia,AUS,1960,Illegal
Australia,AUS,1961,Illegal
Australia,AUS,1962,Illegal
Australia,AUS,1963,Illegal
Australia,AUS,1964,Illegal
Australia,AUS,1965,Illegal
Australia,AUS,1966,Illegal
Australia,AUS,1967,Illegal
Australia,AUS,1968,Illegal
Australia,AUS,1969,Illegal
Australia,AUS,1970,Illegal
Australia,AUS,1971,Illegal
Australia,AUS,1972,Illegal
Australia,AUS,1973,Illegal
Australia,AUS,1974,Illegal
Australia,AUS,1975,Illegal
Australia,AUS,1976,Illegal
Australia,AUS,1977,Illegal
Australia,AUS,1978,Illegal
Australia,AUS,1979,Illegal
Australia,AUS,1980,Illegal
Australia,AUS,1981,Illegal
Australia,AUS,1982,Illegal
Australia,AUS,1983,Illegal
Australia,AUS,1984,Illegal
Australia,AUS,1985,Illegal
Australia,AUS,1986,Illegal
Australia,AUS,1987,Illegal
Australia,AUS,1988,Illegal
Australia,AUS,1989,Illegal
Australia,AUS,1990,Illegal
Australia,AUS,1991,Illegal
Australia,AUS,1992,Illegal
Australia,AUS,1993,Illegal
Australia,AUS,1994,Illegal
Australia,AUS,1995,Illegal
Australia,AUS,1996,Illegal
Australia,AUS,1997,Legal
Australia,AUS,1998,Legal
Australia,AUS,1999,Legal
Australia,AUS,2000,Legal
Australia,AUS,2001,Legal
Australia,AUS,2002,Legal
Australia,AUS,2003,Legal
Australia,AUS,2004,Legal
Australia,AUS,2005,Legal
Australia,AUS,2006,Legal
Australia,AUS,2007,Legal
Australia,AUS,2008,Legal
Australia,AUS,2009,Legal
Australia,AUS,2010,Legal
Australia,AUS,2011,Legal
Australia,AUS,2012,Legal
Australia,AUS,2013,Legal
Australia,AUS,2014,Legal
Australia,AUS,2015,Legal
Australia,AUS,2016,Legal
Australia,AUS,2017,Legal
Australia,AUS,2018,Legal
Australia,AUS,2019,Legal
Australia,AUS,2020,Legal
Australia,AUS,2021,Legal
Australia,AUS,2022,Legal
Australia,AUS,2023,Legal
Australia,AUS,2024,Legal
Australia,AUS,2025,Legal
Austria,AUT,1768,Illegal
Austria,AUT,1769,Illegal
Austria,AUT,1770,Illegal
Austria,AUT,1771,Illegal
Austria,AUT,1772,Illegal
Austria,AUT,1773,Illegal
Austria,AUT,1774,Illegal
Austria,AUT,1775,Illegal
Austria,AUT,1776,Illegal
Austria,AUT,1777,Illegal
Austria,AUT,1778,Illegal
Austria,AUT,1779,Illegal
Austria,AUT,1780,Illegal
Austria,AUT,1781,Illegal
Austria,AUT,1782,Illegal
Austria,AUT,1783,Illegal
Austria,AUT,1784,Illegal
Austria,AUT,1785,Illegal
Austria,AUT,1786,Illegal
Austria,AUT,1787,Illegal
Austria,AUT,1788,Illegal
Austria,AUT,1789,Illegal
Austria,AUT,1790,Illegal
Austria,AUT,1791,Illegal
Austria,AUT,1792,Illegal
Austria,AUT,1793,Illegal
Austria,AUT,1794,Illegal
Austria,AUT,1795,Illegal
Austria,AUT,1796,Illegal
Austria,AUT,1797,Illegal
Austria,AUT,1798,Illegal
Austria,AUT,1799,Illegal
Austria,AUT,1800,Illegal
Austria,AUT,1801,Illegal
Austria,AUT,1802,Illegal
Austria,AUT,1803,Illegal
Austria,AUT,1804,Illegal
Austria,AUT,1805,Illegal
Austria,AUT,1806,Illegal
Austria,AUT,1807,Illegal
Austria,AUT,1808,Illegal
Austria,AUT,1809,Illegal
Austria,AUT,1810,Illegal
Austria,AUT,1811,Illegal
Austria,AUT,1812,Illegal
Austria,AUT,1813,Illegal
Austria,AUT,1814,Illegal
Austria,AUT,1815,Illegal
Austria,AUT,1816,Illegal
Austria,AUT,1817,Illegal
Austria,AUT,1818,Illegal
Austria,AUT,1819,Illegal
Austria,AUT,1820,Illegal
Austria,AUT,1821,Illegal
Austria,AUT,1822,Illegal
Austria,AUT,1823,Illegal
Austria,AUT,1824,Illegal
Austria,AUT,1825,Illegal
Austria,AUT,1826,Illegal
Austria,AUT,1827,Illegal
Austria,AUT,1828,Illegal
Austria,AUT,1829,Illegal
Austria,AUT,1830,Illegal
Austria,AUT,1831,Illegal
Austria,AUT,1832,Illegal
Austria,AUT,1833,Illegal
Austria,AUT,1834,Illegal
Austria,AUT,1835,Illegal
Austria,AUT,1836,Illegal
Austria,AUT,1837,Illegal
Austria,AUT,1838,Illegal
Austria,AUT,1839,Illegal
Austria,AUT,1840,Illegal
Austria,AUT,1841,Illegal
Austria,AUT,1842,Illegal
Austria,AUT,1843,Illegal
Austria,AUT,1844,Illegal
Austria,AUT,1845,Illegal
Austria,AUT,1846,Illegal
Austria,AUT,1847,Illegal
Austria,AUT,1848,Illegal
Austria,AUT,1849,Illegal
Austria,AUT,1850,Illegal
Austria,AUT,1851,Illegal
Austria,AUT,1852,Illegal
Austria,AUT,1853,Illegal
Austria,AUT,1854,Illegal
Austria,AUT,1855,Illegal
Austria,AUT,1856,Illegal
Austria,AUT,1857,Illegal
Austria,AUT,1858,Illegal
Austria,AUT,1859,Illegal
Austria,AUT,1860,Illegal
Austria,AUT,1861,Illegal
Austria,AUT,1862,Illegal
Austria,AUT,1863,Illegal
Austria,AUT,1864,Illegal
Austria,AUT,1865,Illegal
Austria,AUT,1866,Illegal
Austria,AUT,1867,Illegal
Austria,AUT,1868,Illegal
Austria,AUT,1869,Illegal
Austria,AUT,1870,Illegal
Austria,AUT,1871,Illegal
Austria,AUT,1872,Illegal
Austria,AUT,1873,Illegal
Austria,AUT,1874,Illegal
Austria,AUT,1875,Illegal
Austria,AUT,1876,Illegal
Austria,AUT,1877,Illegal
Austria,AUT,1878,Illegal
Austria,AUT,1879,Illegal
Austria,AUT,1880,Illegal
Austria,AUT,1881,Illegal
Austria,AUT,1882,Illegal
Austria,AUT,1883,Illegal
Austria,AUT,1884,Illegal
Austria,AUT,1885,Illegal
Austria,AUT,1886,Illegal
Austria,AUT,1887,Illegal
Austria,AUT,1888,Illegal
Austria,AUT,1889,Illegal
Austria,AUT,1890,Illegal
Austria,AUT,1891,Illegal
Austria,AUT,1892,Illegal
Austria,AUT,1893,Illegal
Austria,AUT,1894,Illegal
Austria,AUT,1895,Illegal
Austria,AUT,1896,Illegal
Austria,AUT,1897,Illegal
Austria,AUT,1898,Illegal
Austria,AUT,1899,Illegal
Austria,AUT,1900,Illegal
Austria,AUT,1901,Illegal
Austria,AUT,1902,Illegal
Austria,AUT,1903,Illegal
Austria,AUT,1904,Illegal
Austria,AUT,1905,Illegal
Austria,AUT,1906,Illegal
Austria,AUT,1907,Illegal
Austria,AUT,1908,Illegal
Austria,AUT,1909,Illegal
Austria,AUT,1910,Illegal
Austria,AUT,1911,Illegal
Austria,AUT,1912,Illegal
Austria,AUT,1913,Illegal
Austria,AUT,1914,Illegal
Austria,AUT,1915,Illegal
Austria,AUT,1916,Illegal
Austria,AUT,1917,Illegal
Austria,AUT,1918,Illegal
Austria,AUT,1919,Illegal
Austria,AUT,1920,Illegal
Austria,AUT,1921,Illegal
Austria,AUT,1922,Illegal
Austria,AUT,1923,Illegal
Austria,AUT,1924,Illegal
Austria,AUT,1925,Illegal
Austria,AUT,1926,Illegal
Austria,AUT,1927,Illegal
Austria,AUT,1928,Illegal
Austria,AUT,1929,Illegal
Austria,AUT,1930,Illegal
Austria,AUT,1931,Illegal
Austria,AUT,1932,Illegal
Austria,AUT,1933,Illegal
Austria,AUT,1934,Illegal
Austria,AUT,1935,Illegal
Austria,AUT,1936,Illegal
Austria,AUT,1937,Illegal
Austria,AUT,1938,Illegal
Austria,AUT,1939,Illegal
Austria,AUT,1940,Illegal
Austria,AUT,1941,Illegal
Austria,AUT,1942,Illegal
Austria,AUT,1943,Illegal
Austria,AUT,1944,Illegal
Austria,AUT,1945,Illegal
Austria,AUT,1946,Illegal
Austria,AUT,1947,Illegal
Austria,AUT,1948,Illegal
Austria,AUT,1949,Illegal
Austria,AUT,1950,Illegal
Austria,AUT,1951,Illegal
Austria,AUT,1952,Illegal
Austria,AUT,1953,Illegal
Austria,AUT,1954,Illegal
Austria,AUT,1955,Illegal
Austria,AUT,1956,Illegal
Austria,AUT,1957,Illegal
Austria,AUT,1958,Illegal
Austria,AUT,1959,Illegal
Austria,AUT,1960,Illegal
Austria,AUT,1961,Illegal
Austria,AUT,1962,Illegal
Austria,AUT,1963,Illegal
Austria,AUT,1964,Illegal
Austria,AUT,1965,Illegal
Austria,AUT,1966,Illegal
Austria,AUT,1967,Illegal
Austria,AUT,1968,Illegal
Austria,AUT,1969,Illegal
Austria,AUT,1970,Illegal
Austria,AUT,1971,Legal
Austria,AUT,1972,Legal
Austria,AUT,1973,Legal
Austria,AUT,1974,Legal
Austria,AUT,1975,Legal
Austria,AUT,1976,Legal
Austria,AUT,1977,Legal
Austria,AUT,1978,Legal
Austria,AUT,1979,Legal
Austria,AUT,1980,Legal
Austria,AUT,1981,Legal
Austria,AUT,1982,Legal
Austria,AUT,1983,Legal
Austria,AUT,1984,Legal
Austria,AUT,1985,Legal
Austria,AUT,1986,Legal
Austria,AUT,1987,Legal
Austria,AUT,1988,Legal
Austria,AUT,1989,Legal
Austria,AUT,1990,Legal
Austria,AUT,1991,Legal
Austria,AUT,1992,Legal
Austria,AUT,1993,Legal
Austria,AUT,1994,Legal
Austria,AUT,1995,Legal
Austria,AUT,1996,Legal
Austria,AUT,1997,Legal
Austria,AUT,1998,Legal
Austria,AUT,1999,Legal
Austria,AUT,2000,Legal
Austria,AUT,2001,Legal
Austria,AUT,2002,Legal
Austria,AUT,2003,Legal
Austria,AUT,2004,Legal
Austria,AUT,2005,Legal
Austria,AUT,2006,Legal
Austria,AUT,2007,Legal
Austria,AUT,2008,Legal
Austria,AUT,2009,Legal
Austria,AUT,2010,Legal
Austria,AUT,2011,Legal
Austria,AUT,2012,Legal
Austria,AUT,2013,Legal
Austria,AUT,2014,Legal
Austria,AUT,2015,Legal
Austria,AUT,2016,Legal
Austria,AUT,2017,Legal
Austria,AUT,2018,Legal
Austria,AUT,2019,Legal
Austria,AUT,2020,Legal
Austria,AUT,2021,Legal
Austria,AUT,2022,Legal
Austria,AUT,2023,Legal
Austria,AUT,2024,Legal
Austria,AUT,2025,Legal
Azerbaijan,AZE,1760,Legal
Azerbaijan,AZE,1761,Legal
Azerbaijan,AZE,1762,Legal
Azerbaijan,AZE,1763,Legal
Azerbaijan,AZE,1764,Legal
Azerbaijan,AZE,1765,Legal
Azerbaijan,AZE,1766,Legal
Azerbaijan,AZE,1767,Legal
Azerbaijan,AZE,1768,Legal
Azerbaijan,AZE,1769,Legal
Azerbaijan,AZE,1770,Legal
Azerbaijan,AZE,1771,Legal
Azerbaijan,AZE,1772,Legal
Azerbaijan,AZE,1773,Legal
Azerbaijan,AZE,1774,Legal
Azerbaijan,AZE,1775,Legal
Azerbaijan,AZE,1776,Legal
Azerbaijan,AZE,1777,Legal
Azerbaijan,AZE,1778,Legal
Azerbaijan,AZE,1779,Legal
Azerbaijan,AZE,1780,Legal
Azerbaijan,AZE,1781,Legal
Azerbaijan,AZE,1782,Legal
Azerbaijan,AZE,1783,Legal
Azerbaijan,AZE,1784,Legal
Azerbaijan,AZE,1785,Legal
Azerbaijan,AZE,1786,Legal
Azerbaijan,AZE,1787,Legal
Azerbaijan,AZE,1788,Legal
Azerbaijan,AZE,1789,Legal
Azerbaijan,AZE,1790,Legal
Azerbaijan,AZE,1791,Legal
Azerbaijan,AZE,1792,Legal
Azerbaijan,AZE,1793,Legal
Azerbaijan,AZE,1794,Legal
Azerbaijan,AZE,1795,Legal
Azerbaijan,AZE,1796,Legal
Azerbaijan,AZE,1797,Legal
Azerbaijan,AZE,1798,Legal
Azerbaijan,AZE,1799,Legal
Azerbaijan,AZE,1800,Legal
Azerbaijan,AZE,1801,Legal
Azerbaijan,AZE,1802,Legal
Azerbaijan,AZE,1803,Legal
Azerbaijan,AZE,1804,Legal
Azerbaijan,AZE,1805,Legal
Azerbaijan,AZE,1806,Legal
Azerbaijan,AZE,1807,Legal
Azerbaijan,AZE,1808,Legal
Azerbaijan,AZE,1809,Legal
Azerbaijan,AZE,1810,Legal
Azerbaijan,AZE,1811,Legal
Azerbaijan,AZE,1812,Legal
Azerbaijan,AZE,1813,Legal
Azerbaijan,AZE,1814,Legal
Azerbaijan,AZE,1815,Legal
Azerbaijan,AZE,1816,Legal
Azerbaijan,AZE,1817,Legal
Azerbaijan,AZE,1818,Legal
Azerbaijan,AZE,1819,Legal
Azerbaijan,AZE,1820,Legal
Azerbaijan,AZE,1821,Legal
Azerbaijan,AZE,1822,Legal
Azerbaijan,AZE,1823,Legal
Azerbaijan,AZE,1824,Legal
Azerbaijan,AZE,1825,Legal
Azerbaijan,AZE,1826,Legal
Azerbaijan,AZE,1827,Legal
Azerbaijan,AZE,1828,Legal
Azerbaijan,AZE,1829,Legal
Azerbaijan,AZE,1830,Legal
Azerbaijan,AZE,1831,Legal
Azerbaijan,AZE,1832,Illegal
Azerbaijan,AZE,1833,Illegal
Azerbaijan,AZE,1834,Illegal
Azerbaijan,AZE,1835,Illegal
Azerbaijan,AZE,1836,Illegal
Azerbaijan,AZE,1837,Illegal
Azerbaijan,AZE,1838,Illegal
Azerbaijan,AZE,1839,Illegal
Azerbaijan,AZE,1840,Illegal
Azerbaijan,AZE,1841,Illegal
Azerbaijan,AZE,1842,Illegal
Azerbaijan,AZE,1843,Illegal
Azerbaijan,AZE,1844,Illegal
Azerbaijan,AZE,1845,Illegal
Azerbaijan,AZE,1846,Illegal
Azerbaijan,AZE,1847,Illegal
Azerbaijan,AZE,1848,Illegal
Azerbaijan,AZE,1849,Illegal
Azerbaijan,AZE,1850,Illegal
Azerbaijan,AZE,1851,Illegal
Azerbaijan,AZE,1852,Illegal
Azerbaijan,AZE,1853,Illegal
Azerbaijan,AZE,1854,Illegal
Azerbaijan,AZE,1855,Illegal
Azerbaijan,AZE,1856,Illegal
Azerbaijan,AZE,1857,Illegal
Azerbaijan,AZE,1858,Illegal
Azerbaijan,AZE,1859,Illegal
Azerbaijan,AZE,1860,Illegal
Azerbaijan,AZE,1861,Illegal
Azerbaijan,AZE,1862,Illegal
Azerbaijan,AZE,1863,Illegal
Azerbaijan,AZE,1864,Illegal
Azerbaijan,AZE,1865,Illegal
Azerbaijan,AZE,1866,Illegal
Azerbaijan,AZE,1867,Illegal
Azerbaijan,AZE,1868,Illegal
Azerbaijan,AZE,1869,Illegal
Azerbaijan,AZE,1870,Illegal
Azerbaijan,AZE,1871,Illegal
Azerbaijan,AZE,1872,Illegal
Azerbaijan,AZE,1873,Illegal
Azerbaijan,AZE,1874,Illegal
Azerbaijan,AZE,1875,Illegal
Azerbaijan,AZE,1876,Illegal
Azerbaijan,AZE,1877,Illegal
Azerbaijan,AZE,1878,Illegal
Azerbaijan,AZE,1879,Illegal
Azerbaijan,AZE,1880,Illegal
Azerbaijan,AZE,1881,Illegal
Azerbaijan,AZE,1882,Illegal
Azerbaijan,AZE,1883,Illegal
Azerbaijan,AZE,1884,Illegal
Azerbaijan,AZE,1885,Illegal
Azerbaijan,AZE,1886,Illegal
Azerbaijan,AZE,1887,Illegal
Azerbaijan,AZE,1888,Illegal
Azerbaijan,AZE,1889,Illegal
Azerbaijan,AZE,1890,Illegal
Azerbaijan,AZE,1891,Illegal
Azerbaijan,AZE,1892,Illegal
Azerbaijan,AZE,1893,Illegal
Azerbaijan,AZE,1894,Illegal
Azerbaijan,AZE,1895,Illegal
Azerbaijan,AZE,1896,Illegal
Azerbaijan,AZE,1897,Illegal
Azerbaijan,AZE,1898,Illegal
Azerbaijan,AZE,1899,Illegal
Azerbaijan,AZE,1900,Illegal
Azerbaijan,AZE,1901,Illegal
Azerbaijan,AZE,1902,Illegal
Azerbaijan,AZE,1903,Illegal
Azerbaijan,AZE,1904,Illegal
Azerbaijan,AZE,1905,Illegal
Azerbaijan,AZE,1906,Illegal
Azerbaijan,AZE,1907,Illegal
Azerbaijan,AZE,1908,Illegal
Azerbaijan,AZE,1909,Illegal
Azerbaijan,AZE,1910,Illegal
Azerbaijan,AZE,1911,Illegal
Azerbaijan,AZE,1912,Illegal
Azerbaijan,AZE,1913,Illegal
Azerbaijan,AZE,1914,Illegal
Azerbaijan,AZE,1915,Illegal
Azerbaijan,AZE,1916,Illegal
Azerbaijan,AZE,1917,Illegal
Azerbaijan,AZE,1918,Illegal
Azerbaijan,AZE,1919,Illegal
Azerbaijan,AZE,1920,Illegal
Azerbaijan,AZE,1921,Illegal
Azerbaijan,AZE,1922,Illegal
Azerbaijan,AZE,1923,Illegal
Azerbaijan,AZE,1924,Illegal
Azerbaijan,AZE,1925,Illegal
Azerbaijan,AZE,1926,Illegal
Azerbaijan,AZE,1927,Illegal
Azerbaijan,AZE,1928,Illegal
Azerbaijan,AZE,1929,Illegal
Azerbaijan,AZE,1930,Illegal
Azerbaijan,AZE,1931,Illegal
Azerbaijan,AZE,1932,Illegal
Azerbaijan,AZE,1933,Illegal
Azerbaijan,AZE,1934,Illegal
Azerbaijan,AZE,1935,Illegal
Azerbaijan,AZE,1936,Illegal
Azerbaijan,AZE,1937,Illegal
Azerbaijan,AZE,1938,Illegal
Azerbaijan,AZE,1939,Illegal
Azerbaijan,AZE,1940,Illegal
Azerbaijan,AZE,1941,Illegal
Azerbaijan,AZE,1942,Illegal
Azerbaijan,AZE,1943,Illegal
Azerbaijan,AZE,1944,Illegal
Azerbaijan,AZE,1945,Illegal
Azerbaijan,AZE,1946,Illegal
Azerbaijan,AZE,1947,Illegal
Azerbaijan,AZE,1948,Illegal
Azerbaijan,AZE,1949,Illegal
Azerbaijan,AZE,1950,Illegal
Azerbaijan,AZE,1951,Illegal
Azerbaijan,AZE,1952,Illegal
Azerbaijan,AZE,1953,Illegal
Azerbaijan,AZE,1954,Illegal
Azerbaijan,AZE,1955,Illegal
Azerbaijan,AZE,1956,Illegal
Azerbaijan,AZE,1957,Illegal
Azerbaijan,AZE,1958,Illegal
Azerbaijan,AZE,1959,Illegal
Azerbaijan,AZE,1960,Illegal
Azerbaijan,AZE,1961,Illegal
Azerbaijan,AZE,1962,Illegal
Azerbaijan,AZE,1963,Illegal
Azerbaijan,AZE,1964,Illegal
Azerbaijan,AZE,1965,Illegal
Azerbaijan,AZE,1966,Illegal
Azerbaijan,AZE,1967,Illegal
Azerbaijan,AZE,1968,Illegal
Azerbaijan,AZE,1969,Illegal
Azerbaijan,AZE,1970,Illegal
Azerbaijan,AZE,1971,Illegal
Azerbaijan,AZE,1972,Illegal
Azerbaijan,AZE,1973,Illegal
Azerbaijan,AZE,1974,Illegal
Azerbaijan,AZE,1975,Illegal
Azerbaijan,AZE,1976,Illegal
Azerbaijan,AZE,1977,Illegal
Azerbaijan,AZE,1978,Illegal
Azerbaijan,AZE,1979,Illegal
Azerbaijan,AZE,1980,Illegal
Azerbaijan,AZE,1981,Illegal
Azerbaijan,AZE,1982,Illegal
Azerbaijan,AZE,1983,Illegal
Azerbaijan,AZE,1984,Illegal
Azerbaijan,AZE,1985,Illegal
Azerbaijan,AZE,1986,Illegal
Azerbaijan,AZE,1987,Illegal
Azerbaijan,AZE,1988,Illegal
Azerbaijan,AZE,1989,Illegal
Azerbaijan,AZE,1990,Illegal
Azerbaijan,AZE,1991,Illegal
Azerbaijan,AZE,1992,Illegal
Azerbaijan,AZE,1993,Illegal
Azerbaijan,AZE,1994,Illegal
Azerbaijan,AZE,1995,Illegal
Azerbaijan,AZE,1996,Illegal
Azerbaijan,AZE,1997,Illegal
Azerbaijan,AZE,1998,Illegal
Azerbaijan,AZE,1999,Illegal
Azerbaijan,AZE,2000,Legal
Azerbaijan,AZE,2001,Legal
Azerbaijan,AZE,2002,Legal
Azerbaijan,AZE,2003,Legal
Azerbaijan,AZE,2004,Legal
Azerbaijan,AZE,2005,Legal
Azerbaijan,AZE,2006,Legal
Azerbaijan,AZE,2007,Legal
Azerbaijan,AZE,2008,Legal
Azerbaijan,AZE,2009,Legal
Azerbaijan,AZE,2010,Legal
Azerbaijan,AZE,2011,Legal
Azerbaijan,AZE,2012,Legal
Azerbaijan,AZE,2013,Legal
Azerbaijan,AZE,2014,Legal
Azerbaijan,AZE,2015,Legal
Azerbaijan,AZE,2016,Legal
Azerbaijan,AZE,2017,Legal
Azerbaijan,AZE,2018,Legal
Azerbaijan,AZE,2019,Legal
Azerbaijan,AZE,2020,Legal
Azerbaijan,AZE,2021,Legal
Azerbaijan,AZE,2022,Legal
Azerbaijan,AZE,2023,Legal
Azerbaijan,AZE,2024,Legal
Azerbaijan,AZE,2025,Legal
Bahamas,BHS,1991,Legal
Bahamas,BHS,1992,Legal
Bahamas,BHS,1993,Legal
Bahamas,BHS,1994,Legal
Bahamas,BHS,1995,Legal
Bahamas,BHS,1996,Legal
Bahamas,BHS,1997,Legal
Bahamas,BHS,1998,Legal
Bahamas,BHS,1999,Legal
Bahamas,BHS,2000,Legal
Bahamas,BHS,2001,Legal
Bahamas,BHS,2002,Legal
Bahamas,BHS,2003,Legal
Bahamas,BHS,2004,Legal
Bahamas,BHS,2005,Legal
Bahamas,BHS,2006,Legal
Bahamas,BHS,2007,Legal
Bahamas,BHS,2008,Legal
Bahamas,BHS,2009,Legal
Bahamas,BHS,2010,Legal
Bahamas,BHS,2011,Legal
Bahamas,BHS,2012,Legal
Bahamas,BHS,2013,Legal
Bahamas,BHS,2014,Legal
Bahamas,BHS,2015,Legal
Bahamas,BHS,2016,Legal
Bahamas,BHS,2017,Legal
Bahamas,BHS,2018,Legal
Bahamas,BHS,2019,Legal
Bahamas,BHS,2020,Legal
Bahamas,BHS,2021,Legal
Bahamas,BHS,2022,Legal
Bahamas,BHS,2023,Legal
Bahamas,BHS,2024,Legal
Bahamas,BHS,2025,Legal
Bahrain,BHR,1956,Illegal
Bahrain,BHR,1957,Illegal
Bahrain,BHR,1958,Illegal
Bahrain,BHR,1959,Illegal
Bahrain,BHR,1960,Illegal
Bahrain,BHR,1961,Illegal
Bahrain,BHR,1962,Illegal
Bahrain,BHR,1963,Illegal
Bahrain,BHR,1964,Illegal
Bahrain,BHR,1965,Illegal
Bahrain,BHR,1966,Illegal
Bahrain,BHR,1967,Illegal
Bahrain,BHR,1968,Illegal
Bahrain,BHR,1969,Illegal
Bahrain,BHR,1970,Illegal
Bahrain,BHR,1971,Illegal
Bahrain,BHR,1972,Illegal
Bahrain,BHR,1973,Illegal
Bahrain,BHR,1974,Illegal
Bahrain,BHR,1975,Illegal
Bahrain,BHR,1976,Legal
Bahrain,BHR,1977,Legal
Bahrain,BHR,1978,Legal
Bahrain,BHR,1979,Legal
Bahrain,BHR,1980,Legal
Bahrain,BHR,1981,Legal
Bahrain,BHR,1982,Legal
Bahrain,BHR,1983,Legal
Bahrain,BHR,1984,Legal
Bahrain,BHR,1985,Legal
Bahrain,BHR,1986,Legal
Bahrain,BHR,1987,Legal
Bahrain,BHR,1988,Legal
Bahrain,BHR,1989,Legal
Bahrain,BHR,1990,Legal
Bahrain,BHR,1991,Legal
Bahrain,BHR,1992,Legal
Bahrain,BHR,1993,Legal
Bahrain,BHR,1994,Legal
Bahrain,BHR,1995,Legal
Bahrain,BHR,1996,Legal
Bahrain,BHR,1997,Legal
Bahrain,BHR,1998,Legal
Bahrain,BHR,1999,Legal
Bahrain,BHR,2000,Legal
Bahrain,BHR,2001,Legal
Bahrain,BHR,2002,Legal
Bahrain,BHR,2003,Legal
Bahrain,BHR,2004,Legal
Bahrain,BHR,2005,Legal
Bahrain,BHR,2006,Legal
Bahrain,BHR,2007,Legal
Bahrain,BHR,2008,Legal
Bahrain,BHR,2009,Legal
Bahrain,BHR,2010,Legal
Bahrain,BHR,2011,Legal
Bahrain,BHR,2012,Legal
Bahrain,BHR,2013,Legal
Bahrain,BHR,2014,Legal
Bahrain,BHR,2015,Legal
Bahrain,BHR,2016,Legal
Bahrain,BHR,2017,Legal
Bahrain,BHR,2018,Legal
Bahrain,BHR,2019,Legal
Bahrain,BHR,2020,Legal
Bahrain,BHR,2021,Legal
Bahrain,BHR,2022,Legal
Bahrain,BHR,2023,Legal
Bahrain,BHR,2024,Legal
Bahrain,BHR,2025,Legal
Bangladesh,BGD,1862,Illegal
Bangladesh,BGD,1863,Illegal
Bangladesh,BGD,1864,Illegal
Bangladesh,BGD,1865,Illegal
Bangladesh,BGD,1866,Illegal
Bangladesh,BGD,1867,Illegal
Bangladesh,BGD,1868,Illegal
Bangladesh,BGD,1869,Illegal
Bangladesh,BGD,1870,Illegal
Bangladesh,BGD,1871,Illegal
Bangladesh,BGD,1872,Illegal
Bangladesh,BGD,1873,Illegal
Bangladesh,BGD,1874,Illegal
Bangladesh,BGD,1875,Illegal
Bangladesh,BGD,1876,Illegal
Bangladesh,BGD,1877,Illegal
Bangladesh,BGD,1878,Illegal
Bangladesh,BGD,1879,Illegal
Bangladesh,BGD,1880,Illegal
Bangladesh,BGD,1881,Illegal
Bangladesh,BGD,1882,Illegal
Bangladesh,BGD,1883,Illegal
Bangladesh,BGD,1884,Illegal
Bangladesh,BGD,1885,Illegal
Bangladesh,BGD,1886,Illegal
Bangladesh,BGD,1887,Illegal
Bangladesh,BGD,1888,Illegal
Bangladesh,BGD,1889,Illegal
Bangladesh,BGD,1890,Illegal
Bangladesh,BGD,1891,Illegal
Bangladesh,BGD,1892,Illegal
Bangladesh,BGD,1893,Illegal
Bangladesh,BGD,1894,Illegal
Bangladesh,BGD,1895,Illegal
Bangladesh,BGD,1896,Illegal
Bangladesh,BGD,1897,Illegal
Bangladesh,BGD,1898,Illegal
Bangladesh,BGD,1899,Illegal
Bangladesh,BGD,1900,Illegal
Bangladesh,BGD,1901,Illegal
Bangladesh,BGD,1902,Illegal
Bangladesh,BGD,1903,Illegal
Bangladesh,BGD,1904,Illegal
Bangladesh,BGD,1905,Illegal
Bangladesh,BGD,1906,Illegal
Bangladesh,BGD,1907,Illegal
Bangladesh,BGD,1908,Illegal
Bangladesh,BGD,1909,Illegal
Bangladesh,BGD,1910,Illegal
Bangladesh,BGD,1911,Illegal
Bangladesh,BGD,1912,Illegal
Bangladesh,BGD,1913,Illegal
Bangladesh,BGD,1914,Illegal
Bangladesh,BGD,1915,Illegal
Bangladesh,BGD,1916,Illegal
Bangladesh,BGD,1917,Illegal
Bangladesh,BGD,1918,Illegal
Bangladesh,BGD,1919,Illegal
Bangladesh,BGD,1920,Illegal
Bangladesh,BGD,1921,Illegal
Bangladesh,BGD,1922,Illegal
Bangladesh,BGD,1923,Illegal
Bangladesh,BGD,1924,Illegal
Bangladesh,BGD,1925,Illegal
Bangladesh,BGD,1926,Illegal
Bangladesh,BGD,1927,Illegal
Bangladesh,BGD,1928,Illegal
Bangladesh,BGD,1929,Illegal
Bangladesh,BGD,1930,Illegal
Bangladesh,BGD,1931,Illegal
Bangladesh,BGD,1932,Illegal
Bangladesh,BGD,1933,Illegal
Bangladesh,BGD,1934,Illegal
Bangladesh,BGD,1935,Illegal
Bangladesh,BGD,1936,Illegal
Bangladesh,BGD,1937,Illegal
Bangladesh,BGD,1938,Illegal
Bangladesh,BGD,1939,Illegal
Bangladesh,BGD,1940,Illegal
Bangladesh,BGD,1941,Illegal
Bangladesh,BGD,1942,Illegal
Bangladesh,BGD,1943,Illegal
Bangladesh,BGD,1944,Illegal
Bangladesh,BGD,1945,Illegal
Bangladesh,BGD,1946,Illegal
Bangladesh,BGD,1947,Illegal
Bangladesh,BGD,1948,Illegal
Bangladesh,BGD,1949,Illegal
Bangladesh,BGD,1950,Illegal
Bangladesh,BGD,1951,Illegal
Bangladesh,BGD,1952,Illegal
Bangladesh,BGD,1953,Illegal
Bangladesh,BGD,1954,Illegal
Bangladesh,BGD,1955,Illegal
Bangladesh,BGD,1956,Illegal
Bangladesh,BGD,1957,Illegal
Bangladesh,BGD,1958,Illegal
Bangladesh,BGD,1959,Illegal
Bangladesh,BGD,1960,Illegal
Bangladesh,BGD,1961,Illegal
Bangladesh,BGD,1962,Illegal
Bangladesh,BGD,1963,Illegal
Bangladesh,BGD,1964,Illegal
Bangladesh,BGD,1965,Illegal
Bangladesh,BGD,1966,Illegal
Bangladesh,BGD,1967,Illegal
Bangladesh,BGD,1968,Illegal
Bangladesh,BGD,1969,Illegal
Bangladesh,BGD,1970,Illegal
Bangladesh,BGD,1971,Illegal
Bangladesh,BGD,1972,Illegal
Bangladesh,BGD,1973,Illegal
Bangladesh,BGD,1974,Illegal
Bangladesh,BGD,1975,Illegal
Bangladesh,BGD,1976,Illegal
Bangladesh,BGD,1977,Illegal
Bangladesh,BGD,1978,Illegal
Bangladesh,BGD,1979,Illegal
Bangladesh,BGD,1980,Illegal
Bangladesh,BGD,1981,Illegal
Bangladesh,BGD,1982,Illegal
Bangladesh,BGD,1983,Illegal
Bangladesh,BGD,1984,Illegal
Bangladesh,BGD,1985,Illegal
Bangladesh,BGD,1986,Illegal
Bangladesh,BGD,1987,Illegal
Bangladesh,BGD,1988,Illegal
Bangladesh,BGD,1989,Illegal
Bangladesh,BGD,1990,Illegal
Bangladesh,BGD,1991,Illegal
Bangladesh,BGD,1992,Illegal
Bangladesh,BGD,1993,Illegal
Bangladesh,BGD,1994,Illegal
Bangladesh,BGD,1995,Illegal
Bangladesh,BGD,1996,Illegal
Bangladesh,BGD,1997,Illegal
Bangladesh,BGD,1998,Illegal
Bangladesh,BGD,1999,Illegal
Bangladesh,BGD,2000,Illegal
Bangladesh,BGD,2001,Illegal
Bangladesh,BGD,2002,Illegal
Bangladesh,BGD,2003,Illegal
Bangladesh,BGD,2004,Illegal
Bangladesh,BGD,2005,Illegal
Bangladesh,BGD,2006,Illegal
Bangladesh,BGD,2007,Illegal
Bangladesh,BGD,2008,Illegal
Bangladesh,BGD,2009,Illegal
Bangladesh,BGD,2010,Illegal
Bangladesh,BGD,2011,Illegal
Bangladesh,BGD,2012,Illegal
Bangladesh,BGD,2013,Illegal
Bangladesh,BGD,2014,Illegal
Bangladesh,BGD,2015,Illegal
Bangladesh,BGD,2016,Illegal
Bangladesh,BGD,2017,Illegal
Bangladesh,BGD,2018,Illegal
Bangladesh,BGD,2019,Illegal
Bangladesh,BGD,2020,Illegal
Bangladesh,BGD,2021,Illegal
Bangladesh,BGD,2022,Illegal
Bangladesh,BGD,2023,Illegal
Bangladesh,BGD,2024,Illegal
Bangladesh,BGD,2025,Illegal
Barbados,BRB,1992,Illegal
Barbados,BRB,1993,Illegal
Barbados,BRB,1994,Illegal
Barbados,BRB,1995,Illegal
Barbados,BRB,1996,Illegal
Barbados,BRB,1997,Illegal
Barbados,BRB,1998,Illegal
Barbados,BRB,1999,Illegal
Barbados,BRB,2000,Illegal
Barbados,BRB,2001,Illegal
Barbados,BRB,2002,Illegal
Barbados,BRB,2003,Illegal
Barbados,BRB,2004,Illegal
Barbados,BRB,2005,Illegal
Barbados,BRB,2006,Illegal
Barbados,BRB,2007,Illegal
Barbados,BRB,2008,Illegal
Barbados,BRB,2009,Illegal
Barbados,BRB,2010,Illegal
Barbados,BRB,2011,Illegal
Barbados,BRB,2012,Illegal
Barbados,BRB,2013,Illegal
Barbados,BRB,2014,Illegal
Barbados,BRB,2015,Illegal
Barbados,BRB,2016,Illegal
Barbados,BRB,2017,Illegal
Barbados,BRB,2018,Illegal
Barbados,BRB,2019,Illegal
Barbados,BRB,2020,Illegal
Barbados,BRB,2021,Illegal
Barbados,BRB,2022,Legal
Barbados,BRB,2023,Legal
Barbados,BRB,2024,Legal
Barbados,BRB,2025,Legal
Belarus,BLR,1920,Legal
Belarus,BLR,1921,Legal
Belarus,BLR,1922,Legal
Belarus,BLR,1923,Legal
Belarus,BLR,1924,Legal
Belarus,BLR,1925,Legal
Belarus,BLR,1926,Legal
Belarus,BLR,1927,Legal
Belarus,BLR,1928,Legal
Belarus,BLR,1929,Legal
Belarus,BLR,1930,Legal
Belarus,BLR,1931,Legal
Belarus,BLR,1932,Legal
Belarus,BLR,1933,Legal
Belarus,BLR,1934,Illegal
Belarus,BLR,1935,Illegal
Belarus,BLR,1936,Illegal
Belarus,BLR,1937,Illegal
Belarus,BLR,1938,Illegal
Belarus,BLR,1939,Illegal
Belarus,BLR,1940,Illegal
Belarus,BLR,1941,Illegal
Belarus,BLR,1942,Illegal
Belarus,BLR,1943,Illegal
Belarus,BLR,1944,Illegal
Belarus,BLR,1945,Illegal
Belarus,BLR,1946,Illegal
Belarus,BLR,1947,Illegal
Belarus,BLR,1948,Illegal
Belarus,BLR,1949,Illegal
Belarus,BLR,1950,Illegal
Belarus,BLR,1951,Illegal
Belarus,BLR,1952,Illegal
Belarus,BLR,1953,Illegal
Belarus,BLR,1954,Illegal
Belarus,BLR,1955,Illegal
Belarus,BLR,1956,Illegal
Belarus,BLR,1957,Illegal
Belarus,BLR,1958,Illegal
Belarus,BLR,1959,Illegal
Belarus,BLR,1960,Illegal
Belarus,BLR,1961,Illegal
Belarus,BLR,1962,Illegal
Belarus,BLR,1963,Illegal
Belarus,BLR,1964,Illegal
Belarus,BLR,1965,Illegal
Belarus,BLR,1966,Illegal
Belarus,BLR,1967,Illegal
Belarus,BLR,1968,Illegal
Belarus,BLR,1969,Illegal
Belarus,BLR,1970,Illegal
Belarus,BLR,1971,Illegal
Belarus,BLR,1972,Illegal
Belarus,BLR,1973,Illegal
Belarus,BLR,1974,Illegal
Belarus,BLR,1975,Illegal
Belarus,BLR,1976,Illegal
Belarus,BLR,1977,Illegal
Belarus,BLR,1978,Illegal
Belarus,BLR,1979,Illegal
Belarus,BLR,1980,Illegal
Belarus,BLR,1981,Illegal
Belarus,BLR,1982,Illegal
Belarus,BLR,1983,Illegal
Belarus,BLR,1984,Illegal
Belarus,BLR,1985,Illegal
Belarus,BLR,1986,Illegal
Belarus,BLR,1987,Illegal
Belarus,BLR,1988,Illegal
Belarus,BLR,1989,Illegal
Belarus,BLR,1990,Illegal
Belarus,BLR,1991,Illegal
Belarus,BLR,1992,Illegal
Belarus,BLR,1993,Illegal
Belarus,BLR,1994,Legal
Belarus,BLR,1995,Legal
Belarus,BLR,1996,Legal
Belarus,BLR,1997,Legal
Belarus,BLR,1998,Legal
Belarus,BLR,1999,Legal
Belarus,BLR,2000,Legal
Belarus,BLR,2001,Legal
Belarus,BLR,2002,Legal
Belarus,BLR,2003,Legal
Belarus,BLR,2004,Legal
Belarus,BLR,2005,Legal
Belarus,BLR,2006,Legal
Belarus,BLR,2007,Legal
Belarus,BLR,2008,Legal
Belarus,BLR,2009,Legal
Belarus,BLR,2010,Legal
Belarus,BLR,2011,Legal
Belarus,BLR,2012,Legal
Belarus,BLR,2013,Legal
Belarus,BLR,2014,Legal
Belarus,BLR,2015,Legal
Belarus,BLR,2016,Legal
Belarus,BLR,2017,Legal
Belarus,BLR,2018,Legal
Belarus,BLR,2019,Legal
Belarus,BLR,2020,Legal
Belarus,BLR,2021,Legal
Belarus,BLR,2022,Legal
Belarus,BLR,2023,Legal
Belarus,BLR,2024,Legal
Belarus,BLR,2025,Legal
Belgium,BEL,1795,Legal
Belgium,BEL,1796,Legal
Belgium,BEL,1797,Legal
Belgium,BEL,1798,Legal
Belgium,BEL,1799,Legal
Belgium,BEL,1800,Legal
Belgium,BEL,1801,Legal
Belgium,BEL,1802,Legal
Belgium,BEL,1803,Legal
Belgium,BEL,1804,Legal
Belgium,BEL,1805,Legal
Belgium,BEL,1806,Legal
Belgium,BEL,1807,Legal
Belgium,BEL,1808,Legal
Belgium,BEL,1809,Legal
Belgium,BEL,1810,Legal
Belgium,BEL,1811,Legal
Belgium,BEL,1812,Legal
Belgium,BEL,1813,Legal
Belgium,BEL,1814,Legal
Belgium,BEL,1815,Legal
Belgium,BEL,1816,Legal
Belgium,BEL,1817,Legal
Belgium,BEL,1818,Legal
Belgium,BEL,1819,Legal
Belgium,BEL,1820,Legal
Belgium,BEL,1821,Legal
Belgium,BEL,1822,Legal
Belgium,BEL,1823,Legal
Belgium,BEL,1824,Legal
Belgium,BEL,1825,Legal
Belgium,BEL,1826,Legal
Belgium,BEL,1827,Legal
Belgium,BEL,1828,Legal
Belgium,BEL,1829,Legal
Belgium,BEL,1830,Legal
Belgium,BEL,1831,Legal
Belgium,BEL,1832,Legal
Belgium,BEL,1833,Legal
Belgium,BEL,1834,Legal
Belgium,BEL,1835,Legal
Belgium,BEL,1836,Legal
Belgium,BEL,1837,Legal
Belgium,BEL,1838,Legal
Belgium,BEL,1839,Legal
Belgium,BEL,1840,Legal
Belgium,BEL,1841,Legal
Belgium,BEL,1842,Legal
Belgium,BEL,1843,Legal
Belgium,BEL,1844,Legal
Belgium,BEL,1845,Legal
Belgium,BEL,1846,Legal
Belgium,BEL,1847,Legal
Belgium,BEL,1848,Legal
Belgium,BEL,1849,Legal
Belgium,BEL,1850,Legal
Belgium,BEL,1851,Legal
Belgium,BEL,1852,Legal
Belgium,BEL,1853,Legal
Belgium,BEL,1854,Legal
Belgium,BEL,1855,Legal
Belgium,BEL,1856,Legal
Belgium,BEL,1857,Legal
Belgium,BEL,1858,Legal
Belgium,BEL,1859,Legal
Belgium,BEL,1860,Legal
Belgium,BEL,1861,Legal
Belgium,BEL,1862,Legal
Belgium,BEL,1863,Legal
Belgium,BEL,1864,Legal
Belgium,BEL,1865,Legal
Belgium,BEL,1866,Legal
Belgium,BEL,1867,Legal
Belgium,BEL,1868,Legal
Belgium,BEL,1869,Legal
Belgium,BEL,1870,Legal
Belgium,BEL,1871,Legal
Belgium,BEL,1872,Legal
Belgium,BEL,1873,Legal
Belgium,BEL,1874,Legal
Belgium,BEL,1875,Legal
Belgium,BEL,1876,Legal
Belgium,BEL,1877,Legal
Belgium,BEL,1878,Legal
Belgium,BEL,1879,Legal
Belgium,BEL,1880,Legal
Belgium,BEL,1881,Legal
Belgium,BEL,1882,Legal
Belgium,BEL,1883,Legal
Belgium,BEL,1884,Legal
Belgium,BEL,1885,Legal
Belgium,BEL,1886,Legal
Belgium,BEL,1887,Legal
Belgium,BEL,1888,Legal
Belgium,BEL,1889,Legal
Belgium,BEL,1890,Legal
Belgium,BEL,1891,Legal
Belgium,BEL,1892,Legal
Belgium,BEL,1893,Legal
Belgium,BEL,1894,Legal
Belgium,BEL,1895,Legal
Belgium,BEL,1896,Legal
Belgium,BEL,1897,Legal
Belgium,BEL,1898,Legal
Belgium,BEL,1899,Legal
Belgium,BEL,1900,Legal
Belgium,BEL,1901,Legal
Belgium,BEL,1902,Legal
Belgium,BEL,1903,Legal
Belgium,BEL,1904,Legal
Belgium,BEL,1905,Legal
Belgium,BEL,1906,Legal
Belgium,BEL,1907,Legal
Belgium,BEL,1908,Legal
Belgium,BEL,1909,Legal
Belgium,BEL,1910,Legal
Belgium,BEL,1911,Legal
Belgium,BEL,1912,Legal
Belgium,BEL,1913,Legal
Belgium,BEL,1914,Legal
Belgium,BEL,1915,Legal
Belgium,BEL,1916,Legal
Belgium,BEL,1917,Legal
Belgium,BEL,1918,Legal
Belgium,BEL,1919,Legal
Belgium,BEL,1920,Legal
Belgium,BEL,1921,Legal
Belgium,BEL,1922,Legal
Belgium,BEL,1923,Legal
Belgium,BEL,1924,Legal
Belgium,BEL,1925,Legal
Belgium,BEL,1926,Legal
Belgium,BEL,1927,Legal
Belgium,BEL,1928,Legal
Belgium,BEL,1929,Legal
Belgium,BEL,1930,Legal
Belgium,BEL,1931,Legal
Belgium,BEL,1932,Legal
Belgium,BEL,1933,Legal
Belgium,BEL,1934,Legal
Belgium,BEL,1935,Legal
Belgium,BEL,1936,Legal
Belgium,BEL,1937,Legal
Belgium,BEL,1938,Legal
Belgium,BEL,1939,Legal
Belgium,BEL,1940,Legal
Belgium,BEL,1941,Legal
Belgium,BEL,1942,Legal
Belgium,BEL,1943,Legal
Belgium,BEL,1944,Legal
Belgium,BEL,1945,Legal
Belgium,BEL,1946,Legal
Belgium,BEL,1947,Legal
Belgium,BEL,1948,Legal
Belgium,BEL,1949,Legal
Belgium,BEL,1950,Legal
Belgium,BEL,1951,Legal
Belgium,BEL,1952,Legal
Belgium,BEL,1953,Legal
Belgium,BEL,1954,Legal
Belgium,BEL,1955,Legal
Belgium,BEL,1956,Legal
Belgium,BEL,1957,Legal
Belgium,BEL,1958,Legal
Belgium,BEL,1959,Legal
Belgium,BEL,1960,Legal
Belgium,BEL,1961,Legal
Belgium,BEL,1962,Legal
Belgium,BEL,1963,Legal
Belgium,BEL,1964,Legal
Belgium,BEL,1965,Legal
Belgium,BEL,1966,Legal
Belgium,BEL,1967,Legal
Belgium,BEL,1968,Legal
Belgium,BEL,1969,Legal
Belgium,BEL,1970,Legal
Belgium,BEL,1971,Legal
Belgium,BEL,1972,Legal
Belgium,BEL,1973,Legal
Belgium,BEL,1974,Legal
Belgium,BEL,1975,Legal
Belgium,BEL,1976,Legal
Belgium,BEL,1977,Legal
Belgium,BEL,1978,Legal
Belgium,BEL,1979,Legal
Belgium,BEL,1980,Legal
Belgium,BEL,1981,Legal
Belgium,BEL,1982,Legal
Belgium,BEL,1983,Legal
Belgium,BEL,1984,Legal
Belgium,BEL,1985,Legal
Belgium,BEL,1986,Legal
Belgium,BEL,1987,Legal
Belgium,BEL,1988,Legal
Belgium,BEL,1989,Legal
Belgium,BEL,1990,Legal
Belgium,BEL,1991,Legal
Belgium,BEL,1992,Legal
Belgium,BEL,1993,Legal
Belgium,BEL,1994,Legal
Belgium,BEL,1995,Legal
Belgium,BEL,1996,Legal
Belgium,BEL,1997,Legal
Belgium,BEL,1998,Legal
Belgium,BEL,1999,Legal
Belgium,BEL,2000,Legal
Belgium,BEL,2001,Legal
Belgium,BEL,2002,Legal
Belgium,BEL,2003,Legal
Belgium,BEL,2004,Legal
Belgium,BEL,2005,Legal
Belgium,BEL,2006,Legal
Belgium,BEL,2007,Legal
Belgium,BEL,2008,Legal
Belgium,BEL,2009,Legal
Belgium,BEL,2010,Legal
Belgium,BEL,2011,Legal
Belgium,BEL,2012,Legal
Belgium,BEL,2013,Legal
Belgium,BEL,2014,Legal
Belgium,BEL,2015,Legal
Belgium,BEL,2016,Legal
Belgium,BEL,2017,Legal
Belgium,BEL,2018,Legal
Belgium,BEL,2019,Legal
Belgium,BEL,2020,Legal
Belgium,BEL,2021,Legal
Belgium,BEL,2022,Legal
Belgium,BEL,2023,Legal
Belgium,BEL,2024,Legal
Belgium,BEL,2025,Legal
Belize,BLZ,1888,Illegal
Belize,BLZ,1889,Illegal
Belize,BLZ,1890,Illegal
Belize,BLZ,1891,Illegal
Belize,BLZ,1892,Illegal
Belize,BLZ,1893,Illegal
Belize,BLZ,1894,Illegal
Belize,BLZ,1895,Illegal
Belize,BLZ,1896,Illegal
Belize,BLZ,1897,Illegal
Belize,BLZ,1898,Illegal
Belize,BLZ,1899,Illegal
Belize,BLZ,1900,Illegal
Belize,BLZ,1901,Illegal
Belize,BLZ,1902,Illegal
Belize,BLZ,1903,Illegal
Belize,BLZ,1904,Illegal
Belize,BLZ,1905,Illegal
Belize,BLZ,1906,Illegal
Belize,BLZ,1907,Illegal
Belize,BLZ,1908,Illegal
Belize,BLZ,1909,Illegal
Belize,BLZ,1910,Illegal
Belize,BLZ,1911,Illegal
Belize,BLZ,1912,Illegal
Belize,BLZ,1913,Illegal
Belize,BLZ,1914,Illegal
Belize,BLZ,1915,Illegal
Belize,BLZ,1916,Illegal
Belize,BLZ,1917,Illegal
Belize,BLZ,1918,Illegal
Belize,BLZ,1919,Illegal
Belize,BLZ,1920,Illegal
Belize,BLZ,1921,Illegal
Belize,BLZ,1922,Illegal
Belize,BLZ,1923,Illegal
Belize,BLZ,1924,Illegal
Belize,BLZ,1925,Illegal
Belize,BLZ,1926,Illegal
Belize,BLZ,1927,Illegal
Belize,BLZ,1928,Illegal
Belize,BLZ,1929,Illegal
Belize,BLZ,1930,Illegal
Belize,BLZ,1931,Illegal
Belize,BLZ,1932,Illegal
Belize,BLZ,1933,Illegal
Belize,BLZ,1934,Illegal
Belize,BLZ,1935,Illegal
Belize,BLZ,1936,Illegal
Belize,BLZ,1937,Illegal
Belize,BLZ,1938,Illegal
Belize,BLZ,1939,Illegal
Belize,BLZ,1940,Illegal
Belize,BLZ,1941,Illegal
Belize,BLZ,1942,Illegal
Belize,BLZ,1943,Illegal
Belize,BLZ,1944,Illegal
Belize,BLZ,1945,Illegal
Belize,BLZ,1946,Illegal
Belize,BLZ,1947,Illegal
Belize,BLZ,1948,Illegal
Belize,BLZ,1949,Illegal
Belize,BLZ,1950,Illegal
Belize,BLZ,1951,Illegal
Belize,BLZ,1952,Illegal
Belize,BLZ,1953,Illegal
Belize,BLZ,1954,Illegal
Belize,BLZ,1955,Illegal
Belize,BLZ,1956,Illegal
Belize,BLZ,1957,Illegal
Belize,BLZ,1958,Illegal
Belize,BLZ,1959,Illegal
Belize,BLZ,1960,Illegal
Belize,BLZ,1961,Illegal
Belize,BLZ,1962,Illegal
Belize,BLZ,1963,Illegal
Belize,BLZ,1964,Illegal
Belize,BLZ,1965,Illegal
Belize,BLZ,1966,Illegal
Belize,BLZ,1967,Illegal
Belize,BLZ,1968,Illegal
Belize,BLZ,1969,Illegal
Belize,BLZ,1970,Illegal
Belize,BLZ,1971,Illegal
Belize,BLZ,1972,Illegal
Belize,BLZ,1973,Illegal
Belize,BLZ,1974,Illegal
Belize,BLZ,1975,Illegal
Belize,BLZ,1976,Illegal
Belize,BLZ,1977,Illegal
Belize,BLZ,1978,Illegal
Belize,BLZ,1979,Illegal
Belize,BLZ,1980,Illegal
Belize,BLZ,1981,Illegal
Belize,BLZ,1982,Illegal
Belize,BLZ,1983,Illegal
Belize,BLZ,1984,Illegal
Belize,BLZ,1985,Illegal
Belize,BLZ,1986,Illegal
Belize,BLZ,1987,Illegal
Belize,BLZ,1988,Illegal
Belize,BLZ,1989,Illegal
Belize,BLZ,1990,Illegal
Belize,BLZ,1991,Illegal
Belize,BLZ,1992,Illegal
Belize,BLZ,1993,Illegal
Belize,BLZ,1994,Illegal
Belize,BLZ,1995,Illegal
Belize,BLZ,1996,Illegal
Belize,BLZ,1997,Illegal
Belize,BLZ,1998,Illegal
Belize,BLZ,1999,Illegal
Belize,BLZ,2000,Illegal
Belize,BLZ,2001,Illegal
Belize,BLZ,2002,Illegal
Belize,BLZ,2003,Illegal
Belize,BLZ,2004,Illegal
Belize,BLZ,2005,Illegal
Belize,BLZ,2006,Illegal
Belize,BLZ,2007,Illegal
Belize,BLZ,2008,Illegal
Belize,BLZ,2009,Illegal
Belize,BLZ,2010,Illegal
Belize,BLZ,2011,Illegal
Belize,BLZ,2012,Illegal
Belize,BLZ,2013,Illegal
Belize,BLZ,2014,Illegal
Belize,BLZ,2015,Illegal
Belize,BLZ,2016,Legal
Belize,BLZ,2017,Legal
Belize,BLZ,2018,Legal
Belize,BLZ,2019,Legal
Belize,BLZ,2020,Legal
Belize,BLZ,2021,Legal
Belize,BLZ,2022,Legal
Belize,BLZ,2023,Legal
Belize,BLZ,2024,Legal
Belize,BLZ,2025,Legal
Benin,BEN,1877,Legal
Benin,BEN,1878,Legal
Benin,BEN,1879,Legal
Benin,BEN,1880,Legal
Benin,BEN,1881,Legal
Benin,BEN,1882,Legal
Benin,BEN,1883,Legal
Benin,BEN,1884,Legal
Benin,BEN,1885,Legal
Benin,BEN,1886,Legal
Benin,BEN,1887,Legal
Benin,BEN,1888,Legal
Benin,BEN,1889,Legal
Benin,BEN,1890,Legal
Benin,BEN,1891,Legal
Benin,BEN,1892,Legal
Benin,BEN,1893,Legal
Benin,BEN,1894,Legal
Benin,BEN,1895,Legal
Benin,BEN,1896,Legal
Benin,BEN,1897,Legal
Benin,BEN,1898,Legal
Benin,BEN,1899,Legal
Benin,BEN,1900,Legal
Benin,BEN,1901,Legal
Benin,BEN,1902,Legal
Benin,BEN,1903,Legal
Benin,BEN,1904,Legal
Benin,BEN,1905,Legal
Benin,BEN,1906,Legal
Benin,BEN,1907,Legal
Benin,BEN,1908,Legal
Benin,BEN,1909,Legal
Benin,BEN,1910,Legal
Benin,BEN,1911,Legal
Benin,BEN,1912,Legal
Benin,BEN,1913,Legal
Benin,BEN,1914,Legal
Benin,BEN,1915,Legal
Benin,BEN,1916,Legal
Benin,BEN,1917,Legal
Benin,BEN,1918,Legal
Benin,BEN,1919,Legal
Benin,BEN,1920,Legal
Benin,BEN,1921,Legal
Benin,BEN,1922,Legal
Benin,BEN,1923,Legal
Benin,BEN,1924,Legal
Benin,BEN,1925,Legal
Benin,BEN,1926,Legal
Benin,BEN,1927,Legal
Benin,BEN,1928,Legal
Benin,BEN,1929,Legal
Benin,BEN,1930,Legal
Benin,BEN,1931,Legal
Benin,BEN,1932,Legal
Benin,BEN,1933,Legal
Benin,BEN,1934,Legal
Benin,BEN,1935,Legal
Benin,BEN,1936,Legal
Benin,BEN,1937,Legal
Benin,BEN,1938,Legal
Benin,BEN,1939,Legal
Benin,BEN,1940,Legal
Benin,BEN,1941,Legal
Benin,BEN,1942,Legal
Benin,BEN,1943,Legal
Benin,BEN,1944,Legal
Benin,BEN,1945,Legal
Benin,BEN,1946,Legal
Benin,BEN,1947,Legal
Benin,BEN,1948,Legal
Benin,BEN,1949,Legal
Benin,BEN,1950,Legal
Benin,BEN,1951,Legal
Benin,BEN,1952,Legal
Benin,BEN,1953,Legal
Benin,BEN,1954,Legal
Benin,BEN,1955,Legal
Benin,BEN,1956,Legal
Benin,BEN,1957,Legal
Benin,BEN,1958,Legal
Benin,BEN,1959,Legal
Benin,BEN,1960,Legal
Benin,BEN,1961,Legal
Benin,BEN,1962,Legal
Benin,BEN,1963,Legal
Benin,BEN,1964,Legal
Benin,BEN,1965,Legal
Benin,BEN,1966,Legal
Benin,BEN,1967,Legal
Benin,BEN,1968,Legal
Benin,BEN,1969,Legal
Benin,BEN,1970,Legal
Benin,BEN,1971,Legal
Benin,BEN,1972,Legal
Benin,BEN,1973,Legal
Benin,BEN,1974,Legal
Benin,BEN,1975,Legal
Benin,BEN,1976,Legal
Benin,BEN,1977,Legal
Benin,BEN,1978,Legal
Benin,BEN,1979,Legal
Benin,BEN,1980,Legal
Benin,BEN,1981,Legal
Benin,BEN,1982,Legal
Benin,BEN,1983,Legal
Benin,BEN,1984,Legal
Benin,BEN,1985,Legal
Benin,BEN,1986,Legal
Benin,BEN,1987,Legal
Benin,BEN,1988,Legal
Benin,BEN,1989,Legal
Benin,BEN,1990,Legal
Benin,BEN,1991,Legal
Benin,BEN,1992,Legal
Benin,BEN,1993,Legal
Benin,BEN,1994,Legal
Benin,BEN,1995,Legal
Benin,BEN,1996,Legal
Benin,BEN,1997,Legal
Benin,BEN,1998,Legal
Benin,BEN,1999,Legal
Benin,BEN,2000,Legal
Benin,BEN,2001,Legal
Benin,BEN,2002,Legal
Benin,BEN,2003,Legal
Benin,BEN,2004,Legal
Benin,BEN,2005,Legal
Benin,BEN,2006,Legal
Benin,BEN,2007,Legal
Benin,BEN,2008,Legal
Benin,BEN,2009,Legal
Benin,BEN,2010,Legal
Benin,BEN,2011,Legal
Benin,BEN,2012,Legal
Benin,BEN,2013,Legal
Benin,BEN,2014,Legal
Benin,BEN,2015,Legal
Benin,BEN,2016,Legal
Benin,BEN,2017,Legal
Benin,BEN,2018,Legal
Benin,BEN,2019,Legal
Benin,BEN,2020,Legal
Benin,BEN,2021,Legal
Benin,BEN,2022,Legal
Benin,BEN,2023,Legal
Benin,BEN,2024,Legal
Benin,BEN,2025,Legal
Bhutan,BTN,1959,Illegal
Bhutan,BTN,1960,Illegal
Bhutan,BTN,1961,Illegal
Bhutan,BTN,1962,Illegal
Bhutan,BTN,1963,Illegal
Bhutan,BTN,1964,Illegal
Bhutan,BTN,1965,Illegal
Bhutan,BTN,1966,Illegal
Bhutan,BTN,1967,Illegal
Bhutan,BTN,1968,Illegal
Bhutan,BTN,1969,Illegal
Bhutan,BTN,1970,Illegal
Bhutan,BTN,1971,Illegal
Bhutan,BTN,1972,Illegal
Bhutan,BTN,1973,Illegal
Bhutan,BTN,1974,Illegal
Bhutan,BTN,1975,Illegal
Bhutan,BTN,1976,Illegal
Bhutan,BTN,1977,Illegal
Bhutan,BTN,1978,Illegal
Bhutan,BTN,1979,Illegal
Bhutan,BTN,1980,Illegal
Bhutan,BTN,1981,Illegal
Bhutan,BTN,1982,Illegal
Bhutan,BTN,1983,Illegal
Bhutan,BTN,1984,Illegal
Bhutan,BTN,1985,Illegal
Bhutan,BTN,1986,Illegal
Bhutan,BTN,1987,Illegal
Bhutan,BTN,1988,Illegal
Bhutan,BTN,1989,Illegal
Bhutan,BTN,1990,Illegal
Bhutan,BTN,1991,Illegal
Bhutan,BTN,1992,Illegal
Bhutan,BTN,1993,Illegal
Bhutan,BTN,1994,Illegal
Bhutan,BTN,1995,Illegal
Bhutan,BTN,1996,Illegal
Bhutan,BTN,1997,Illegal
Bhutan,BTN,1998,Illegal
Bhutan,BTN,1999,Illegal
Bhutan,BTN,2000,Illegal
Bhutan,BTN,2001,Illegal
Bhutan,BTN,2002,Illegal
Bhutan,BTN,2003,Illegal
Bhutan,BTN,2004,Illegal
Bhutan,BTN,2005,Illegal
Bhutan,BTN,2006,Illegal
Bhutan,BTN,2007,Illegal
Bhutan,BTN,2008,Illegal
Bhutan,BTN,2009,Illegal
Bhutan,BTN,2010,Illegal
Bhutan,BTN,2011,Illegal
Bhutan,BTN,2012,Illegal
Bhutan,BTN,2013,Illegal
Bhutan,BTN,2014,Illegal
Bhutan,BTN,2015,Illegal
Bhutan,BTN,2016,Illegal
Bhutan,BTN,2017,Illegal
Bhutan,BTN,2018,Illegal
Bhutan,BTN,2019,Illegal
Bhutan,BTN,2020,Illegal
Bhutan,BTN,2021,Legal
Bhutan,BTN,2022,Legal
Bhutan,BTN,2023,Legal
Bhutan,BTN,2024,Legal
Bhutan,BTN,2025,Legal
Bolivia,BOL,1760,Illegal
Bolivia,BOL,1761,Illegal
Bolivia,BOL,1762,Illegal
Bolivia,BOL,1763,Illegal
Bolivia,BOL,1764,Illegal
Bolivia,BOL,1765,Illegal
Bolivia,BOL,1766,Illegal
Bolivia,BOL,1767,Illegal
Bolivia,BOL,1768,Illegal
Bolivia,BOL,1769,Illegal
Bolivia,BOL,1770,Illegal
Bolivia,BOL,1771,Illegal
Bolivia,BOL,1772,Illegal
Bolivia,BOL,1773,Illegal
Bolivia,BOL,1774,Illegal
Bolivia,BOL,1775,Illegal
Bolivia,BOL,1776,Illegal
Bolivia,BOL,1777,Illegal
Bolivia,BOL,1778,Illegal
Bolivia,BOL,1779,Illegal
Bolivia,BOL,1780,Illegal
Bolivia,BOL,1781,Illegal
Bolivia,BOL,1782,Illegal
Bolivia,BOL,1783,Illegal
Bolivia,BOL,1784,Illegal
Bolivia,BOL,1785,Illegal
Bolivia,BOL,1786,Illegal
Bolivia,BOL,1787,Illegal
Bolivia,BOL,1788,Illegal
Bolivia,BOL,1789,Illegal
Bolivia,BOL,1790,Illegal
Bolivia,BOL,1791,Illegal
Bolivia,BOL,1792,Illegal
Bolivia,BOL,1793,Illegal
Bolivia,BOL,1794,Illegal
Bolivia,BOL,1795,Illegal
Bolivia,BOL,1796,Illegal
Bolivia,BOL,1797,Illegal
Bolivia,BOL,1798,Illegal
Bolivia,BOL,1799,Illegal
Bolivia,BOL,1800,Illegal
Bolivia,BOL,1801,Illegal
Bolivia,BOL,1802,Illegal
Bolivia,BOL,1803,Illegal
Bolivia,BOL,1804,Illegal
Bolivia,BOL,1805,Illegal
Bolivia,BOL,1806,Illegal
Bolivia,BOL,1807,Illegal
Bolivia,BOL,1808,Illegal
Bolivia,BOL,1809,Illegal
Bolivia,BOL,1810,Illegal
Bolivia,BOL,1811,Illegal
Bolivia,BOL,1812,Illegal
Bolivia,BOL,1813,Illegal
Bolivia,BOL,1814,Illegal
Bolivia,BOL,1815,Illegal
Bolivia,BOL,1816,Illegal
Bolivia,BOL,1817,Illegal
Bolivia,BOL,1818,Illegal
Bolivia,BOL,1819,Illegal
Bolivia,BOL,1820,Illegal
Bolivia,BOL,1821,Illegal
Bolivia,BOL,1822,Illegal
Bolivia,BOL,1823,Illegal
Bolivia,BOL,1824,Illegal
Bolivia,BOL,1825,Illegal
Bolivia,BOL,1826,Illegal
Bolivia,BOL,1827,Illegal
Bolivia,BOL,1828,Illegal
Bolivia,BOL,1829,Illegal
Bolivia,BOL,1830,Illegal
Bolivia,BOL,1831,Illegal
Bolivia,BOL,1832,Legal
Bolivia,BOL,1833,Legal
Bolivia,BOL,1834,Legal
Bolivia,BOL,1835,Legal
Bolivia,BOL,1836,Legal
Bolivia,BOL,1837,Legal
Bolivia,BOL,1838,Legal
Bolivia,BOL,1839,Legal
Bolivia,BOL,1840,Legal
Bolivia,BOL,1841,Legal
Bolivia,BOL,1842,Legal
Bolivia,BOL,1843,Legal
Bolivia,BOL,1844,Legal
Bolivia,BOL,1845,Legal
Bolivia,BOL,1846,Legal
Bolivia,BOL,1847,Legal
Bolivia,BOL,1848,Legal
Bolivia,BOL,1849,Legal
Bolivia,BOL,1850,Legal
Bolivia,BOL,1851,Legal
Bolivia,BOL,1852,Legal
Bolivia,BOL,1853,Legal
Bolivia,BOL,1854,Legal
Bolivia,BOL,1855,Legal
Bolivia,BOL,1856,Legal
Bolivia,BOL,1857,Legal
Bolivia,BOL,1858,Legal
Bolivia,BOL,1859,Legal
Bolivia,BOL,1860,Legal
Bolivia,BOL,1861,Legal
Bolivia,BOL,1862,Legal
Bolivia,BOL,1863,Legal
Bolivia,BOL,1864,Legal
Bolivia,BOL,1865,Legal
Bolivia,BOL,1866,Legal
Bolivia,BOL,1867,Legal
Bolivia,BOL,1868,Legal
Bolivia,BOL,1869,Legal
Bolivia,BOL,1870,Legal
Bolivia,BOL,1871,Legal
Bolivia,BOL,1872,Legal
Bolivia,BOL,1873,Legal
Bolivia,BOL,1874,Legal
Bolivia,BOL,1875,Legal
Bolivia,BOL,1876,Legal
Bolivia,BOL,1877,Legal
Bolivia,BOL,1878,Legal
Bolivia,BOL,1879,Legal
Bolivia,BOL,1880,Legal
Bolivia,BOL,1881,Legal
Bolivia,BOL,1882,Legal
Bolivia,BOL,1883,Legal
Bolivia,BOL,1884,Legal
Bolivia,BOL,1885,Legal
Bolivia,BOL,1886,Legal
Bolivia,BOL,1887,Legal
Bolivia,BOL,1888,Legal
Bolivia,BOL,1889,Legal
Bolivia,BOL,1890,Legal
Bolivia,BOL,1891,Legal
Bolivia,BOL,1892,Legal
Bolivia,BOL,1893,Legal
Bolivia,BOL,1894,Legal
Bolivia,BOL,1895,Legal
Bolivia,BOL,1896,Legal
Bolivia,BOL,1897,Legal
Bolivia,BOL,1898,Legal
Bolivia,BOL,1899,Legal
Bolivia,BOL,1900,Legal
Bolivia,BOL,1901,Legal
Bolivia,BOL,1902,Legal
Bolivia,BOL,1903,Legal
Bolivia,BOL,1904,Legal
Bolivia,BOL,1905,Legal
Bolivia,BOL,1906,Legal
Bolivia,BOL,1907,Legal
Bolivia,BOL,1908,Legal
Bolivia,BOL,1909,Legal
Bolivia,BOL,1910,Legal
Bolivia,BOL,1911,Legal
Bolivia,BOL,1912,Legal
Bolivia,BOL,1913,Legal
Bolivia,BOL,1914,Legal
Bolivia,BOL,1915,Legal
Bolivia,BOL,1916,Legal
Bolivia,BOL,1917,Legal
Bolivia,BOL,1918,Legal
Bolivia,BOL,1919,Legal
Bolivia,BOL,1920,Legal
Bolivia,BOL,1921,Legal
Bolivia,BOL,1922,Legal
Bolivia,BOL,1923,Legal
Bolivia,BOL,1924,Legal
Bolivia,BOL,1925,Legal
Bolivia,BOL,1926,Legal
Bolivia,BOL,1927,Legal
Bolivia,BOL,1928,Legal
Bolivia,BOL,1929,Legal
Bolivia,BOL,1930,Legal
Bolivia,BOL,1931,Legal
Bolivia,BOL,1932,Legal
Bolivia,BOL,1933,Legal
Bolivia,BOL,1934,Legal
Bolivia,BOL,1935,Legal
Bolivia,BOL,1936,Legal
Bolivia,BOL,1937,Legal
Bolivia,BOL,1938,Legal
Bolivia,BOL,1939,Legal
Bolivia,BOL,1940,Legal
Bolivia,BOL,1941,Legal
Bolivia,BOL,1942,Legal
Bolivia,BOL,1943,Legal
Bolivia,BOL,1944,Legal
Bolivia,BOL,1945,Legal
Bolivia,BOL,1946,Legal
Bolivia,BOL,1947,Legal
Bolivia,BOL,1948,Legal
Bolivia,BOL,1949,Legal
Bolivia,BOL,1950,Legal
Bolivia,BOL,1951,Legal
Bolivia,BOL,1952,Legal
Bolivia,BOL,1953,Legal
Bolivia,BOL,1954,Legal
Bolivia,BOL,1955,Legal
Bolivia,BOL,1956,Legal
Bolivia,BOL,1957,Legal
Bolivia,BOL,1958,Legal
Bolivia,BOL,1959,Legal
Bolivia,BOL,1960,Legal
Bolivia,BOL,1961,Legal
Bolivia,BOL,1962,Legal
Bolivia,BOL,1963,Legal
Bolivia,BOL,1964,Legal
Bolivia,BOL,1965,Legal
Bolivia,BOL,1966,Legal
Bolivia,BOL,1967,Legal
Bolivia,BOL,1968,Legal
Bolivia,BOL,1969,Legal
Bolivia,BOL,1970,Legal
Bolivia,BOL,1971,Legal
Bolivia,BOL,1972,Legal
Bolivia,BOL,1973,Legal
Bolivia,BOL,1974,Legal
Bolivia,BOL,1975,Legal
Bolivia,BOL,1976,Legal
Bolivia,BOL,1977,Legal
Bolivia,BOL,1978,Legal
Bolivia,BOL,1979,Legal
Bolivia,BOL,1980,Legal
Bolivia,BOL,1981,Legal
Bolivia,BOL,1982,Legal
Bolivia,BOL,1983,Legal
Bolivia,BOL,1984,Legal
Bolivia,BOL,1985,Legal
Bolivia,BOL,1986,Legal
Bolivia,BOL,1987,Legal
Bolivia,BOL,1988,Legal
Bolivia,BOL,1989,Legal
Bolivia,BOL,1990,Legal
Bolivia,BOL,1991,Legal
Bolivia,BOL,1992,Legal
Bolivia,BOL,1993,Legal
Bolivia,BOL,1994,Legal
Bolivia,BOL,1995,Legal
Bolivia,BOL,1996,Legal
Bolivia,BOL,1997,Legal
Bolivia,BOL,1998,Legal
Bolivia,BOL,1999,Legal
Bolivia,BOL,2000,Legal
Bolivia,BOL,2001,Legal
Bolivia,BOL,2002,Legal
Bolivia,BOL,2003,Legal
Bolivia,BOL,2004,Legal
Bolivia,BOL,2005,Legal
Bolivia,BOL,2006,Legal
Bolivia,BOL,2007,Legal
Bolivia,BOL,2008,Legal
Bolivia,BOL,2009,Legal
Bolivia,BOL,2010,Legal
Bolivia,BOL,2011,Legal
Bolivia,BOL,2012,Legal
Bolivia,BOL,2013,Legal
Bolivia,BOL,2014,Legal
Bolivia,BOL,2015,Legal
Bolivia,BOL,2016,Legal
Bolivia,BOL,2017,Legal
Bolivia,BOL,2018,Legal
Bolivia,BOL,2019,Legal
Bolivia,BOL,2020,Legal
Bolivia,BOL,2021,Legal
Bolivia,BOL,2022,Legal
Bolivia,BOL,2023,Legal
Bolivia,BOL,2024,Legal
Bolivia,BOL,2025,Legal
Bosnia and Herzegovina,BIH,1929,Illegal
Bosnia and Herzegovina,BIH,1930,Illegal
Bosnia and Herzegovina,BIH,1931,Illegal
Bosnia and Herzegovina,BIH,1932,Illegal
Bosnia and Herzegovina,BIH,1933,Illegal
Bosnia and Herzegovina,BIH,1934,Illegal
Bosnia and Herzegovina,BIH,1935,Illegal
Bosnia and Herzegovina,BIH,1936,Illegal
Bosnia and Herzegovina,BIH,1937,Illegal
Bosnia and Herzegovina,BIH,1938,Illegal
Bosnia and Herzegovina,BIH,1939,Illegal
Bosnia and Herzegovina,BIH,1940,Illegal
Bosnia and Herzegovina,BIH,1941,Illegal
Bosnia and Herzegovina,BIH,1942,Illegal
Bosnia and Herzegovina,BIH,1943,Illegal
Bosnia and Herzegovina,BIH,1944,Illegal
Bosnia and Herzegovina,BIH,1945,Illegal
Bosnia and Herzegovina,BIH,1946,Illegal
Bosnia and Herzegovina,BIH,1947,Illegal
Bosnia and Herzegovina,BIH,1948,Illegal
Bosnia and Herzegovina,BIH,1949,Illegal
Bosnia and Herzegovina,BIH,1950,Illegal
Bosnia and Herzegovina,BIH,1951,Illegal
Bosnia and Herzegovina,BIH,1952,Illegal
Bosnia and Herzegovina,BIH,1953,Illegal
Bosnia and Herzegovina,BIH,1954,Illegal
Bosnia and Herzegovina,BIH,1955,Illegal
Bosnia and Herzegovina,BIH,1956,Illegal
Bosnia and Herzegovina,BIH,1957,Illegal
Bosnia and Herzegovina,BIH,1958,Illegal
Bosnia and Herzegovina,BIH,1959,Illegal
Bosnia and Herzegovina,BIH,1960,Illegal
Bosnia and Herzegovina,BIH,1961,Illegal
Bosnia and Herzegovina,BIH,1962,Illegal
Bosnia and Herzegovina,BIH,1963,Illegal
Bosnia and Herzegovina,BIH,1964,Illegal
Bosnia and Herzegovina,BIH,1965,Illegal
Bosnia and Herzegovina,BIH,1966,Illegal
Bosnia and Herzegovina,BIH,1967,Illegal
Bosnia and Herzegovina,BIH,1968,Illegal
Bosnia and Herzegovina,BIH,1969,Illegal
Bosnia and Herzegovina,BIH,1970,Illegal
Bosnia and Herzegovina,BIH,1971,Illegal
Bosnia and Herzegovina,BIH,1972,Illegal
Bosnia and Herzegovina,BIH,1973,Illegal
Bosnia and Herzegovina,BIH,1974,Illegal
Bosnia and Herzegovina,BIH,1975,Illegal
Bosnia and Herzegovina,BIH,1976,Illegal
Bosnia and Herzegovina,BIH,1977,Illegal
Bosnia and Herzegovina,BIH,1978,Illegal
Bosnia and Herzegovina,BIH,1979,Illegal
Bosnia and Herzegovina,BIH,1980,Illegal
Bosnia and Herzegovina,BIH,1981,Illegal
Bosnia and Herzegovina,BIH,1982,Illegal
Bosnia and Herzegovina,BIH,1983,Illegal
Bosnia and Herzegovina,BIH,1984,Illegal
Bosnia and Herzegovina,BIH,1985,Illegal
Bosnia and Herzegovina,BIH,1986,Illegal
Bosnia and Herzegovina,BIH,1987,Illegal
Bosnia and Herzegovina,BIH,1988,Illegal
Bosnia and Herzegovina,BIH,1989,Illegal
Bosnia and Herzegovina,BIH,1990,Illegal
Bosnia and Herzegovina,BIH,1991,Illegal
Bosnia and Herzegovina,BIH,1992,Illegal
Bosnia and Herzegovina,BIH,1993,Illegal
Bosnia and Herzegovina,BIH,1994,Illegal
Bosnia and Herzegovina,BIH,1995,Illegal
Bosnia and Herzegovina,BIH,1996,Illegal
Bosnia and Herzegovina,BIH,1997,Illegal
Bosnia and Herzegovina,BIH,1998,Illegal
Bosnia and Herzegovina,BIH,1999,Illegal
Bosnia and Herzegovina,BIH,2000,Illegal
Bosnia and Herzegovina,BIH,2001,Legal
Bosnia and Herzegovina,BIH,2002,Legal
Bosnia and Herzegovina,BIH,2003,Legal
Bosnia and Herzegovina,BIH,2004,Legal
Bosnia and Herzegovina,BIH,2005,Legal
Bosnia and Herzegovina,BIH,2006,Legal
Bosnia and Herzegovina,BIH,2007,Legal
Bosnia and Herzegovina,BIH,2008,Legal
Bosnia and Herzegovina,BIH,2009,Legal
Bosnia and Herzegovina,BIH,2010,Legal
Bosnia and Herzegovina,BIH,2011,Legal
Bosnia and Herzegovina,BIH,2012,Legal
Bosnia and Herzegovina,BIH,2013,Legal
Bosnia and Herzegovina,BIH,2014,Legal
Bosnia and Herzegovina,BIH,2015,Legal
Bosnia and Herzegovina,BIH,2016,Legal
Bosnia and Herzegovina,BIH,2017,Legal
Bosnia and Herzegovina,BIH,2018,Legal
Bosnia and Herzegovina,BIH,2019,Legal
Bosnia and Herzegovina,BIH,2020,Legal
Bosnia and Herzegovina,BIH,2021,Legal
Bosnia and Herzegovina,BIH,2022,Legal
Bosnia and Herzegovina,BIH,2023,Legal
Bosnia and Herzegovina,BIH,2024,Legal
Bosnia and Herzegovina,BIH,2025,Legal
Botswana,BWA,1885,Illegal
Botswana,BWA,1886,Illegal
Botswana,BWA,1887,Illegal
Botswana,BWA,1888,Illegal
Botswana,BWA,1889,Illegal
Botswana,BWA,1890,Illegal
Botswana,BWA,1891,Illegal
Botswana,BWA,1892,Illegal
Botswana,BWA,1893,Illegal
Botswana,BWA,1894,Illegal
Botswana,BWA,1895,Illegal
Botswana,BWA,1896,Illegal
Botswana,BWA,1897,Illegal
Botswana,BWA,1898,Illegal
Botswana,BWA,1899,Illegal
Botswana,BWA,1900,Illegal
Botswana,BWA,1901,Illegal
Botswana,BWA,1902,Illegal
Botswana,BWA,1903,Illegal
Botswana,BWA,1904,Illegal
Botswana,BWA,1905,Illegal
Botswana,BWA,1906,Illegal
Botswana,BWA,1907,Illegal
Botswana,BWA,1908,Illegal
Botswana,BWA,1909,Illegal
Botswana,BWA,1910,Illegal
Botswana,BWA,1911,Illegal
Botswana,BWA,1912,Illegal
Botswana,BWA,1913,Illegal
Botswana,BWA,1914,Illegal
Botswana,BWA,1915,Illegal
Botswana,BWA,1916,Illegal
Botswana,BWA,1917,Illegal
Botswana,BWA,1918,Illegal
Botswana,BWA,1919,Illegal
Botswana,BWA,1920,Illegal
Botswana,BWA,1921,Illegal
Botswana,BWA,1922,Illegal
Botswana,BWA,1923,Illegal
Botswana,BWA,1924,Illegal
Botswana,BWA,1925,Illegal
Botswana,BWA,1926,Illegal
Botswana,BWA,1927,Illegal
Botswana,BWA,1928,Illegal
Botswana,BWA,1929,Illegal
Botswana,BWA,1930,Illegal
Botswana,BWA,1931,Illegal
Botswana,BWA,1932,Illegal
Botswana,BWA,1933,Illegal
Botswana,BWA,1934,Illegal
Botswana,BWA,1935,Illegal
Botswana,BWA,1936,Illegal
Botswana,BWA,1937,Illegal
Botswana,BWA,1938,Illegal
Botswana,BWA,1939,Illegal
Botswana,BWA,1940,Illegal
Botswana,BWA,1941,Illegal
Botswana,BWA,1942,Illegal
Botswana,BWA,1943,Illegal
Botswana,BWA,1944,Illegal
Botswana,BWA,1945,Illegal
Botswana,BWA,1946,Illegal
Botswana,BWA,1947,Illegal
Botswana,BWA,1948,Illegal
Botswana,BWA,1949,Illegal
Botswana,BWA,1950,Illegal
Botswana,BWA,1951,Illegal
Botswana,BWA,1952,Illegal
Botswana,BWA,1953,Illegal
Botswana,BWA,1954,Illegal
Botswana,BWA,1955,Illegal
Botswana,BWA,1956,Illegal
Botswana,BWA,1957,Illegal
Botswana,BWA,1958,Illegal
Botswana,BWA,1959,Illegal
Botswana,BWA,1960,Illegal
Botswana,BWA,1961,Illegal
Botswana,BWA,1962,Illegal
Botswana,BWA,1963,Illegal
Botswana,BWA,1964,Illegal
Botswana,BWA,1965,Illegal
Botswana,BWA,1966,Illegal
Botswana,BWA,1967,Illegal
Botswana,BWA,1968,Illegal
Botswana,BWA,1969,Illegal
Botswana,BWA,1970,Illegal
Botswana,BWA,1971,Illegal
Botswana,BWA,1972,Illegal
Botswana,BWA,1973,Illegal
Botswana,BWA,1974,Illegal
Botswana,BWA,1975,Illegal
Botswana,BWA,1976,Illegal
Botswana,BWA,1977,Illegal
Botswana,BWA,1978,Illegal
Botswana,BWA,1979,Illegal
Botswana,BWA,1980,Illegal
Botswana,BWA,1981,Illegal
Botswana,BWA,1982,Illegal
Botswana,BWA,1983,Illegal
Botswana,BWA,1984,Illegal
Botswana,BWA,1985,Illegal
Botswana,BWA,1986,Illegal
Botswana,BWA,1987,Illegal
Botswana,BWA,1988,Illegal
Botswana,BWA,1989,Illegal
Botswana,BWA,1990,Illegal
Botswana,BWA,1991,Illegal
Botswana,BWA,1992,Illegal
Botswana,BWA,1993,Illegal
Botswana,BWA,1994,Illegal
Botswana,BWA,1995,Illegal
Botswana,BWA,1996,Illegal
Botswana,BWA,1997,Illegal
Botswana,BWA,1998,Illegal
Botswana,BWA,1999,Illegal
Botswana,BWA,2000,Illegal
Botswana,BWA,2001,Illegal
Botswana,BWA,2002,Illegal
Botswana,BWA,2003,Illegal
Botswana,BWA,2004,Illegal
Botswana,BWA,2005,Illegal
Botswana,BWA,2006,Illegal
Botswana,BWA,2007,Illegal
Botswana,BWA,2008,Illegal
Botswana,BWA,2009,Illegal
Botswana,BWA,2010,Illegal
Botswana,BWA,2011,Illegal
Botswana,BWA,2012,Illegal
Botswana,BWA,2013,Illegal
Botswana,BWA,2014,Illegal
Botswana,BWA,2015,Illegal
Botswana,BWA,2016,Illegal
Botswana,BWA,2017,Illegal
Botswana,BWA,2018,Illegal
Botswana,BWA,2019,Legal
Botswana,BWA,2020,Legal
Botswana,BWA,2021,Legal
Botswana,BWA,2022,Legal
Botswana,BWA,2023,Legal
Botswana,BWA,2024,Legal
Botswana,BWA,2025,Legal
Brazil,BRA,1760,Illegal
Brazil,BRA,1761,Illegal
Brazil,BRA,1762,Illegal
Brazil,BRA,1763,Illegal
Brazil,BRA,1764,Illegal
Brazil,BRA,1765,Illegal
Brazil,BRA,1766,Illegal
Brazil,BRA,1767,Illegal
Brazil,BRA,1768,Illegal
Brazil,BRA,1769,Illegal
Brazil,BRA,1770,Illegal
Brazil,BRA,1771,Illegal
Brazil,BRA,1772,Illegal
Brazil,BRA,1773,Illegal
Brazil,BRA,1774,Illegal
Brazil,BRA,1775,Illegal
Brazil,BRA,1776,Illegal
Brazil,BRA,1777,Illegal
Brazil,BRA,1778,Illegal
Brazil,BRA,1779,Illegal
Brazil,BRA,1780,Illegal
Brazil,BRA,1781,Illegal
Brazil,BRA,1782,Illegal
Brazil,BRA,1783,Illegal
Brazil,BRA,1784,Illegal
Brazil,BRA,1785,Illegal
Brazil,BRA,1786,Illegal
Brazil,BRA,1787,Illegal
Brazil,BRA,1788,Illegal
Brazil,BRA,1789,Illegal
Brazil,BRA,1790,Illegal
Brazil,BRA,1791,Illegal
Brazil,BRA,1792,Illegal
Brazil,BRA,1793,Illegal
Brazil,BRA,1794,Illegal
Brazil,BRA,1795,Illegal
Brazil,BRA,1796,Illegal
Brazil,BRA,1797,Illegal
Brazil,BRA,1798,Illegal
Brazil,BRA,1799,Illegal
Brazil,BRA,1800,Illegal
Brazil,BRA,1801,Illegal
Brazil,BRA,1802,Illegal
Brazil,BRA,1803,Illegal
Brazil,BRA,1804,Illegal
Brazil,BRA,1805,Illegal
Brazil,BRA,1806,Illegal
Brazil,BRA,1807,Illegal
Brazil,BRA,1808,Illegal
Brazil,BRA,1809,Illegal
Brazil,BRA,1810,Illegal
Brazil,BRA,1811,Illegal
Brazil,BRA,1812,Illegal
Brazil,BRA,1813,Illegal
Brazil,BRA,1814,Illegal
Brazil,BRA,1815,Illegal
Brazil,BRA,1816,Illegal
Brazil,BRA,1817,Illegal
Brazil,BRA,1818,Illegal
Brazil,BRA,1819,Illegal
Brazil,BRA,1820,Illegal
Brazil,BRA,1821,Illegal
Brazil,BRA,1822,Illegal
Brazil,BRA,1823,Illegal
Brazil,BRA,1824,Illegal
Brazil,BRA,1825,Illegal
Brazil,BRA,1826,Illegal
Brazil,BRA,1827,Illegal
Brazil,BRA,1828,Illegal
Brazil,BRA,1829,Illegal
Brazil,BRA,1830,Illegal
Brazil,BRA,1831,Legal
Brazil,BRA,1832,Legal
Brazil,BRA,1833,Legal
Brazil,BRA,1834,Legal
Brazil,BRA,1835,Legal
Brazil,BRA,1836,Legal
Brazil,BRA,1837,Legal
Brazil,BRA,1838,Legal
Brazil,BRA,1839,Legal
Brazil,BRA,1840,Legal
Brazil,BRA,1841,Legal
Brazil,BRA,1842,Legal
Brazil,BRA,1843,Legal
Brazil,BRA,1844,Legal
Brazil,BRA,1845,Legal
Brazil,BRA,1846,Legal
Brazil,BRA,1847,Legal
Brazil,BRA,1848,Legal
Brazil,BRA,1849,Legal
Brazil,BRA,1850,Legal
Brazil,BRA,1851,Legal
Brazil,BRA,1852,Legal
Brazil,BRA,1853,Legal
Brazil,BRA,1854,Legal
Brazil,BRA,1855,Legal
Brazil,BRA,1856,Legal
Brazil,BRA,1857,Legal
Brazil,BRA,1858,Legal
Brazil,BRA,1859,Legal
Brazil,BRA,1860,Legal
Brazil,BRA,1861,Legal
Brazil,BRA,1862,Legal
Brazil,BRA,1863,Legal
Brazil,BRA,1864,Legal
Brazil,BRA,1865,Legal
Brazil,BRA,1866,Legal
Brazil,BRA,1867,Legal
Brazil,BRA,1868,Legal
Brazil,BRA,1869,Legal
Brazil,BRA,1870,Legal
Brazil,BRA,1871,Legal
Brazil,BRA,1872,Legal
Brazil,BRA,1873,Legal
Brazil,BRA,1874,Legal
Brazil,BRA,1875,Legal
Brazil,BRA,1876,Legal
Brazil,BRA,1877,Legal
Brazil,BRA,1878,Legal
Brazil,BRA,1879,Legal
Brazil,BRA,1880,Legal
Brazil,BRA,1881,Legal
Brazil,BRA,1882,Legal
Brazil,BRA,1883,Legal
Brazil,BRA,1884,Legal
Brazil,BRA,1885,Legal
Brazil,BRA,1886,Legal
Brazil,BRA,1887,Legal
Brazil,BRA,1888,Legal
Brazil,BRA,1889,Legal
Brazil,BRA,1890,Legal
Brazil,BRA,1891,Legal
Brazil,BRA,1892,Legal
Brazil,BRA,1893,Legal
Brazil,BRA,1894,Legal
Brazil,BRA,1895,Legal
Brazil,BRA,1896,Legal
Brazil,BRA,1897,Legal
Brazil,BRA,1898,Legal
Brazil,BRA,1899,Legal
Brazil,BRA,1900,Legal
Brazil,BRA,1901,Legal
Brazil,BRA,1902,Legal
Brazil,BRA,1903,Legal
Brazil,BRA,1904,Legal
Brazil,BRA,1905,Legal
Brazil,BRA,1906,Legal
Brazil,BRA,1907,Legal
Brazil,BRA,1908,Legal
Brazil,BRA,1909,Legal
Brazil,BRA,1910,Legal
Brazil,BRA,1911,Legal
Brazil,BRA,1912,Legal
Brazil,BRA,1913,Legal
Brazil,BRA,1914,Legal
Brazil,BRA,1915,Legal
Brazil,BRA,1916,Legal
Brazil,BRA,1917,Legal
Brazil,BRA,1918,Legal
Brazil,BRA,1919,Legal
Brazil,BRA,1920,Legal
Brazil,BRA,1921,Legal
Brazil,BRA,1922,Legal
Brazil,BRA,1923,Legal
Brazil,BRA,1924,Legal
Brazil,BRA,1925,Legal
Brazil,BRA,1926,Legal
Brazil,BRA,1927,Legal
Brazil,BRA,1928,Legal
Brazil,BRA,1929,Legal
Brazil,BRA,1930,Legal
Brazil,BRA,1931,Legal
Brazil,BRA,1932,Legal
Brazil,BRA,1933,Legal
Brazil,BRA,1934,Legal
Brazil,BRA,1935,Legal
Brazil,BRA,1936,Legal
Brazil,BRA,1937,Legal
Brazil,BRA,1938,Legal
Brazil,BRA,1939,Legal
Brazil,BRA,1940,Legal
Brazil,BRA,1941,Legal
Brazil,BRA,1942,Legal
Brazil,BRA,1943,Legal
Brazil,BRA,1944,Legal
Brazil,BRA,1945,Legal
Brazil,BRA,1946,Legal
Brazil,BRA,1947,Legal
Brazil,BRA,1948,Legal
Brazil,BRA,1949,Legal
Brazil,BRA,1950,Legal
Brazil,BRA,1951,Legal
Brazil,BRA,1952,Legal
Brazil,BRA,1953,Legal
Brazil,BRA,1954,Legal
Brazil,BRA,1955,Legal
Brazil,BRA,1956,Legal
Brazil,BRA,1957,Legal
Brazil,BRA,1958,Legal
Brazil,BRA,1959,Legal
Brazil,BRA,1960,Legal
Brazil,BRA,1961,Legal
Brazil,BRA,1962,Legal
Brazil,BRA,1963,Legal
Brazil,BRA,1964,Legal
Brazil,BRA,1965,Legal
Brazil,BRA,1966,Legal
Brazil,BRA,1967,Legal
Brazil,BRA,1968,Legal
Brazil,BRA,1969,Legal
Brazil,BRA,1970,Legal
Brazil,BRA,1971,Legal
Brazil,BRA,1972,Legal
Brazil,BRA,1973,Legal
Brazil,BRA,1974,Legal
Brazil,BRA,1975,Legal
Brazil,BRA,1976,Legal
Brazil,BRA,1977,Legal
Brazil,BRA,1978,Legal
Brazil,BRA,1979,Legal
Brazil,BRA,1980,Legal
Brazil,BRA,1981,Legal
Brazil,BRA,1982,Legal
Brazil,BRA,1983,Legal
Brazil,BRA,1984,Legal
Brazil,BRA,1985,Legal
Brazil,BRA,1986,Legal
Brazil,BRA,1987,Legal
Brazil,BRA,1988,Legal
Brazil,BRA,1989,Legal
Brazil,BRA,1990,Legal
Brazil,BRA,1991,Legal
Brazil,BRA,1992,Legal
Brazil,BRA,1993,Legal
Brazil,BRA,1994,Legal
Brazil,BRA,1995,Legal
Brazil,BRA,1996,Legal
Brazil,BRA,1997,Legal
Brazil,BRA,1998,Legal
Brazil,BRA,1999,Legal
Brazil,BRA,2000,Legal
Brazil,BRA,2001,Legal
Brazil,BRA,2002,Legal
Brazil,BRA,2003,Legal
Brazil,BRA,2004,Legal
Brazil,BRA,2005,Legal
Brazil,BRA,2006,Legal
Brazil,BRA,2007,Legal
Brazil,BRA,2008,Legal
Brazil,BRA,2009,Legal
Brazil,BRA,2010,Legal
Brazil,BRA,2011,Legal
Brazil,BRA,2012,Legal
Brazil,BRA,2013,Legal
Brazil,BRA,2014,Legal
Brazil,BRA,2015,Legal
Brazil,BRA,2016,Legal
Brazil,BRA,2017,Legal
Brazil,BRA,2018,Legal
Brazil,BRA,2019,Legal
Brazil,BRA,2020,Legal
Brazil,BRA,2021,Legal
Brazil,BRA,2022,Legal
Brazil,BRA,2023,Legal
Brazil,BRA,2024,Legal
Brazil,BRA,2025,Legal
Brunei,BRN,1871,Illegal
Brunei,BRN,1872,Illegal
Brunei,BRN,1873,Illegal
Brunei,BRN,1874,Illegal
Brunei,BRN,1875,Illegal
Brunei,BRN,1876,Illegal
Brunei,BRN,1877,Illegal
Brunei,BRN,1878,Illegal
Brunei,BRN,1879,Illegal
Brunei,BRN,1880,Illegal
Brunei,BRN,1881,Illegal
Brunei,BRN,1882,Illegal
Brunei,BRN,1883,Illegal
Brunei,BRN,1884,Illegal
Brunei,BRN,1885,Illegal
Brunei,BRN,1886,Illegal
Brunei,BRN,1887,Illegal
Brunei,BRN,1888,Illegal
Brunei,BRN,1889,Illegal
Brunei,BRN,1890,Illegal
Brunei,BRN,1891,Illegal
Brunei,BRN,1892,Illegal
Brunei,BRN,1893,Illegal
Brunei,BRN,1894,Illegal
Brunei,BRN,1895,Illegal
Brunei,BRN,1896,Illegal
Brunei,BRN,1897,Illegal
Brunei,BRN,1898,Illegal
Brunei,BRN,1899,Illegal
Brunei,BRN,1900,Illegal
Brunei,BRN,1901,Illegal
Brunei,BRN,1902,Illegal
Brunei,BRN,1903,Illegal
Brunei,BRN,1904,Illegal
Brunei,BRN,1905,Illegal
Brunei,BRN,1906,Illegal
Brunei,BRN,1907,Illegal
Brunei,BRN,1908,Illegal
Brunei,BRN,1909,Illegal
Brunei,BRN,1910,Illegal
Brunei,BRN,1911,Illegal
Brunei,BRN,1912,Illegal
Brunei,BRN,1913,Illegal
Brunei,BRN,1914,Illegal
Brunei,BRN,1915,Illegal
Brunei,BRN,1916,Illegal
Brunei,BRN,1917,Illegal
Brunei,BRN,1918,Illegal
Brunei,BRN,1919,Illegal
Brunei,BRN,1920,Illegal
Brunei,BRN,1921,Illegal
Brunei,BRN,1922,Illegal
Brunei,BRN,1923,Illegal
Brunei,BRN,1924,Illegal
Brunei,BRN,1925,Illegal
Brunei,BRN,1926,Illegal
Brunei,BRN,1927,Illegal
Brunei,BRN,1928,Illegal
Brunei,BRN,1929,Illegal
Brunei,BRN,1930,Illegal
Brunei,BRN,1931,Illegal
Brunei,BRN,1932,Illegal
Brunei,BRN,1933,Illegal
Brunei,BRN,1934,Illegal
Brunei,BRN,1935,Illegal
Brunei,BRN,1936,Illegal
Brunei,BRN,1937,Illegal
Brunei,BRN,1938,Illegal
Brunei,BRN,1939,Illegal
Brunei,BRN,1940,Illegal
Brunei,BRN,1941,Illegal
Brunei,BRN,1942,Illegal
Brunei,BRN,1943,Illegal
Brunei,BRN,1944,Illegal
Brunei,BRN,1945,Illegal
Brunei,BRN,1946,Illegal
Brunei,BRN,1947,Illegal
Brunei,BRN,1948,Illegal
Brunei,BRN,1949,Illegal
Brunei,BRN,1950,Illegal
Brunei,BRN,1951,Illegal
Brunei,BRN,1952,Illegal
Brunei,BRN,1953,Illegal
Brunei,BRN,1954,Illegal
Brunei,BRN,1955,Illegal
Brunei,BRN,1956,Illegal
Brunei,BRN,1957,Illegal
Brunei,BRN,1958,Illegal
Brunei,BRN,1959,Illegal
Brunei,BRN,1960,Illegal
Brunei,BRN,1961,Illegal
Brunei,BRN,1962,Illegal
Brunei,BRN,1963,Illegal
Brunei,BRN,1964,Illegal
Brunei,BRN,1965,Illegal
Brunei,BRN,1966,Illegal
Brunei,BRN,1967,Illegal
Brunei,BRN,1968,Illegal
Brunei,BRN,1969,Illegal
Brunei,BRN,1970,Illegal
Brunei,BRN,1971,Illegal
Brunei,BRN,1972,Illegal
Brunei,BRN,1973,Illegal
Brunei,BRN,1974,Illegal
Brunei,BRN,1975,Illegal
Brunei,BRN,1976,Illegal
Brunei,BRN,1977,Illegal
Brunei,BRN,1978,Illegal
Brunei,BRN,1979,Illegal
Brunei,BRN,1980,Illegal
Brunei,BRN,1981,Illegal
Brunei,BRN,1982,Illegal
Brunei,BRN,1983,Illegal
Brunei,BRN,1984,Illegal
Brunei,BRN,1985,Illegal
Brunei,BRN,1986,Illegal
Brunei,BRN,1987,Illegal
Brunei,BRN,1988,Illegal
Brunei,BRN,1989,Illegal
Brunei,BRN,1990,Illegal
Brunei,BRN,1991,Illegal
Brunei,BRN,1992,Illegal
Brunei,BRN,1993,Illegal
Brunei,BRN,1994,Illegal
Brunei,BRN,1995,Illegal
Brunei,BRN,1996,Illegal
Brunei,BRN,1997,Illegal
Brunei,BRN,1998,Illegal
Brunei,BRN,1999,Illegal
Brunei,BRN,2000,Illegal
Brunei,BRN,2001,Illegal
Brunei,BRN,2002,Illegal
Brunei,BRN,2003,Illegal
Brunei,BRN,2004,Illegal
Brunei,BRN,2005,Illegal
Brunei,BRN,2006,Illegal
Brunei,BRN,2007,Illegal
Brunei,BRN,2008,Illegal
Brunei,BRN,2009,Illegal
Brunei,BRN,2010,Illegal
Brunei,BRN,2011,Illegal
Brunei,BRN,2012,Illegal
Brunei,BRN,2013,Illegal
Brunei,BRN,2014,Illegal
Brunei,BRN,2015,Illegal
Brunei,BRN,2016,Illegal
Brunei,BRN,2017,Illegal
Brunei,BRN,2018,Illegal
Brunei,BRN,2019,Illegal
Brunei,BRN,2020,Illegal
Brunei,BRN,2021,Illegal
Brunei,BRN,2022,Illegal
Brunei,BRN,2023,Illegal
Brunei,BRN,2024,Illegal
Brunei,BRN,2025,Illegal
Bulgaria,BGR,1760,Illegal
Bulgaria,BGR,1761,Illegal
Bulgaria,BGR,1762,Illegal
Bulgaria,BGR,1763,Illegal
Bulgaria,BGR,1764,Illegal
Bulgaria,BGR,1765,Illegal
Bulgaria,BGR,1766,Illegal
Bulgaria,BGR,1767,Illegal
Bulgaria,BGR,1768,Illegal
Bulgaria,BGR,1769,Illegal
Bulgaria,BGR,1770,Illegal
Bulgaria,BGR,1771,Illegal
Bulgaria,BGR,1772,Illegal
Bulgaria,BGR,1773,Illegal
Bulgaria,BGR,1774,Illegal
Bulgaria,BGR,1775,Illegal
Bulgaria,BGR,1776,Illegal
Bulgaria,BGR,1777,Illegal
Bulgaria,BGR,1778,Illegal
Bulgaria,BGR,1779,Illegal
Bulgaria,BGR,1780,Illegal
Bulgaria,BGR,1781,Illegal
Bulgaria,BGR,1782,Illegal
Bulgaria,BGR,1783,Illegal
Bulgaria,BGR,1784,Illegal
Bulgaria,BGR,1785,Illegal
Bulgaria,BGR,1786,Illegal
Bulgaria,BGR,1787,Illegal
Bulgaria,BGR,1788,Illegal
Bulgaria,BGR,1789,Illegal
Bulgaria,BGR,1790,Illegal
Bulgaria,BGR,1791,Illegal
Bulgaria,BGR,1792,Illegal
Bulgaria,BGR,1793,Illegal
Bulgaria,BGR,1794,Illegal
Bulgaria,BGR,1795,Illegal
Bulgaria,BGR,1796,Illegal
Bulgaria,BGR,1797,Illegal
Bulgaria,BGR,1798,Illegal
Bulgaria,BGR,1799,Illegal
Bulgaria,BGR,1800,Illegal
Bulgaria,BGR,1801,Illegal
Bulgaria,BGR,1802,Illegal
Bulgaria,BGR,1803,Illegal
Bulgaria,BGR,1804,Illegal
Bulgaria,BGR,1805,Illegal
Bulgaria,BGR,1806,Illegal
Bulgaria,BGR,1807,Illegal
Bulgaria,BGR,1808,Illegal
Bulgaria,BGR,1809,Illegal
Bulgaria,BGR,1810,Illegal
Bulgaria,BGR,1811,Illegal
Bulgaria,BGR,1812,Illegal
Bulgaria,BGR,1813,Illegal
Bulgaria,BGR,1814,Illegal
Bulgaria,BGR,1815,Illegal
Bulgaria,BGR,1816,Illegal
Bulgaria,BGR,1817,Illegal
Bulgaria,BGR,1818,Illegal
Bulgaria,BGR,1819,Illegal
Bulgaria,BGR,1820,Illegal
Bulgaria,BGR,1821,Illegal
Bulgaria,BGR,1822,Illegal
Bulgaria,BGR,1823,Illegal
Bulgaria,BGR,1824,Illegal
Bulgaria,BGR,1825,Illegal
Bulgaria,BGR,1826,Illegal
Bulgaria,BGR,1827,Illegal
Bulgaria,BGR,1828,Illegal
Bulgaria,BGR,1829,Illegal
Bulgaria,BGR,1830,Illegal
Bulgaria,BGR,1831,Illegal
Bulgaria,BGR,1832,Illegal
Bulgaria,BGR,1833,Illegal
Bulgaria,BGR,1834,Illegal
Bulgaria,BGR,1835,Illegal
Bulgaria,BGR,1836,Illegal
Bulgaria,BGR,1837,Illegal
Bulgaria,BGR,1838,Illegal
Bulgaria,BGR,1839,Illegal
Bulgaria,BGR,1840,Illegal
Bulgaria,BGR,1841,Illegal
Bulgaria,BGR,1842,Illegal
Bulgaria,BGR,1843,Illegal
Bulgaria,BGR,1844,Illegal
Bulgaria,BGR,1845,Illegal
Bulgaria,BGR,1846,Illegal
Bulgaria,BGR,1847,Illegal
Bulgaria,BGR,1848,Illegal
Bulgaria,BGR,1849,Illegal
Bulgaria,BGR,1850,Illegal
Bulgaria,BGR,1851,Illegal
Bulgaria,BGR,1852,Illegal
Bulgaria,BGR,1853,Illegal
Bulgaria,BGR,1854,Illegal
Bulgaria,BGR,1855,Illegal
Bulgaria,BGR,1856,Illegal
Bulgaria,BGR,1857,Illegal
Bulgaria,BGR,1858,Legal
Bulgaria,BGR,1859,Legal
Bulgaria,BGR,1860,Legal
Bulgaria,BGR,1861,Legal
Bulgaria,BGR,1862,Legal
Bulgaria,BGR,1863,Legal
Bulgaria,BGR,1864,Legal
Bulgaria,BGR,1865,Legal
Bulgaria,BGR,1866,Legal
Bulgaria,BGR,1867,Legal
Bulgaria,BGR,1868,Legal
Bulgaria,BGR,1869,Legal
Bulgaria,BGR,1870,Legal
Bulgaria,BGR,1871,Legal
Bulgaria,BGR,1872,Legal
Bulgaria,BGR,1873,Legal
Bulgaria,BGR,1874,Legal
Bulgaria,BGR,1875,Legal
Bulgaria,BGR,1876,Legal
Bulgaria,BGR,1877,Legal
Bulgaria,BGR,1878,Legal
Bulgaria,BGR,1879,Legal
Bulgaria,BGR,1880,Legal
Bulgaria,BGR,1881,Legal
Bulgaria,BGR,1882,Legal
Bulgaria,BGR,1883,Legal
Bulgaria,BGR,1884,Legal
Bulgaria,BGR,1885,Legal
Bulgaria,BGR,1886,Legal
Bulgaria,BGR,1887,Legal
Bulgaria,BGR,1888,Legal
Bulgaria,BGR,1889,Legal
Bulgaria,BGR,1890,Legal
Bulgaria,BGR,1891,Legal
Bulgaria,BGR,1892,Legal
Bulgaria,BGR,1893,Legal
Bulgaria,BGR,1894,Legal
Bulgaria,BGR,1895,Legal
Bulgaria,BGR,1896,Illegal
Bulgaria,BGR,1897,Illegal
Bulgaria,BGR,1898,Illegal
Bulgaria,BGR,1899,Illegal
Bulgaria,BGR,1900,Illegal
Bulgaria,BGR,1901,Illegal
Bulgaria,BGR,1902,Illegal
Bulgaria,BGR,1903,Illegal
Bulgaria,BGR,1904,Illegal
Bulgaria,BGR,1905,Illegal
Bulgaria,BGR,1906,Illegal
Bulgaria,BGR,1907,Illegal
Bulgaria,BGR,1908,Illegal
Bulgaria,BGR,1909,Illegal
Bulgaria,BGR,1910,Illegal
Bulgaria,BGR,1911,Illegal
Bulgaria,BGR,1912,Illegal
Bulgaria,BGR,1913,Illegal
Bulgaria,BGR,1914,Illegal
Bulgaria,BGR,1915,Illegal
Bulgaria,BGR,1916,Illegal
Bulgaria,BGR,1917,Illegal
Bulgaria,BGR,1918,Illegal
Bulgaria,BGR,1919,Illegal
Bulgaria,BGR,1920,Illegal
Bulgaria,BGR,1921,Illegal
Bulgaria,BGR,1922,Illegal
Bulgaria,BGR,1923,Illegal
Bulgaria,BGR,1924,Illegal
Bulgaria,BGR,1925,Illegal
Bulgaria,BGR,1926,Illegal
Bulgaria,BGR,1927,Illegal
Bulgaria,BGR,1928,Illegal
Bulgaria,BGR,1929,Illegal
Bulgaria,BGR,1930,Illegal
Bulgaria,BGR,1931,Illegal
Bulgaria,BGR,1932,Illegal
Bulgaria,BGR,1933,Illegal
Bulgaria,BGR,1934,Illegal
Bulgaria,BGR,1935,Illegal
Bulgaria,BGR,1936,Illegal
Bulgaria,BGR,1937,Illegal
Bulgaria,BGR,1938,Illegal
Bulgaria,BGR,1939,Illegal
Bulgaria,BGR,1940,Illegal
Bulgaria,BGR,1941,Illegal
Bulgaria,BGR,1942,Illegal
Bulgaria,BGR,1943,Illegal
Bulgaria,BGR,1944,Illegal
Bulgaria,BGR,1945,Illegal
Bulgaria,BGR,1946,Illegal
Bulgaria,BGR,1947,Illegal
Bulgaria,BGR,1948,Illegal
Bulgaria,BGR,1949,Illegal
Bulgaria,BGR,1950,Illegal
Bulgaria,BGR,1951,Illegal
Bulgaria,BGR,1952,Illegal
Bulgaria,BGR,1953,Illegal
Bulgaria,BGR,1954,Illegal
Bulgaria,BGR,1955,Illegal
Bulgaria,BGR,1956,Illegal
Bulgaria,BGR,1957,Illegal
Bulgaria,BGR,1958,Illegal
Bulgaria,BGR,1959,Illegal
Bulgaria,BGR,1960,Illegal
Bulgaria,BGR,1961,Illegal
Bulgaria,BGR,1962,Illegal
Bulgaria,BGR,1963,Illegal
Bulgaria,BGR,1964,Illegal
Bulgaria,BGR,1965,Illegal
Bulgaria,BGR,1966,Illegal
Bulgaria,BGR,1967,Illegal
Bulgaria,BGR,1968,Legal
Bulgaria,BGR,1969,Legal
Bulgaria,BGR,1970,Legal
Bulgaria,BGR,1971,Legal
Bulgaria,BGR,1972,Legal
Bulgaria,BGR,1973,Legal
Bulgaria,BGR,1974,Legal
Bulgaria,BGR,1975,Legal
Bulgaria,BGR,1976,Legal
Bulgaria,BGR,1977,Legal
Bulgaria,BGR,1978,Legal
Bulgaria,BGR,1979,Legal
Bulgaria,BGR,1980,Legal
Bulgaria,BGR,1981,Legal
Bulgaria,BGR,1982,Legal
Bulgaria,BGR,1983,Legal
Bulgaria,BGR,1984,Legal
Bulgaria,BGR,1985,Legal
Bulgaria,BGR,1986,Legal
Bulgaria,BGR,1987,Legal
Bulgaria,BGR,1988,Legal
Bulgaria,BGR,1989,Legal
Bulgaria,BGR,1990,Legal
Bulgaria,BGR,1991,Legal
Bulgaria,BGR,1992,Legal
Bulgaria,BGR,1993,Legal
Bulgaria,BGR,1994,Legal
Bulgaria,BGR,1995,Legal
Bulgaria,BGR,1996,Legal
Bulgaria,BGR,1997,Legal
Bulgaria,BGR,1998,Legal
Bulgaria,BGR,1999,Legal
Bulgaria,BGR,2000,Legal
Bulgaria,BGR,2001,Legal
Bulgaria,BGR,2002,Legal
Bulgaria,BGR,2003,Legal
Bulgaria,BGR,2004,Legal
Bulgaria,BGR,2005,Legal
Bulgaria,BGR,2006,Legal
Bulgaria,BGR,2007,Legal
Bulgaria,BGR,2008,Legal
Bulgaria,BGR,2009,Legal
Bulgaria,BGR,2010,Legal
Bulgaria,BGR,2011,Legal
Bulgaria,BGR,2012,Legal
Bulgaria,BGR,2013,Legal
Bulgaria,BGR,2014,Legal
Bulgaria,BGR,2015,Legal
Bulgaria,BGR,2016,Legal
Bulgaria,BGR,2017,Legal
Bulgaria,BGR,2018,Legal
Bulgaria,BGR,2019,Legal
Bulgaria,BGR,2020,Legal
Bulgaria,BGR,2021,Legal
Bulgaria,BGR,2022,Legal
Bulgaria,BGR,2023,Legal
Bulgaria,BGR,2024,Legal
Bulgaria,BGR,2025,Legal
Burkina Faso,BFA,1877,Legal
Burkina Faso,BFA,1878,Legal
Burkina Faso,BFA,1879,Legal
Burkina Faso,BFA,1880,Legal
Burkina Faso,BFA,1881,Legal
Burkina Faso,BFA,1882,Legal
Burkina Faso,BFA,1883,Legal
Burkina Faso,BFA,1884,Legal
Burkina Faso,BFA,1885,Legal
Burkina Faso,BFA,1886,Legal
Burkina Faso,BFA,1887,Legal
Burkina Faso,BFA,1888,Legal
Burkina Faso,BFA,1889,Legal
Burkina Faso,BFA,1890,Legal
Burkina Faso,BFA,1891,Legal
Burkina Faso,BFA,1892,Legal
Burkina Faso,BFA,1893,Legal
Burkina Faso,BFA,1894,Legal
Burkina Faso,BFA,1895,Legal
Burkina Faso,BFA,1896,Legal
Burkina Faso,BFA,1897,Legal
Burkina Faso,BFA,1898,Legal
Burkina Faso,BFA,1899,Legal
Burkina Faso,BFA,1900,Legal
Burkina Faso,BFA,1901,Legal
Burkina Faso,BFA,1902,Legal
Burkina Faso,BFA,1903,Legal
Burkina Faso,BFA,1904,Legal
Burkina Faso,BFA,1905,Legal
Burkina Faso,BFA,1906,Legal
Burkina Faso,BFA,1907,Legal
Burkina Faso,BFA,1908,Legal
Burkina Faso,BFA,1909,Legal
Burkina Faso,BFA,1910,Legal
Burkina Faso,BFA,1911,Legal
Burkina Faso,BFA,1912,Legal
Burkina Faso,BFA,1913,Legal
Burkina Faso,BFA,1914,Legal
Burkina Faso,BFA,1915,Legal
Burkina Faso,BFA,1916,Legal
Burkina Faso,BFA,1917,Legal
Burkina Faso,BFA,1918,Legal
Burkina Faso,BFA,1919,Legal
Burkina Faso,BFA,1920,Legal
Burkina Faso,BFA,1921,Legal
Burkina Faso,BFA,1922,Legal
Burkina Faso,BFA,1923,Legal
Burkina Faso,BFA,1924,Legal
Burkina Faso,BFA,1925,Legal
Burkina Faso,BFA,1926,Legal
Burkina Faso,BFA,1927,Legal
Burkina Faso,BFA,1928,Legal
Burkina Faso,BFA,1929,Legal
Burkina Faso,BFA,1930,Legal
Burkina Faso,BFA,1931,Legal
Burkina Faso,BFA,1932,Legal
Burkina Faso,BFA,1933,Legal
Burkina Faso,BFA,1934,Legal
Burkina Faso,BFA,1935,Legal
Burkina Faso,BFA,1936,Legal
Burkina Faso,BFA,1937,Legal
Burkina Faso,BFA,1938,Legal
Burkina Faso,BFA,1939,Legal
Burkina Faso,BFA,1940,Legal
Burkina Faso,BFA,1941,Legal
Burkina Faso,BFA,1942,Legal
Burkina Faso,BFA,1943,Legal
Burkina Faso,BFA,1944,Legal
Burkina Faso,BFA,1945,Legal
Burkina Faso,BFA,1946,Legal
Burkina Faso,BFA,1947,Legal
Burkina Faso,BFA,1948,Legal
Burkina Faso,BFA,1949,Legal
Burkina Faso,BFA,1950,Legal
Burkina Faso,BFA,1951,Legal
Burkina Faso,BFA,1952,Legal
Burkina Faso,BFA,1953,Legal
Burkina Faso,BFA,1954,Legal
Burkina Faso,BFA,1955,Legal
Burkina Faso,BFA,1956,Legal
Burkina Faso,BFA,1957,Legal
Burkina Faso,BFA,1958,Legal
Burkina Faso,BFA,1959,Legal
Burkina Faso,BFA,1960,Legal
Burkina Faso,BFA,1961,Legal
Burkina Faso,BFA,1962,Legal
Burkina Faso,BFA,1963,Legal
Burkina Faso,BFA,1964,Legal
Burkina Faso,BFA,1965,Legal
Burkina Faso,BFA,1966,Legal
Burkina Faso,BFA,1967,Legal
Burkina Faso,BFA,1968,Legal
Burkina Faso,BFA,1969,Legal
Burkina Faso,BFA,1970,Legal
Burkina Faso,BFA,1971,Legal
Burkina Faso,BFA,1972,Legal
Burkina Faso,BFA,1973,Legal
Burkina Faso,BFA,1974,Legal
Burkina Faso,BFA,1975,Legal
Burkina Faso,BFA,1976,Legal
Burkina Faso,BFA,1977,Legal
Burkina Faso,BFA,1978,Legal
Burkina Faso,BFA,1979,Legal
Burkina Faso,BFA,1980,Legal
Burkina Faso,BFA,1981,Legal
Burkina Faso,BFA,1982,Legal
Burkina Faso,BFA,1983,Legal
Burkina Faso,BFA,1984,Legal
Burkina Faso,BFA,1985,Legal
Burkina Faso,BFA,1986,Legal
Burkina Faso,BFA,1987,Legal
Burkina Faso,BFA,1988,Legal
Burkina Faso,BFA,1989,Legal
Burkina Faso,BFA,1990,Legal
Burkina Faso,BFA,1991,Legal
Burkina Faso,BFA,1992,Legal
Burkina Faso,BFA,1993,Legal
Burkina Faso,BFA,1994,Legal
Burkina Faso,BFA,1995,Legal
Burkina Faso,BFA,1996,Legal
Burkina Faso,BFA,1997,Legal
Burkina Faso,BFA,1998,Legal
Burkina Faso,BFA,1999,Legal
Burkina Faso,BFA,2000,Legal
Burkina Faso,BFA,2001,Legal
Burkina Faso,BFA,2002,Legal
Burkina Faso,BFA,2003,Legal
Burkina Faso,BFA,2004,Legal
Burkina Faso,BFA,2005,Legal
Burkina Faso,BFA,2006,Legal
Burkina Faso,BFA,2007,Legal
Burkina Faso,BFA,2008,Legal
Burkina Faso,BFA,2009,Legal
Burkina Faso,BFA,2010,Legal
Burkina Faso,BFA,2011,Legal
Burkina Faso,BFA,2012,Legal
Burkina Faso,BFA,2013,Legal
Burkina Faso,BFA,2014,Legal
Burkina Faso,BFA,2015,Legal
Burkina Faso,BFA,2016,Legal
Burkina Faso,BFA,2017,Legal
Burkina Faso,BFA,2018,Legal
Burkina Faso,BFA,2019,Legal
Burkina Faso,BFA,2020,Legal
Burkina Faso,BFA,2021,Legal
Burkina Faso,BFA,2022,Legal
Burkina Faso,BFA,2023,Legal
Burkina Faso,BFA,2024,Legal
Burkina Faso,BFA,2025,Legal
Burundi,BDI,2009,Illegal
Burundi,BDI,2010,Illegal
Burundi,BDI,2011,Illegal
Burundi,BDI,2012,Illegal
Burundi,BDI,2013,Illegal
Burundi,BDI,2014,Illegal
Burundi,BDI,2015,Illegal
Burundi,BDI,2016,Illegal
Burundi,BDI,2017,Illegal
Burundi,BDI,2018,Illegal
Burundi,BDI,2019,Illegal
Burundi,BDI,2020,Illegal
Burundi,BDI,2021,Illegal
Burundi,BDI,2022,Illegal
Burundi,BDI,2023,Illegal
Burundi,BDI,2024,Illegal
Burundi,BDI,2025,Illegal
Cambodia,KHM,1760,Legal
Cambodia,KHM,1761,Legal
Cambodia,KHM,1762,Legal
Cambodia,KHM,1763,Legal
Cambodia,KHM,1764,Legal
Cambodia,KHM,1765,Legal
Cambodia,KHM,1766,Legal
Cambodia,KHM,1767,Legal
Cambodia,KHM,1768,Legal
Cambodia,KHM,1769,Legal
Cambodia,KHM,1770,Legal
Cambodia,KHM,1771,Legal
Cambodia,KHM,1772,Legal
Cambodia,KHM,1773,Legal
Cambodia,KHM,1774,Legal
Cambodia,KHM,1775,Legal
Cambodia,KHM,1776,Legal
Cambodia,KHM,1777,Legal
Cambodia,KHM,1778,Legal
Cambodia,KHM,1779,Legal
Cambodia,KHM,1780,Legal
Cambodia,KHM,1781,Legal
Cambodia,KHM,1782,Legal
Cambodia,KHM,1783,Legal
Cambodia,KHM,1784,Legal
Cambodia,KHM,1785,Legal
Cambodia,KHM,1786,Legal
Cambodia,KHM,1787,Legal
Cambodia,KHM,1788,Legal
Cambodia,KHM,1789,Legal
Cambodia,KHM,1790,Legal
Cambodia,KHM,1791,Legal
Cambodia,KHM,1792,Legal
Cambodia,KHM,1793,Legal
Cambodia,KHM,1794,Legal
Cambodia,KHM,1795,Legal
Cambodia,KHM,1796,Legal
Cambodia,KHM,1797,Legal
Cambodia,KHM,1798,Legal
Cambodia,KHM,1799,Legal
Cambodia,KHM,1800,Legal
Cambodia,KHM,1801,Legal
Cambodia,KHM,1802,Legal
Cambodia,KHM,1803,Legal
Cambodia,KHM,1804,Legal
Cambodia,KHM,1805,Legal
Cambodia,KHM,1806,Legal
Cambodia,KHM,1807,Legal
Cambodia,KHM,1808,Legal
Cambodia,KHM,1809,Legal
Cambodia,KHM,1810,Legal
Cambodia,KHM,1811,Legal
Cambodia,KHM,1812,Legal
Cambodia,KHM,1813,Legal
Cambodia,KHM,1814,Legal
Cambodia,KHM,1815,Legal
Cambodia,KHM,1816,Legal
Cambodia,KHM,1817,Legal
Cambodia,KHM,1818,Legal
Cambodia,KHM,1819,Legal
Cambodia,KHM,1820,Legal
Cambodia,KHM,1821,Legal
Cambodia,KHM,1822,Legal
Cambodia,KHM,1823,Legal
Cambodia,KHM,1824,Legal
Cambodia,KHM,1825,Legal
Cambodia,KHM,1826,Legal
Cambodia,KHM,1827,Legal
Cambodia,KHM,1828,Legal
Cambodia,KHM,1829,Legal
Cambodia,KHM,1830,Legal
Cambodia,KHM,1831,Legal
Cambodia,KHM,1832,Legal
Cambodia,KHM,1833,Legal
Cambodia,KHM,1834,Legal
Cambodia,KHM,1835,Legal
Cambodia,KHM,1836,Legal
Cambodia,KHM,1837,Legal
Cambodia,KHM,1838,Legal
Cambodia,KHM,1839,Legal
Cambodia,KHM,1840,Legal
Cambodia,KHM,1841,Legal
Cambodia,KHM,1842,Legal
Cambodia,KHM,1843,Legal
Cambodia,KHM,1844,Legal
Cambodia,KHM,1845,Legal
Cambodia,KHM,1846,Legal
Cambodia,KHM,1847,Legal
Cambodia,KHM,1848,Legal
Cambodia,KHM,1849,Legal
Cambodia,KHM,1850,Legal
Cambodia,KHM,1851,Legal
Cambodia,KHM,1852,Legal
Cambodia,KHM,1853,Legal
Cambodia,KHM,1854,Legal
Cambodia,KHM,1855,Legal
Cambodia,KHM,1856,Legal
Cambodia,KHM,1857,Legal
Cambodia,KHM,1858,Legal
Cambodia,KHM,1859,Legal
Cambodia,KHM,1860,Legal
Cambodia,KHM,1861,Legal
Cambodia,KHM,1862,Legal
Cambodia,KHM,1863,Legal
Cambodia,KHM,1864,Legal
Cambodia,KHM,1865,Legal
Cambodia,KHM,1866,Legal
Cambodia,KHM,1867,Legal
Cambodia,KHM,1868,Legal
Cambodia,KHM,1869,Legal
Cambodia,KHM,1870,Legal
Cambodia,KHM,1871,Legal
Cambodia,KHM,1872,Legal
Cambodia,KHM,1873,Legal
Cambodia,KHM,1874,Legal
Cambodia,KHM,1875,Legal
Cambodia,KHM,1876,Legal
Cambodia,KHM,1877,Legal
Cambodia,KHM,1878,Legal
Cambodia,KHM,1879,Legal
Cambodia,KHM,1880,Legal
Cambodia,KHM,1881,Legal
Cambodia,KHM,1882,Legal
Cambodia,KHM,1883,Legal
Cambodia,KHM,1884,Legal
Cambodia,KHM,1885,Legal
Cambodia,KHM,1886,Legal
Cambodia,KHM,1887,Legal
Cambodia,KHM,1888,Legal
Cambodia,KHM,1889,Legal
Cambodia,KHM,1890,Legal
Cambodia,KHM,1891,Legal
Cambodia,KHM,1892,Legal
Cambodia,KHM,1893,Legal
Cambodia,KHM,1894,Legal
Cambodia,KHM,1895,Legal
Cambodia,KHM,1896,Legal
Cambodia,KHM,1897,Legal
Cambodia,KHM,1898,Legal
Cambodia,KHM,1899,Legal
Cambodia,KHM,1900,Legal
Cambodia,KHM,1901,Legal
Cambodia,KHM,1902,Legal
Cambodia,KHM,1903,Legal
Cambodia,KHM,1904,Legal
Cambodia,KHM,1905,Legal
Cambodia,KHM,1906,Legal
Cambodia,KHM,1907,Legal
Cambodia,KHM,1908,Legal
Cambodia,KHM,1909,Legal
Cambodia,KHM,1910,Legal
Cambodia,KHM,1911,Legal
Cambodia,KHM,1912,Legal
Cambodia,KHM,1913,Legal
Cambodia,KHM,1914,Legal
Cambodia,KHM,1915,Legal
Cambodia,KHM,1916,Legal
Cambodia,KHM,1917,Legal
Cambodia,KHM,1918,Legal
Cambodia,KHM,1919,Legal
Cambodia,KHM,1920,Legal
Cambodia,KHM,1921,Legal
Cambodia,KHM,1922,Legal
Cambodia,KHM,1923,Legal
Cambodia,KHM,1924,Legal
Cambodia,KHM,1925,Legal
Cambodia,KHM,1926,Legal
Cambodia,KHM,1927,Legal
Cambodia,KHM,1928,Legal
Cambodia,KHM,1929,Legal
Cambodia,KHM,1930,Legal
Cambodia,KHM,1931,Legal
Cambodia,KHM,1932,Legal
Cambodia,KHM,1933,Legal
Cambodia,KHM,1934,Legal
Cambodia,KHM,1935,Legal
Cambodia,KHM,1936,Legal
Cambodia,KHM,1937,Legal
Cambodia,KHM,1938,Legal
Cambodia,KHM,1939,Legal
Cambodia,KHM,1940,Legal
Cambodia,KHM,1941,Legal
Cambodia,KHM,1942,Legal
Cambodia,KHM,1943,Legal
Cambodia,KHM,1944,Legal
Cambodia,KHM,1945,Legal
Cambodia,KHM,1946,Legal
Cambodia,KHM,1947,Legal
Cambodia,KHM,1948,Legal
Cambodia,KHM,1949,Legal
Cambodia,KHM,1950,Legal
Cambodia,KHM,1951,Legal
Cambodia,KHM,1952,Legal
Cambodia,KHM,1953,Legal
Cambodia,KHM,1954,Legal
Cambodia,KHM,1955,Legal
Cambodia,KHM,1956,Legal
Cambodia,KHM,1957,Legal
Cambodia,KHM,1958,Legal
Cambodia,KHM,1959,Legal
Cambodia,KHM,1960,Legal
Cambodia,KHM,1961,Legal
Cambodia,KHM,1962,Legal
Cambodia,KHM,1963,Legal
Cambodia,KHM,1964,Legal
Cambodia,KHM,1965,Legal
Cambodia,KHM,1966,Legal
Cambodia,KHM,1967,Legal
Cambodia,KHM,1968,Legal
Cambodia,KHM,1969,Legal
Cambodia,KHM,1970,Legal
Cambodia,KHM,1971,Legal
Cambodia,KHM,1972,Legal
Cambodia,KHM,1973,Legal
Cambodia,KHM,1974,Legal
Cambodia,KHM,1975,Legal
Cambodia,KHM,1976,Legal
Cambodia,KHM,1977,Legal
Cambodia,KHM,1978,Legal
Cambodia,KHM,1979,Legal
Cambodia,KHM,1980,Legal
Cambodia,KHM,1981,Legal
Cambodia,KHM,1982,Legal
Cambodia,KHM,1983,Legal
Cambodia,KHM,1984,Legal
Cambodia,KHM,1985,Legal
Cambodia,KHM,1986,Legal
Cambodia,KHM,1987,Legal
Cambodia,KHM,1988,Legal
Cambodia,KHM,1989,Legal
Cambodia,KHM,1990,Legal
Cambodia,KHM,1991,Legal
Cambodia,KHM,1992,Legal
Cambodia,KHM,1993,Legal
Cambodia,KHM,1994,Legal
Cambodia,KHM,1995,Legal
Cambodia,KHM,1996,Legal
Cambodia,KHM,1997,Legal
Cambodia,KHM,1998,Legal
Cambodia,KHM,1999,Legal
Cambodia,KHM,2000,Legal
Cambodia,KHM,2001,Legal
Cambodia,KHM,2002,Legal
Cambodia,KHM,2003,Legal
Cambodia,KHM,2004,Legal
Cambodia,KHM,2005,Legal
Cambodia,KHM,2006,Legal
Cambodia,KHM,2007,Legal
Cambodia,KHM,2008,Legal
Cambodia,KHM,2009,Legal
Cambodia,KHM,2010,Legal
Cambodia,KHM,2011,Legal
Cambodia,KHM,2012,Legal
Cambodia,KHM,2013,Legal
Cambodia,KHM,2014,Legal
Cambodia,KHM,2015,Legal
Cambodia,KHM,2016,Legal
Cambodia,KHM,2017,Legal
Cambodia,KHM,2018,Legal
Cambodia,KHM,2019,Legal
Cambodia,KHM,2020,Legal
Cambodia,KHM,2021,Legal
Cambodia,KHM,2022,Legal
Cambodia,KHM,2023,Legal
Cambodia,KHM,2024,Legal
Cambodia,KHM,2025,Legal
Cameroon,CMR,1918,Illegal
Cameroon,CMR,1919,Illegal
Cameroon,CMR,1920,Illegal
Cameroon,CMR,1921,Illegal
Cameroon,CMR,1922,Illegal
Cameroon,CMR,1923,Illegal
Cameroon,CMR,1924,Illegal
Cameroon,CMR,1925,Illegal
Cameroon,CMR,1926,Illegal
Cameroon,CMR,1927,Illegal
Cameroon,CMR,1928,Illegal
Cameroon,CMR,1929,Illegal
Cameroon,CMR,1930,Illegal
Cameroon,CMR,1931,Illegal
Cameroon,CMR,1932,Illegal
Cameroon,CMR,1933,Illegal
Cameroon,CMR,1934,Illegal
Cameroon,CMR,1935,Illegal
Cameroon,CMR,1936,Illegal
Cameroon,CMR,1937,Illegal
Cameroon,CMR,1938,Illegal
Cameroon,CMR,1939,Illegal
Cameroon,CMR,1940,Illegal
Cameroon,CMR,1941,Illegal
Cameroon,CMR,1942,Illegal
Cameroon,CMR,1943,Illegal
Cameroon,CMR,1944,Illegal
Cameroon,CMR,1945,Illegal
Cameroon,CMR,1946,Illegal
Cameroon,CMR,1947,Illegal
Cameroon,CMR,1948,Illegal
Cameroon,CMR,1949,Illegal
Cameroon,CMR,1950,Illegal
Cameroon,CMR,1951,Illegal
Cameroon,CMR,1952,Illegal
Cameroon,CMR,1953,Illegal
Cameroon,CMR,1954,Illegal
Cameroon,CMR,1955,Illegal
Cameroon,CMR,1956,Illegal
Cameroon,CMR,1957,Illegal
Cameroon,CMR,1958,Illegal
Cameroon,CMR,1959,Illegal
Cameroon,CMR,1960,Illegal
Cameroon,CMR,1961,Illegal
Cameroon,CMR,1962,Illegal
Cameroon,CMR,1963,Illegal
Cameroon,CMR,1964,Illegal
Cameroon,CMR,1965,Illegal
Cameroon,CMR,1966,Illegal
Cameroon,CMR,1967,Illegal
Cameroon,CMR,1968,Illegal
Cameroon,CMR,1969,Illegal
Cameroon,CMR,1970,Illegal
Cameroon,CMR,1971,Illegal
Cameroon,CMR,1972,Illegal
Cameroon,CMR,1973,Illegal
Cameroon,CMR,1974,Illegal
Cameroon,CMR,1975,Illegal
Cameroon,CMR,1976,Illegal
Cameroon,CMR,1977,Illegal
Cameroon,CMR,1978,Illegal
Cameroon,CMR,1979,Illegal
Cameroon,CMR,1980,Illegal
Cameroon,CMR,1981,Illegal
Cameroon,CMR,1982,Illegal
Cameroon,CMR,1983,Illegal
Cameroon,CMR,1984,Illegal
Cameroon,CMR,1985,Illegal
Cameroon,CMR,1986,Illegal
Cameroon,CMR,1987,Illegal
Cameroon,CMR,1988,Illegal
Cameroon,CMR,1989,Illegal
Cameroon,CMR,1990,Illegal
Cameroon,CMR,1991,Illegal
Cameroon,CMR,1992,Illegal
Cameroon,CMR,1993,Illegal
Cameroon,CMR,1994,Illegal
Cameroon,CMR,1995,Illegal
Cameroon,CMR,1996,Illegal
Cameroon,CMR,1997,Illegal
Cameroon,CMR,1998,Illegal
Cameroon,CMR,1999,Illegal
Cameroon,CMR,2000,Illegal
Cameroon,CMR,2001,Illegal
Cameroon,CMR,2002,Illegal
Cameroon,CMR,2003,Illegal
Cameroon,CMR,2004,Illegal
Cameroon,CMR,2005,Illegal
Cameroon,CMR,2006,Illegal
Cameroon,CMR,2007,Illegal
Cameroon,CMR,2008,Illegal
Cameroon,CMR,2009,Illegal
Cameroon,CMR,2010,Illegal
Cameroon,CMR,2011,Illegal
Cameroon,CMR,2012,Illegal
Cameroon,CMR,2013,Illegal
Cameroon,CMR,2014,Illegal
Cameroon,CMR,2015,Illegal
Cameroon,CMR,2016,Illegal
Cameroon,CMR,2017,Illegal
Cameroon,CMR,2018,Illegal
Cameroon,CMR,2019,Illegal
Cameroon,CMR,2020,Illegal
Cameroon,CMR,2021,Illegal
Cameroon,CMR,2022,Illegal
Cameroon,CMR,2023,Illegal
Cameroon,CMR,2024,Illegal
Cameroon,CMR,2025,Illegal
Canada,CAN,1760,Illegal
Canada,CAN,1761,Illegal
Canada,CAN,1762,Illegal
Canada,CAN,1763,Illegal
Canada,CAN,1764,Illegal
Canada,CAN,1765,Illegal
Canada,CAN,1766,Illegal
Canada,CAN,1767,Illegal
Canada,CAN,1768,Illegal
Canada,CAN,1769,Illegal
Canada,CAN,1770,Illegal
Canada,CAN,1771,Illegal
Canada,CAN,1772,Illegal
Canada,CAN,1773,Illegal
Canada,CAN,1774,Illegal
Canada,CAN,1775,Illegal
Canada,CAN,1776,Illegal
Canada,CAN,1777,Illegal
Canada,CAN,1778,Illegal
Canada,CAN,1779,Illegal
Canada,CAN,1780,Illegal
Canada,CAN,1781,Illegal
Canada,CAN,1782,Illegal
Canada,CAN,1783,Illegal
Canada,CAN,1784,Illegal
Canada,CAN,1785,Illegal
Canada,CAN,1786,Illegal
Canada,CAN,1787,Illegal
Canada,CAN,1788,Illegal
Canada,CAN,1789,Illegal
Canada,CAN,1790,Illegal
Canada,CAN,1791,Illegal
Canada,CAN,1792,Illegal
Canada,CAN,1793,Illegal
Canada,CAN,1794,Illegal
Canada,CAN,1795,Illegal
Canada,CAN,1796,Illegal
Canada,CAN,1797,Illegal
Canada,CAN,1798,Illegal
Canada,CAN,1799,Illegal
Canada,CAN,1800,Illegal
Canada,CAN,1801,Illegal
Canada,CAN,1802,Illegal
Canada,CAN,1803,Illegal
Canada,CAN,1804,Illegal
Canada,CAN,1805,Illegal
Canada,CAN,1806,Illegal
Canada,CAN,1807,Illegal
Canada,CAN,1808,Illegal
Canada,CAN,1809,Illegal
Canada,CAN,1810,Illegal
Canada,CAN,1811,Illegal
Canada,CAN,1812,Illegal
Canada,CAN,1813,Illegal
Canada,CAN,1814,Illegal
Canada,CAN,1815,Illegal
Canada,CAN,1816,Illegal
Canada,CAN,1817,Illegal
Canada,CAN,1818,Illegal
Canada,CAN,1819,Illegal
Canada,CAN,1820,Illegal
Canada,CAN,1821,Illegal
Canada,CAN,1822,Illegal
Canada,CAN,1823,Illegal
Canada,CAN,1824,Illegal
Canada,CAN,1825,Illegal
Canada,CAN,1826,Illegal
Canada,CAN,1827,Illegal
Canada,CAN,1828,Illegal
Canada,CAN,1829,Illegal
Canada,CAN,1830,Illegal
Canada,CAN,1831,Illegal
Canada,CAN,1832,Illegal
Canada,CAN,1833,Illegal
Canada,CAN,1834,Illegal
Canada,CAN,1835,Illegal
Canada,CAN,1836,Illegal
Canada,CAN,1837,Illegal
Canada,CAN,1838,Illegal
Canada,CAN,1839,Illegal
Canada,CAN,1840,Illegal
Canada,CAN,1841,Illegal
Canada,CAN,1842,Illegal
Canada,CAN,1843,Illegal
Canada,CAN,1844,Illegal
Canada,CAN,1845,Illegal
Canada,CAN,1846,Illegal
Canada,CAN,1847,Illegal
Canada,CAN,1848,Illegal
Canada,CAN,1849,Illegal
Canada,CAN,1850,Illegal
Canada,CAN,1851,Illegal
Canada,CAN,1852,Illegal
Canada,CAN,1853,Illegal
Canada,CAN,1854,Illegal
Canada,CAN,1855,Illegal
Canada,CAN,1856,Illegal
Canada,CAN,1857,Illegal
Canada,CAN,1858,Illegal
Canada,CAN,1859,Illegal
Canada,CAN,1860,Illegal
Canada,CAN,1861,Illegal
Canada,CAN,1862,Illegal
Canada,CAN,1863,Illegal
Canada,CAN,1864,Illegal
Canada,CAN,1865,Illegal
Canada,CAN,1866,Illegal
Canada,CAN,1867,Illegal
Canada,CAN,1868,Illegal
Canada,CAN,1869,Illegal
Canada,CAN,1870,Illegal
Canada,CAN,1871,Illegal
Canada,CAN,1872,Illegal
Canada,CAN,1873,Illegal
Canada,CAN,1874,Illegal
Canada,CAN,1875,Illegal
Canada,CAN,1876,Illegal
Canada,CAN,1877,Illegal
Canada,CAN,1878,Illegal
Canada,CAN,1879,Illegal
Canada,CAN,1880,Illegal
Canada,CAN,1881,Illegal
Canada,CAN,1882,Illegal
Canada,CAN,1883,Illegal
Canada,CAN,1884,Illegal
Canada,CAN,1885,Illegal
Canada,CAN,1886,Illegal
Canada,CAN,1887,Illegal
Canada,CAN,1888,Illegal
Canada,CAN,1889,Illegal
Canada,CAN,1890,Illegal
Canada,CAN,1891,Illegal
Canada,CAN,1892,Illegal
Canada,CAN,1893,Illegal
Canada,CAN,1894,Illegal
Canada,CAN,1895,Illegal
Canada,CAN,1896,Illegal
Canada,CAN,1897,Illegal
Canada,CAN,1898,Illegal
Canada,CAN,1899,Illegal
Canada,CAN,1900,Illegal
Canada,CAN,1901,Illegal
Canada,CAN,1902,Illegal
Canada,CAN,1903,Illegal
Canada,CAN,1904,Illegal
Canada,CAN,1905,Illegal
Canada,CAN,1906,Illegal
Canada,CAN,1907,Illegal
Canada,CAN,1908,Illegal
Canada,CAN,1909,Illegal
Canada,CAN,1910,Illegal
Canada,CAN,1911,Illegal
Canada,CAN,1912,Illegal
Canada,CAN,1913,Illegal
Canada,CAN,1914,Illegal
Canada,CAN,1915,Illegal
Canada,CAN,1916,Illegal
Canada,CAN,1917,Illegal
Canada,CAN,1918,Illegal
Canada,CAN,1919,Illegal
Canada,CAN,1920,Illegal
Canada,CAN,1921,Illegal
Canada,CAN,1922,Illegal
Canada,CAN,1923,Illegal
Canada,CAN,1924,Illegal
Canada,CAN,1925,Illegal
Canada,CAN,1926,Illegal
Canada,CAN,1927,Illegal
Canada,CAN,1928,Illegal
Canada,CAN,1929,Illegal
Canada,CAN,1930,Illegal
Canada,CAN,1931,Illegal
Canada,CAN,1932,Illegal
Canada,CAN,1933,Illegal
Canada,CAN,1934,Illegal
Canada,CAN,1935,Illegal
Canada,CAN,1936,Illegal
Canada,CAN,1937,Illegal
Canada,CAN,1938,Illegal
Canada,CAN,1939,Illegal
Canada,CAN,1940,Illegal
Canada,CAN,1941,Illegal
Canada,CAN,1942,Illegal
Canada,CAN,1943,Illegal
Canada,CAN,1944,Illegal
Canada,CAN,1945,Illegal
Canada,CAN,1946,Illegal
Canada,CAN,1947,Illegal
Canada,CAN,1948,Illegal
Canada,CAN,1949,Illegal
Canada,CAN,1950,Illegal
Canada,CAN,1951,Illegal
Canada,CAN,1952,Illegal
Canada,CAN,1953,Illegal
Canada,CAN,1954,Illegal
Canada,CAN,1955,Illegal
Canada,CAN,1956,Illegal
Canada,CAN,1957,Illegal
Canada,CAN,1958,Illegal
Canada,CAN,1959,Illegal
Canada,CAN,1960,Illegal
Canada,CAN,1961,Illegal
Canada,CAN,1962,Illegal
Canada,CAN,1963,Illegal
Canada,CAN,1964,Illegal
Canada,CAN,1965,Illegal
Canada,CAN,1966,Illegal
Canada,CAN,1967,Illegal
Canada,CAN,1968,Illegal
Canada,CAN,1969,Legal
Canada,CAN,1970,Legal
Canada,CAN,1971,Legal
Canada,CAN,1972,Legal
Canada,CAN,1973,Legal
Canada,CAN,1974,Legal
Canada,CAN,1975,Legal
Canada,CAN,1976,Legal
Canada,CAN,1977,Legal
Canada,CAN,1978,Legal
Canada,CAN,1979,Legal
Canada,CAN,1980,Legal
Canada,CAN,1981,Legal
Canada,CAN,1982,Legal
Canada,CAN,1983,Legal
Canada,CAN,1984,Legal
Canada,CAN,1985,Legal
Canada,CAN,1986,Legal
Canada,CAN,1987,Legal
Canada,CAN,1988,Legal
Canada,CAN,1989,Legal
Canada,CAN,1990,Legal
Canada,CAN,1991,Legal
Canada,CAN,1992,Legal
Canada,CAN,1993,Legal
Canada,CAN,1994,Legal
Canada,CAN,1995,Legal
Canada,CAN,1996,Legal
Canada,CAN,1997,Legal
Canada,CAN,1998,Legal
Canada,CAN,1999,Legal
Canada,CAN,2000,Legal
Canada,CAN,2001,Legal
Canada,CAN,2002,Legal
Canada,CAN,2003,Legal
Canada,CAN,2004,Legal
Canada,CAN,2005,Legal
Canada,CAN,2006,Legal
Canada,CAN,2007,Legal
Canada,CAN,2008,Legal
Canada,CAN,2009,Legal
Canada,CAN,2010,Legal
Canada,CAN,2011,Legal
Canada,CAN,2012,Legal
Canada,CAN,2013,Legal
Canada,CAN,2014,Legal
Canada,CAN,2015,Legal
Canada,CAN,2016,Legal
Canada,CAN,2017,Legal
Canada,CAN,2018,Legal
Canada,CAN,2019,Legal
Canada,CAN,2020,Legal
Canada,CAN,2021,Legal
Canada,CAN,2022,Legal
Canada,CAN,2023,Legal
Canada,CAN,2024,Legal
Canada,CAN,2025,Legal
Cape Verde,CPV,1886,Illegal
Cape Verde,CPV,1887,Illegal
Cape Verde,CPV,1888,Illegal
Cape Verde,CPV,1889,Illegal
Cape Verde,CPV,1890,Illegal
Cape Verde,CPV,1891,Illegal
Cape Verde,CPV,1892,Illegal
Cape Verde,CPV,1893,Illegal
Cape Verde,CPV,1894,Illegal
Cape Verde,CPV,1895,Illegal
Cape Verde,CPV,1896,Illegal
Cape Verde,CPV,1897,Illegal
Cape Verde,CPV,1898,Illegal
Cape Verde,CPV,1899,Illegal
Cape Verde,CPV,1900,Illegal
Cape Verde,CPV,1901,Illegal
Cape Verde,CPV,1902,Illegal
Cape Verde,CPV,1903,Illegal
Cape Verde,CPV,1904,Illegal
Cape Verde,CPV,1905,Illegal
Cape Verde,CPV,1906,Illegal
Cape Verde,CPV,1907,Illegal
Cape Verde,CPV,1908,Illegal
Cape Verde,CPV,1909,Illegal
Cape Verde,CPV,1910,Illegal
Cape Verde,CPV,1911,Illegal
Cape Verde,CPV,1912,Illegal
Cape Verde,CPV,1913,Illegal
Cape Verde,CPV,1914,Illegal
Cape Verde,CPV,1915,Illegal
Cape Verde,CPV,1916,Illegal
Cape Verde,CPV,1917,Illegal
Cape Verde,CPV,1918,Illegal
Cape Verde,CPV,1919,Illegal
Cape Verde,CPV,1920,Illegal
Cape Verde,CPV,1921,Illegal
Cape Verde,CPV,1922,Illegal
Cape Verde,CPV,1923,Illegal
Cape Verde,CPV,1924,Illegal
Cape Verde,CPV,1925,Illegal
Cape Verde,CPV,1926,Illegal
Cape Verde,CPV,1927,Illegal
Cape Verde,CPV,1928,Illegal
Cape Verde,CPV,1929,Illegal
Cape Verde,CPV,1930,Illegal
Cape Verde,CPV,1931,Illegal
Cape Verde,CPV,1932,Illegal
Cape Verde,CPV,1933,Illegal
Cape Verde,CPV,1934,Illegal
Cape Verde,CPV,1935,Illegal
Cape Verde,CPV,1936,Illegal
Cape Verde,CPV,1937,Illegal
Cape Verde,CPV,1938,Illegal
Cape Verde,CPV,1939,Illegal
Cape Verde,CPV,1940,Illegal
Cape Verde,CPV,1941,Illegal
Cape Verde,CPV,1942,Illegal
Cape Verde,CPV,1943,Illegal
Cape Verde,CPV,1944,Illegal
Cape Verde,CPV,1945,Illegal
Cape Verde,CPV,1946,Illegal
Cape Verde,CPV,1947,Illegal
Cape Verde,CPV,1948,Illegal
Cape Verde,CPV,1949,Illegal
Cape Verde,CPV,1950,Illegal
Cape Verde,CPV,1951,Illegal
Cape Verde,CPV,1952,Illegal
Cape Verde,CPV,1953,Illegal
Cape Verde,CPV,1954,Illegal
Cape Verde,CPV,1955,Illegal
Cape Verde,CPV,1956,Illegal
Cape Verde,CPV,1957,Illegal
Cape Verde,CPV,1958,Illegal
Cape Verde,CPV,1959,Illegal
Cape Verde,CPV,1960,Illegal
Cape Verde,CPV,1961,Illegal
Cape Verde,CPV,1962,Illegal
Cape Verde,CPV,1963,Illegal
Cape Verde,CPV,1964,Illegal
Cape Verde,CPV,1965,Illegal
Cape Verde,CPV,1966,Illegal
Cape Verde,CPV,1967,Illegal
Cape Verde,CPV,1968,Illegal
Cape Verde,CPV,1969,Illegal
Cape Verde,CPV,1970,Illegal
Cape Verde,CPV,1971,Illegal
Cape Verde,CPV,1972,Illegal
Cape Verde,CPV,1973,Illegal
Cape Verde,CPV,1974,Illegal
Cape Verde,CPV,1975,Illegal
Cape Verde,CPV,1976,Illegal
Cape Verde,CPV,1977,Illegal
Cape Verde,CPV,1978,Illegal
Cape Verde,CPV,1979,Illegal
Cape Verde,CPV,1980,Illegal
Cape Verde,CPV,1981,Illegal
Cape Verde,CPV,1982,Illegal
Cape Verde,CPV,1983,Illegal
Cape Verde,CPV,1984,Illegal
Cape Verde,CPV,1985,Illegal
Cape Verde,CPV,1986,Illegal
Cape Verde,CPV,1987,Illegal
Cape Verde,CPV,1988,Illegal
Cape Verde,CPV,1989,Illegal
Cape Verde,CPV,1990,Illegal
Cape Verde,CPV,1991,Illegal
Cape Verde,CPV,1992,Illegal
Cape Verde,CPV,1993,Illegal
Cape Verde,CPV,1994,Illegal
Cape Verde,CPV,1995,Illegal
Cape Verde,CPV,1996,Illegal
Cape Verde,CPV,1997,Illegal
Cape Verde,CPV,1998,Illegal
Cape Verde,CPV,1999,Illegal
Cape Verde,CPV,2000,Illegal
Cape Verde,CPV,2001,Illegal
Cape Verde,CPV,2002,Illegal
Cape Verde,CPV,2003,Illegal
Cape Verde,CPV,2004,Legal
Cape Verde,CPV,2005,Legal
Cape Verde,CPV,2006,Legal
Cape Verde,CPV,2007,Legal
Cape Verde,CPV,2008,Legal
Cape Verde,CPV,2009,Legal
Cape Verde,CPV,2010,Legal
Cape Verde,CPV,2011,Legal
Cape Verde,CPV,2012,Legal
Cape Verde,CPV,2013,Legal
Cape Verde,CPV,2014,Legal
Cape Verde,CPV,2015,Legal
Cape Verde,CPV,2016,Legal
Cape Verde,CPV,2017,Legal
Cape Verde,CPV,2018,Legal
Cape Verde,CPV,2019,Legal
Cape Verde,CPV,2020,Legal
Cape Verde,CPV,2021,Legal
Cape Verde,CPV,2022,Legal
Cape Verde,CPV,2023,Legal
Cape Verde,CPV,2024,Legal
Cape Verde,CPV,2025,Legal
Central African Republic,CAF,1903,Legal
Central African Republic,CAF,1904,Legal
Central African Republic,CAF,1905,Legal
Central African Republic,CAF,1906,Legal
Central African Republic,CAF,1907,Legal
Central African Republic,CAF,1908,Legal
Central African Republic,CAF,1909,Legal
Central African Republic,CAF,1910,Legal
Central African Republic,CAF,1911,Legal
Central African Republic,CAF,1912,Legal
Central African Republic,CAF,1913,Legal
Central African Republic,CAF,1914,Legal
Central African Republic,CAF,1915,Legal
Central African Republic,CAF,1916,Legal
Central African Republic,CAF,1917,Legal
Central African Republic,CAF,1918,Legal
Central African Republic,CAF,1919,Legal
Central African Republic,CAF,1920,Legal
Central African Republic,CAF,1921,Legal
Central African Republic,CAF,1922,Legal
Central African Republic,CAF,1923,Legal
Central African Republic,CAF,1924,Legal
Central African Republic,CAF,1925,Legal
Central African Republic,CAF,1926,Legal
Central African Republic,CAF,1927,Legal
Central African Republic,CAF,1928,Legal
Central African Republic,CAF,1929,Legal
Central African Republic,CAF,1930,Legal
Central African Republic,CAF,1931,Legal
Central African Republic,CAF,1932,Legal
Central African Republic,CAF,1933,Legal
Central African Republic,CAF,1934,Legal
Central African Republic,CAF,1935,Legal
Central African Republic,CAF,1936,Legal
Central African Republic,CAF,1937,Legal
Central African Republic,CAF,1938,Legal
Central African Republic,CAF,1939,Legal
Central African Republic,CAF,1940,Legal
Central African Republic,CAF,1941,Legal
Central African Republic,CAF,1942,Legal
Central African Republic,CAF,1943,Legal
Central African Republic,CAF,1944,Legal
Central African Republic,CAF,1945,Legal
Central African Republic,CAF,1946,Legal
Central African Republic,CAF,1947,Legal
Central African Republic,CAF,1948,Legal
Central African Republic,CAF,1949,Legal
Central African Republic,CAF,1950,Legal
Central African Republic,CAF,1951,Legal
Central African Republic,CAF,1952,Legal
Central African Republic,CAF,1953,Legal
Central African Republic,CAF,1954,Legal
Central African Republic,CAF,1955,Legal
Central African Republic,CAF,1956,Legal
Central African Republic,CAF,1957,Legal
Central African Republic,CAF,1958,Legal
Central African Republic,CAF,1959,Legal
Central African Republic,CAF,1960,Legal
Central African Republic,CAF,1961,Legal
Central African Republic,CAF,1962,Legal
Central African Republic,CAF,1963,Legal
Central African Republic,CAF,1964,Legal
Central African Republic,CAF,1965,Legal
Central African Republic,CAF,1966,Legal
Central African Republic,CAF,1967,Legal
Central African Republic,CAF,1968,Legal
Central African Republic,CAF,1969,Legal
Central African Republic,CAF,1970,Legal
Central African Republic,CAF,1971,Legal
Central African Republic,CAF,1972,Legal
Central African Republic,CAF,1973,Legal
Central African Republic,CAF,1974,Legal
Central African Republic,CAF,1975,Legal
Central African Republic,CAF,1976,Legal
Central African Republic,CAF,1977,Legal
Central African Republic,CAF,1978,Legal
Central African Republic,CAF,1979,Legal
Central African Republic,CAF,1980,Legal
Central African Republic,CAF,1981,Legal
Central African Republic,CAF,1982,Legal
Central African Republic,CAF,1983,Legal
Central African Republic,CAF,1984,Legal
Central African Republic,CAF,1985,Legal
Central African Republic,CAF,1986,Legal
Central African Republic,CAF,1987,Legal
Central African Republic,CAF,1988,Legal
Central African Republic,CAF,1989,Legal
Central African Republic,CAF,1990,Legal
Central African Republic,CAF,1991,Legal
Central African Republic,CAF,1992,Legal
Central African Republic,CAF,1993,Legal
Central African Republic,CAF,1994,Legal
Central African Republic,CAF,1995,Legal
Central African Republic,CAF,1996,Legal
Central African Republic,CAF,1997,Legal
Central African Republic,CAF,1998,Legal
Central African Republic,CAF,1999,Legal
Central African Republic,CAF,2000,Legal
Central African Republic,CAF,2001,Legal
Central African Republic,CAF,2002,Legal
Central African Republic,CAF,2003,Legal
Central African Republic,CAF,2004,Legal
Central African Republic,CAF,2005,Legal
Central African Republic,CAF,2006,Legal
Central African Republic,CAF,2007,Legal
Central African Republic,CAF,2008,Legal
Central African Republic,CAF,2009,Legal
Central African Republic,CAF,2010,Legal
Central African Republic,CAF,2011,Legal
Central African Republic,CAF,2012,Legal
Central African Republic,CAF,2013,Legal
Central African Republic,CAF,2014,Legal
Central African Republic,CAF,2015,Legal
Central African Republic,CAF,2016,Legal
Central African Republic,CAF,2017,Legal
Central African Republic,CAF,2018,Legal
Central African Republic,CAF,2019,Legal
Central African Republic,CAF,2020,Legal
Central African Republic,CAF,2021,Legal
Central African Republic,CAF,2022,Legal
Central African Republic,CAF,2023,Legal
Central African Republic,CAF,2024,Legal
Central African Republic,CAF,2025,Legal
Chad,TCD,1900,Legal
Chad,TCD,1901,Legal
Chad,TCD,1902,Legal
Chad,TCD,1903,Legal
Chad,TCD,1904,Legal
Chad,TCD,1905,Legal
Chad,TCD,1906,Legal
Chad,TCD,1907,Legal
Chad,TCD,1908,Legal
Chad,TCD,1909,Legal
Chad,TCD,1910,Legal
Chad,TCD,1911,Legal
Chad,TCD,1912,Legal
Chad,TCD,1913,Legal
Chad,TCD,1914,Legal
Chad,TCD,1915,Legal
Chad,TCD,1916,Legal
Chad,TCD,1917,Legal
Chad,TCD,1918,Legal
Chad,TCD,1919,Legal
Chad,TCD,1920,Legal
Chad,TCD,1921,Legal
Chad,TCD,1922,Legal
Chad,TCD,1923,Legal
Chad,TCD,1924,Legal
Chad,TCD,1925,Legal
Chad,TCD,1926,Legal
Chad,TCD,1927,Legal
Chad,TCD,1928,Legal
Chad,TCD,1929,Legal
Chad,TCD,1930,Legal
Chad,TCD,1931,Legal
Chad,TCD,1932,Legal
Chad,TCD,1933,Legal
Chad,TCD,1934,Legal
Chad,TCD,1935,Legal
Chad,TCD,1936,Legal
Chad,TCD,1937,Legal
Chad,TCD,1938,Legal
Chad,TCD,1939,Legal
Chad,TCD,1940,Legal
Chad,TCD,1941,Legal
Chad,TCD,1942,Legal
Chad,TCD,1943,Legal
Chad,TCD,1944,Legal
Chad,TCD,1945,Legal
Chad,TCD,1946,Legal
Chad,TCD,1947,Legal
Chad,TCD,1948,Legal
Chad,TCD,1949,Legal
Chad,TCD,1950,Legal
Chad,TCD,1951,Legal
Chad,TCD,1952,Legal
Chad,TCD,1953,Legal
Chad,TCD,1954,Legal
Chad,TCD,1955,Legal
Chad,TCD,1956,Legal
Chad,TCD,1957,Legal
Chad,TCD,1958,Legal
Chad,TCD,1959,Legal
Chad,TCD,1960,Legal
Chad,TCD,1961,Legal
Chad,TCD,1962,Legal
Chad,TCD,1963,Legal
Chad,TCD,1964,Legal
Chad,TCD,1965,Legal
Chad,TCD,1966,Legal
Chad,TCD,1967,Legal
Chad,TCD,1968,Legal
Chad,TCD,1969,Legal
Chad,TCD,1970,Legal
Chad,TCD,1971,Legal
Chad,TCD,1972,Legal
Chad,TCD,1973,Legal
Chad,TCD,1974,Legal
Chad,TCD,1975,Legal
Chad,TCD,1976,Legal
Chad,TCD,1977,Legal
Chad,TCD,1978,Legal
Chad,TCD,1979,Legal
Chad,TCD,1980,Legal
Chad,TCD,1981,Legal
Chad,TCD,1982,Legal
Chad,TCD,1983,Legal
Chad,TCD,1984,Legal
Chad,TCD,1985,Legal
Chad,TCD,1986,Legal
Chad,TCD,1987,Legal
Chad,TCD,1988,Legal
Chad,TCD,1989,Legal
Chad,TCD,1990,Legal
Chad,TCD,1991,Legal
Chad,TCD,1992,Legal
Chad,TCD,1993,Legal
Chad,TCD,1994,Legal
Chad,TCD,1995,Legal
Chad,TCD,1996,Legal
Chad,TCD,1997,Legal
Chad,TCD,1998,Legal
Chad,TCD,1999,Legal
Chad,TCD,2000,Legal
Chad,TCD,2001,Legal
Chad,TCD,2002,Legal
Chad,TCD,2003,Legal
Chad,TCD,2004,Legal
Chad,TCD,2005,Legal
Chad,TCD,2006,Legal
Chad,TCD,2007,Legal
Chad,TCD,2008,Legal
Chad,TCD,2009,Legal
Chad,TCD,2010,Legal
Chad,TCD,2011,Legal
Chad,TCD,2012,Legal
Chad,TCD,2013,Legal
Chad,TCD,2014,Legal
Chad,TCD,2015,Legal
Chad,TCD,2016,Legal
Chad,TCD,2017,Illegal
Chad,TCD,2018,Illegal
Chad,TCD,2019,Illegal
Chad,TCD,2020,Illegal
Chad,TCD,2021,Illegal
Chad,TCD,2022,Illegal
Chad,TCD,2023,Illegal
Chad,TCD,2024,Illegal
Chad,TCD,2025,Illegal
Chile,CHL,1760,Illegal
Chile,CHL,1761,Illegal
Chile,CHL,1762,Illegal
Chile,CHL,1763,Illegal
Chile,CHL,1764,Illegal
Chile,CHL,1765,Illegal
Chile,CHL,1766,Illegal
Chile,CHL,1767,Illegal
Chile,CHL,1768,Illegal
Chile,CHL,1769,Illegal
Chile,CHL,1770,Illegal
Chile,CHL,1771,Illegal
Chile,CHL,1772,Illegal
Chile,CHL,1773,Illegal
Chile,CHL,1774,Illegal
Chile,CHL,1775,Illegal
Chile,CHL,1776,Illegal
Chile,CHL,1777,Illegal
Chile,CHL,1778,Illegal
Chile,CHL,1779,Illegal
Chile,CHL,1780,Illegal
Chile,CHL,1781,Illegal
Chile,CHL,1782,Illegal
Chile,CHL,1783,Illegal
Chile,CHL,1784,Illegal
Chile,CHL,1785,Illegal
Chile,CHL,1786,Illegal
Chile,CHL,1787,Illegal
Chile,CHL,1788,Illegal
Chile,CHL,1789,Illegal
Chile,CHL,1790,Illegal
Chile,CHL,1791,Illegal
Chile,CHL,1792,Illegal
Chile,CHL,1793,Illegal
Chile,CHL,1794,Illegal
Chile,CHL,1795,Illegal
Chile,CHL,1796,Illegal
Chile,CHL,1797,Illegal
Chile,CHL,1798,Illegal
Chile,CHL,1799,Illegal
Chile,CHL,1800,Illegal
Chile,CHL,1801,Illegal
Chile,CHL,1802,Illegal
Chile,CHL,1803,Illegal
Chile,CHL,1804,Illegal
Chile,CHL,1805,Illegal
Chile,CHL,1806,Illegal
Chile,CHL,1807,Illegal
Chile,CHL,1808,Illegal
Chile,CHL,1809,Illegal
Chile,CHL,1810,Illegal
Chile,CHL,1811,Illegal
Chile,CHL,1812,Illegal
Chile,CHL,1813,Illegal
Chile,CHL,1814,Illegal
Chile,CHL,1815,Illegal
Chile,CHL,1816,Illegal
Chile,CHL,1817,Illegal
Chile,CHL,1818,Illegal
Chile,CHL,1819,Illegal
Chile,CHL,1820,Illegal
Chile,CHL,1821,Illegal
Chile,CHL,1822,Illegal
Chile,CHL,1823,Illegal
Chile,CHL,1824,Illegal
Chile,CHL,1825,Illegal
Chile,CHL,1826,Illegal
Chile,CHL,1827,Illegal
Chile,CHL,1828,Illegal
Chile,CHL,1829,Illegal
Chile,CHL,1830,Illegal
Chile,CHL,1831,Illegal
Chile,CHL,1832,Illegal
Chile,CHL,1833,Illegal
Chile,CHL,1834,Illegal
Chile,CHL,1835,Illegal
Chile,CHL,1836,Illegal
Chile,CHL,1837,Illegal
Chile,CHL,1838,Illegal
Chile,CHL,1839,Illegal
Chile,CHL,1840,Illegal
Chile,CHL,1841,Illegal
Chile,CHL,1842,Illegal
Chile,CHL,1843,Illegal
Chile,CHL,1844,Illegal
Chile,CHL,1845,Illegal
Chile,CHL,1846,Illegal
Chile,CHL,1847,Illegal
Chile,CHL,1848,Illegal
Chile,CHL,1849,Illegal
Chile,CHL,1850,Illegal
Chile,CHL,1851,Illegal
Chile,CHL,1852,Illegal
Chile,CHL,1853,Illegal
Chile,CHL,1854,Illegal
Chile,CHL,1855,Illegal
Chile,CHL,1856,Illegal
Chile,CHL,1857,Illegal
Chile,CHL,1858,Illegal
Chile,CHL,1859,Illegal
Chile,CHL,1860,Illegal
Chile,CHL,1861,Illegal
Chile,CHL,1862,Illegal
Chile,CHL,1863,Illegal
Chile,CHL,1864,Illegal
Chile,CHL,1865,Illegal
Chile,CHL,1866,Illegal
Chile,CHL,1867,Illegal
Chile,CHL,1868,Illegal
Chile,CHL,1869,Illegal
Chile,CHL,1870,Illegal
Chile,CHL,1871,Illegal
Chile,CHL,1872,Illegal
Chile,CHL,1873,Illegal
Chile,CHL,1874,Illegal
Chile,CHL,1875,Illegal
Chile,CHL,1876,Illegal
Chile,CHL,1877,Illegal
Chile,CHL,1878,Illegal
Chile,CHL,1879,Illegal
Chile,CHL,1880,Illegal
Chile,CHL,1881,Illegal
Chile,CHL,1882,Illegal
Chile,CHL,1883,Illegal
Chile,CHL,1884,Illegal
Chile,CHL,1885,Illegal
Chile,CHL,1886,Illegal
Chile,CHL,1887,Illegal
Chile,CHL,1888,Illegal
Chile,CHL,1889,Illegal
Chile,CHL,1890,Illegal
Chile,CHL,1891,Illegal
Chile,CHL,1892,Illegal
Chile,CHL,1893,Illegal
Chile,CHL,1894,Illegal
Chile,CHL,1895,Illegal
Chile,CHL,1896,Illegal
Chile,CHL,1897,Illegal
Chile,CHL,1898,Illegal
Chile,CHL,1899,Illegal
Chile,CHL,1900,Illegal
Chile,CHL,1901,Illegal
Chile,CHL,1902,Illegal
Chile,CHL,1903,Illegal
Chile,CHL,1904,Illegal
Chile,CHL,1905,Illegal
Chile,CHL,1906,Illegal
Chile,CHL,1907,Illegal
Chile,CHL,1908,Illegal
Chile,CHL,1909,Illegal
Chile,CHL,1910,Illegal
Chile,CHL,1911,Illegal
Chile,CHL,1912,Illegal
Chile,CHL,1913,Illegal
Chile,CHL,1914,Illegal
Chile,CHL,1915,Illegal
Chile,CHL,1916,Illegal
Chile,CHL,1917,Illegal
Chile,CHL,1918,Illegal
Chile,CHL,1919,Illegal
Chile,CHL,1920,Illegal
Chile,CHL,1921,Illegal
Chile,CHL,1922,Illegal
Chile,CHL,1923,Illegal
Chile,CHL,1924,Illegal
Chile,CHL,1925,Illegal
Chile,CHL,1926,Illegal
Chile,CHL,1927,Illegal
Chile,CHL,1928,Illegal
Chile,CHL,1929,Illegal
Chile,CHL,1930,Illegal
Chile,CHL,1931,Illegal
Chile,CHL,1932,Illegal
Chile,CHL,1933,Illegal
Chile,CHL,1934,Illegal
Chile,CHL,1935,Illegal
Chile,CHL,1936,Illegal
Chile,CHL,1937,Illegal
Chile,CHL,1938,Illegal
Chile,CHL,1939,Illegal
Chile,CHL,1940,Illegal
Chile,CHL,1941,Illegal
Chile,CHL,1942,Illegal
Chile,CHL,1943,Illegal
Chile,CHL,1944,Illegal
Chile,CHL,1945,Illegal
Chile,CHL,1946,Illegal
Chile,CHL,1947,Illegal
Chile,CHL,1948,Illegal
Chile,CHL,1949,Illegal
Chile,CHL,1950,Illegal
Chile,CHL,1951,Illegal
Chile,CHL,1952,Illegal
Chile,CHL,1953,Illegal
Chile,CHL,1954,Illegal
Chile,CHL,1955,Illegal
Chile,CHL,1956,Illegal
Chile,CHL,1957,Illegal
Chile,CHL,1958,Illegal
Chile,CHL,1959,Illegal
Chile,CHL,1960,Illegal
Chile,CHL,1961,Illegal
Chile,CHL,1962,Illegal
Chile,CHL,1963,Illegal
Chile,CHL,1964,Illegal
Chile,CHL,1965,Illegal
Chile,CHL,1966,Illegal
Chile,CHL,1967,Illegal
Chile,CHL,1968,Illegal
Chile,CHL,1969,Illegal
Chile,CHL,1970,Illegal
Chile,CHL,1971,Illegal
Chile,CHL,1972,Illegal
Chile,CHL,1973,Illegal
Chile,CHL,1974,Illegal
Chile,CHL,1975,Illegal
Chile,CHL,1976,Illegal
Chile,CHL,1977,Illegal
Chile,CHL,1978,Illegal
Chile,CHL,1979,Illegal
Chile,CHL,1980,Illegal
Chile,CHL,1981,Illegal
Chile,CHL,1982,Illegal
Chile,CHL,1983,Illegal
Chile,CHL,1984,Illegal
Chile,CHL,1985,Illegal
Chile,CHL,1986,Illegal
Chile,CHL,1987,Illegal
Chile,CHL,1988,Illegal
Chile,CHL,1989,Illegal
Chile,CHL,1990,Illegal
Chile,CHL,1991,Illegal
Chile,CHL,1992,Illegal
Chile,CHL,1993,Illegal
Chile,CHL,1994,Illegal
Chile,CHL,1995,Illegal
Chile,CHL,1996,Illegal
Chile,CHL,1997,Illegal
Chile,CHL,1998,Illegal
Chile,CHL,1999,Legal
Chile,CHL,2000,Legal
Chile,CHL,2001,Legal
Chile,CHL,2002,Legal
Chile,CHL,2003,Legal
Chile,CHL,2004,Legal
Chile,CHL,2005,Legal
Chile,CHL,2006,Legal
Chile,CHL,2007,Legal
Chile,CHL,2008,Legal
Chile,CHL,2009,Legal
Chile,CHL,2010,Legal
Chile,CHL,2011,Legal
Chile,CHL,2012,Legal
Chile,CHL,2013,Legal
Chile,CHL,2014,Legal
Chile,CHL,2015,Legal
Chile,CHL,2016,Legal
Chile,CHL,2017,Legal
Chile,CHL,2018,Legal
Chile,CHL,2019,Legal
Chile,CHL,2020,Legal
Chile,CHL,2021,Legal
Chile,CHL,2022,Legal
Chile,CHL,2023,Legal
Chile,CHL,2024,Legal
Chile,CHL,2025,Legal
China,CHN,1760,Illegal
China,CHN,1761,Illegal
China,CHN,1762,Illegal
China,CHN,1763,Illegal
China,CHN,1764,Illegal
China,CHN,1765,Illegal
China,CHN,1766,Illegal
China,CHN,1767,Illegal
China,CHN,1768,Illegal
China,CHN,1769,Illegal
China,CHN,1770,Illegal
China,CHN,1771,Illegal
China,CHN,1772,Illegal
China,CHN,1773,Illegal
China,CHN,1774,Illegal
China,CHN,1775,Illegal
China,CHN,1776,Illegal
China,CHN,1777,Illegal
China,CHN,1778,Illegal
China,CHN,1779,Illegal
China,CHN,1780,Illegal
China,CHN,1781,Illegal
China,CHN,1782,Illegal
China,CHN,1783,Illegal
China,CHN,1784,Illegal
China,CHN,1785,Illegal
China,CHN,1786,Illegal
China,CHN,1787,Illegal
China,CHN,1788,Illegal
China,CHN,1789,Illegal
China,CHN,1790,Illegal
China,CHN,1791,Illegal
China,CHN,1792,Illegal
China,CHN,1793,Illegal
China,CHN,1794,Illegal
China,CHN,1795,Illegal
China,CHN,1796,Illegal
China,CHN,1797,Illegal
China,CHN,1798,Illegal
China,CHN,1799,Illegal
China,CHN,1800,Illegal
China,CHN,1801,Illegal
China,CHN,1802,Illegal
China,CHN,1803,Illegal
China,CHN,1804,Illegal
China,CHN,1805,Illegal
China,CHN,1806,Illegal
China,CHN,1807,Illegal
China,CHN,1808,Illegal
China,CHN,1809,Illegal
China,CHN,1810,Illegal
China,CHN,1811,Illegal
China,CHN,1812,Illegal
China,CHN,1813,Illegal
China,CHN,1814,Illegal
China,CHN,1815,Illegal
China,CHN,1816,Illegal
China,CHN,1817,Illegal
China,CHN,1818,Illegal
China,CHN,1819,Illegal
China,CHN,1820,Illegal
China,CHN,1821,Illegal
China,CHN,1822,Illegal
China,CHN,1823,Illegal
China,CHN,1824,Illegal
China,CHN,1825,Illegal
China,CHN,1826,Illegal
China,CHN,1827,Illegal
China,CHN,1828,Illegal
China,CHN,1829,Illegal
China,CHN,1830,Illegal
China,CHN,1831,Illegal
China,CHN,1832,Illegal
China,CHN,1833,Illegal
China,CHN,1834,Illegal
China,CHN,1835,Illegal
China,CHN,1836,Illegal
China,CHN,1837,Illegal
China,CHN,1838,Illegal
China,CHN,1839,Illegal
China,CHN,1840,Illegal
China,CHN,1841,Illegal
China,CHN,1842,Illegal
China,CHN,1843,Illegal
China,CHN,1844,Illegal
China,CHN,1845,Illegal
China,CHN,1846,Illegal
China,CHN,1847,Illegal
China,CHN,1848,Illegal
China,CHN,1849,Illegal
China,CHN,1850,Illegal
China,CHN,1851,Illegal
China,CHN,1852,Illegal
China,CHN,1853,Illegal
China,CHN,1854,Illegal
China,CHN,1855,Illegal
China,CHN,1856,Illegal
China,CHN,1857,Illegal
China,CHN,1858,Illegal
China,CHN,1859,Illegal
China,CHN,1860,Illegal
China,CHN,1861,Illegal
China,CHN,1862,Illegal
China,CHN,1863,Illegal
China,CHN,1864,Illegal
China,CHN,1865,Illegal
China,CHN,1866,Illegal
China,CHN,1867,Illegal
China,CHN,1868,Illegal
China,CHN,1869,Illegal
China,CHN,1870,Illegal
China,CHN,1871,Illegal
China,CHN,1872,Illegal
China,CHN,1873,Illegal
China,CHN,1874,Illegal
China,CHN,1875,Illegal
China,CHN,1876,Illegal
China,CHN,1877,Illegal
China,CHN,1878,Illegal
China,CHN,1879,Illegal
China,CHN,1880,Illegal
China,CHN,1881,Illegal
China,CHN,1882,Illegal
China,CHN,1883,Illegal
China,CHN,1884,Illegal
China,CHN,1885,Illegal
China,CHN,1886,Illegal
China,CHN,1887,Illegal
China,CHN,1888,Illegal
China,CHN,1889,Illegal
China,CHN,1890,Illegal
China,CHN,1891,Illegal
China,CHN,1892,Illegal
China,CHN,1893,Illegal
China,CHN,1894,Illegal
China,CHN,1895,Illegal
China,CHN,1896,Illegal
China,CHN,1897,Illegal
China,CHN,1898,Illegal
China,CHN,1899,Illegal
China,CHN,1900,Illegal
China,CHN,1901,Illegal
China,CHN,1902,Illegal
China,CHN,1903,Illegal
China,CHN,1904,Illegal
China,CHN,1905,Illegal
China,CHN,1906,Illegal
China,CHN,1907,Illegal
China,CHN,1908,Illegal
China,CHN,1909,Illegal
China,CHN,1910,Illegal
China,CHN,1911,Illegal
China,CHN,1912,Legal
China,CHN,1913,Legal
China,CHN,1914,Legal
China,CHN,1915,Legal
China,CHN,1916,Legal
China,CHN,1917,Legal
China,CHN,1918,Legal
China,CHN,1919,Legal
China,CHN,1920,Legal
China,CHN,1921,Legal
China,CHN,1922,Legal
China,CHN,1923,Legal
China,CHN,1924,Legal
China,CHN,1925,Legal
China,CHN,1926,Legal
China,CHN,1927,Legal
China,CHN,1928,Legal
China,CHN,1929,Legal
China,CHN,1930,Legal
China,CHN,1931,Legal
China,CHN,1932,Legal
China,CHN,1933,Legal
China,CHN,1934,Legal
China,CHN,1935,Legal
China,CHN,1936,Legal
China,CHN,1937,Legal
China,CHN,1938,Legal
China,CHN,1939,Legal
China,CHN,1940,Legal
China,CHN,1941,Legal
China,CHN,1942,Legal
China,CHN,1943,Legal
China,CHN,1944,Legal
China,CHN,1945,Legal
China,CHN,1946,Legal
China,CHN,1947,Legal
China,CHN,1948,Legal
China,CHN,1949,Legal
China,CHN,1950,Legal
China,CHN,1951,Legal
China,CHN,1952,Legal
China,CHN,1953,Legal
China,CHN,1954,Legal
China,CHN,1955,Legal
China,CHN,1956,Legal
China,CHN,1957,Legal
China,CHN,1958,Legal
China,CHN,1959,Legal
China,CHN,1960,Legal
China,CHN,1961,Legal
China,CHN,1962,Legal
China,CHN,1963,Legal
China,CHN,1964,Legal
China,CHN,1965,Legal
China,CHN,1966,Legal
China,CHN,1967,Legal
China,CHN,1968,Legal
China,CHN,1969,Legal
China,CHN,1970,Legal
China,CHN,1971,Legal
China,CHN,1972,Legal
China,CHN,1973,Legal
China,CHN,1974,Legal
China,CHN,1975,Legal
China,CHN,1976,Legal
China,CHN,1977,Legal
China,CHN,1978,Legal
China,CHN,1979,Legal
China,CHN,1980,Legal
China,CHN,1981,Legal
China,CHN,1982,Legal
China,CHN,1983,Legal
China,CHN,1984,Legal
China,CHN,1985,Legal
China,CHN,1986,Legal
China,CHN,1987,Legal
China,CHN,1988,Legal
China,CHN,1989,Legal
China,CHN,1990,Legal
China,CHN,1991,Legal
China,CHN,1992,Legal
China,CHN,1993,Legal
China,CHN,1994,Legal
China,CHN,1995,Legal
China,CHN,1996,Legal
China,CHN,1997,Legal
China,CHN,1998,Legal
China,CHN,1999,Legal
China,CHN,2000,Legal
China,CHN,2001,Legal
China,CHN,2002,Legal
China,CHN,2003,Legal
China,CHN,2004,Legal
China,CHN,2005,Legal
China,CHN,2006,Legal
China,CHN,2007,Legal
China,CHN,2008,Legal
China,CHN,2009,Legal
China,CHN,2010,Legal
China,CHN,2011,Legal
China,CHN,2012,Legal
China,CHN,2013,Legal
China,CHN,2014,Legal
China,CHN,2015,Legal
China,CHN,2016,Legal
China,CHN,2017,Legal
China,CHN,2018,Legal
China,CHN,2019,Legal
China,CHN,2020,Legal
China,CHN,2021,Legal
China,CHN,2022,Legal
China,CHN,2023,Legal
China,CHN,2024,Legal
China,CHN,2025,Legal
Colombia,COL,1760,Illegal
Colombia,COL,1761,Illegal
Colombia,COL,1762,Illegal
Colombia,COL,1763,Illegal
Colombia,COL,1764,Illegal
Colombia,COL,1765,Illegal
Colombia,COL,1766,Illegal
Colombia,COL,1767,Illegal
Colombia,COL,1768,Illegal
Colombia,COL,1769,Illegal
Colombia,COL,1770,Illegal
Colombia,COL,1771,Illegal
Colombia,COL,1772,Illegal
Colombia,COL,1773,Illegal
Colombia,COL,1774,Illegal
Colombia,COL,1775,Illegal
Colombia,COL,1776,Illegal
Colombia,COL,1777,Illegal
Colombia,COL,1778,Illegal
Colombia,COL,1779,Illegal
Colombia,COL,1780,Illegal
Colombia,COL,1781,Illegal
Colombia,COL,1782,Illegal
Colombia,COL,1783,Illegal
Colombia,COL,1784,Illegal
Colombia,COL,1785,Illegal
Colombia,COL,1786,Illegal
Colombia,COL,1787,Illegal
Colombia,COL,1788,Illegal
Colombia,COL,1789,Illegal
Colombia,COL,1790,Illegal
Colombia,COL,1791,Illegal
Colombia,COL,1792,Illegal
Colombia,COL,1793,Illegal
Colombia,COL,1794,Illegal
Colombia,COL,1795,Illegal
Colombia,COL,1796,Illegal
Colombia,COL,1797,Illegal
Colombia,COL,1798,Illegal
Colombia,COL,1799,Illegal
Colombia,COL,1800,Illegal
Colombia,COL,1801,Illegal
Colombia,COL,1802,Illegal
Colombia,COL,1803,Illegal
Colombia,COL,1804,Illegal
Colombia,COL,1805,Illegal
Colombia,COL,1806,Illegal
Colombia,COL,1807,Illegal
Colombia,COL,1808,Illegal
Colombia,COL,1809,Illegal
Colombia,COL,1810,Illegal
Colombia,COL,1811,Illegal
Colombia,COL,1812,Illegal
Colombia,COL,1813,Illegal
Colombia,COL,1814,Illegal
Colombia,COL,1815,Illegal
Colombia,COL,1816,Illegal
Colombia,COL,1817,Illegal
Colombia,COL,1818,Illegal
Colombia,COL,1819,Illegal
Colombia,COL,1820,Illegal
Colombia,COL,1821,Illegal
Colombia,COL,1822,Illegal
Colombia,COL,1823,Illegal
Colombia,COL,1824,Illegal
Colombia,COL,1825,Illegal
Colombia,COL,1826,Illegal
Colombia,COL,1827,Illegal
Colombia,COL,1828,Illegal
Colombia,COL,1829,Illegal
Colombia,COL,1830,Illegal
Colombia,COL,1831,Illegal
Colombia,COL,1832,Illegal
Colombia,COL,1833,Illegal
Colombia,COL,1834,Illegal
Colombia,COL,1835,Illegal
Colombia,COL,1836,Illegal
Colombia,COL,1837,Illegal
Colombia,COL,1838,Illegal
Colombia,COL,1839,Illegal
Colombia,COL,1840,Illegal
Colombia,COL,1841,Illegal
Colombia,COL,1842,Illegal
Colombia,COL,1843,Illegal
Colombia,COL,1844,Illegal
Colombia,COL,1845,Illegal
Colombia,COL,1846,Illegal
Colombia,COL,1847,Illegal
Colombia,COL,1848,Illegal
Colombia,COL,1849,Illegal
Colombia,COL,1850,Illegal
Colombia,COL,1851,Illegal
Colombia,COL,1852,Illegal
Colombia,COL,1853,Illegal
Colombia,COL,1854,Illegal
Colombia,COL,1855,Illegal
Colombia,COL,1856,Illegal
Colombia,COL,1857,Illegal
Colombia,COL,1858,Illegal
Colombia,COL,1859,Illegal
Colombia,COL,1860,Illegal
Colombia,COL,1861,Illegal
Colombia,COL,1862,Illegal
Colombia,COL,1863,Illegal
Colombia,COL,1864,Illegal
Colombia,COL,1865,Illegal
Colombia,COL,1866,Illegal
Colombia,COL,1867,Illegal
Colombia,COL,1868,Illegal
Colombia,COL,1869,Illegal
Colombia,COL,1870,Illegal
Colombia,COL,1871,Illegal
Colombia,COL,1872,Illegal
Colombia,COL,1873,Illegal
Colombia,COL,1874,Illegal
Colombia,COL,1875,Illegal
Colombia,COL,1876,Illegal
Colombia,COL,1877,Illegal
Colombia,COL,1878,Illegal
Colombia,COL,1879,Illegal
Colombia,COL,1880,Illegal
Colombia,COL,1881,Illegal
Colombia,COL,1882,Illegal
Colombia,COL,1883,Illegal
Colombia,COL,1884,Illegal
Colombia,COL,1885,Illegal
Colombia,COL,1886,Illegal
Colombia,COL,1887,Illegal
Colombia,COL,1888,Illegal
Colombia,COL,1889,Illegal
Colombia,COL,1890,Illegal
Colombia,COL,1891,Illegal
Colombia,COL,1892,Illegal
Colombia,COL,1893,Illegal
Colombia,COL,1894,Illegal
Colombia,COL,1895,Illegal
Colombia,COL,1896,Illegal
Colombia,COL,1897,Illegal
Colombia,COL,1898,Illegal
Colombia,COL,1899,Illegal
Colombia,COL,1900,Illegal
Colombia,COL,1901,Illegal
Colombia,COL,1902,Illegal
Colombia,COL,1903,Illegal
Colombia,COL,1904,Illegal
Colombia,COL,1905,Illegal
Colombia,COL,1906,Illegal
Colombia,COL,1907,Illegal
Colombia,COL,1908,Illegal
Colombia,COL,1909,Illegal
Colombia,COL,1910,Illegal
Colombia,COL,1911,Illegal
Colombia,COL,1912,Illegal
Colombia,COL,1913,Illegal
Colombia,COL,1914,Illegal
Colombia,COL,1915,Illegal
Colombia,COL,1916,Illegal
Colombia,COL,1917,Illegal
Colombia,COL,1918,Illegal
Colombia,COL,1919,Illegal
Colombia,COL,1920,Illegal
Colombia,COL,1921,Illegal
Colombia,COL,1922,Illegal
Colombia,COL,1923,Illegal
Colombia,COL,1924,Illegal
Colombia,COL,1925,Illegal
Colombia,COL,1926,Illegal
Colombia,COL,1927,Illegal
Colombia,COL,1928,Illegal
Colombia,COL,1929,Illegal
Colombia,COL,1930,Illegal
Colombia,COL,1931,Illegal
Colombia,COL,1932,Illegal
Colombia,COL,1933,Illegal
Colombia,COL,1934,Illegal
Colombia,COL,1935,Illegal
Colombia,COL,1936,Illegal
Colombia,COL,1937,Illegal
Colombia,COL,1938,Illegal
Colombia,COL,1939,Illegal
Colombia,COL,1940,Illegal
Colombia,COL,1941,Illegal
Colombia,COL,1942,Illegal
Colombia,COL,1943,Illegal
Colombia,COL,1944,Illegal
Colombia,COL,1945,Illegal
Colombia,COL,1946,Illegal
Colombia,COL,1947,Illegal
Colombia,COL,1948,Illegal
Colombia,COL,1949,Illegal
Colombia,COL,1950,Illegal
Colombia,COL,1951,Illegal
Colombia,COL,1952,Illegal
Colombia,COL,1953,Illegal
Colombia,COL,1954,Illegal
Colombia,COL,1955,Illegal
Colombia,COL,1956,Illegal
Colombia,COL,1957,Illegal
Colombia,COL,1958,Illegal
Colombia,COL,1959,Illegal
Colombia,COL,1960,Illegal
Colombia,COL,1961,Illegal
Colombia,COL,1962,Illegal
Colombia,COL,1963,Illegal
Colombia,COL,1964,Illegal
Colombia,COL,1965,Illegal
Colombia,COL,1966,Illegal
Colombia,COL,1967,Illegal
Colombia,COL,1968,Illegal
Colombia,COL,1969,Illegal
Colombia,COL,1970,Illegal
Colombia,COL,1971,Illegal
Colombia,COL,1972,Illegal
Colombia,COL,1973,Illegal
Colombia,COL,1974,Illegal
Colombia,COL,1975,Illegal
Colombia,COL,1976,Illegal
Colombia,COL,1977,Illegal
Colombia,COL,1978,Illegal
Colombia,COL,1979,Illegal
Colombia,COL,1980,Illegal
Colombia,COL,1981,Legal
Colombia,COL,1982,Legal
Colombia,COL,1983,Legal
Colombia,COL,1984,Legal
Colombia,COL,1985,Legal
Colombia,COL,1986,Legal
Colombia,COL,1987,Legal
Colombia,COL,1988,Legal
Colombia,COL,1989,Legal
Colombia,COL,1990,Legal
Colombia,COL,1991,Legal
Colombia,COL,1992,Legal
Colombia,COL,1993,Legal
Colombia,COL,1994,Legal
Colombia,COL,1995,Legal
Colombia,COL,1996,Legal
Colombia,COL,1997,Legal
Colombia,COL,1998,Legal
Colombia,COL,1999,Legal
Colombia,COL,2000,Legal
Colombia,COL,2001,Legal
Colombia,COL,2002,Legal
Colombia,COL,2003,Legal
Colombia,COL,2004,Legal
Colombia,COL,2005,Legal
Colombia,COL,2006,Legal
Colombia,COL,2007,Legal
Colombia,COL,2008,Legal
Colombia,COL,2009,Legal
Colombia,COL,2010,Legal
Colombia,COL,2011,Legal
Colombia,COL,2012,Legal
Colombia,COL,2013,Legal
Colombia,COL,2014,Legal
Colombia,COL,2015,Legal
Colombia,COL,2016,Legal
Colombia,COL,2017,Legal
Colombia,COL,2018,Legal
Colombia,COL,2019,Legal
Colombia,COL,2020,Legal
Colombia,COL,2021,Legal
Colombia,COL,2022,Legal
Colombia,COL,2023,Legal
Colombia,COL,2024,Legal
Colombia,COL,2025,Legal
Comoros,COM,1981,Illegal
Comoros,COM,1982,Illegal
Comoros,COM,1983,Illegal
Comoros,COM,1984,Illegal
Comoros,COM,1985,Illegal
Comoros,COM,1986,Illegal
Comoros,COM,1987,Illegal
Comoros,COM,1988,Illegal
Comoros,COM,1989,Illegal
Comoros,COM,1990,Illegal
Comoros,COM,1991,Illegal
Comoros,COM,1992,Illegal
Comoros,COM,1993,Illegal
Comoros,COM,1994,Illegal
Comoros,COM,1995,Illegal
Comoros,COM,1996,Illegal
Comoros,COM,1997,Illegal
Comoros,COM,1998,Illegal
Comoros,COM,1999,Illegal
Comoros,COM,2000,Illegal
Comoros,COM,2001,Illegal
Comoros,COM,2002,Illegal
Comoros,COM,2003,Illegal
Comoros,COM,2004,Illegal
Comoros,COM,2005,Illegal
Comoros,COM,2006,Illegal
Comoros,COM,2007,Illegal
Comoros,COM,2008,Illegal
Comoros,COM,2009,Illegal
Comoros,COM,2010,Illegal
Comoros,COM,2011,Illegal
Comoros,COM,2012,Illegal
Comoros,COM,2013,Illegal
Comoros,COM,2014,Illegal
Comoros,COM,2015,Illegal
Comoros,COM,2016,Illegal
Comoros,COM,2017,Illegal
Comoros,COM,2018,Illegal
Comoros,COM,2019,Illegal
Comoros,COM,2020,Illegal
Comoros,COM,2021,Illegal
Comoros,COM,2022,Illegal
Comoros,COM,2023,Illegal
Comoros,COM,2024,Illegal
Comoros,COM,2025,Illegal
Congo,COG,1882,Legal
Congo,COG,1883,Legal
Congo,COG,1884,Legal
Congo,COG,1885,Legal
Congo,COG,1886,Legal
Congo,COG,1887,Legal
Congo,COG,1888,Legal
Congo,COG,1889,Legal
Congo,COG,1890,Legal
Congo,COG,1891,Legal
Congo,COG,1892,Legal
Congo,COG,1893,Legal
Congo,COG,1894,Legal
Congo,COG,1895,Legal
Congo,COG,1896,Legal
Congo,COG,1897,Legal
Congo,COG,1898,Legal
Congo,COG,1899,Legal
Congo,COG,1900,Legal
Congo,COG,1901,Legal
Congo,COG,1902,Legal
Congo,COG,1903,Legal
Congo,COG,1904,Legal
Congo,COG,1905,Legal
Congo,COG,1906,Legal
Congo,COG,1907,Legal
Congo,COG,1908,Legal
Congo,COG,1909,Legal
Congo,COG,1910,Legal
Congo,COG,1911,Legal
Congo,COG,1912,Legal
Congo,COG,1913,Legal
Congo,COG,1914,Legal
Congo,COG,1915,Legal
Congo,COG,1916,Legal
Congo,COG,1917,Legal
Congo,COG,1918,Legal
Congo,COG,1919,Legal
Congo,COG,1920,Legal
Congo,COG,1921,Legal
Congo,COG,1922,Legal
Congo,COG,1923,Legal
Congo,COG,1924,Legal
Congo,COG,1925,Legal
Congo,COG,1926,Legal
Congo,COG,1927,Legal
Congo,COG,1928,Legal
Congo,COG,1929,Legal
Congo,COG,1930,Legal
Congo,COG,1931,Legal
Congo,COG,1932,Legal
Congo,COG,1933,Legal
Congo,COG,1934,Legal
Congo,COG,1935,Legal
Congo,COG,1936,Legal
Congo,COG,1937,Legal
Congo,COG,1938,Legal
Congo,COG,1939,Legal
Congo,COG,1940,Legal
Congo,COG,1941,Legal
Congo,COG,1942,Legal
Congo,COG,1943,Legal
Congo,COG,1944,Legal
Congo,COG,1945,Legal
Congo,COG,1946,Legal
Congo,COG,1947,Legal
Congo,COG,1948,Legal
Congo,COG,1949,Legal
Congo,COG,1950,Legal
Congo,COG,1951,Legal
Congo,COG,1952,Legal
Congo,COG,1953,Legal
Congo,COG,1954,Legal
Congo,COG,1955,Legal
Congo,COG,1956,Legal
Congo,COG,1957,Legal
Congo,COG,1958,Legal
Congo,COG,1959,Legal
Congo,COG,1960,Legal
Congo,COG,1961,Legal
Congo,COG,1962,Legal
Congo,COG,1963,Legal
Congo,COG,1964,Legal
Congo,COG,1965,Legal
Congo,COG,1966,Legal
Congo,COG,1967,Legal
Congo,COG,1968,Legal
Congo,COG,1969,Legal
Congo,COG,1970,Legal
Congo,COG,1971,Legal
Congo,COG,1972,Legal
Congo,COG,1973,Legal
Congo,COG,1974,Legal
Congo,COG,1975,Legal
Congo,COG,1976,Legal
Congo,COG,1977,Legal
Congo,COG,1978,Legal
Congo,COG,1979,Legal
Congo,COG,1980,Legal
Congo,COG,1981,Legal
Congo,COG,1982,Legal
Congo,COG,1983,Legal
Congo,COG,1984,Legal
Congo,COG,1985,Legal
Congo,COG,1986,Legal
Congo,COG,1987,Legal
Congo,COG,1988,Legal
Congo,COG,1989,Legal
Congo,COG,1990,Legal
Congo,COG,1991,Legal
Congo,COG,1992,Legal
Congo,COG,1993,Legal
Congo,COG,1994,Legal
Congo,COG,1995,Legal
Congo,COG,1996,Legal
Congo,COG,1997,Legal
Congo,COG,1998,Legal
Congo,COG,1999,Legal
Congo,COG,2000,Legal
Congo,COG,2001,Legal
Congo,COG,2002,Legal
Congo,COG,2003,Legal
Congo,COG,2004,Legal
Congo,COG,2005,Legal
Congo,COG,2006,Legal
Congo,COG,2007,Legal
Congo,COG,2008,Legal
Congo,COG,2009,Legal
Congo,COG,2010,Legal
Congo,COG,2011,Legal
Congo,COG,2012,Legal
Congo,COG,2013,Legal
Congo,COG,2014,Legal
Congo,COG,2015,Legal
Congo,COG,2016,Legal
Congo,COG,2017,Legal
Congo,COG,2018,Legal
Congo,COG,2019,Legal
Congo,COG,2020,Legal
Congo,COG,2021,Legal
Congo,COG,2022,Legal
Congo,COG,2023,Legal
Congo,COG,2024,Legal
Congo,COG,2025,Legal
Cook Islands,COK,1969,Illegal
Cook Islands,COK,1970,Illegal
Cook Islands,COK,1971,Illegal
Cook Islands,COK,1972,Illegal
Cook Islands,COK,1973,Illegal
Cook Islands,COK,1974,Illegal
Cook Islands,COK,1975,Illegal
Cook Islands,COK,1976,Illegal
Cook Islands,COK,1977,Illegal
Cook Islands,COK,1978,Illegal
Cook Islands,COK,1979,Illegal
Cook Islands,COK,1980,Illegal
Cook Islands,COK,1981,Illegal
Cook Islands,COK,1982,Illegal
Cook Islands,COK,1983,Illegal
Cook Islands,COK,1984,Illegal
Cook Islands,COK,1985,Illegal
Cook Islands,COK,1986,Illegal
Cook Islands,COK,1987,Illegal
Cook Islands,COK,1988,Illegal
Cook Islands,COK,1989,Illegal
Cook Islands,COK,1990,Illegal
Cook Islands,COK,1991,Illegal
Cook Islands,COK,1992,Illegal
Cook Islands,COK,1993,Illegal
Cook Islands,COK,1994,Illegal
Cook Islands,COK,1995,Illegal
Cook Islands,COK,1996,Illegal
Cook Islands,COK,1997,Illegal
Cook Islands,COK,1998,Illegal
Cook Islands,COK,1999,Illegal
Cook Islands,COK,2000,Illegal
Cook Islands,COK,2001,Illegal
Cook Islands,COK,2002,Illegal
Cook Islands,COK,2003,Illegal
Cook Islands,COK,2004,Illegal
Cook Islands,COK,2005,Illegal
Cook Islands,COK,2006,Illegal
Cook Islands,COK,2007,Illegal
Cook Islands,COK,2008,Illegal
Cook Islands,COK,2009,Illegal
Cook Islands,COK,2010,Illegal
Cook Islands,COK,2011,Illegal
Cook Islands,COK,2012,Illegal
Cook Islands,COK,2013,Illegal
Cook Islands,COK,2014,Illegal
Cook Islands,COK,2015,Illegal
Cook Islands,COK,2016,Illegal
Cook Islands,COK,2017,Illegal
Cook Islands,COK,2018,Illegal
Cook Islands,COK,2019,Illegal
Cook Islands,COK,2020,Illegal
Cook Islands,COK,2021,Illegal
Cook Islands,COK,2022,Illegal
Cook Islands,COK,2023,Legal
Cook Islands,COK,2024,Legal
Cook Islands,COK,2025,Legal
Costa Rica,CRI,1760,Illegal
Costa Rica,CRI,1761,Illegal
Costa Rica,CRI,1762,Illegal
Costa Rica,CRI,1763,Illegal
Costa Rica,CRI,1764,Illegal
Costa Rica,CRI,1765,Illegal
Costa Rica,CRI,1766,Illegal
Costa Rica,CRI,1767,Illegal
Costa Rica,CRI,1768,Illegal
Costa Rica,CRI,1769,Illegal
Costa Rica,CRI,1770,Illegal
Costa Rica,CRI,1771,Illegal
Costa Rica,CRI,1772,Illegal
Costa Rica,CRI,1773,Illegal
Costa Rica,CRI,1774,Illegal
Costa Rica,CRI,1775,Illegal
Costa Rica,CRI,1776,Illegal
Costa Rica,CRI,1777,Illegal
Costa Rica,CRI,1778,Illegal
Costa Rica,CRI,1779,Illegal
Costa Rica,CRI,1780,Illegal
Costa Rica,CRI,1781,Illegal
Costa Rica,CRI,1782,Illegal
Costa Rica,CRI,1783,Illegal
Costa Rica,CRI,1784,Illegal
Costa Rica,CRI,1785,Illegal
Costa Rica,CRI,1786,Illegal
Costa Rica,CRI,1787,Illegal
Costa Rica,CRI,1788,Illegal
Costa Rica,CRI,1789,Illegal
Costa Rica,CRI,1790,Illegal
Costa Rica,CRI,1791,Illegal
Costa Rica,CRI,1792,Illegal
Costa Rica,CRI,1793,Illegal
Costa Rica,CRI,1794,Illegal
Costa Rica,CRI,1795,Illegal
Costa Rica,CRI,1796,Illegal
Costa Rica,CRI,1797,Illegal
Costa Rica,CRI,1798,Illegal
Costa Rica,CRI,1799,Illegal
Costa Rica,CRI,1800,Illegal
Costa Rica,CRI,1801,Illegal
Costa Rica,CRI,1802,Illegal
Costa Rica,CRI,1803,Illegal
Costa Rica,CRI,1804,Illegal
Costa Rica,CRI,1805,Illegal
Costa Rica,CRI,1806,Illegal
Costa Rica,CRI,1807,Illegal
Costa Rica,CRI,1808,Illegal
Costa Rica,CRI,1809,Illegal
Costa Rica,CRI,1810,Illegal
Costa Rica,CRI,1811,Illegal
Costa Rica,CRI,1812,Illegal
Costa Rica,CRI,1813,Illegal
Costa Rica,CRI,1814,Illegal
Costa Rica,CRI,1815,Illegal
Costa Rica,CRI,1816,Illegal
Costa Rica,CRI,1817,Illegal
Costa Rica,CRI,1818,Illegal
Costa Rica,CRI,1819,Illegal
Costa Rica,CRI,1820,Illegal
Costa Rica,CRI,1821,Illegal
Costa Rica,CRI,1822,Illegal
Costa Rica,CRI,1823,Illegal
Costa Rica,CRI,1824,Illegal
Costa Rica,CRI,1825,Illegal
Costa Rica,CRI,1826,Illegal
Costa Rica,CRI,1827,Illegal
Costa Rica,CRI,1828,Illegal
Costa Rica,CRI,1829,Illegal
Costa Rica,CRI,1830,Illegal
Costa Rica,CRI,1831,Illegal
Costa Rica,CRI,1832,Illegal
Costa Rica,CRI,1833,Illegal
Costa Rica,CRI,1834,Illegal
Costa Rica,CRI,1835,Illegal
Costa Rica,CRI,1836,Illegal
Costa Rica,CRI,1837,Illegal
Costa Rica,CRI,1838,Illegal
Costa Rica,CRI,1839,Illegal
Costa Rica,CRI,1840,Illegal
Costa Rica,CRI,1841,Illegal
Costa Rica,CRI,1842,Illegal
Costa Rica,CRI,1843,Illegal
Costa Rica,CRI,1844,Illegal
Costa Rica,CRI,1845,Illegal
Costa Rica,CRI,1846,Illegal
Costa Rica,CRI,1847,Illegal
Costa Rica,CRI,1848,Illegal
Costa Rica,CRI,1849,Illegal
Costa Rica,CRI,1850,Illegal
Costa Rica,CRI,1851,Illegal
Costa Rica,CRI,1852,Illegal
Costa Rica,CRI,1853,Illegal
Costa Rica,CRI,1854,Illegal
Costa Rica,CRI,1855,Illegal
Costa Rica,CRI,1856,Illegal
Costa Rica,CRI,1857,Illegal
Costa Rica,CRI,1858,Illegal
Costa Rica,CRI,1859,Illegal
Costa Rica,CRI,1860,Illegal
Costa Rica,CRI,1861,Illegal
Costa Rica,CRI,1862,Illegal
Costa Rica,CRI,1863,Illegal
Costa Rica,CRI,1864,Illegal
Costa Rica,CRI,1865,Illegal
Costa Rica,CRI,1866,Illegal
Costa Rica,CRI,1867,Illegal
Costa Rica,CRI,1868,Illegal
Costa Rica,CRI,1869,Illegal
Costa Rica,CRI,1870,Illegal
Costa Rica,CRI,1871,Illegal
Costa Rica,CRI,1872,Illegal
Costa Rica,CRI,1873,Illegal
Costa Rica,CRI,1874,Illegal
Costa Rica,CRI,1875,Illegal
Costa Rica,CRI,1876,Illegal
Costa Rica,CRI,1877,Illegal
Costa Rica,CRI,1878,Illegal
Costa Rica,CRI,1879,Illegal
Costa Rica,CRI,1880,Illegal
Costa Rica,CRI,1881,Illegal
Costa Rica,CRI,1882,Illegal
Costa Rica,CRI,1883,Illegal
Costa Rica,CRI,1884,Illegal
Costa Rica,CRI,1885,Illegal
Costa Rica,CRI,1886,Illegal
Costa Rica,CRI,1887,Illegal
Costa Rica,CRI,1888,Illegal
Costa Rica,CRI,1889,Illegal
Costa Rica,CRI,1890,Illegal
Costa Rica,CRI,1891,Illegal
Costa Rica,CRI,1892,Illegal
Costa Rica,CRI,1893,Illegal
Costa Rica,CRI,1894,Illegal
Costa Rica,CRI,1895,Illegal
Costa Rica,CRI,1896,Illegal
Costa Rica,CRI,1897,Illegal
Costa Rica,CRI,1898,Illegal
Costa Rica,CRI,1899,Illegal
Costa Rica,CRI,1900,Illegal
Costa Rica,CRI,1901,Illegal
Costa Rica,CRI,1902,Illegal
Costa Rica,CRI,1903,Illegal
Costa Rica,CRI,1904,Illegal
Costa Rica,CRI,1905,Illegal
Costa Rica,CRI,1906,Illegal
Costa Rica,CRI,1907,Illegal
Costa Rica,CRI,1908,Illegal
Costa Rica,CRI,1909,Illegal
Costa Rica,CRI,1910,Illegal
Costa Rica,CRI,1911,Illegal
Costa Rica,CRI,1912,Illegal
Costa Rica,CRI,1913,Illegal
Costa Rica,CRI,1914,Illegal
Costa Rica,CRI,1915,Illegal
Costa Rica,CRI,1916,Illegal
Costa Rica,CRI,1917,Illegal
Costa Rica,CRI,1918,Illegal
Costa Rica,CRI,1919,Illegal
Costa Rica,CRI,1920,Illegal
Costa Rica,CRI,1921,Illegal
Costa Rica,CRI,1922,Illegal
Costa Rica,CRI,1923,Illegal
Costa Rica,CRI,1924,Illegal
Costa Rica,CRI,1925,Illegal
Costa Rica,CRI,1926,Illegal
Costa Rica,CRI,1927,Illegal
Costa Rica,CRI,1928,Illegal
Costa Rica,CRI,1929,Illegal
Costa Rica,CRI,1930,Illegal
Costa Rica,CRI,1931,Illegal
Costa Rica,CRI,1932,Illegal
Costa Rica,CRI,1933,Illegal
Costa Rica,CRI,1934,Illegal
Costa Rica,CRI,1935,Illegal
Costa Rica,CRI,1936,Illegal
Costa Rica,CRI,1937,Illegal
Costa Rica,CRI,1938,Illegal
Costa Rica,CRI,1939,Illegal
Costa Rica,CRI,1940,Illegal
Costa Rica,CRI,1941,Illegal
Costa Rica,CRI,1942,Illegal
Costa Rica,CRI,1943,Illegal
Costa Rica,CRI,1944,Illegal
Costa Rica,CRI,1945,Illegal
Costa Rica,CRI,1946,Illegal
Costa Rica,CRI,1947,Illegal
Costa Rica,CRI,1948,Illegal
Costa Rica,CRI,1949,Illegal
Costa Rica,CRI,1950,Illegal
Costa Rica,CRI,1951,Illegal
Costa Rica,CRI,1952,Illegal
Costa Rica,CRI,1953,Illegal
Costa Rica,CRI,1954,Illegal
Costa Rica,CRI,1955,Illegal
Costa Rica,CRI,1956,Illegal
Costa Rica,CRI,1957,Illegal
Costa Rica,CRI,1958,Illegal
Costa Rica,CRI,1959,Illegal
Costa Rica,CRI,1960,Illegal
Costa Rica,CRI,1961,Illegal
Costa Rica,CRI,1962,Illegal
Costa Rica,CRI,1963,Illegal
Costa Rica,CRI,1964,Illegal
Costa Rica,CRI,1965,Illegal
Costa Rica,CRI,1966,Illegal
Costa Rica,CRI,1967,Illegal
Costa Rica,CRI,1968,Illegal
Costa Rica,CRI,1969,Illegal
Costa Rica,CRI,1970,Illegal
Costa Rica,CRI,1971,Legal
Costa Rica,CRI,1972,Legal
Costa Rica,CRI,1973,Legal
Costa Rica,CRI,1974,Legal
Costa Rica,CRI,1975,Legal
Costa Rica,CRI,1976,Legal
Costa Rica,CRI,1977,Legal
Costa Rica,CRI,1978,Legal
Costa Rica,CRI,1979,Legal
Costa Rica,CRI,1980,Legal
Costa Rica,CRI,1981,Legal
Costa Rica,CRI,1982,Legal
Costa Rica,CRI,1983,Legal
Costa Rica,CRI,1984,Legal
Costa Rica,CRI,1985,Legal
Costa Rica,CRI,1986,Legal
Costa Rica,CRI,1987,Legal
Costa Rica,CRI,1988,Legal
Costa Rica,CRI,1989,Legal
Costa Rica,CRI,1990,Legal
Costa Rica,CRI,1991,Legal
Costa Rica,CRI,1992,Legal
Costa Rica,CRI,1993,Legal
Costa Rica,CRI,1994,Legal
Costa Rica,CRI,1995,Legal
Costa Rica,CRI,1996,Legal
Costa Rica,CRI,1997,Legal
Costa Rica,CRI,1998,Legal
Costa Rica,CRI,1999,Legal
Costa Rica,CRI,2000,Legal
Costa Rica,CRI,2001,Legal
Costa Rica,CRI,2002,Legal
Costa Rica,CRI,2003,Legal
Costa Rica,CRI,2004,Legal
Costa Rica,CRI,2005,Legal
Costa Rica,CRI,2006,Legal
Costa Rica,CRI,2007,Legal
Costa Rica,CRI,2008,Legal
Costa Rica,CRI,2009,Legal
Costa Rica,CRI,2010,Legal
Costa Rica,CRI,2011,Legal
Costa Rica,CRI,2012,Legal
Costa Rica,CRI,2013,Legal
Costa Rica,CRI,2014,Legal
Costa Rica,CRI,2015,Legal
Costa Rica,CRI,2016,Legal
Costa Rica,CRI,2017,Legal
Costa Rica,CRI,2018,Legal
Costa Rica,CRI,2019,Legal
Costa Rica,CRI,2020,Legal
Costa Rica,CRI,2021,Legal
Costa Rica,CRI,2022,Legal
Costa Rica,CRI,2023,Legal
Costa Rica,CRI,2024,Legal
Costa Rica,CRI,2025,Legal
Cote d'Ivoire,CIV,1894,Legal
Cote d'Ivoire,CIV,1895,Legal
Cote d'Ivoire,CIV,1896,Legal
Cote d'Ivoire,CIV,1897,Legal
Cote d'Ivoire,CIV,1898,Legal
Cote d'Ivoire,CIV,1899,Legal
Cote d'Ivoire,CIV,1900,Legal
Cote d'Ivoire,CIV,1901,Legal
Cote d'Ivoire,CIV,1902,Legal
Cote d'Ivoire,CIV,1903,Legal
Cote d'Ivoire,CIV,1904,Legal
Cote d'Ivoire,CIV,1905,Legal
Cote d'Ivoire,CIV,1906,Legal
Cote d'Ivoire,CIV,1907,Legal
Cote d'Ivoire,CIV,1908,Legal
Cote d'Ivoire,CIV,1909,Legal
Cote d'Ivoire,CIV,1910,Legal
Cote d'Ivoire,CIV,1911,Legal
Cote d'Ivoire,CIV,1912,Legal
Cote d'Ivoire,CIV,1913,Legal
Cote d'Ivoire,CIV,1914,Legal
Cote d'Ivoire,CIV,1915,Legal
Cote d'Ivoire,CIV,1916,Legal
Cote d'Ivoire,CIV,1917,Legal
Cote d'Ivoire,CIV,1918,Legal
Cote d'Ivoire,CIV,1919,Legal
Cote d'Ivoire,CIV,1920,Legal
Cote d'Ivoire,CIV,1921,Legal
Cote d'Ivoire,CIV,1922,Legal
Cote d'Ivoire,CIV,1923,Legal
Cote d'Ivoire,CIV,1924,Legal
Cote d'Ivoire,CIV,1925,Legal
Cote d'Ivoire,CIV,1926,Legal
Cote d'Ivoire,CIV,1927,Legal
Cote d'Ivoire,CIV,1928,Legal
Cote d'Ivoire,CIV,1929,Legal
Cote d'Ivoire,CIV,1930,Legal
Cote d'Ivoire,CIV,1931,Legal
Cote d'Ivoire,CIV,1932,Legal
Cote d'Ivoire,CIV,1933,Legal
Cote d'Ivoire,CIV,1934,Legal
Cote d'Ivoire,CIV,1935,Legal
Cote d'Ivoire,CIV,1936,Legal
Cote d'Ivoire,CIV,1937,Legal
Cote d'Ivoire,CIV,1938,Legal
Cote d'Ivoire,CIV,1939,Legal
Cote d'Ivoire,CIV,1940,Legal
Cote d'Ivoire,CIV,1941,Legal
Cote d'Ivoire,CIV,1942,Legal
Cote d'Ivoire,CIV,1943,Legal
Cote d'Ivoire,CIV,1944,Legal
Cote d'Ivoire,CIV,1945,Legal
Cote d'Ivoire,CIV,1946,Legal
Cote d'Ivoire,CIV,1947,Legal
Cote d'Ivoire,CIV,1948,Legal
Cote d'Ivoire,CIV,1949,Legal
Cote d'Ivoire,CIV,1950,Legal
Cote d'Ivoire,CIV,1951,Legal
Cote d'Ivoire,CIV,1952,Legal
Cote d'Ivoire,CIV,1953,Legal
Cote d'Ivoire,CIV,1954,Legal
Cote d'Ivoire,CIV,1955,Legal
Cote d'Ivoire,CIV,1956,Legal
Cote d'Ivoire,CIV,1957,Legal
Cote d'Ivoire,CIV,1958,Legal
Cote d'Ivoire,CIV,1959,Legal
Cote d'Ivoire,CIV,1960,Legal
Cote d'Ivoire,CIV,1961,Legal
Cote d'Ivoire,CIV,1962,Legal
Cote d'Ivoire,CIV,1963,Legal
Cote d'Ivoire,CIV,1964,Legal
Cote d'Ivoire,CIV,1965,Legal
Cote d'Ivoire,CIV,1966,Legal
Cote d'Ivoire,CIV,1967,Legal
Cote d'Ivoire,CIV,1968,Legal
Cote d'Ivoire,CIV,1969,Legal
Cote d'Ivoire,CIV,1970,Legal
Cote d'Ivoire,CIV,1971,Legal
Cote d'Ivoire,CIV,1972,Legal
Cote d'Ivoire,CIV,1973,Legal
Cote d'Ivoire,CIV,1974,Legal
Cote d'Ivoire,CIV,1975,Legal
Cote d'Ivoire,CIV,1976,Legal
Cote d'Ivoire,CIV,1977,Legal
Cote d'Ivoire,CIV,1978,Legal
Cote d'Ivoire,CIV,1979,Legal
Cote d'Ivoire,CIV,1980,Legal
Cote d'Ivoire,CIV,1981,Legal
Cote d'Ivoire,CIV,1982,Legal
Cote d'Ivoire,CIV,1983,Legal
Cote d'Ivoire,CIV,1984,Legal
Cote d'Ivoire,CIV,1985,Legal
Cote d'Ivoire,CIV,1986,Legal
Cote d'Ivoire,CIV,1987,Legal
Cote d'Ivoire,CIV,1988,Legal
Cote d'Ivoire,CIV,1989,Legal
Cote d'Ivoire,CIV,1990,Legal
Cote d'Ivoire,CIV,1991,Legal
Cote d'Ivoire,CIV,1992,Legal
Cote d'Ivoire,CIV,1993,Legal
Cote d'Ivoire,CIV,1994,Legal
Cote d'Ivoire,CIV,1995,Legal
Cote d'Ivoire,CIV,1996,Legal
Cote d'Ivoire,CIV,1997,Legal
Cote d'Ivoire,CIV,1998,Legal
Cote d'Ivoire,CIV,1999,Legal
Cote d'Ivoire,CIV,2000,Legal
Cote d'Ivoire,CIV,2001,Legal
Cote d'Ivoire,CIV,2002,Legal
Cote d'Ivoire,CIV,2003,Legal
Cote d'Ivoire,CIV,2004,Legal
Cote d'Ivoire,CIV,2005,Legal
Cote d'Ivoire,CIV,2006,Legal
Cote d'Ivoire,CIV,2007,Legal
Cote d'Ivoire,CIV,2008,Legal
Cote d'Ivoire,CIV,2009,Legal
Cote d'Ivoire,CIV,2010,Legal
Cote d'Ivoire,CIV,2011,Legal
Cote d'Ivoire,CIV,2012,Legal
Cote d'Ivoire,CIV,2013,Legal
Cote d'Ivoire,CIV,2014,Legal
Cote d'Ivoire,CIV,2015,Legal
Cote d'Ivoire,CIV,2016,Legal
Cote d'Ivoire,CIV,2017,Legal
Cote d'Ivoire,CIV,2018,Legal
Cote d'Ivoire,CIV,2019,Legal
Cote d'Ivoire,CIV,2020,Legal
Cote d'Ivoire,CIV,2021,Legal
Cote d'Ivoire,CIV,2022,Legal
Cote d'Ivoire,CIV,2023,Legal
Cote d'Ivoire,CIV,2024,Legal
Cote d'Ivoire,CIV,2025,Legal
Croatia,HRV,1852,Legal
Croatia,HRV,1853,Legal
Croatia,HRV,1854,Legal
Croatia,HRV,1855,Legal
Croatia,HRV,1856,Legal
Croatia,HRV,1857,Legal
Croatia,HRV,1858,Legal
Croatia,HRV,1859,Legal
Croatia,HRV,1860,Legal
Croatia,HRV,1861,Legal
Croatia,HRV,1862,Legal
Croatia,HRV,1863,Legal
Croatia,HRV,1864,Legal
Croatia,HRV,1865,Legal
Croatia,HRV,1866,Legal
Croatia,HRV,1867,Legal
Croatia,HRV,1868,Legal
Croatia,HRV,1869,Legal
Croatia,HRV,1870,Legal
Croatia,HRV,1871,Legal
Croatia,HRV,1872,Legal
Croatia,HRV,1873,Legal
Croatia,HRV,1874,Legal
Croatia,HRV,1875,Legal
Croatia,HRV,1876,Legal
Croatia,HRV,1877,Legal
Croatia,HRV,1878,Legal
Croatia,HRV,1879,Legal
Croatia,HRV,1880,Legal
Croatia,HRV,1881,Legal
Croatia,HRV,1882,Legal
Croatia,HRV,1883,Legal
Croatia,HRV,1884,Legal
Croatia,HRV,1885,Legal
Croatia,HRV,1886,Legal
Croatia,HRV,1887,Legal
Croatia,HRV,1888,Legal
Croatia,HRV,1889,Legal
Croatia,HRV,1890,Legal
Croatia,HRV,1891,Legal
Croatia,HRV,1892,Legal
Croatia,HRV,1893,Legal
Croatia,HRV,1894,Legal
Croatia,HRV,1895,Legal
Croatia,HRV,1896,Legal
Croatia,HRV,1897,Legal
Croatia,HRV,1898,Legal
Croatia,HRV,1899,Legal
Croatia,HRV,1900,Legal
Croatia,HRV,1901,Legal
Croatia,HRV,1902,Legal
Croatia,HRV,1903,Legal
Croatia,HRV,1904,Legal
Croatia,HRV,1905,Legal
Croatia,HRV,1906,Legal
Croatia,HRV,1907,Legal
Croatia,HRV,1908,Legal
Croatia,HRV,1909,Legal
Croatia,HRV,1910,Legal
Croatia,HRV,1911,Legal
Croatia,HRV,1912,Legal
Croatia,HRV,1913,Legal
Croatia,HRV,1914,Legal
Croatia,HRV,1915,Legal
Croatia,HRV,1916,Legal
Croatia,HRV,1917,Legal
Croatia,HRV,1918,Legal
Croatia,HRV,1919,Legal
Croatia,HRV,1920,Legal
Croatia,HRV,1921,Legal
Croatia,HRV,1922,Legal
Croatia,HRV,1923,Legal
Croatia,HRV,1924,Legal
Croatia,HRV,1925,Legal
Croatia,HRV,1926,Legal
Croatia,HRV,1927,Legal
Croatia,HRV,1928,Legal
Croatia,HRV,1929,Illegal
Croatia,HRV,1930,Illegal
Croatia,HRV,1931,Illegal
Croatia,HRV,1932,Illegal
Croatia,HRV,1933,Illegal
Croatia,HRV,1934,Illegal
Croatia,HRV,1935,Illegal
Croatia,HRV,1936,Illegal
Croatia,HRV,1937,Illegal
Croatia,HRV,1938,Illegal
Croatia,HRV,1939,Illegal
Croatia,HRV,1940,Illegal
Croatia,HRV,1941,Illegal
Croatia,HRV,1942,Illegal
Croatia,HRV,1943,Illegal
Croatia,HRV,1944,Illegal
Croatia,HRV,1945,Illegal
Croatia,HRV,1946,Illegal
Croatia,HRV,1947,Illegal
Croatia,HRV,1948,Illegal
Croatia,HRV,1949,Illegal
Croatia,HRV,1950,Illegal
Croatia,HRV,1951,Illegal
Croatia,HRV,1952,Illegal
Croatia,HRV,1953,Illegal
Croatia,HRV,1954,Illegal
Croatia,HRV,1955,Illegal
Croatia,HRV,1956,Illegal
Croatia,HRV,1957,Illegal
Croatia,HRV,1958,Illegal
Croatia,HRV,1959,Illegal
Croatia,HRV,1960,Illegal
Croatia,HRV,1961,Illegal
Croatia,HRV,1962,Illegal
Croatia,HRV,1963,Illegal
Croatia,HRV,1964,Illegal
Croatia,HRV,1965,Illegal
Croatia,HRV,1966,Illegal
Croatia,HRV,1967,Illegal
Croatia,HRV,1968,Illegal
Croatia,HRV,1969,Illegal
Croatia,HRV,1970,Illegal
Croatia,HRV,1971,Illegal
Croatia,HRV,1972,Illegal
Croatia,HRV,1973,Illegal
Croatia,HRV,1974,Illegal
Croatia,HRV,1975,Illegal
Croatia,HRV,1976,Illegal
Croatia,HRV,1977,Legal
Croatia,HRV,1978,Legal
Croatia,HRV,1979,Legal
Croatia,HRV,1980,Legal
Croatia,HRV,1981,Legal
Croatia,HRV,1982,Legal
Croatia,HRV,1983,Legal
Croatia,HRV,1984,Legal
Croatia,HRV,1985,Legal
Croatia,HRV,1986,Legal
Croatia,HRV,1987,Legal
Croatia,HRV,1988,Legal
Croatia,HRV,1989,Legal
Croatia,HRV,1990,Legal
Croatia,HRV,1991,Legal
Croatia,HRV,1992,Legal
Croatia,HRV,1993,Legal
Croatia,HRV,1994,Legal
Croatia,HRV,1995,Legal
Croatia,HRV,1996,Legal
Croatia,HRV,1997,Legal
Croatia,HRV,1998,Legal
Croatia,HRV,1999,Legal
Croatia,HRV,2000,Legal
Croatia,HRV,2001,Legal
Croatia,HRV,2002,Legal
Croatia,HRV,2003,Legal
Croatia,HRV,2004,Legal
Croatia,HRV,2005,Legal
Croatia,HRV,2006,Legal
Croatia,HRV,2007,Legal
Croatia,HRV,2008,Legal
Croatia,HRV,2009,Legal
Croatia,HRV,2010,Legal
Croatia,HRV,2011,Legal
Croatia,HRV,2012,Legal
Croatia,HRV,2013,Legal
Croatia,HRV,2014,Legal
Croatia,HRV,2015,Legal
Croatia,HRV,2016,Legal
Croatia,HRV,2017,Legal
Croatia,HRV,2018,Legal
Croatia,HRV,2019,Legal
Croatia,HRV,2020,Legal
Croatia,HRV,2021,Legal
Croatia,HRV,2022,Legal
Croatia,HRV,2023,Legal
Croatia,HRV,2024,Legal
Croatia,HRV,2025,Legal
Cuba,CUB,1760,Illegal
Cuba,CUB,1761,Illegal
Cuba,CUB,1762,Illegal
Cuba,CUB,1763,Illegal
Cuba,CUB,1764,Illegal
Cuba,CUB,1765,Illegal
Cuba,CUB,1766,Illegal
Cuba,CUB,1767,Illegal
Cuba,CUB,1768,Illegal
Cuba,CUB,1769,Illegal
Cuba,CUB,1770,Illegal
Cuba,CUB,1771,Illegal
Cuba,CUB,1772,Illegal
Cuba,CUB,1773,Illegal
Cuba,CUB,1774,Illegal
Cuba,CUB,1775,Illegal
Cuba,CUB,1776,Illegal
Cuba,CUB,1777,Illegal
Cuba,CUB,1778,Illegal
Cuba,CUB,1779,Illegal
Cuba,CUB,1780,Illegal
Cuba,CUB,1781,Illegal
Cuba,CUB,1782,Illegal
Cuba,CUB,1783,Illegal
Cuba,CUB,1784,Illegal
Cuba,CUB,1785,Illegal
Cuba,CUB,1786,Illegal
Cuba,CUB,1787,Illegal
Cuba,CUB,1788,Illegal
Cuba,CUB,1789,Illegal
Cuba,CUB,1790,Illegal
Cuba,CUB,1791,Illegal
Cuba,CUB,1792,Illegal
Cuba,CUB,1793,Illegal
Cuba,CUB,1794,Illegal
Cuba,CUB,1795,Illegal
Cuba,CUB,1796,Illegal
Cuba,CUB,1797,Illegal
Cuba,CUB,1798,Illegal
Cuba,CUB,1799,Illegal
Cuba,CUB,1800,Illegal
Cuba,CUB,1801,Illegal
Cuba,CUB,1802,Illegal
Cuba,CUB,1803,Illegal
Cuba,CUB,1804,Illegal
Cuba,CUB,1805,Illegal
Cuba,CUB,1806,Illegal
Cuba,CUB,1807,Illegal
Cuba,CUB,1808,Illegal
Cuba,CUB,1809,Illegal
Cuba,CUB,1810,Illegal
Cuba,CUB,1811,Illegal
Cuba,CUB,1812,Illegal
Cuba,CUB,1813,Illegal
Cuba,CUB,1814,Illegal
Cuba,CUB,1815,Illegal
Cuba,CUB,1816,Illegal
Cuba,CUB,1817,Illegal
Cuba,CUB,1818,Illegal
Cuba,CUB,1819,Illegal
Cuba,CUB,1820,Illegal
Cuba,CUB,1821,Illegal
Cuba,CUB,1822,Illegal
Cuba,CUB,1823,Illegal
Cuba,CUB,1824,Illegal
Cuba,CUB,1825,Illegal
Cuba,CUB,1826,Illegal
Cuba,CUB,1827,Illegal
Cuba,CUB,1828,Illegal
Cuba,CUB,1829,Illegal
Cuba,CUB,1830,Illegal
Cuba,CUB,1831,Illegal
Cuba,CUB,1832,Illegal
Cuba,CUB,1833,Illegal
Cuba,CUB,1834,Illegal
Cuba,CUB,1835,Illegal
Cuba,CUB,1836,Illegal
Cuba,CUB,1837,Illegal
Cuba,CUB,1838,Illegal
Cuba,CUB,1839,Illegal
Cuba,CUB,1840,Illegal
Cuba,CUB,1841,Illegal
Cuba,CUB,1842,Illegal
Cuba,CUB,1843,Illegal
Cuba,CUB,1844,Illegal
Cuba,CUB,1845,Illegal
Cuba,CUB,1846,Illegal
Cuba,CUB,1847,Illegal
Cuba,CUB,1848,Illegal
Cuba,CUB,1849,Illegal
Cuba,CUB,1850,Illegal
Cuba,CUB,1851,Illegal
Cuba,CUB,1852,Illegal
Cuba,CUB,1853,Illegal
Cuba,CUB,1854,Illegal
Cuba,CUB,1855,Illegal
Cuba,CUB,1856,Illegal
Cuba,CUB,1857,Illegal
Cuba,CUB,1858,Illegal
Cuba,CUB,1859,Illegal
Cuba,CUB,1860,Illegal
Cuba,CUB,1861,Illegal
Cuba,CUB,1862,Illegal
Cuba,CUB,1863,Illegal
Cuba,CUB,1864,Illegal
Cuba,CUB,1865,Illegal
Cuba,CUB,1866,Illegal
Cuba,CUB,1867,Illegal
Cuba,CUB,1868,Illegal
Cuba,CUB,1869,Illegal
Cuba,CUB,1870,Illegal
Cuba,CUB,1871,Illegal
Cuba,CUB,1872,Illegal
Cuba,CUB,1873,Illegal
Cuba,CUB,1874,Illegal
Cuba,CUB,1875,Illegal
Cuba,CUB,1876,Illegal
Cuba,CUB,1877,Illegal
Cuba,CUB,1878,Illegal
Cuba,CUB,1879,Illegal
Cuba,CUB,1880,Illegal
Cuba,CUB,1881,Illegal
Cuba,CUB,1882,Illegal
Cuba,CUB,1883,Illegal
Cuba,CUB,1884,Illegal
Cuba,CUB,1885,Illegal
Cuba,CUB,1886,Illegal
Cuba,CUB,1887,Illegal
Cuba,CUB,1888,Illegal
Cuba,CUB,1889,Illegal
Cuba,CUB,1890,Illegal
Cuba,CUB,1891,Illegal
Cuba,CUB,1892,Illegal
Cuba,CUB,1893,Illegal
Cuba,CUB,1894,Illegal
Cuba,CUB,1895,Illegal
Cuba,CUB,1896,Illegal
Cuba,CUB,1897,Illegal
Cuba,CUB,1898,Illegal
Cuba,CUB,1899,Illegal
Cuba,CUB,1900,Illegal
Cuba,CUB,1901,Illegal
Cuba,CUB,1902,Illegal
Cuba,CUB,1903,Illegal
Cuba,CUB,1904,Illegal
Cuba,CUB,1905,Illegal
Cuba,CUB,1906,Illegal
Cuba,CUB,1907,Illegal
Cuba,CUB,1908,Illegal
Cuba,CUB,1909,Illegal
Cuba,CUB,1910,Illegal
Cuba,CUB,1911,Illegal
Cuba,CUB,1912,Illegal
Cuba,CUB,1913,Illegal
Cuba,CUB,1914,Illegal
Cuba,CUB,1915,Illegal
Cuba,CUB,1916,Illegal
Cuba,CUB,1917,Illegal
Cuba,CUB,1918,Illegal
Cuba,CUB,1919,Illegal
Cuba,CUB,1920,Illegal
Cuba,CUB,1921,Illegal
Cuba,CUB,1922,Illegal
Cuba,CUB,1923,Illegal
Cuba,CUB,1924,Illegal
Cuba,CUB,1925,Illegal
Cuba,CUB,1926,Illegal
Cuba,CUB,1927,Illegal
Cuba,CUB,1928,Illegal
Cuba,CUB,1929,Illegal
Cuba,CUB,1930,Illegal
Cuba,CUB,1931,Illegal
Cuba,CUB,1932,Illegal
Cuba,CUB,1933,Illegal
Cuba,CUB,1934,Illegal
Cuba,CUB,1935,Illegal
Cuba,CUB,1936,Illegal
Cuba,CUB,1937,Illegal
Cuba,CUB,1938,Illegal
Cuba,CUB,1939,Illegal
Cuba,CUB,1940,Illegal
Cuba,CUB,1941,Illegal
Cuba,CUB,1942,Illegal
Cuba,CUB,1943,Illegal
Cuba,CUB,1944,Illegal
Cuba,CUB,1945,Illegal
Cuba,CUB,1946,Illegal
Cuba,CUB,1947,Illegal
Cuba,CUB,1948,Illegal
Cuba,CUB,1949,Illegal
Cuba,CUB,1950,Illegal
Cuba,CUB,1951,Illegal
Cuba,CUB,1952,Illegal
Cuba,CUB,1953,Illegal
Cuba,CUB,1954,Illegal
Cuba,CUB,1955,Illegal
Cuba,CUB,1956,Illegal
Cuba,CUB,1957,Illegal
Cuba,CUB,1958,Illegal
Cuba,CUB,1959,Illegal
Cuba,CUB,1960,Illegal
Cuba,CUB,1961,Illegal
Cuba,CUB,1962,Illegal
Cuba,CUB,1963,Illegal
Cuba,CUB,1964,Illegal
Cuba,CUB,1965,Illegal
Cuba,CUB,1966,Illegal
Cuba,CUB,1967,Illegal
Cuba,CUB,1968,Illegal
Cuba,CUB,1969,Illegal
Cuba,CUB,1970,Illegal
Cuba,CUB,1971,Illegal
Cuba,CUB,1972,Illegal
Cuba,CUB,1973,Illegal
Cuba,CUB,1974,Illegal
Cuba,CUB,1975,Illegal
Cuba,CUB,1976,Illegal
Cuba,CUB,1977,Illegal
Cuba,CUB,1978,Illegal
Cuba,CUB,1979,Legal
Cuba,CUB,1980,Legal
Cuba,CUB,1981,Legal
Cuba,CUB,1982,Legal
Cuba,CUB,1983,Legal
Cuba,CUB,1984,Legal
Cuba,CUB,1985,Legal
Cuba,CUB,1986,Legal
Cuba,CUB,1987,Legal
Cuba,CUB,1988,Legal
Cuba,CUB,1989,Legal
Cuba,CUB,1990,Legal
Cuba,CUB,1991,Legal
Cuba,CUB,1992,Legal
Cuba,CUB,1993,Legal
Cuba,CUB,1994,Legal
Cuba,CUB,1995,Legal
Cuba,CUB,1996,Legal
Cuba,CUB,1997,Legal
Cuba,CUB,1998,Legal
Cuba,CUB,1999,Legal
Cuba,CUB,2000,Legal
Cuba,CUB,2001,Legal
Cuba,CUB,2002,Legal
Cuba,CUB,2003,Legal
Cuba,CUB,2004,Legal
Cuba,CUB,2005,Legal
Cuba,CUB,2006,Legal
Cuba,CUB,2007,Legal
Cuba,CUB,2008,Legal
Cuba,CUB,2009,Legal
Cuba,CUB,2010,Legal
Cuba,CUB,2011,Legal
Cuba,CUB,2012,Legal
Cuba,CUB,2013,Legal
Cuba,CUB,2014,Legal
Cuba,CUB,2015,Legal
Cuba,CUB,2016,Legal
Cuba,CUB,2017,Legal
Cuba,CUB,2018,Legal
Cuba,CUB,2019,Legal
Cuba,CUB,2020,Legal
Cuba,CUB,2021,Legal
Cuba,CUB,2022,Legal
Cuba,CUB,2023,Legal
Cuba,CUB,2024,Legal
Cuba,CUB,2025,Legal
Cyprus,CYP,1760,Illegal
Cyprus,CYP,1761,Illegal
Cyprus,CYP,1762,Illegal
Cyprus,CYP,1763,Illegal
Cyprus,CYP,1764,Illegal
Cyprus,CYP,1765,Illegal
Cyprus,CYP,1766,Illegal
Cyprus,CYP,1767,Illegal
Cyprus,CYP,1768,Illegal
Cyprus,CYP,1769,Illegal
Cyprus,CYP,1770,Illegal
Cyprus,CYP,1771,Illegal
Cyprus,CYP,1772,Illegal
Cyprus,CYP,1773,Illegal
Cyprus,CYP,1774,Illegal
Cyprus,CYP,1775,Illegal
Cyprus,CYP,1776,Illegal
Cyprus,CYP,1777,Illegal
Cyprus,CYP,1778,Illegal
Cyprus,CYP,1779,Illegal
Cyprus,CYP,1780,Illegal
Cyprus,CYP,1781,Illegal
Cyprus,CYP,1782,Illegal
Cyprus,CYP,1783,Illegal
Cyprus,CYP,1784,Illegal
Cyprus,CYP,1785,Illegal
Cyprus,CYP,1786,Illegal
Cyprus,CYP,1787,Illegal
Cyprus,CYP,1788,Illegal
Cyprus,CYP,1789,Illegal
Cyprus,CYP,1790,Illegal
Cyprus,CYP,1791,Illegal
Cyprus,CYP,1792,Illegal
Cyprus,CYP,1793,Illegal
Cyprus,CYP,1794,Illegal
Cyprus,CYP,1795,Illegal
Cyprus,CYP,1796,Illegal
Cyprus,CYP,1797,Illegal
Cyprus,CYP,1798,Illegal
Cyprus,CYP,1799,Illegal
Cyprus,CYP,1800,Illegal
Cyprus,CYP,1801,Illegal
Cyprus,CYP,1802,Illegal
Cyprus,CYP,1803,Illegal
Cyprus,CYP,1804,Illegal
Cyprus,CYP,1805,Illegal
Cyprus,CYP,1806,Illegal
Cyprus,CYP,1807,Illegal
Cyprus,CYP,1808,Illegal
Cyprus,CYP,1809,Illegal
Cyprus,CYP,1810,Illegal
Cyprus,CYP,1811,Illegal
Cyprus,CYP,1812,Illegal
Cyprus,CYP,1813,Illegal
Cyprus,CYP,1814,Illegal
Cyprus,CYP,1815,Illegal
Cyprus,CYP,1816,Illegal
Cyprus,CYP,1817,Illegal
Cyprus,CYP,1818,Illegal
Cyprus,CYP,1819,Illegal
Cyprus,CYP,1820,Illegal
Cyprus,CYP,1821,Illegal
Cyprus,CYP,1822,Illegal
Cyprus,CYP,1823,Illegal
Cyprus,CYP,1824,Illegal
Cyprus,CYP,1825,Illegal
Cyprus,CYP,1826,Illegal
Cyprus,CYP,1827,Illegal
Cyprus,CYP,1828,Illegal
Cyprus,CYP,1829,Illegal
Cyprus,CYP,1830,Illegal
Cyprus,CYP,1831,Illegal
Cyprus,CYP,1832,Illegal
Cyprus,CYP,1833,Illegal
Cyprus,CYP,1834,Illegal
Cyprus,CYP,1835,Illegal
Cyprus,CYP,1836,Illegal
Cyprus,CYP,1837,Illegal
Cyprus,CYP,1838,Illegal
Cyprus,CYP,1839,Illegal
Cyprus,CYP,1840,Illegal
Cyprus,CYP,1841,Illegal
Cyprus,CYP,1842,Illegal
Cyprus,CYP,1843,Illegal
Cyprus,CYP,1844,Illegal
Cyprus,CYP,1845,Illegal
Cyprus,CYP,1846,Illegal
Cyprus,CYP,1847,Illegal
Cyprus,CYP,1848,Illegal
Cyprus,CYP,1849,Illegal
Cyprus,CYP,1850,Illegal
Cyprus,CYP,1851,Illegal
Cyprus,CYP,1852,Illegal
Cyprus,CYP,1853,Illegal
Cyprus,CYP,1854,Illegal
Cyprus,CYP,1855,Illegal
Cyprus,CYP,1856,Illegal
Cyprus,CYP,1857,Illegal
Cyprus,CYP,1858,Legal
Cyprus,CYP,1859,Legal
Cyprus,CYP,1860,Legal
Cyprus,CYP,1861,Legal
Cyprus,CYP,1862,Legal
Cyprus,CYP,1863,Legal
Cyprus,CYP,1864,Legal
Cyprus,CYP,1865,Legal
Cyprus,CYP,1866,Legal
Cyprus,CYP,1867,Legal
Cyprus,CYP,1868,Legal
Cyprus,CYP,1869,Legal
Cyprus,CYP,1870,Legal
Cyprus,CYP,1871,Legal
Cyprus,CYP,1872,Legal
Cyprus,CYP,1873,Legal
Cyprus,CYP,1874,Legal
Cyprus,CYP,1875,Legal
Cyprus,CYP,1876,Legal
Cyprus,CYP,1877,Legal
Cyprus,CYP,1878,Legal
Cyprus,CYP,1879,Legal
Cyprus,CYP,1880,Legal
Cyprus,CYP,1881,Legal
Cyprus,CYP,1882,Legal
Cyprus,CYP,1883,Legal
Cyprus,CYP,1884,Legal
Cyprus,CYP,1885,Legal
Cyprus,CYP,1886,Legal
Cyprus,CYP,1887,Legal
Cyprus,CYP,1888,Legal
Cyprus,CYP,1889,Legal
Cyprus,CYP,1890,Legal
Cyprus,CYP,1891,Legal
Cyprus,CYP,1892,Legal
Cyprus,CYP,1893,Legal
Cyprus,CYP,1894,Legal
Cyprus,CYP,1895,Legal
Cyprus,CYP,1896,Legal
Cyprus,CYP,1897,Legal
Cyprus,CYP,1898,Legal
Cyprus,CYP,1899,Legal
Cyprus,CYP,1900,Legal
Cyprus,CYP,1901,Legal
Cyprus,CYP,1902,Legal
Cyprus,CYP,1903,Legal
Cyprus,CYP,1904,Legal
Cyprus,CYP,1905,Legal
Cyprus,CYP,1906,Legal
Cyprus,CYP,1907,Legal
Cyprus,CYP,1908,Legal
Cyprus,CYP,1909,Legal
Cyprus,CYP,1910,Legal
Cyprus,CYP,1911,Legal
Cyprus,CYP,1912,Legal
Cyprus,CYP,1913,Legal
Cyprus,CYP,1914,Legal
Cyprus,CYP,1915,Legal
Cyprus,CYP,1916,Legal
Cyprus,CYP,1917,Legal
Cyprus,CYP,1918,Legal
Cyprus,CYP,1919,Legal
Cyprus,CYP,1920,Legal
Cyprus,CYP,1921,Legal
Cyprus,CYP,1922,Legal
Cyprus,CYP,1923,Legal
Cyprus,CYP,1924,Legal
Cyprus,CYP,1925,Legal
Cyprus,CYP,1926,Legal
Cyprus,CYP,1927,Legal
Cyprus,CYP,1928,Legal
Cyprus,CYP,1929,Illegal
Cyprus,CYP,1930,Illegal
Cyprus,CYP,1931,Illegal
Cyprus,CYP,1932,Illegal
Cyprus,CYP,1933,Illegal
Cyprus,CYP,1934,Illegal
Cyprus,CYP,1935,Illegal
Cyprus,CYP,1936,Illegal
Cyprus,CYP,1937,Illegal
Cyprus,CYP,1938,Illegal
Cyprus,CYP,1939,Illegal
Cyprus,CYP,1940,Illegal
Cyprus,CYP,1941,Illegal
Cyprus,CYP,1942,Illegal
Cyprus,CYP,1943,Illegal
Cyprus,CYP,1944,Illegal
Cyprus,CYP,1945,Illegal
Cyprus,CYP,1946,Illegal
Cyprus,CYP,1947,Illegal
Cyprus,CYP,1948,Illegal
Cyprus,CYP,1949,Illegal
Cyprus,CYP,1950,Illegal
Cyprus,CYP,1951,Illegal
Cyprus,CYP,1952,Illegal
Cyprus,CYP,1953,Illegal
Cyprus,CYP,1954,Illegal
Cyprus,CYP,1955,Illegal
Cyprus,CYP,1956,Illegal
Cyprus,CYP,1957,Illegal
Cyprus,CYP,1958,Illegal
Cyprus,CYP,1959,Illegal
Cyprus,CYP,1960,Illegal
Cyprus,CYP,1961,Illegal
Cyprus,CYP,1962,Illegal
Cyprus,CYP,1963,Illegal
Cyprus,CYP,1964,Illegal
Cyprus,CYP,1965,Illegal
Cyprus,CYP,1966,Illegal
Cyprus,CYP,1967,Illegal
Cyprus,CYP,1968,Illegal
Cyprus,CYP,1969,Illegal
Cyprus,CYP,1970,Illegal
Cyprus,CYP,1971,Illegal
Cyprus,CYP,1972,Illegal
Cyprus,CYP,1973,Illegal
Cyprus,CYP,1974,Illegal
Cyprus,CYP,1975,Illegal
Cyprus,CYP,1976,Illegal
Cyprus,CYP,1977,Illegal
Cyprus,CYP,1978,Illegal
Cyprus,CYP,1979,Illegal
Cyprus,CYP,1980,Illegal
Cyprus,CYP,1981,Illegal
Cyprus,CYP,1982,Illegal
Cyprus,CYP,1983,Illegal
Cyprus,CYP,1984,Illegal
Cyprus,CYP,1985,Illegal
Cyprus,CYP,1986,Illegal
Cyprus,CYP,1987,Illegal
Cyprus,CYP,1988,Illegal
Cyprus,CYP,1989,Illegal
Cyprus,CYP,1990,Illegal
Cyprus,CYP,1991,Illegal
Cyprus,CYP,1992,Illegal
Cyprus,CYP,1993,Illegal
Cyprus,CYP,1994,Illegal
Cyprus,CYP,1995,Illegal
Cyprus,CYP,1996,Illegal
Cyprus,CYP,1997,Illegal
Cyprus,CYP,1998,Legal
Cyprus,CYP,1999,Legal
Cyprus,CYP,2000,Legal
Cyprus,CYP,2001,Legal
Cyprus,CYP,2002,Legal
Cyprus,CYP,2003,Legal
Cyprus,CYP,2004,Legal
Cyprus,CYP,2005,Legal
Cyprus,CYP,2006,Legal
Cyprus,CYP,2007,Legal
Cyprus,CYP,2008,Legal
Cyprus,CYP,2009,Legal
Cyprus,CYP,2010,Legal
Cyprus,CYP,2011,Legal
Cyprus,CYP,2012,Legal
Cyprus,CYP,2013,Legal
Cyprus,CYP,2014,Legal
Cyprus,CYP,2015,Legal
Cyprus,CYP,2016,Legal
Cyprus,CYP,2017,Legal
Cyprus,CYP,2018,Legal
Cyprus,CYP,2019,Legal
Cyprus,CYP,2020,Legal
Cyprus,CYP,2021,Legal
Cyprus,CYP,2022,Legal
Cyprus,CYP,2023,Legal
Cyprus,CYP,2024,Legal
Cyprus,CYP,2025,Legal
Czechia,CZE,1768,Illegal
Czechia,CZE,1769,Illegal
Czechia,CZE,1770,Illegal
Czechia,CZE,1771,Illegal
Czechia,CZE,1772,Illegal
Czechia,CZE,1773,Illegal
Czechia,CZE,1774,Illegal
Czechia,CZE,1775,Illegal
Czechia,CZE,1776,Illegal
Czechia,CZE,1777,Illegal
Czechia,CZE,1778,Illegal
Czechia,CZE,1779,Illegal
Czechia,CZE,1780,Illegal
Czechia,CZE,1781,Illegal
Czechia,CZE,1782,Illegal
Czechia,CZE,1783,Illegal
Czechia,CZE,1784,Illegal
Czechia,CZE,1785,Illegal
Czechia,CZE,1786,Illegal
Czechia,CZE,1787,Illegal
Czechia,CZE,1788,Illegal
Czechia,CZE,1789,Illegal
Czechia,CZE,1790,Illegal
Czechia,CZE,1791,Illegal
Czechia,CZE,1792,Illegal
Czechia,CZE,1793,Illegal
Czechia,CZE,1794,Illegal
Czechia,CZE,1795,Illegal
Czechia,CZE,1796,Illegal
Czechia,CZE,1797,Illegal
Czechia,CZE,1798,Illegal
Czechia,CZE,1799,Illegal
Czechia,CZE,1800,Illegal
Czechia,CZE,1801,Illegal
Czechia,CZE,1802,Illegal
Czechia,CZE,1803,Illegal
Czechia,CZE,1804,Illegal
Czechia,CZE,1805,Illegal
Czechia,CZE,1806,Illegal
Czechia,CZE,1807,Illegal
Czechia,CZE,1808,Illegal
Czechia,CZE,1809,Illegal
Czechia,CZE,1810,Illegal
Czechia,CZE,1811,Illegal
Czechia,CZE,1812,Illegal
Czechia,CZE,1813,Illegal
Czechia,CZE,1814,Illegal
Czechia,CZE,1815,Illegal
Czechia,CZE,1816,Illegal
Czechia,CZE,1817,Illegal
Czechia,CZE,1818,Illegal
Czechia,CZE,1819,Illegal
Czechia,CZE,1820,Illegal
Czechia,CZE,1821,Illegal
Czechia,CZE,1822,Illegal
Czechia,CZE,1823,Illegal
Czechia,CZE,1824,Illegal
Czechia,CZE,1825,Illegal
Czechia,CZE,1826,Illegal
Czechia,CZE,1827,Illegal
Czechia,CZE,1828,Illegal
Czechia,CZE,1829,Illegal
Czechia,CZE,1830,Illegal
Czechia,CZE,1831,Illegal
Czechia,CZE,1832,Illegal
Czechia,CZE,1833,Illegal
Czechia,CZE,1834,Illegal
Czechia,CZE,1835,Illegal
Czechia,CZE,1836,Illegal
Czechia,CZE,1837,Illegal
Czechia,CZE,1838,Illegal
Czechia,CZE,1839,Illegal
Czechia,CZE,1840,Illegal
Czechia,CZE,1841,Illegal
Czechia,CZE,1842,Illegal
Czechia,CZE,1843,Illegal
Czechia,CZE,1844,Illegal
Czechia,CZE,1845,Illegal
Czechia,CZE,1846,Illegal
Czechia,CZE,1847,Illegal
Czechia,CZE,1848,Illegal
Czechia,CZE,1849,Illegal
Czechia,CZE,1850,Illegal
Czechia,CZE,1851,Illegal
Czechia,CZE,1852,Illegal
Czechia,CZE,1853,Illegal
Czechia,CZE,1854,Illegal
Czechia,CZE,1855,Illegal
Czechia,CZE,1856,Illegal
Czechia,CZE,1857,Illegal
Czechia,CZE,1858,Illegal
Czechia,CZE,1859,Illegal
Czechia,CZE,1860,Illegal
Czechia,CZE,1861,Illegal
Czechia,CZE,1862,Illegal
Czechia,CZE,1863,Illegal
Czechia,CZE,1864,Illegal
Czechia,CZE,1865,Illegal
Czechia,CZE,1866,Illegal
Czechia,CZE,1867,Illegal
Czechia,CZE,1868,Illegal
Czechia,CZE,1869,Illegal
Czechia,CZE,1870,Illegal
Czechia,CZE,1871,Illegal
Czechia,CZE,1872,Illegal
Czechia,CZE,1873,Illegal
Czechia,CZE,1874,Illegal
Czechia,CZE,1875,Illegal
Czechia,CZE,1876,Illegal
Czechia,CZE,1877,Illegal
Czechia,CZE,1878,Illegal
Czechia,CZE,1879,Illegal
Czechia,CZE,1880,Illegal
Czechia,CZE,1881,Illegal
Czechia,CZE,1882,Illegal
Czechia,CZE,1883,Illegal
Czechia,CZE,1884,Illegal
Czechia,CZE,1885,Illegal
Czechia,CZE,1886,Illegal
Czechia,CZE,1887,Illegal
Czechia,CZE,1888,Illegal
Czechia,CZE,1889,Illegal
Czechia,CZE,1890,Illegal
Czechia,CZE,1891,Illegal
Czechia,CZE,1892,Illegal
Czechia,CZE,1893,Illegal
Czechia,CZE,1894,Illegal
Czechia,CZE,1895,Illegal
Czechia,CZE,1896,Illegal
Czechia,CZE,1897,Illegal
Czechia,CZE,1898,Illegal
Czechia,CZE,1899,Illegal
Czechia,CZE,1900,Illegal
Czechia,CZE,1901,Illegal
Czechia,CZE,1902,Illegal
Czechia,CZE,1903,Illegal
Czechia,CZE,1904,Illegal
Czechia,CZE,1905,Illegal
Czechia,CZE,1906,Illegal
Czechia,CZE,1907,Illegal
Czechia,CZE,1908,Illegal
Czechia,CZE,1909,Illegal
Czechia,CZE,1910,Illegal
Czechia,CZE,1911,Illegal
Czechia,CZE,1912,Illegal
Czechia,CZE,1913,Illegal
Czechia,CZE,1914,Illegal
Czechia,CZE,1915,Illegal
Czechia,CZE,1916,Illegal
Czechia,CZE,1917,Illegal
Czechia,CZE,1918,Illegal
Czechia,CZE,1919,Illegal
Czechia,CZE,1920,Illegal
Czechia,CZE,1921,Illegal
Czechia,CZE,1922,Illegal
Czechia,CZE,1923,Illegal
Czechia,CZE,1924,Illegal
Czechia,CZE,1925,Illegal
Czechia,CZE,1926,Illegal
Czechia,CZE,1927,Illegal
Czechia,CZE,1928,Illegal
Czechia,CZE,1929,Illegal
Czechia,CZE,1930,Illegal
Czechia,CZE,1931,Illegal
Czechia,CZE,1932,Illegal
Czechia,CZE,1933,Illegal
Czechia,CZE,1934,Illegal
Czechia,CZE,1935,Illegal
Czechia,CZE,1936,Illegal
Czechia,CZE,1937,Illegal
Czechia,CZE,1938,Illegal
Czechia,CZE,1939,Illegal
Czechia,CZE,1940,Illegal
Czechia,CZE,1941,Illegal
Czechia,CZE,1942,Illegal
Czechia,CZE,1943,Illegal
Czechia,CZE,1944,Illegal
Czechia,CZE,1945,Illegal
Czechia,CZE,1946,Illegal
Czechia,CZE,1947,Illegal
Czechia,CZE,1948,Illegal
Czechia,CZE,1949,Illegal
Czechia,CZE,1950,Illegal
Czechia,CZE,1951,Illegal
Czechia,CZE,1952,Illegal
Czechia,CZE,1953,Illegal
Czechia,CZE,1954,Illegal
Czechia,CZE,1955,Illegal
Czechia,CZE,1956,Illegal
Czechia,CZE,1957,Illegal
Czechia,CZE,1958,Illegal
Czechia,CZE,1959,Illegal
Czechia,CZE,1960,Illegal
Czechia,CZE,1961,Legal
Czechia,CZE,1962,Legal
Czechia,CZE,1963,Legal
Czechia,CZE,1964,Legal
Czechia,CZE,1965,Legal
Czechia,CZE,1966,Legal
Czechia,CZE,1967,Legal
Czechia,CZE,1968,Legal
Czechia,CZE,1969,Legal
Czechia,CZE,1970,Legal
Czechia,CZE,1971,Legal
Czechia,CZE,1972,Legal
Czechia,CZE,1973,Legal
Czechia,CZE,1974,Legal
Czechia,CZE,1975,Legal
Czechia,CZE,1976,Legal
Czechia,CZE,1977,Legal
Czechia,CZE,1978,Legal
Czechia,CZE,1979,Legal
Czechia,CZE,1980,Legal
Czechia,CZE,1981,Legal
Czechia,CZE,1982,Legal
Czechia,CZE,1983,Legal
Czechia,CZE,1984,Legal
Czechia,CZE,1985,Legal
Czechia,CZE,1986,Legal
Czechia,CZE,1987,Legal
Czechia,CZE,1988,Legal
Czechia,CZE,1989,Legal
Czechia,CZE,1990,Legal
Czechia,CZE,1991,Legal
Czechia,CZE,1992,Legal
Czechia,CZE,1993,Legal
Czechia,CZE,1994,Legal
Czechia,CZE,1995,Legal
Czechia,CZE,1996,Legal
Czechia,CZE,1997,Legal
Czechia,CZE,1998,Legal
Czechia,CZE,1999,Legal
Czechia,CZE,2000,Legal
Czechia,CZE,2001,Legal
Czechia,CZE,2002,Legal
Czechia,CZE,2003,Legal
Czechia,CZE,2004,Legal
Czechia,CZE,2005,Legal
Czechia,CZE,2006,Legal
Czechia,CZE,2007,Legal
Czechia,CZE,2008,Legal
Czechia,CZE,2009,Legal
Czechia,CZE,2010,Legal
Czechia,CZE,2011,Legal
Czechia,CZE,2012,Legal
Czechia,CZE,2013,Legal
Czechia,CZE,2014,Legal
Czechia,CZE,2015,Legal
Czechia,CZE,2016,Legal
Czechia,CZE,2017,Legal
Czechia,CZE,2018,Legal
Czechia,CZE,2019,Legal
Czechia,CZE,2020,Legal
Czechia,CZE,2021,Legal
Czechia,CZE,2022,Legal
Czechia,CZE,2023,Legal
Czechia,CZE,2024,Legal
Czechia,CZE,2025,Legal
Democratic Republic of Congo,COD,1884,Legal
Democratic Republic of Congo,COD,1885,Legal
Democratic Republic of Congo,COD,1886,Legal
Democratic Republic of Congo,COD,1887,Legal
Democratic Republic of Congo,COD,1888,Legal
Democratic Republic of Congo,COD,1889,Legal
Democratic Republic of Congo,COD,1890,Legal
Democratic Republic of Congo,COD,1891,Legal
Democratic Republic of Congo,COD,1892,Legal
Democratic Republic of Congo,COD,1893,Legal
Democratic Republic of Congo,COD,1894,Legal
Democratic Republic of Congo,COD,1895,Legal
Democratic Republic of Congo,COD,1896,Legal
Democratic Republic of Congo,COD,1897,Legal
Democratic Republic of Congo,COD,1898,Legal
Democratic Republic of Congo,COD,1899,Legal
Democratic Republic of Congo,COD,1900,Legal
Democratic Republic of Congo,COD,1901,Legal
Democratic Republic of Congo,COD,1902,Legal
Democratic Republic of Congo,COD,1903,Legal
Democratic Republic of Congo,COD,1904,Legal
Democratic Republic of Congo,COD,1905,Legal
Democratic Republic of Congo,COD,1906,Legal
Democratic Republic of Congo,COD,1907,Legal
Democratic Republic of Congo,COD,1908,Legal
Democratic Republic of Congo,COD,1909,Legal
Democratic Republic of Congo,COD,1910,Legal
Democratic Republic of Congo,COD,1911,Legal
Democratic Republic of Congo,COD,1912,Legal
Democratic Republic of Congo,COD,1913,Legal
Democratic Republic of Congo,COD,1914,Legal
Democratic Republic of Congo,COD,1915,Legal
Democratic Republic of Congo,COD,1916,Legal
Democratic Republic of Congo,COD,1917,Legal
Democratic Republic of Congo,COD,1918,Legal
Democratic Republic of Congo,COD,1919,Legal
Democratic Republic of Congo,COD,1920,Legal
Democratic Republic of Congo,COD,1921,Legal
Democratic Republic of Congo,COD,1922,Legal
Democratic Republic of Congo,COD,1923,Legal
Democratic Republic of Congo,COD,1924,Legal
Democratic Republic of Congo,COD,1925,Legal
Democratic Republic of Congo,COD,1926,Legal
Democratic Republic of Congo,COD,1927,Legal
Democratic Republic of Congo,COD,1928,Legal
Democratic Republic of Congo,COD,1929,Legal
Democratic Republic of Congo,COD,1930,Legal
Democratic Republic of Congo,COD,1931,Legal
Democratic Republic of Congo,COD,1932,Legal
Democratic Republic of Congo,COD,1933,Legal
Democratic Republic of Congo,COD,1934,Legal
Democratic Republic of Congo,COD,1935,Legal
Democratic Republic of Congo,COD,1936,Legal
Democratic Republic of Congo,COD,1937,Legal
Democratic Republic of Congo,COD,1938,Legal
Democratic Republic of Congo,COD,1939,Legal
Democratic Republic of Congo,COD,1940,Legal
Democratic Republic of Congo,COD,1941,Legal
Democratic Republic of Congo,COD,1942,Legal
Democratic Republic of Congo,COD,1943,Legal
Democratic Republic of Congo,COD,1944,Legal
Democratic Republic of Congo,COD,1945,Legal
Democratic Republic of Congo,COD,1946,Legal
Democratic Republic of Congo,COD,1947,Legal
Democratic Republic of Congo,COD,1948,Legal
Democratic Republic of Congo,COD,1949,Legal
Democratic Republic of Congo,COD,1950,Legal
Democratic Republic of Congo,COD,1951,Legal
Democratic Republic of Congo,COD,1952,Legal
Democratic Republic of Congo,COD,1953,Legal
Democratic Republic of Congo,COD,1954,Legal
Democratic Republic of Congo,COD,1955,Legal
Democratic Republic of Congo,COD,1956,Legal
Democratic Republic of Congo,COD,1957,Legal
Democratic Republic of Congo,COD,1958,Legal
Democratic Republic of Congo,COD,1959,Legal
Democratic Republic of Congo,COD,1960,Legal
Democratic Republic of Congo,COD,1961,Legal
Democratic Republic of Congo,COD,1962,Legal
Democratic Republic of Congo,COD,1963,Legal
Democratic Republic of Congo,COD,1964,Legal
Democratic Republic of Congo,COD,1965,Legal
Democratic Republic of Congo,COD,1966,Legal
Democratic Republic of Congo,COD,1967,Legal
Democratic Republic of Congo,COD,1968,Legal
Democratic Republic of Congo,COD,1969,Legal
Democratic Republic of Congo,COD,1970,Legal
Democratic Republic of Congo,COD,1971,Legal
Democratic Republic of Congo,COD,1972,Legal
Democratic Republic of Congo,COD,1973,Legal
Democratic Republic of Congo,COD,1974,Legal
Democratic Republic of Congo,COD,1975,Legal
Democratic Republic of Congo,COD,1976,Legal
Democratic Republic of Congo,COD,1977,Legal
Democratic Republic of Congo,COD,1978,Legal
Democratic Republic of Congo,COD,1979,Legal
Democratic Republic of Congo,COD,1980,Legal
Democratic Republic of Congo,COD,1981,Legal
Democratic Republic of Congo,COD,1982,Legal
Democratic Republic of Congo,COD,1983,Legal
Democratic Republic of Congo,COD,1984,Legal
Democratic Republic of Congo,COD,1985,Legal
Democratic Republic of Congo,COD,1986,Legal
Democratic Republic of Congo,COD,1987,Legal
Democratic Republic of Congo,COD,1988,Legal
Democratic Republic of Congo,COD,1989,Legal
Democratic Republic of Congo,COD,1990,Legal
Democratic Republic of Congo,COD,1991,Legal
Democratic Republic of Congo,COD,1992,Legal
Democratic Republic of Congo,COD,1993,Legal
Democratic Republic of Congo,COD,1994,Legal
Democratic Republic of Congo,COD,1995,Legal
Democratic Republic of Congo,COD,1996,Legal
Democratic Republic of Congo,COD,1997,Legal
Democratic Republic of Congo,COD,1998,Legal
Democratic Republic of Congo,COD,1999,Legal
Democratic Republic of Congo,COD,2000,Legal
Democratic Republic of Congo,COD,2001,Legal
Democratic Republic of Congo,COD,2002,Legal
Democratic Republic of Congo,COD,2003,Legal
Democratic Republic of Congo,COD,2004,Legal
Democratic Republic of Congo,COD,2005,Legal
Democratic Republic of Congo,COD,2006,Legal
Democratic Republic of Congo,COD,2007,Legal
Democratic Republic of Congo,COD,2008,Legal
Democratic Republic of Congo,COD,2009,Legal
Democratic Republic of Congo,COD,2010,Legal
Democratic Republic of Congo,COD,2011,Legal
Democratic Republic of Congo,COD,2012,Legal
Democratic Republic of Congo,COD,2013,Legal
Democratic Republic of Congo,COD,2014,Legal
Democratic Republic of Congo,COD,2015,Legal
Democratic Republic of Congo,COD,2016,Legal
Democratic Republic of Congo,COD,2017,Legal
Democratic Republic of Congo,COD,2018,Legal
Democratic Republic of Congo,COD,2019,Legal
Democratic Republic of Congo,COD,2020,Legal
Democratic Republic of Congo,COD,2021,Legal
Democratic Republic of Congo,COD,2022,Legal
Democratic Republic of Congo,COD,2023,Legal
Democratic Republic of Congo,COD,2024,Legal
Democratic Republic of Congo,COD,2025,Legal
Denmark,DNK,1760,Illegal
Denmark,DNK,1761,Illegal
Denmark,DNK,1762,Illegal
Denmark,DNK,1763,Illegal
Denmark,DNK,1764,Illegal
Denmark,DNK,1765,Illegal
Denmark,DNK,1766,Illegal
Denmark,DNK,1767,Illegal
Denmark,DNK,1768,Illegal
Denmark,DNK,1769,Illegal
Denmark,DNK,1770,Illegal
Denmark,DNK,1771,Illegal
Denmark,DNK,1772,Illegal
Denmark,DNK,1773,Illegal
Denmark,DNK,1774,Illegal
Denmark,DNK,1775,Illegal
Denmark,DNK,1776,Illegal
Denmark,DNK,1777,Illegal
Denmark,DNK,1778,Illegal
Denmark,DNK,1779,Illegal
Denmark,DNK,1780,Illegal
Denmark,DNK,1781,Illegal
Denmark,DNK,1782,Illegal
Denmark,DNK,1783,Illegal
Denmark,DNK,1784,Illegal
Denmark,DNK,1785,Illegal
Denmark,DNK,1786,Illegal
Denmark,DNK,1787,Illegal
Denmark,DNK,1788,Illegal
Denmark,DNK,1789,Illegal
Denmark,DNK,1790,Illegal
Denmark,DNK,1791,Illegal
Denmark,DNK,1792,Illegal
Denmark,DNK,1793,Illegal
Denmark,DNK,1794,Illegal
Denmark,DNK,1795,Illegal
Denmark,DNK,1796,Illegal
Denmark,DNK,1797,Illegal
Denmark,DNK,1798,Illegal
Denmark,DNK,1799,Illegal
Denmark,DNK,1800,Illegal
Denmark,DNK,1801,Illegal
Denmark,DNK,1802,Illegal
Denmark,DNK,1803,Illegal
Denmark,DNK,1804,Illegal
Denmark,DNK,1805,Illegal
Denmark,DNK,1806,Illegal
Denmark,DNK,1807,Illegal
Denmark,DNK,1808,Illegal
Denmark,DNK,1809,Illegal
Denmark,DNK,1810,Illegal
Denmark,DNK,1811,Illegal
Denmark,DNK,1812,Illegal
Denmark,DNK,1813,Illegal
Denmark,DNK,1814,Illegal
Denmark,DNK,1815,Illegal
Denmark,DNK,1816,Illegal
Denmark,DNK,1817,Illegal
Denmark,DNK,1818,Illegal
Denmark,DNK,1819,Illegal
Denmark,DNK,1820,Illegal
Denmark,DNK,1821,Illegal
Denmark,DNK,1822,Illegal
Denmark,DNK,1823,Illegal
Denmark,DNK,1824,Illegal
Denmark,DNK,1825,Illegal
Denmark,DNK,1826,Illegal
Denmark,DNK,1827,Illegal
Denmark,DNK,1828,Illegal
Denmark,DNK,1829,Illegal
Denmark,DNK,1830,Illegal
Denmark,DNK,1831,Illegal
Denmark,DNK,1832,Illegal
Denmark,DNK,1833,Illegal
Denmark,DNK,1834,Illegal
Denmark,DNK,1835,Illegal
Denmark,DNK,1836,Illegal
Denmark,DNK,1837,Illegal
Denmark,DNK,1838,Illegal
Denmark,DNK,1839,Illegal
Denmark,DNK,1840,Illegal
Denmark,DNK,1841,Illegal
Denmark,DNK,1842,Illegal
Denmark,DNK,1843,Illegal
Denmark,DNK,1844,Illegal
Denmark,DNK,1845,Illegal
Denmark,DNK,1846,Illegal
Denmark,DNK,1847,Illegal
Denmark,DNK,1848,Illegal
Denmark,DNK,1849,Illegal
Denmark,DNK,1850,Illegal
Denmark,DNK,1851,Illegal
Denmark,DNK,1852,Illegal
Denmark,DNK,1853,Illegal
Denmark,DNK,1854,Illegal
Denmark,DNK,1855,Illegal
Denmark,DNK,1856,Illegal
Denmark,DNK,1857,Illegal
Denmark,DNK,1858,Illegal
Denmark,DNK,1859,Illegal
Denmark,DNK,1860,Illegal
Denmark,DNK,1861,Illegal
Denmark,DNK,1862,Illegal
Denmark,DNK,1863,Illegal
Denmark,DNK,1864,Illegal
Denmark,DNK,1865,Illegal
Denmark,DNK,1866,Illegal
Denmark,DNK,1867,Illegal
Denmark,DNK,1868,Illegal
Denmark,DNK,1869,Illegal
Denmark,DNK,1870,Illegal
Denmark,DNK,1871,Illegal
Denmark,DNK,1872,Illegal
Denmark,DNK,1873,Illegal
Denmark,DNK,1874,Illegal
Denmark,DNK,1875,Illegal
Denmark,DNK,1876,Illegal
Denmark,DNK,1877,Illegal
Denmark,DNK,1878,Illegal
Denmark,DNK,1879,Illegal
Denmark,DNK,1880,Illegal
Denmark,DNK,1881,Illegal
Denmark,DNK,1882,Illegal
Denmark,DNK,1883,Illegal
Denmark,DNK,1884,Illegal
Denmark,DNK,1885,Illegal
Denmark,DNK,1886,Illegal
Denmark,DNK,1887,Illegal
Denmark,DNK,1888,Illegal
Denmark,DNK,1889,Illegal
Denmark,DNK,1890,Illegal
Denmark,DNK,1891,Illegal
Denmark,DNK,1892,Illegal
Denmark,DNK,1893,Illegal
Denmark,DNK,1894,Illegal
Denmark,DNK,1895,Illegal
Denmark,DNK,1896,Illegal
Denmark,DNK,1897,Illegal
Denmark,DNK,1898,Illegal
Denmark,DNK,1899,Illegal
Denmark,DNK,1900,Illegal
Denmark,DNK,1901,Illegal
Denmark,DNK,1902,Illegal
Denmark,DNK,1903,Illegal
Denmark,DNK,1904,Illegal
Denmark,DNK,1905,Illegal
Denmark,DNK,1906,Illegal
Denmark,DNK,1907,Illegal
Denmark,DNK,1908,Illegal
Denmark,DNK,1909,Illegal
Denmark,DNK,1910,Illegal
Denmark,DNK,1911,Illegal
Denmark,DNK,1912,Illegal
Denmark,DNK,1913,Illegal
Denmark,DNK,1914,Illegal
Denmark,DNK,1915,Illegal
Denmark,DNK,1916,Illegal
Denmark,DNK,1917,Illegal
Denmark,DNK,1918,Illegal
Denmark,DNK,1919,Illegal
Denmark,DNK,1920,Illegal
Denmark,DNK,1921,Illegal
Denmark,DNK,1922,Illegal
Denmark,DNK,1923,Illegal
Denmark,DNK,1924,Illegal
Denmark,DNK,1925,Illegal
Denmark,DNK,1926,Illegal
Denmark,DNK,1927,Illegal
Denmark,DNK,1928,Illegal
Denmark,DNK,1929,Illegal
Denmark,DNK,1930,Illegal
Denmark,DNK,1931,Illegal
Denmark,DNK,1932,Illegal
Denmark,DNK,1933,Legal
Denmark,DNK,1934,Legal
Denmark,DNK,1935,Legal
Denmark,DNK,1936,Legal
Denmark,DNK,1937,Legal
Denmark,DNK,1938,Legal
Denmark,DNK,1939,Legal
Denmark,DNK,1940,Legal
Denmark,DNK,1941,Legal
Denmark,DNK,1942,Legal
Denmark,DNK,1943,Legal
Denmark,DNK,1944,Legal
Denmark,DNK,1945,Legal
Denmark,DNK,1946,Legal
Denmark,DNK,1947,Legal
Denmark,DNK,1948,Legal
Denmark,DNK,1949,Legal
Denmark,DNK,1950,Legal
Denmark,DNK,1951,Legal
Denmark,DNK,1952,Legal
Denmark,DNK,1953,Legal
Denmark,DNK,1954,Legal
Denmark,DNK,1955,Legal
Denmark,DNK,1956,Legal
Denmark,DNK,1957,Legal
Denmark,DNK,1958,Legal
Denmark,DNK,1959,Legal
Denmark,DNK,1960,Legal
Denmark,DNK,1961,Legal
Denmark,DNK,1962,Legal
Denmark,DNK,1963,Legal
Denmark,DNK,1964,Legal
Denmark,DNK,1965,Legal
Denmark,DNK,1966,Legal
Denmark,DNK,1967,Legal
Denmark,DNK,1968,Legal
Denmark,DNK,1969,Legal
Denmark,DNK,1970,Legal
Denmark,DNK,1971,Legal
Denmark,DNK,1972,Legal
Denmark,DNK,1973,Legal
Denmark,DNK,1974,Legal
Denmark,DNK,1975,Legal
Denmark,DNK,1976,Legal
Denmark,DNK,1977,Legal
Denmark,DNK,1978,Legal
Denmark,DNK,1979,Legal
Denmark,DNK,1980,Legal
Denmark,DNK,1981,Legal
Denmark,DNK,1982,Legal
Denmark,DNK,1983,Legal
Denmark,DNK,1984,Legal
Denmark,DNK,1985,Legal
Denmark,DNK,1986,Legal
Denmark,DNK,1987,Legal
Denmark,DNK,1988,Legal
Denmark,DNK,1989,Legal
Denmark,DNK,1990,Legal
Denmark,DNK,1991,Legal
Denmark,DNK,1992,Legal
Denmark,DNK,1993,Legal
Denmark,DNK,1994,Legal
Denmark,DNK,1995,Legal
Denmark,DNK,1996,Legal
Denmark,DNK,1997,Legal
Denmark,DNK,1998,Legal
Denmark,DNK,1999,Legal
Denmark,DNK,2000,Legal
Denmark,DNK,2001,Legal
Denmark,DNK,2002,Legal
Denmark,DNK,2003,Legal
Denmark,DNK,2004,Legal
Denmark,DNK,2005,Legal
Denmark,DNK,2006,Legal
Denmark,DNK,2007,Legal
Denmark,DNK,2008,Legal
Denmark,DNK,2009,Legal
Denmark,DNK,2010,Legal
Denmark,DNK,2011,Legal
Denmark,DNK,2012,Legal
Denmark,DNK,2013,Legal
Denmark,DNK,2014,Legal
Denmark,DNK,2015,Legal
Denmark,DNK,2016,Legal
Denmark,DNK,2017,Legal
Denmark,DNK,2018,Legal
Denmark,DNK,2019,Legal
Denmark,DNK,2020,Legal
Denmark,DNK,2021,Legal
Denmark,DNK,2022,Legal
Denmark,DNK,2023,Legal
Denmark,DNK,2024,Legal
Denmark,DNK,2025,Legal
Djibouti,DJI,1995,Legal
Djibouti,DJI,1996,Legal
Djibouti,DJI,1997,Legal
Djibouti,DJI,1998,Legal
Djibouti,DJI,1999,Legal
Djibouti,DJI,2000,Legal
Djibouti,DJI,2001,Legal
Djibouti,DJI,2002,Legal
Djibouti,DJI,2003,Legal
Djibouti,DJI,2004,Legal
Djibouti,DJI,2005,Legal
Djibouti,DJI,2006,Legal
Djibouti,DJI,2007,Legal
Djibouti,DJI,2008,Legal
Djibouti,DJI,2009,Legal
Djibouti,DJI,2010,Legal
Djibouti,DJI,2011,Legal
Djibouti,DJI,2012,Legal
Djibouti,DJI,2013,Legal
Djibouti,DJI,2014,Legal
Djibouti,DJI,2015,Legal
Djibouti,DJI,2016,Legal
Djibouti,DJI,2017,Legal
Djibouti,DJI,2018,Legal
Djibouti,DJI,2019,Legal
Djibouti,DJI,2020,Legal
Djibouti,DJI,2021,Legal
Djibouti,DJI,2022,Legal
Djibouti,DJI,2023,Legal
Djibouti,DJI,2024,Legal
Djibouti,DJI,2025,Legal
Dominica,DMA,1998,Illegal
Dominica,DMA,1999,Illegal
Dominica,DMA,2000,Illegal
Dominica,DMA,2001,Illegal
Dominica,DMA,2002,Illegal
Dominica,DMA,2003,Illegal
Dominica,DMA,2004,Illegal
Dominica,DMA,2005,Illegal
Dominica,DMA,2006,Illegal
Dominica,DMA,2007,Illegal
Dominica,DMA,2008,Illegal
Dominica,DMA,2009,Illegal
Dominica,DMA,2010,Illegal
Dominica,DMA,2011,Illegal
Dominica,DMA,2012,Illegal
Dominica,DMA,2013,Illegal
Dominica,DMA,2014,Illegal
Dominica,DMA,2015,Illegal
Dominica,DMA,2016,Illegal
Dominica,DMA,2017,Illegal
Dominica,DMA,2018,Illegal
Dominica,DMA,2019,Illegal
Dominica,DMA,2020,Illegal
Dominica,DMA,2021,Illegal
Dominica,DMA,2022,Illegal
Dominica,DMA,2023,Illegal
Dominica,DMA,2024,Legal
Dominica,DMA,2025,Legal
Dominican Republic,DOM,1760,Illegal
Dominican Republic,DOM,1761,Illegal
Dominican Republic,DOM,1762,Illegal
Dominican Republic,DOM,1763,Illegal
Dominican Republic,DOM,1764,Illegal
Dominican Republic,DOM,1765,Illegal
Dominican Republic,DOM,1766,Illegal
Dominican Republic,DOM,1767,Illegal
Dominican Republic,DOM,1768,Illegal
Dominican Republic,DOM,1769,Illegal
Dominican Republic,DOM,1770,Illegal
Dominican Republic,DOM,1771,Illegal
Dominican Republic,DOM,1772,Illegal
Dominican Republic,DOM,1773,Illegal
Dominican Republic,DOM,1774,Illegal
Dominican Republic,DOM,1775,Illegal
Dominican Republic,DOM,1776,Illegal
Dominican Republic,DOM,1777,Illegal
Dominican Republic,DOM,1778,Illegal
Dominican Republic,DOM,1779,Illegal
Dominican Republic,DOM,1780,Illegal
Dominican Republic,DOM,1781,Illegal
Dominican Republic,DOM,1782,Illegal
Dominican Republic,DOM,1783,Illegal
Dominican Republic,DOM,1784,Illegal
Dominican Republic,DOM,1785,Illegal
Dominican Republic,DOM,1786,Illegal
Dominican Republic,DOM,1787,Illegal
Dominican Republic,DOM,1788,Illegal
Dominican Republic,DOM,1789,Illegal
Dominican Republic,DOM,1790,Illegal
Dominican Republic,DOM,1791,Illegal
Dominican Republic,DOM,1792,Illegal
Dominican Republic,DOM,1793,Illegal
Dominican Republic,DOM,1794,Illegal
Dominican Republic,DOM,1795,Illegal
Dominican Republic,DOM,1796,Illegal
Dominican Republic,DOM,1797,Illegal
Dominican Republic,DOM,1798,Illegal
Dominican Republic,DOM,1799,Illegal
Dominican Republic,DOM,1800,Illegal
Dominican Republic,DOM,1801,Illegal
Dominican Republic,DOM,1802,Illegal
Dominican Republic,DOM,1803,Illegal
Dominican Republic,DOM,1804,Illegal
Dominican Republic,DOM,1805,Illegal
Dominican Republic,DOM,1806,Illegal
Dominican Republic,DOM,1807,Illegal
Dominican Republic,DOM,1808,Illegal
Dominican Republic,DOM,1809,Illegal
Dominican Republic,DOM,1810,Illegal
Dominican Republic,DOM,1811,Illegal
Dominican Republic,DOM,1812,Illegal
Dominican Republic,DOM,1813,Illegal
Dominican Republic,DOM,1814,Illegal
Dominican Republic,DOM,1815,Illegal
Dominican Republic,DOM,1816,Illegal
Dominican Republic,DOM,1817,Illegal
Dominican Republic,DOM,1818,Illegal
Dominican Republic,DOM,1819,Illegal
Dominican Republic,DOM,1820,Illegal
Dominican Republic,DOM,1821,Illegal
Dominican Republic,DOM,1822,Legal
Dominican Republic,DOM,1823,Legal
Dominican Republic,DOM,1824,Legal
Dominican Republic,DOM,1825,Legal
Dominican Republic,DOM,1826,Legal
Dominican Republic,DOM,1827,Legal
Dominican Republic,DOM,1828,Legal
Dominican Republic,DOM,1829,Legal
Dominican Republic,DOM,1830,Legal
Dominican Republic,DOM,1831,Legal
Dominican Republic,DOM,1832,Legal
Dominican Republic,DOM,1833,Legal
Dominican Republic,DOM,1834,Legal
Dominican Republic,DOM,1835,Legal
Dominican Republic,DOM,1836,Legal
Dominican Republic,DOM,1837,Legal
Dominican Republic,DOM,1838,Legal
Dominican Republic,DOM,1839,Legal
Dominican Republic,DOM,1840,Legal
Dominican Republic,DOM,1841,Legal
Dominican Republic,DOM,1842,Legal
Dominican Republic,DOM,1843,Legal
Dominican Republic,DOM,1844,Legal
Dominican Republic,DOM,1845,Legal
Dominican Republic,DOM,1846,Legal
Dominican Republic,DOM,1847,Legal
Dominican Republic,DOM,1848,Legal
Dominican Republic,DOM,1849,Legal
Dominican Republic,DOM,1850,Legal
Dominican Republic,DOM,1851,Legal
Dominican Republic,DOM,1852,Legal
Dominican Republic,DOM,1853,Legal
Dominican Republic,DOM,1854,Legal
Dominican Republic,DOM,1855,Legal
Dominican Republic,DOM,1856,Legal
Dominican Republic,DOM,1857,Legal
Dominican Republic,DOM,1858,Legal
Dominican Republic,DOM,1859,Legal
Dominican Republic,DOM,1860,Legal
Dominican Republic,DOM,1861,Legal
Dominican Republic,DOM,1862,Legal
Dominican Republic,DOM,1863,Legal
Dominican Republic,DOM,1864,Legal
Dominican Republic,DOM,1865,Legal
Dominican Republic,DOM,1866,Legal
Dominican Republic,DOM,1867,Legal
Dominican Republic,DOM,1868,Legal
Dominican Republic,DOM,1869,Legal
Dominican Republic,DOM,1870,Legal
Dominican Republic,DOM,1871,Legal
Dominican Republic,DOM,1872,Legal
Dominican Republic,DOM,1873,Legal
Dominican Republic,DOM,1874,Legal
Dominican Republic,DOM,1875,Legal
Dominican Republic,DOM,1876,Legal
Dominican Republic,DOM,1877,Legal
Dominican Republic,DOM,1878,Legal
Dominican Republic,DOM,1879,Legal
Dominican Republic,DOM,1880,Legal
Dominican Republic,DOM,1881,Legal
Dominican Republic,DOM,1882,Legal
Dominican Republic,DOM,1883,Legal
Dominican Republic,DOM,1884,Legal
Dominican Republic,DOM,1885,Legal
Dominican Republic,DOM,1886,Legal
Dominican Republic,DOM,1887,Legal
Dominican Republic,DOM,1888,Legal
Dominican Republic,DOM,1889,Legal
Dominican Republic,DOM,1890,Legal
Dominican Republic,DOM,1891,Legal
Dominican Republic,DOM,1892,Legal
Dominican Republic,DOM,1893,Legal
Dominican Republic,DOM,1894,Legal
Dominican Republic,DOM,1895,Legal
Dominican Republic,DOM,1896,Legal
Dominican Republic,DOM,1897,Legal
Dominican Republic,DOM,1898,Legal
Dominican Republic,DOM,1899,Legal
Dominican Republic,DOM,1900,Legal
Dominican Republic,DOM,1901,Legal
Dominican Republic,DOM,1902,Legal
Dominican Republic,DOM,1903,Legal
Dominican Republic,DOM,1904,Legal
Dominican Republic,DOM,1905,Legal
Dominican Republic,DOM,1906,Legal
Dominican Republic,DOM,1907,Legal
Dominican Republic,DOM,1908,Legal
Dominican Republic,DOM,1909,Legal
Dominican Republic,DOM,1910,Legal
Dominican Republic,DOM,1911,Legal
Dominican Republic,DOM,1912,Legal
Dominican Republic,DOM,1913,Legal
Dominican Republic,DOM,1914,Legal
Dominican Republic,DOM,1915,Legal
Dominican Republic,DOM,1916,Legal
Dominican Republic,DOM,1917,Legal
Dominican Republic,DOM,1918,Legal
Dominican Republic,DOM,1919,Legal
Dominican Republic,DOM,1920,Legal
Dominican Republic,DOM,1921,Legal
Dominican Republic,DOM,1922,Legal
Dominican Republic,DOM,1923,Legal
Dominican Republic,DOM,1924,Legal
Dominican Republic,DOM,1925,Legal
Dominican Republic,DOM,1926,Legal
Dominican Republic,DOM,1927,Legal
Dominican Republic,DOM,1928,Legal
Dominican Republic,DOM,1929,Legal
Dominican Republic,DOM,1930,Legal
Dominican Republic,DOM,1931,Legal
Dominican Republic,DOM,1932,Legal
Dominican Republic,DOM,1933,Legal
Dominican Republic,DOM,1934,Legal
Dominican Republic,DOM,1935,Legal
Dominican Republic,DOM,1936,Legal
Dominican Republic,DOM,1937,Legal
Dominican Republic,DOM,1938,Legal
Dominican Republic,DOM,1939,Legal
Dominican Republic,DOM,1940,Legal
Dominican Republic,DOM,1941,Legal
Dominican Republic,DOM,1942,Legal
Dominican Republic,DOM,1943,Legal
Dominican Republic,DOM,1944,Legal
Dominican Republic,DOM,1945,Legal
Dominican Republic,DOM,1946,Legal
Dominican Republic,DOM,1947,Legal
Dominican Republic,DOM,1948,Legal
Dominican Republic,DOM,1949,Legal
Dominican Republic,DOM,1950,Legal
Dominican Republic,DOM,1951,Legal
Dominican Republic,DOM,1952,Legal
Dominican Republic,DOM,1953,Legal
Dominican Republic,DOM,1954,Legal
Dominican Republic,DOM,1955,Legal
Dominican Republic,DOM,1956,Legal
Dominican Republic,DOM,1957,Legal
Dominican Republic,DOM,1958,Legal
Dominican Republic,DOM,1959,Legal
Dominican Republic,DOM,1960,Legal
Dominican Republic,DOM,1961,Legal
Dominican Republic,DOM,1962,Legal
Dominican Republic,DOM,1963,Legal
Dominican Republic,DOM,1964,Legal
Dominican Republic,DOM,1965,Legal
Dominican Republic,DOM,1966,Legal
Dominican Republic,DOM,1967,Legal
Dominican Republic,DOM,1968,Legal
Dominican Republic,DOM,1969,Legal
Dominican Republic,DOM,1970,Legal
Dominican Republic,DOM,1971,Legal
Dominican Republic,DOM,1972,Legal
Dominican Republic,DOM,1973,Legal
Dominican Republic,DOM,1974,Legal
Dominican Republic,DOM,1975,Legal
Dominican Republic,DOM,1976,Legal
Dominican Republic,DOM,1977,Legal
Dominican Republic,DOM,1978,Legal
Dominican Republic,DOM,1979,Legal
Dominican Republic,DOM,1980,Legal
Dominican Republic,DOM,1981,Legal
Dominican Republic,DOM,1982,Legal
Dominican Republic,DOM,1983,Legal
Dominican Republic,DOM,1984,Legal
Dominican Republic,DOM,1985,Legal
Dominican Republic,DOM,1986,Legal
Dominican Republic,DOM,1987,Legal
Dominican Republic,DOM,1988,Legal
Dominican Republic,DOM,1989,Legal
Dominican Republic,DOM,1990,Legal
Dominican Republic,DOM,1991,Legal
Dominican Republic,DOM,1992,Legal
Dominican Republic,DOM,1993,Legal
Dominican Republic,DOM,1994,Legal
Dominican Republic,DOM,1995,Legal
Dominican Republic,DOM,1996,Legal
Dominican Republic,DOM,1997,Legal
Dominican Republic,DOM,1998,Legal
Dominican Republic,DOM,1999,Legal
Dominican Republic,DOM,2000,Legal
Dominican Republic,DOM,2001,Legal
Dominican Republic,DOM,2002,Legal
Dominican Republic,DOM,2003,Legal
Dominican Republic,DOM,2004,Legal
Dominican Republic,DOM,2005,Legal
Dominican Republic,DOM,2006,Legal
Dominican Republic,DOM,2007,Legal
Dominican Republic,DOM,2008,Legal
Dominican Republic,DOM,2009,Legal
Dominican Republic,DOM,2010,Legal
Dominican Republic,DOM,2011,Legal
Dominican Republic,DOM,2012,Legal
Dominican Republic,DOM,2013,Legal
Dominican Republic,DOM,2014,Legal
Dominican Republic,DOM,2015,Legal
Dominican Republic,DOM,2016,Legal
Dominican Republic,DOM,2017,Legal
Dominican Republic,DOM,2018,Legal
Dominican Republic,DOM,2019,Legal
Dominican Republic,DOM,2020,Legal
Dominican Republic,DOM,2021,Legal
Dominican Republic,DOM,2022,Legal
Dominican Republic,DOM,2023,Legal
Dominican Republic,DOM,2024,Legal
Dominican Republic,DOM,2025,Legal
East Timor,TLS,1975,Legal
East Timor,TLS,1976,Legal
East Timor,TLS,1977,Legal
East Timor,TLS,1978,Legal
East Timor,TLS,1979,Legal
East Timor,TLS,1980,Legal
East Timor,TLS,1981,Legal
East Timor,TLS,1982,Legal
East Timor,TLS,1983,Legal
East Timor,TLS,1984,Legal
East Timor,TLS,1985,Legal
East Timor,TLS,1986,Legal
East Timor,TLS,1987,Legal
East Timor,TLS,1988,Legal
East Timor,TLS,1989,Legal
East Timor,TLS,1990,Legal
East Timor,TLS,1991,Legal
East Timor,TLS,1992,Legal
East Timor,TLS,1993,Legal
East Timor,TLS,1994,Legal
East Timor,TLS,1995,Legal
East Timor,TLS,1996,Legal
East Timor,TLS,1997,Legal
East Timor,TLS,1998,Legal
East Timor,TLS,1999,Legal
East Timor,TLS,2000,Legal
East Timor,TLS,2001,Legal
East Timor,TLS,2002,Legal
East Timor,TLS,2003,Legal
East Timor,TLS,2004,Legal
East Timor,TLS,2005,Legal
East Timor,TLS,2006,Legal
East Timor,TLS,2007,Legal
East Timor,TLS,2008,Legal
East Timor,TLS,2009,Legal
East Timor,TLS,2010,Legal
East Timor,TLS,2011,Legal
East Timor,TLS,2012,Legal
East Timor,TLS,2013,Legal
East Timor,TLS,2014,Legal
East Timor,TLS,2015,Legal
East Timor,TLS,2016,Legal
East Timor,TLS,2017,Legal
East Timor,TLS,2018,Legal
East Timor,TLS,2019,Legal
East Timor,TLS,2020,Legal
East Timor,TLS,2021,Legal
East Timor,TLS,2022,Legal
East Timor,TLS,2023,Legal
East Timor,TLS,2024,Legal
East Timor,TLS,2025,Legal
Ecuador,ECU,1760,Illegal
Ecuador,ECU,1761,Illegal
Ecuador,ECU,1762,Illegal
Ecuador,ECU,1763,Illegal
Ecuador,ECU,1764,Illegal
Ecuador,ECU,1765,Illegal
Ecuador,ECU,1766,Illegal
Ecuador,ECU,1767,Illegal
Ecuador,ECU,1768,Illegal
Ecuador,ECU,1769,Illegal
Ecuador,ECU,1770,Illegal
Ecuador,ECU,1771,Illegal
Ecuador,ECU,1772,Illegal
Ecuador,ECU,1773,Illegal
Ecuador,ECU,1774,Illegal
Ecuador,ECU,1775,Illegal
Ecuador,ECU,1776,Illegal
Ecuador,ECU,1777,Illegal
Ecuador,ECU,1778,Illegal
Ecuador,ECU,1779,Illegal
Ecuador,ECU,1780,Illegal
Ecuador,ECU,1781,Illegal
Ecuador,ECU,1782,Illegal
Ecuador,ECU,1783,Illegal
Ecuador,ECU,1784,Illegal
Ecuador,ECU,1785,Illegal
Ecuador,ECU,1786,Illegal
Ecuador,ECU,1787,Illegal
Ecuador,ECU,1788,Illegal
Ecuador,ECU,1789,Illegal
Ecuador,ECU,1790,Illegal
Ecuador,ECU,1791,Illegal
Ecuador,ECU,1792,Illegal
Ecuador,ECU,1793,Illegal
Ecuador,ECU,1794,Illegal
Ecuador,ECU,1795,Illegal
Ecuador,ECU,1796,Illegal
Ecuador,ECU,1797,Illegal
Ecuador,ECU,1798,Illegal
Ecuador,ECU,1799,Illegal
Ecuador,ECU,1800,Illegal
Ecuador,ECU,1801,Illegal
Ecuador,ECU,1802,Illegal
Ecuador,ECU,1803,Illegal
Ecuador,ECU,1804,Illegal
Ecuador,ECU,1805,Illegal
Ecuador,ECU,1806,Illegal
Ecuador,ECU,1807,Illegal
Ecuador,ECU,1808,Illegal
Ecuador,ECU,1809,Illegal
Ecuador,ECU,1810,Illegal
Ecuador,ECU,1811,Illegal
Ecuador,ECU,1812,Illegal
Ecuador,ECU,1813,Illegal
Ecuador,ECU,1814,Illegal
Ecuador,ECU,1815,Illegal
Ecuador,ECU,1816,Illegal
Ecuador,ECU,1817,Illegal
Ecuador,ECU,1818,Illegal
Ecuador,ECU,1819,Illegal
Ecuador,ECU,1820,Illegal
Ecuador,ECU,1821,Illegal
Ecuador,ECU,1822,Illegal
Ecuador,ECU,1823,Illegal
Ecuador,ECU,1824,Illegal
Ecuador,ECU,1825,Illegal
Ecuador,ECU,1826,Illegal
Ecuador,ECU,1827,Illegal
Ecuador,ECU,1828,Illegal
Ecuador,ECU,1829,Illegal
Ecuador,ECU,1830,Illegal
Ecuador,ECU,1831,Illegal
Ecuador,ECU,1832,Illegal
Ecuador,ECU,1833,Illegal
Ecuador,ECU,1834,Illegal
Ecuador,ECU,1835,Illegal
Ecuador,ECU,1836,Illegal
Ecuador,ECU,1837,Illegal
Ecuador,ECU,1838,Illegal
Ecuador,ECU,1839,Illegal
Ecuador,ECU,1840,Illegal
Ecuador,ECU,1841,Illegal
Ecuador,ECU,1842,Illegal
Ecuador,ECU,1843,Illegal
Ecuador,ECU,1844,Illegal
Ecuador,ECU,1845,Illegal
Ecuador,ECU,1846,Illegal
Ecuador,ECU,1847,Illegal
Ecuador,ECU,1848,Illegal
Ecuador,ECU,1849,Illegal
Ecuador,ECU,1850,Illegal
Ecuador,ECU,1851,Illegal
Ecuador,ECU,1852,Illegal
Ecuador,ECU,1853,Illegal
Ecuador,ECU,1854,Illegal
Ecuador,ECU,1855,Illegal
Ecuador,ECU,1856,Illegal
Ecuador,ECU,1857,Illegal
Ecuador,ECU,1858,Illegal
Ecuador,ECU,1859,Illegal
Ecuador,ECU,1860,Illegal
Ecuador,ECU,1861,Illegal
Ecuador,ECU,1862,Illegal
Ecuador,ECU,1863,Illegal
Ecuador,ECU,1864,Illegal
Ecuador,ECU,1865,Illegal
Ecuador,ECU,1866,Illegal
Ecuador,ECU,1867,Illegal
Ecuador,ECU,1868,Illegal
Ecuador,ECU,1869,Illegal
Ecuador,ECU,1870,Illegal
Ecuador,ECU,1871,Illegal
Ecuador,ECU,1872,Illegal
Ecuador,ECU,1873,Illegal
Ecuador,ECU,1874,Illegal
Ecuador,ECU,1875,Illegal
Ecuador,ECU,1876,Illegal
Ecuador,ECU,1877,Illegal
Ecuador,ECU,1878,Illegal
Ecuador,ECU,1879,Illegal
Ecuador,ECU,1880,Illegal
Ecuador,ECU,1881,Illegal
Ecuador,ECU,1882,Illegal
Ecuador,ECU,1883,Illegal
Ecuador,ECU,1884,Illegal
Ecuador,ECU,1885,Illegal
Ecuador,ECU,1886,Illegal
Ecuador,ECU,1887,Illegal
Ecuador,ECU,1888,Illegal
Ecuador,ECU,1889,Illegal
Ecuador,ECU,1890,Illegal
Ecuador,ECU,1891,Illegal
Ecuador,ECU,1892,Illegal
Ecuador,ECU,1893,Illegal
Ecuador,ECU,1894,Illegal
Ecuador,ECU,1895,Illegal
Ecuador,ECU,1896,Illegal
Ecuador,ECU,1897,Illegal
Ecuador,ECU,1898,Illegal
Ecuador,ECU,1899,Illegal
Ecuador,ECU,1900,Illegal
Ecuador,ECU,1901,Illegal
Ecuador,ECU,1902,Illegal
Ecuador,ECU,1903,Illegal
Ecuador,ECU,1904,Illegal
Ecuador,ECU,1905,Illegal
Ecuador,ECU,1906,Illegal
Ecuador,ECU,1907,Illegal
Ecuador,ECU,1908,Illegal
Ecuador,ECU,1909,Illegal
Ecuador,ECU,1910,Illegal
Ecuador,ECU,1911,Illegal
Ecuador,ECU,1912,Illegal
Ecuador,ECU,1913,Illegal
Ecuador,ECU,1914,Illegal
Ecuador,ECU,1915,Illegal
Ecuador,ECU,1916,Illegal
Ecuador,ECU,1917,Illegal
Ecuador,ECU,1918,Illegal
Ecuador,ECU,1919,Illegal
Ecuador,ECU,1920,Illegal
Ecuador,ECU,1921,Illegal
Ecuador,ECU,1922,Illegal
Ecuador,ECU,1923,Illegal
Ecuador,ECU,1924,Illegal
Ecuador,ECU,1925,Illegal
Ecuador,ECU,1926,Illegal
Ecuador,ECU,1927,Illegal
Ecuador,ECU,1928,Illegal
Ecuador,ECU,1929,Illegal
Ecuador,ECU,1930,Illegal
Ecuador,ECU,1931,Illegal
Ecuador,ECU,1932,Illegal
Ecuador,ECU,1933,Illegal
Ecuador,ECU,1934,Illegal
Ecuador,ECU,1935,Illegal
Ecuador,ECU,1936,Illegal
Ecuador,ECU,1937,Illegal
Ecuador,ECU,1938,Illegal
Ecuador,ECU,1939,Illegal
Ecuador,ECU,1940,Illegal
Ecuador,ECU,1941,Illegal
Ecuador,ECU,1942,Illegal
Ecuador,ECU,1943,Illegal
Ecuador,ECU,1944,Illegal
Ecuador,ECU,1945,Illegal
Ecuador,ECU,1946,Illegal
Ecuador,ECU,1947,Illegal
Ecuador,ECU,1948,Illegal
Ecuador,ECU,1949,Illegal
Ecuador,ECU,1950,Illegal
Ecuador,ECU,1951,Illegal
Ecuador,ECU,1952,Illegal
Ecuador,ECU,1953,Illegal
Ecuador,ECU,1954,Illegal
Ecuador,ECU,1955,Illegal
Ecuador,ECU,1956,Illegal
Ecuador,ECU,1957,Illegal
Ecuador,ECU,1958,Illegal
Ecuador,ECU,1959,Illegal
Ecuador,ECU,1960,Illegal
Ecuador,ECU,1961,Illegal
Ecuador,ECU,1962,Illegal
Ecuador,ECU,1963,Illegal
Ecuador,ECU,1964,Illegal
Ecuador,ECU,1965,Illegal
Ecuador,ECU,1966,Illegal
Ecuador,ECU,1967,Illegal
Ecuador,ECU,1968,Illegal
Ecuador,ECU,1969,Illegal
Ecuador,ECU,1970,Illegal
Ecuador,ECU,1971,Illegal
Ecuador,ECU,1972,Illegal
Ecuador,ECU,1973,Illegal
Ecuador,ECU,1974,Illegal
Ecuador,ECU,1975,Illegal
Ecuador,ECU,1976,Illegal
Ecuador,ECU,1977,Illegal
Ecuador,ECU,1978,Illegal
Ecuador,ECU,1979,Illegal
Ecuador,ECU,1980,Illegal
Ecuador,ECU,1981,Illegal
Ecuador,ECU,1982,Illegal
Ecuador,ECU,1983,Illegal
Ecuador,ECU,1984,Illegal
Ecuador,ECU,1985,Illegal
Ecuador,ECU,1986,Illegal
Ecuador,ECU,1987,Illegal
Ecuador,ECU,1988,Illegal
Ecuador,ECU,1989,Illegal
Ecuador,ECU,1990,Illegal
Ecuador,ECU,1991,Illegal
Ecuador,ECU,1992,Illegal
Ecuador,ECU,1993,Illegal
Ecuador,ECU,1994,Illegal
Ecuador,ECU,1995,Illegal
Ecuador,ECU,1996,Illegal
Ecuador,ECU,1997,Legal
Ecuador,ECU,1998,Legal
Ecuador,ECU,1999,Legal
Ecuador,ECU,2000,Legal
Ecuador,ECU,2001,Legal
Ecuador,ECU,2002,Legal
Ecuador,ECU,2003,Legal
Ecuador,ECU,2004,Legal
Ecuador,ECU,2005,Legal
Ecuador,ECU,2006,Legal
Ecuador,ECU,2007,Legal
Ecuador,ECU,2008,Legal
Ecuador,ECU,2009,Legal
Ecuador,ECU,2010,Legal
Ecuador,ECU,2011,Legal
Ecuador,ECU,2012,Legal
Ecuador,ECU,2013,Legal
Ecuador,ECU,2014,Legal
Ecuador,ECU,2015,Legal
Ecuador,ECU,2016,Legal
Ecuador,ECU,2017,Legal
Ecuador,ECU,2018,Legal
Ecuador,ECU,2019,Legal
Ecuador,ECU,2020,Legal
Ecuador,ECU,2021,Legal
Ecuador,ECU,2022,Legal
Ecuador,ECU,2023,Legal
Ecuador,ECU,2024,Legal
Ecuador,ECU,2025,Legal
Egypt,EGY,1858,Legal
Egypt,EGY,1859,Legal
Egypt,EGY,1860,Legal
Egypt,EGY,1861,Legal
Egypt,EGY,1862,Legal
Egypt,EGY,1863,Legal
Egypt,EGY,1864,Legal
Egypt,EGY,1865,Legal
Egypt,EGY,1866,Legal
Egypt,EGY,1867,Legal
Egypt,EGY,1868,Legal
Egypt,EGY,1869,Legal
Egypt,EGY,1870,Legal
Egypt,EGY,1871,Legal
Egypt,EGY,1872,Legal
Egypt,EGY,1873,Legal
Egypt,EGY,1874,Legal
Egypt,EGY,1875,Legal
Egypt,EGY,1876,Legal
Egypt,EGY,1877,Legal
Egypt,EGY,1878,Legal
Egypt,EGY,1879,Legal
Egypt,EGY,1880,Legal
Egypt,EGY,1881,Legal
Egypt,EGY,1882,Legal
Egypt,EGY,1883,Legal
Egypt,EGY,1884,Legal
Egypt,EGY,1885,Legal
Egypt,EGY,1886,Legal
Egypt,EGY,1887,Legal
Egypt,EGY,1888,Legal
Egypt,EGY,1889,Legal
Egypt,EGY,1890,Legal
Egypt,EGY,1891,Legal
Egypt,EGY,1892,Legal
Egypt,EGY,1893,Legal
Egypt,EGY,1894,Legal
Egypt,EGY,1895,Legal
Egypt,EGY,1896,Legal
Egypt,EGY,1897,Legal
Egypt,EGY,1898,Legal
Egypt,EGY,1899,Legal
Egypt,EGY,1900,Legal
Egypt,EGY,1901,Legal
Egypt,EGY,1902,Legal
Egypt,EGY,1903,Legal
Egypt,EGY,1904,Legal
Egypt,EGY,1905,Legal
Egypt,EGY,1906,Legal
Egypt,EGY,1907,Legal
Egypt,EGY,1908,Legal
Egypt,EGY,1909,Legal
Egypt,EGY,1910,Legal
Egypt,EGY,1911,Legal
Egypt,EGY,1912,Legal
Egypt,EGY,1913,Legal
Egypt,EGY,1914,Legal
Egypt,EGY,1915,Legal
Egypt,EGY,1916,Legal
Egypt,EGY,1917,Legal
Egypt,EGY,1918,Legal
Egypt,EGY,1919,Legal
Egypt,EGY,1920,Legal
Egypt,EGY,1921,Legal
Egypt,EGY,1922,Legal
Egypt,EGY,1923,Legal
Egypt,EGY,1924,Legal
Egypt,EGY,1925,Legal
Egypt,EGY,1926,Legal
Egypt,EGY,1927,Legal
Egypt,EGY,1928,Legal
Egypt,EGY,1929,Legal
Egypt,EGY,1930,Legal
Egypt,EGY,1931,Legal
Egypt,EGY,1932,Legal
Egypt,EGY,1933,Legal
Egypt,EGY,1934,Legal
Egypt,EGY,1935,Legal
Egypt,EGY,1936,Legal
Egypt,EGY,1937,Legal
Egypt,EGY,1938,Legal
Egypt,EGY,1939,Legal
Egypt,EGY,1940,Legal
Egypt,EGY,1941,Legal
Egypt,EGY,1942,Legal
Egypt,EGY,1943,Legal
Egypt,EGY,1944,Legal
Egypt,EGY,1945,Legal
Egypt,EGY,1946,Legal
Egypt,EGY,1947,Legal
Egypt,EGY,1948,Legal
Egypt,EGY,1949,Legal
Egypt,EGY,1950,Legal
Egypt,EGY,1951,Legal
Egypt,EGY,1952,Legal
Egypt,EGY,1953,Legal
Egypt,EGY,1954,Legal
Egypt,EGY,1955,Legal
Egypt,EGY,1956,Legal
Egypt,EGY,1957,Legal
Egypt,EGY,1958,Legal
Egypt,EGY,1959,Legal
Egypt,EGY,1960,Legal
Egypt,EGY,1961,Legal
Egypt,EGY,1962,Legal
Egypt,EGY,1963,Legal
Egypt,EGY,1964,Legal
Egypt,EGY,1965,Legal
Egypt,EGY,1966,Legal
Egypt,EGY,1967,Legal
Egypt,EGY,1968,Legal
Egypt,EGY,1969,Legal
Egypt,EGY,1970,Legal
Egypt,EGY,1971,Legal
Egypt,EGY,1972,Legal
Egypt,EGY,1973,Legal
Egypt,EGY,1974,Legal
Egypt,EGY,1975,Legal
Egypt,EGY,1976,Legal
Egypt,EGY,1977,Legal
Egypt,EGY,1978,Legal
Egypt,EGY,1979,Legal
Egypt,EGY,1980,Legal
Egypt,EGY,1981,Legal
Egypt,EGY,1982,Legal
Egypt,EGY,1983,Legal
Egypt,EGY,1984,Legal
Egypt,EGY,1985,Legal
Egypt,EGY,1986,Legal
Egypt,EGY,1987,Legal
Egypt,EGY,1988,Legal
Egypt,EGY,1989,Legal
Egypt,EGY,1990,Legal
Egypt,EGY,1991,Legal
Egypt,EGY,1992,Legal
Egypt,EGY,1993,Legal
Egypt,EGY,1994,Legal
Egypt,EGY,1995,Legal
Egypt,EGY,1996,Legal
Egypt,EGY,1997,Legal
Egypt,EGY,1998,Legal
Egypt,EGY,1999,Legal
Egypt,EGY,2000,Legal
Egypt,EGY,2001,Legal
Egypt,EGY,2002,Legal
Egypt,EGY,2003,Legal
Egypt,EGY,2004,Legal
Egypt,EGY,2005,Legal
Egypt,EGY,2006,Legal
Egypt,EGY,2007,Legal
Egypt,EGY,2008,Legal
Egypt,EGY,2009,Legal
Egypt,EGY,2010,Legal
Egypt,EGY,2011,Legal
Egypt,EGY,2012,Legal
Egypt,EGY,2013,Legal
Egypt,EGY,2014,Legal
Egypt,EGY,2015,Legal
Egypt,EGY,2016,Legal
Egypt,EGY,2017,Legal
Egypt,EGY,2018,Legal
Egypt,EGY,2019,Legal
Egypt,EGY,2020,Legal
Egypt,EGY,2021,Legal
Egypt,EGY,2022,Legal
Egypt,EGY,2023,Legal
Egypt,EGY,2024,Legal
Egypt,EGY,2025,Legal
El Salvador,SLV,1760,Illegal
El Salvador,SLV,1761,Illegal
El Salvador,SLV,1762,Illegal
El Salvador,SLV,1763,Illegal
El Salvador,SLV,1764,Illegal
El Salvador,SLV,1765,Illegal
El Salvador,SLV,1766,Illegal
El Salvador,SLV,1767,Illegal
El Salvador,SLV,1768,Illegal
El Salvador,SLV,1769,Illegal
El Salvador,SLV,1770,Illegal
El Salvador,SLV,1771,Illegal
El Salvador,SLV,1772,Illegal
El Salvador,SLV,1773,Illegal
El Salvador,SLV,1774,Illegal
El Salvador,SLV,1775,Illegal
El Salvador,SLV,1776,Illegal
El Salvador,SLV,1777,Illegal
El Salvador,SLV,1778,Illegal
El Salvador,SLV,1779,Illegal
El Salvador,SLV,1780,Illegal
El Salvador,SLV,1781,Illegal
El Salvador,SLV,1782,Illegal
El Salvador,SLV,1783,Illegal
El Salvador,SLV,1784,Illegal
El Salvador,SLV,1785,Illegal
El Salvador,SLV,1786,Illegal
El Salvador,SLV,1787,Illegal
El Salvador,SLV,1788,Illegal
El Salvador,SLV,1789,Illegal
El Salvador,SLV,1790,Illegal
El Salvador,SLV,1791,Illegal
El Salvador,SLV,1792,Illegal
El Salvador,SLV,1793,Illegal
El Salvador,SLV,1794,Illegal
El Salvador,SLV,1795,Illegal
El Salvador,SLV,1796,Illegal
El Salvador,SLV,1797,Illegal
El Salvador,SLV,1798,Illegal
El Salvador,SLV,1799,Illegal
El Salvador,SLV,1800,Illegal
El Salvador,SLV,1801,Illegal
El Salvador,SLV,1802,Illegal
El Salvador,SLV,1803,Illegal
El Salvador,SLV,1804,Illegal
El Salvador,SLV,1805,Illegal
El Salvador,SLV,1806,Illegal
El Salvador,SLV,1807,Illegal
El Salvador,SLV,1808,Illegal
El Salvador,SLV,1809,Illegal
El Salvador,SLV,1810,Illegal
El Salvador,SLV,1811,Illegal
El Salvador,SLV,1812,Illegal
El Salvador,SLV,1813,Illegal
El Salvador,SLV,1814,Illegal
El Salvador,SLV,1815,Illegal
El Salvador,SLV,1816,Illegal
El Salvador,SLV,1817,Illegal
El Salvador,SLV,1818,Illegal
El Salvador,SLV,1819,Illegal
El Salvador,SLV,1820,Illegal
El Salvador,SLV,1821,Illegal
El Salvador,SLV,1822,Legal
El Salvador,SLV,1823,Legal
El Salvador,SLV,1824,Legal
El Salvador,SLV,1825,Legal
El Salvador,SLV,1826,Legal
El Salvador,SLV,1827,Legal
El Salvador,SLV,1828,Legal
El Salvador,SLV,1829,Legal
El Salvador,SLV,1830,Legal
El Salvador,SLV,1831,Legal
El Salvador,SLV,1832,Legal
El Salvador,SLV,1833,Legal
El Salvador,SLV,1834,Legal
El Salvador,SLV,1835,Legal
El Salvador,SLV,1836,Legal
El Salvador,SLV,1837,Legal
El Salvador,SLV,1838,Legal
El Salvador,SLV,1839,Legal
El Salvador,SLV,1840,Legal
El Salvador,SLV,1841,Legal
El Salvador,SLV,1842,Legal
El Salvador,SLV,1843,Legal
El Salvador,SLV,1844,Legal
El Salvador,SLV,1845,Legal
El Salvador,SLV,1846,Legal
El Salvador,SLV,1847,Legal
El Salvador,SLV,1848,Legal
El Salvador,SLV,1849,Legal
El Salvador,SLV,1850,Legal
El Salvador,SLV,1851,Legal
El Salvador,SLV,1852,Legal
El Salvador,SLV,1853,Legal
El Salvador,SLV,1854,Legal
El Salvador,SLV,1855,Legal
El Salvador,SLV,1856,Legal
El Salvador,SLV,1857,Legal
El Salvador,SLV,1858,Legal
El Salvador,SLV,1859,Legal
El Salvador,SLV,1860,Legal
El Salvador,SLV,1861,Legal
El Salvador,SLV,1862,Legal
El Salvador,SLV,1863,Legal
El Salvador,SLV,1864,Legal
El Salvador,SLV,1865,Legal
El Salvador,SLV,1866,Legal
El Salvador,SLV,1867,Legal
El Salvador,SLV,1868,Legal
El Salvador,SLV,1869,Legal
El Salvador,SLV,1870,Legal
El Salvador,SLV,1871,Legal
El Salvador,SLV,1872,Legal
El Salvador,SLV,1873,Legal
El Salvador,SLV,1874,Legal
El Salvador,SLV,1875,Legal
El Salvador,SLV,1876,Legal
El Salvador,SLV,1877,Legal
El Salvador,SLV,1878,Legal
El Salvador,SLV,1879,Legal
El Salvador,SLV,1880,Legal
El Salvador,SLV,1881,Legal
El Salvador,SLV,1882,Legal
El Salvador,SLV,1883,Legal
El Salvador,SLV,1884,Legal
El Salvador,SLV,1885,Legal
El Salvador,SLV,1886,Legal
El Salvador,SLV,1887,Legal
El Salvador,SLV,1888,Legal
El Salvador,SLV,1889,Legal
El Salvador,SLV,1890,Legal
El Salvador,SLV,1891,Legal
El Salvador,SLV,1892,Legal
El Salvador,SLV,1893,Legal
El Salvador,SLV,1894,Legal
El Salvador,SLV,1895,Legal
El Salvador,SLV,1896,Legal
El Salvador,SLV,1897,Legal
El Salvador,SLV,1898,Legal
El Salvador,SLV,1899,Legal
El Salvador,SLV,1900,Legal
El Salvador,SLV,1901,Legal
El Salvador,SLV,1902,Legal
El Salvador,SLV,1903,Legal
El Salvador,SLV,1904,Legal
El Salvador,SLV,1905,Legal
El Salvador,SLV,1906,Legal
El Salvador,SLV,1907,Legal
El Salvador,SLV,1908,Legal
El Salvador,SLV,1909,Legal
El Salvador,SLV,1910,Legal
El Salvador,SLV,1911,Legal
El Salvador,SLV,1912,Legal
El Salvador,SLV,1913,Legal
El Salvador,SLV,1914,Legal
El Salvador,SLV,1915,Legal
El Salvador,SLV,1916,Legal
El Salvador,SLV,1917,Legal
El Salvador,SLV,1918,Legal
El Salvador,SLV,1919,Legal
El Salvador,SLV,1920,Legal
El Salvador,SLV,1921,Legal
El Salvador,SLV,1922,Legal
El Salvador,SLV,1923,Legal
El Salvador,SLV,1924,Legal
El Salvador,SLV,1925,Legal
El Salvador,SLV,1926,Legal
El Salvador,SLV,1927,Legal
El Salvador,SLV,1928,Legal
El Salvador,SLV,1929,Legal
El Salvador,SLV,1930,Legal
El Salvador,SLV,1931,Legal
El Salvador,SLV,1932,Legal
El Salvador,SLV,1933,Legal
El Salvador,SLV,1934,Legal
El Salvador,SLV,1935,Legal
El Salvador,SLV,1936,Legal
El Salvador,SLV,1937,Legal
El Salvador,SLV,1938,Legal
El Salvador,SLV,1939,Legal
El Salvador,SLV,1940,Legal
El Salvador,SLV,1941,Legal
El Salvador,SLV,1942,Legal
El Salvador,SLV,1943,Legal
El Salvador,SLV,1944,Legal
El Salvador,SLV,1945,Legal
El Salvador,SLV,1946,Legal
El Salvador,SLV,1947,Legal
El Salvador,SLV,1948,Legal
El Salvador,SLV,1949,Legal
El Salvador,SLV,1950,Legal
El Salvador,SLV,1951,Legal
El Salvador,SLV,1952,Legal
El Salvador,SLV,1953,Legal
El Salvador,SLV,1954,Legal
El Salvador,SLV,1955,Legal
El Salvador,SLV,1956,Legal
El Salvador,SLV,1957,Legal
El Salvador,SLV,1958,Legal
El Salvador,SLV,1959,Legal
El Salvador,SLV,1960,Legal
El Salvador,SLV,1961,Legal
El Salvador,SLV,1962,Legal
El Salvador,SLV,1963,Legal
El Salvador,SLV,1964,Legal
El Salvador,SLV,1965,Legal
El Salvador,SLV,1966,Legal
El Salvador,SLV,1967,Legal
El Salvador,SLV,1968,Legal
El Salvador,SLV,1969,Legal
El Salvador,SLV,1970,Legal
El Salvador,SLV,1971,Legal
El Salvador,SLV,1972,Legal
El Salvador,SLV,1973,Legal
El Salvador,SLV,1974,Legal
El Salvador,SLV,1975,Legal
El Salvador,SLV,1976,Legal
El Salvador,SLV,1977,Legal
El Salvador,SLV,1978,Legal
El Salvador,SLV,1979,Legal
El Salvador,SLV,1980,Legal
El Salvador,SLV,1981,Legal
El Salvador,SLV,1982,Legal
El Salvador,SLV,1983,Legal
El Salvador,SLV,1984,Legal
El Salvador,SLV,1985,Legal
El Salvador,SLV,1986,Legal
El Salvador,SLV,1987,Legal
El Salvador,SLV,1988,Legal
El Salvador,SLV,1989,Legal
El Salvador,SLV,1990,Legal
El Salvador,SLV,1991,Legal
El Salvador,SLV,1992,Legal
El Salvador,SLV,1993,Legal
El Salvador,SLV,1994,Legal
El Salvador,SLV,1995,Legal
El Salvador,SLV,1996,Legal
El Salvador,SLV,1997,Legal
El Salvador,SLV,1998,Legal
El Salvador,SLV,1999,Legal
El Salvador,SLV,2000,Legal
El Salvador,SLV,2001,Legal
El Salvador,SLV,2002,Legal
El Salvador,SLV,2003,Legal
El Salvador,SLV,2004,Legal
El Salvador,SLV,2005,Legal
El Salvador,SLV,2006,Legal
El Salvador,SLV,2007,Legal
El Salvador,SLV,2008,Legal
El Salvador,SLV,2009,Legal
El Salvador,SLV,2010,Legal
El Salvador,SLV,2011,Legal
El Salvador,SLV,2012,Legal
El Salvador,SLV,2013,Legal
El Salvador,SLV,2014,Legal
El Salvador,SLV,2015,Legal
El Salvador,SLV,2016,Legal
El Salvador,SLV,2017,Legal
El Salvador,SLV,2018,Legal
El Salvador,SLV,2019,Legal
El Salvador,SLV,2020,Legal
El Salvador,SLV,2021,Legal
El Salvador,SLV,2022,Legal
El Salvador,SLV,2023,Legal
El Salvador,SLV,2024,Legal
El Salvador,SLV,2025,Legal
Equatorial Guinea,GNQ,1963,Legal
Equatorial Guinea,GNQ,1964,Legal
Equatorial Guinea,GNQ,1965,Legal
Equatorial Guinea,GNQ,1966,Legal
Equatorial Guinea,GNQ,1967,Legal
Equatorial Guinea,GNQ,1968,Legal
Equatorial Guinea,GNQ,1969,Legal
Equatorial Guinea,GNQ,1970,Legal
Equatorial Guinea,GNQ,1971,Legal
Equatorial Guinea,GNQ,1972,Legal
Equatorial Guinea,GNQ,1973,Legal
Equatorial Guinea,GNQ,1974,Legal
Equatorial Guinea,GNQ,1975,Legal
Equatorial Guinea,GNQ,1976,Legal
Equatorial Guinea,GNQ,1977,Legal
Equatorial Guinea,GNQ,1978,Legal
Equatorial Guinea,GNQ,1979,Legal
Equatorial Guinea,GNQ,1980,Legal
Equatorial Guinea,GNQ,1981,Legal
Equatorial Guinea,GNQ,1982,Legal
Equatorial Guinea,GNQ,1983,Legal
Equatorial Guinea,GNQ,1984,Legal
Equatorial Guinea,GNQ,1985,Legal
Equatorial Guinea,GNQ,1986,Legal
Equatorial Guinea,GNQ,1987,Legal
Equatorial Guinea,GNQ,1988,Legal
Equatorial Guinea,GNQ,1989,Legal
Equatorial Guinea,GNQ,1990,Legal
Equatorial Guinea,GNQ,1991,Legal
Equatorial Guinea,GNQ,1992,Legal
Equatorial Guinea,GNQ,1993,Legal
Equatorial Guinea,GNQ,1994,Legal
Equatorial Guinea,GNQ,1995,Legal
Equatorial Guinea,GNQ,1996,Legal
Equatorial Guinea,GNQ,1997,Legal
Equatorial Guinea,GNQ,1998,Legal
Equatorial Guinea,GNQ,1999,Legal
Equatorial Guinea,GNQ,2000,Legal
Equatorial Guinea,GNQ,2001,Legal
Equatorial Guinea,GNQ,2002,Legal
Equatorial Guinea,GNQ,2003,Legal
Equatorial Guinea,GNQ,2004,Legal
Equatorial Guinea,GNQ,2005,Legal
Equatorial Guinea,GNQ,2006,Legal
Equatorial Guinea,GNQ,2007,Legal
Equatorial Guinea,GNQ,2008,Legal
Equatorial Guinea,GNQ,2009,Legal
Equatorial Guinea,GNQ,2010,Legal
Equatorial Guinea,GNQ,2011,Legal
Equatorial Guinea,GNQ,2012,Legal
Equatorial Guinea,GNQ,2013,Legal
Equatorial Guinea,GNQ,2014,Legal
Equatorial Guinea,GNQ,2015,Legal
Equatorial Guinea,GNQ,2016,Legal
Equatorial Guinea,GNQ,2017,Legal
Equatorial Guinea,GNQ,2018,Legal
Equatorial Guinea,GNQ,2019,Legal
Equatorial Guinea,GNQ,2020,Legal
Equatorial Guinea,GNQ,2021,Legal
Equatorial Guinea,GNQ,2022,Legal
Equatorial Guinea,GNQ,2023,Legal
Equatorial Guinea,GNQ,2024,Legal
Equatorial Guinea,GNQ,2025,Legal
Eritrea,ERI,1957,Illegal
Eritrea,ERI,1958,Illegal
Eritrea,ERI,1959,Illegal
Eritrea,ERI,1960,Illegal
Eritrea,ERI,1961,Illegal
Eritrea,ERI,1962,Illegal
Eritrea,ERI,1963,Illegal
Eritrea,ERI,1964,Illegal
Eritrea,ERI,1965,Illegal
Eritrea,ERI,1966,Illegal
Eritrea,ERI,1967,Illegal
Eritrea,ERI,1968,Illegal
Eritrea,ERI,1969,Illegal
Eritrea,ERI,1970,Illegal
Eritrea,ERI,1971,Illegal
Eritrea,ERI,1972,Illegal
Eritrea,ERI,1973,Illegal
Eritrea,ERI,1974,Illegal
Eritrea,ERI,1975,Illegal
Eritrea,ERI,1976,Illegal
Eritrea,ERI,1977,Illegal
Eritrea,ERI,1978,Illegal
Eritrea,ERI,1979,Illegal
Eritrea,ERI,1980,Illegal
Eritrea,ERI,1981,Illegal
Eritrea,ERI,1982,Illegal
Eritrea,ERI,1983,Illegal
Eritrea,ERI,1984,Illegal
Eritrea,ERI,1985,Illegal
Eritrea,ERI,1986,Illegal
Eritrea,ERI,1987,Illegal
Eritrea,ERI,1988,Illegal
Eritrea,ERI,1989,Illegal
Eritrea,ERI,1990,Illegal
Eritrea,ERI,1991,Illegal
Eritrea,ERI,1992,Illegal
Eritrea,ERI,1993,Illegal
Eritrea,ERI,1994,Illegal
Eritrea,ERI,1995,Illegal
Eritrea,ERI,1996,Illegal
Eritrea,ERI,1997,Illegal
Eritrea,ERI,1998,Illegal
Eritrea,ERI,1999,Illegal
Eritrea,ERI,2000,Illegal
Eritrea,ERI,2001,Illegal
Eritrea,ERI,2002,Illegal
Eritrea,ERI,2003,Illegal
Eritrea,ERI,2004,Illegal
Eritrea,ERI,2005,Illegal
Eritrea,ERI,2006,Illegal
Eritrea,ERI,2007,Illegal
Eritrea,ERI,2008,Illegal
Eritrea,ERI,2009,Illegal
Eritrea,ERI,2010,Illegal
Eritrea,ERI,2011,Illegal
Eritrea,ERI,2012,Illegal
Eritrea,ERI,2013,Illegal
Eritrea,ERI,2014,Illegal
Eritrea,ERI,2015,Illegal
Eritrea,ERI,2016,Illegal
Eritrea,ERI,2017,Illegal
Eritrea,ERI,2018,Illegal
Eritrea,ERI,2019,Illegal
Eritrea,ERI,2020,Illegal
Eritrea,ERI,2021,Illegal
Eritrea,ERI,2022,Illegal
Eritrea,ERI,2023,Illegal
Eritrea,ERI,2024,Illegal
Eritrea,ERI,2025,Illegal
Estonia,EST,1760,Legal
Estonia,EST,1761,Legal
Estonia,EST,1762,Legal
Estonia,EST,1763,Legal
Estonia,EST,1764,Legal
Estonia,EST,1765,Legal
Estonia,EST,1766,Legal
Estonia,EST,1767,Legal
Estonia,EST,1768,Legal
Estonia,EST,1769,Legal
Estonia,EST,1770,Legal
Estonia,EST,1771,Legal
Estonia,EST,1772,Legal
Estonia,EST,1773,Legal
Estonia,EST,1774,Legal
Estonia,EST,1775,Legal
Estonia,EST,1776,Legal
Estonia,EST,1777,Legal
Estonia,EST,1778,Legal
Estonia,EST,1779,Legal
Estonia,EST,1780,Legal
Estonia,EST,1781,Legal
Estonia,EST,1782,Legal
Estonia,EST,1783,Legal
Estonia,EST,1784,Legal
Estonia,EST,1785,Legal
Estonia,EST,1786,Legal
Estonia,EST,1787,Legal
Estonia,EST,1788,Legal
Estonia,EST,1789,Legal
Estonia,EST,1790,Legal
Estonia,EST,1791,Legal
Estonia,EST,1792,Legal
Estonia,EST,1793,Legal
Estonia,EST,1794,Legal
Estonia,EST,1795,Legal
Estonia,EST,1796,Legal
Estonia,EST,1797,Legal
Estonia,EST,1798,Legal
Estonia,EST,1799,Legal
Estonia,EST,1800,Legal
Estonia,EST,1801,Legal
Estonia,EST,1802,Legal
Estonia,EST,1803,Legal
Estonia,EST,1804,Legal
Estonia,EST,1805,Legal
Estonia,EST,1806,Legal
Estonia,EST,1807,Legal
Estonia,EST,1808,Legal
Estonia,EST,1809,Legal
Estonia,EST,1810,Legal
Estonia,EST,1811,Legal
Estonia,EST,1812,Legal
Estonia,EST,1813,Legal
Estonia,EST,1814,Legal
Estonia,EST,1815,Legal
Estonia,EST,1816,Legal
Estonia,EST,1817,Legal
Estonia,EST,1818,Legal
Estonia,EST,1819,Legal
Estonia,EST,1820,Legal
Estonia,EST,1821,Legal
Estonia,EST,1822,Legal
Estonia,EST,1823,Legal
Estonia,EST,1824,Legal
Estonia,EST,1825,Legal
Estonia,EST,1826,Legal
Estonia,EST,1827,Legal
Estonia,EST,1828,Legal
Estonia,EST,1829,Legal
Estonia,EST,1830,Legal
Estonia,EST,1831,Legal
Estonia,EST,1832,Illegal
Estonia,EST,1833,Illegal
Estonia,EST,1834,Illegal
Estonia,EST,1835,Illegal
Estonia,EST,1836,Illegal
Estonia,EST,1837,Illegal
Estonia,EST,1838,Illegal
Estonia,EST,1839,Illegal
Estonia,EST,1840,Illegal
Estonia,EST,1841,Illegal
Estonia,EST,1842,Illegal
Estonia,EST,1843,Illegal
Estonia,EST,1844,Illegal
Estonia,EST,1845,Illegal
Estonia,EST,1846,Illegal
Estonia,EST,1847,Illegal
Estonia,EST,1848,Illegal
Estonia,EST,1849,Illegal
Estonia,EST,1850,Illegal
Estonia,EST,1851,Illegal
Estonia,EST,1852,Illegal
Estonia,EST,1853,Illegal
Estonia,EST,1854,Illegal
Estonia,EST,1855,Illegal
Estonia,EST,1856,Illegal
Estonia,EST,1857,Illegal
Estonia,EST,1858,Illegal
Estonia,EST,1859,Illegal
Estonia,EST,1860,Illegal
Estonia,EST,1861,Illegal
Estonia,EST,1862,Illegal
Estonia,EST,1863,Illegal
Estonia,EST,1864,Illegal
Estonia,EST,1865,Illegal
Estonia,EST,1866,Illegal
Estonia,EST,1867,Illegal
Estonia,EST,1868,Illegal
Estonia,EST,1869,Illegal
Estonia,EST,1870,Illegal
Estonia,EST,1871,Illegal
Estonia,EST,1872,Illegal
Estonia,EST,1873,Illegal
Estonia,EST,1874,Illegal
Estonia,EST,1875,Illegal
Estonia,EST,1876,Illegal
Estonia,EST,1877,Illegal
Estonia,EST,1878,Illegal
Estonia,EST,1879,Illegal
Estonia,EST,1880,Illegal
Estonia,EST,1881,Illegal
Estonia,EST,1882,Illegal
Estonia,EST,1883,Illegal
Estonia,EST,1884,Illegal
Estonia,EST,1885,Illegal
Estonia,EST,1886,Illegal
Estonia,EST,1887,Illegal
Estonia,EST,1888,Illegal
Estonia,EST,1889,Illegal
Estonia,EST,1890,Illegal
Estonia,EST,1891,Illegal
Estonia,EST,1892,Illegal
Estonia,EST,1893,Illegal
Estonia,EST,1894,Illegal
Estonia,EST,1895,Illegal
Estonia,EST,1896,Illegal
Estonia,EST,1897,Illegal
Estonia,EST,1898,Illegal
Estonia,EST,1899,Illegal
Estonia,EST,1900,Illegal
Estonia,EST,1901,Illegal
Estonia,EST,1902,Illegal
Estonia,EST,1903,Illegal
Estonia,EST,1904,Illegal
Estonia,EST,1905,Illegal
Estonia,EST,1906,Illegal
Estonia,EST,1907,Illegal
Estonia,EST,1908,Illegal
Estonia,EST,1909,Illegal
Estonia,EST,1910,Illegal
Estonia,EST,1911,Illegal
Estonia,EST,1912,Illegal
Estonia,EST,1913,Illegal
Estonia,EST,1914,Illegal
Estonia,EST,1915,Illegal
Estonia,EST,1916,Illegal
Estonia,EST,1917,Illegal
Estonia,EST,1918,Illegal
Estonia,EST,1919,Illegal
Estonia,EST,1920,Legal
Estonia,EST,1921,Legal
Estonia,EST,1922,Legal
Estonia,EST,1923,Legal
Estonia,EST,1924,Legal
Estonia,EST,1925,Legal
Estonia,EST,1926,Legal
Estonia,EST,1927,Legal
Estonia,EST,1928,Legal
Estonia,EST,1929,Legal
Estonia,EST,1930,Legal
Estonia,EST,1931,Legal
Estonia,EST,1932,Legal
Estonia,EST,1933,Legal
Estonia,EST,1934,Illegal
Estonia,EST,1935,Illegal
Estonia,EST,1936,Illegal
Estonia,EST,1937,Illegal
Estonia,EST,1938,Illegal
Estonia,EST,1939,Illegal
Estonia,EST,1940,Illegal
Estonia,EST,1941,Illegal
Estonia,EST,1942,Illegal
Estonia,EST,1943,Illegal
Estonia,EST,1944,Illegal
Estonia,EST,1945,Illegal
Estonia,EST,1946,Illegal
Estonia,EST,1947,Illegal
Estonia,EST,1948,Illegal
Estonia,EST,1949,Illegal
Estonia,EST,1950,Illegal
Estonia,EST,1951,Illegal
Estonia,EST,1952,Illegal
Estonia,EST,1953,Illegal
Estonia,EST,1954,Illegal
Estonia,EST,1955,Illegal
Estonia,EST,1956,Illegal
Estonia,EST,1957,Illegal
Estonia,EST,1958,Illegal
Estonia,EST,1959,Illegal
Estonia,EST,1960,Illegal
Estonia,EST,1961,Illegal
Estonia,EST,1962,Illegal
Estonia,EST,1963,Illegal
Estonia,EST,1964,Illegal
Estonia,EST,1965,Illegal
Estonia,EST,1966,Illegal
Estonia,EST,1967,Illegal
Estonia,EST,1968,Illegal
Estonia,EST,1969,Illegal
Estonia,EST,1970,Illegal
Estonia,EST,1971,Illegal
Estonia,EST,1972,Illegal
Estonia,EST,1973,Illegal
Estonia,EST,1974,Illegal
Estonia,EST,1975,Illegal
Estonia,EST,1976,Illegal
Estonia,EST,1977,Illegal
Estonia,EST,1978,Illegal
Estonia,EST,1979,Illegal
Estonia,EST,1980,Illegal
Estonia,EST,1981,Illegal
Estonia,EST,1982,Illegal
Estonia,EST,1983,Illegal
Estonia,EST,1984,Illegal
Estonia,EST,1985,Illegal
Estonia,EST,1986,Illegal
Estonia,EST,1987,Illegal
Estonia,EST,1988,Illegal
Estonia,EST,1989,Illegal
Estonia,EST,1990,Illegal
Estonia,EST,1991,Illegal
Estonia,EST,1992,Legal
Estonia,EST,1993,Legal
Estonia,EST,1994,Legal
Estonia,EST,1995,Legal
Estonia,EST,1996,Legal
Estonia,EST,1997,Legal
Estonia,EST,1998,Legal
Estonia,EST,1999,Legal
Estonia,EST,2000,Legal
Estonia,EST,2001,Legal
Estonia,EST,2002,Legal
Estonia,EST,2003,Legal
Estonia,EST,2004,Legal
Estonia,EST,2005,Legal
Estonia,EST,2006,Legal
Estonia,EST,2007,Legal
Estonia,EST,2008,Legal
Estonia,EST,2009,Legal
Estonia,EST,2010,Legal
Estonia,EST,2011,Legal
Estonia,EST,2012,Legal
Estonia,EST,2013,Legal
Estonia,EST,2014,Legal
Estonia,EST,2015,Legal
Estonia,EST,2016,Legal
Estonia,EST,2017,Legal
Estonia,EST,2018,Legal
Estonia,EST,2019,Legal
Estonia,EST,2020,Legal
Estonia,EST,2021,Legal
Estonia,EST,2022,Legal
Estonia,EST,2023,Legal
Estonia,EST,2024,Legal
Estonia,EST,2025,Legal
Eswatini,SWZ,1907,Illegal
Eswatini,SWZ,1908,Illegal
Eswatini,SWZ,1909,Illegal
Eswatini,SWZ,1910,Illegal
Eswatini,SWZ,1911,Illegal
Eswatini,SWZ,1912,Illegal
Eswatini,SWZ,1913,Illegal
Eswatini,SWZ,1914,Illegal
Eswatini,SWZ,1915,Illegal
Eswatini,SWZ,1916,Illegal
Eswatini,SWZ,1917,Illegal
Eswatini,SWZ,1918,Illegal
Eswatini,SWZ,1919,Illegal
Eswatini,SWZ,1920,Illegal
Eswatini,SWZ,1921,Illegal
Eswatini,SWZ,1922,Illegal
Eswatini,SWZ,1923,Illegal
Eswatini,SWZ,1924,Illegal
Eswatini,SWZ,1925,Illegal
Eswatini,SWZ,1926,Illegal
Eswatini,SWZ,1927,Illegal
Eswatini,SWZ,1928,Illegal
Eswatini,SWZ,1929,Illegal
Eswatini,SWZ,1930,Illegal
Eswatini,SWZ,1931,Illegal
Eswatini,SWZ,1932,Illegal
Eswatini,SWZ,1933,Illegal
Eswatini,SWZ,1934,Illegal
Eswatini,SWZ,1935,Illegal
Eswatini,SWZ,1936,Illegal
Eswatini,SWZ,1937,Illegal
Eswatini,SWZ,1938,Illegal
Eswatini,SWZ,1939,Illegal
Eswatini,SWZ,1940,Illegal
Eswatini,SWZ,1941,Illegal
Eswatini,SWZ,1942,Illegal
Eswatini,SWZ,1943,Illegal
Eswatini,SWZ,1944,Illegal
Eswatini,SWZ,1945,Illegal
Eswatini,SWZ,1946,Illegal
Eswatini,SWZ,1947,Illegal
Eswatini,SWZ,1948,Illegal
Eswatini,SWZ,1949,Illegal
Eswatini,SWZ,1950,Illegal
Eswatini,SWZ,1951,Illegal
Eswatini,SWZ,1952,Illegal
Eswatini,SWZ,1953,Illegal
Eswatini,SWZ,1954,Illegal
Eswatini,SWZ,1955,Illegal
Eswatini,SWZ,1956,Illegal
Eswatini,SWZ,1957,Illegal
Eswatini,SWZ,1958,Illegal
Eswatini,SWZ,1959,Illegal
Eswatini,SWZ,1960,Illegal
Eswatini,SWZ,1961,Illegal
Eswatini,SWZ,1962,Illegal
Eswatini,SWZ,1963,Illegal
Eswatini,SWZ,1964,Illegal
Eswatini,SWZ,1965,Illegal
Eswatini,SWZ,1966,Illegal
Eswatini,SWZ,1967,Illegal
Eswatini,SWZ,1968,Illegal
Eswatini,SWZ,1969,Illegal
Eswatini,SWZ,1970,Illegal
Eswatini,SWZ,1971,Illegal
Eswatini,SWZ,1972,Illegal
Eswatini,SWZ,1973,Illegal
Eswatini,SWZ,1974,Illegal
Eswatini,SWZ,1975,Illegal
Eswatini,SWZ,1976,Illegal
Eswatini,SWZ,1977,Illegal
Eswatini,SWZ,1978,Illegal
Eswatini,SWZ,1979,Illegal
Eswatini,SWZ,1980,Illegal
Eswatini,SWZ,1981,Illegal
Eswatini,SWZ,1982,Illegal
Eswatini,SWZ,1983,Illegal
Eswatini,SWZ,1984,Illegal
Eswatini,SWZ,1985,Illegal
Eswatini,SWZ,1986,Illegal
Eswatini,SWZ,1987,Illegal
Eswatini,SWZ,1988,Illegal
Eswatini,SWZ,1989,Illegal
Eswatini,SWZ,1990,Illegal
Eswatini,SWZ,1991,Illegal
Eswatini,SWZ,1992,Illegal
Eswatini,SWZ,1993,Illegal
Eswatini,SWZ,1994,Illegal
Eswatini,SWZ,1995,Illegal
Eswatini,SWZ,1996,Illegal
Eswatini,SWZ,1997,Illegal
Eswatini,SWZ,1998,Illegal
Eswatini,SWZ,1999,Illegal
Eswatini,SWZ,2000,Illegal
Eswatini,SWZ,2001,Illegal
Eswatini,SWZ,2002,Illegal
Eswatini,SWZ,2003,Illegal
Eswatini,SWZ,2004,Illegal
Eswatini,SWZ,2005,Illegal
Eswatini,SWZ,2006,Illegal
Eswatini,SWZ,2007,Illegal
Eswatini,SWZ,2008,Illegal
Eswatini,SWZ,2009,Illegal
Eswatini,SWZ,2010,Illegal
Eswatini,SWZ,2011,Illegal
Eswatini,SWZ,2012,Illegal
Eswatini,SWZ,2013,Illegal
Eswatini,SWZ,2014,Illegal
Eswatini,SWZ,2015,Illegal
Eswatini,SWZ,2016,Illegal
Eswatini,SWZ,2017,Illegal
Eswatini,SWZ,2018,Illegal
Eswatini,SWZ,2019,Illegal
Eswatini,SWZ,2020,Illegal
Eswatini,SWZ,2021,Illegal
Eswatini,SWZ,2022,Illegal
Eswatini,SWZ,2023,Illegal
Eswatini,SWZ,2024,Illegal
Eswatini,SWZ,2025,Illegal
Ethiopia,ETH,1957,Illegal
Ethiopia,ETH,1958,Illegal
Ethiopia,ETH,1959,Illegal
Ethiopia,ETH,1960,Illegal
Ethiopia,ETH,1961,Illegal
Ethiopia,ETH,1962,Illegal
Ethiopia,ETH,1963,Illegal
Ethiopia,ETH,1964,Illegal
Ethiopia,ETH,1965,Illegal
Ethiopia,ETH,1966,Illegal
Ethiopia,ETH,1967,Illegal
Ethiopia,ETH,1968,Illegal
Ethiopia,ETH,1969,Illegal
Ethiopia,ETH,1970,Illegal
Ethiopia,ETH,1971,Illegal
Ethiopia,ETH,1972,Illegal
Ethiopia,ETH,1973,Illegal
Ethiopia,ETH,1974,Illegal
Ethiopia,ETH,1975,Illegal
Ethiopia,ETH,1976,Illegal
Ethiopia,ETH,1977,Illegal
Ethiopia,ETH,1978,Illegal
Ethiopia,ETH,1979,Illegal
Ethiopia,ETH,1980,Illegal
Ethiopia,ETH,1981,Illegal
Ethiopia,ETH,1982,Illegal
Ethiopia,ETH,1983,Illegal
Ethiopia,ETH,1984,Illegal
Ethiopia,ETH,1985,Illegal
Ethiopia,ETH,1986,Illegal
Ethiopia,ETH,1987,Illegal
Ethiopia,ETH,1988,Illegal
Ethiopia,ETH,1989,Illegal
Ethiopia,ETH,1990,Illegal
Ethiopia,ETH,1991,Illegal
Ethiopia,ETH,1992,Illegal
Ethiopia,ETH,1993,Illegal
Ethiopia,ETH,1994,Illegal
Ethiopia,ETH,1995,Illegal
Ethiopia,ETH,1996,Illegal
Ethiopia,ETH,1997,Illegal
Ethiopia,ETH,1998,Illegal
Ethiopia,ETH,1999,Illegal
Ethiopia,ETH,2000,Illegal
Ethiopia,ETH,2001,Illegal
Ethiopia,ETH,2002,Illegal
Ethiopia,ETH,2003,Illegal
Ethiopia,ETH,2004,Illegal
Ethiopia,ETH,2005,Illegal
Ethiopia,ETH,2006,Illegal
Ethiopia,ETH,2007,Illegal
Ethiopia,ETH,2008,Illegal
Ethiopia,ETH,2009,Illegal
Ethiopia,ETH,2010,Illegal
Ethiopia,ETH,2011,Illegal
Ethiopia,ETH,2012,Illegal
Ethiopia,ETH,2013,Illegal
Ethiopia,ETH,2014,Illegal
Ethiopia,ETH,2015,Illegal
Ethiopia,ETH,2016,Illegal
Ethiopia,ETH,2017,Illegal
Ethiopia,ETH,2018,Illegal
Ethiopia,ETH,2019,Illegal
Ethiopia,ETH,2020,Illegal
Ethiopia,ETH,2021,Illegal
Ethiopia,ETH,2022,Illegal
Ethiopia,ETH,2023,Illegal
Ethiopia,ETH,2024,Illegal
Ethiopia,ETH,2025,Illegal
Fiji,FJI,1945,Illegal
Fiji,FJI,1946,Illegal
Fiji,FJI,1947,Illegal
Fiji,FJI,1948,Illegal
Fiji,FJI,1949,Illegal
Fiji,FJI,1950,Illegal
Fiji,FJI,1951,Illegal
Fiji,FJI,1952,Illegal
Fiji,FJI,1953,Illegal
Fiji,FJI,1954,Illegal
Fiji,FJI,1955,Illegal
Fiji,FJI,1956,Illegal
Fiji,FJI,1957,Illegal
Fiji,FJI,1958,Illegal
Fiji,FJI,1959,Illegal
Fiji,FJI,1960,Illegal
Fiji,FJI,1961,Illegal
Fiji,FJI,1962,Illegal
Fiji,FJI,1963,Illegal
Fiji,FJI,1964,Illegal
Fiji,FJI,1965,Illegal
Fiji,FJI,1966,Illegal
Fiji,FJI,1967,Illegal
Fiji,FJI,1968,Illegal
Fiji,FJI,1969,Illegal
Fiji,FJI,1970,Illegal
Fiji,FJI,1971,Illegal
Fiji,FJI,1972,Illegal
Fiji,FJI,1973,Illegal
Fiji,FJI,1974,Illegal
Fiji,FJI,1975,Illegal
Fiji,FJI,1976,Illegal
Fiji,FJI,1977,Illegal
Fiji,FJI,1978,Illegal
Fiji,FJI,1979,Illegal
Fiji,FJI,1980,Illegal
Fiji,FJI,1981,Illegal
Fiji,FJI,1982,Illegal
Fiji,FJI,1983,Illegal
Fiji,FJI,1984,Illegal
Fiji,FJI,1985,Illegal
Fiji,FJI,1986,Illegal
Fiji,FJI,1987,Illegal
Fiji,FJI,1988,Illegal
Fiji,FJI,1989,Illegal
Fiji,FJI,1990,Illegal
Fiji,FJI,1991,Illegal
Fiji,FJI,1992,Illegal
Fiji,FJI,1993,Illegal
Fiji,FJI,1994,Illegal
Fiji,FJI,1995,Illegal
Fiji,FJI,1996,Illegal
Fiji,FJI,1997,Illegal
Fiji,FJI,1998,Illegal
Fiji,FJI,1999,Illegal
Fiji,FJI,2000,Illegal
Fiji,FJI,2001,Illegal
Fiji,FJI,2002,Illegal
Fiji,FJI,2003,Illegal
Fiji,FJI,2004,Illegal
Fiji,FJI,2005,Illegal
Fiji,FJI,2006,Illegal
Fiji,FJI,2007,Illegal
Fiji,FJI,2008,Illegal
Fiji,FJI,2009,Illegal
Fiji,FJI,2010,Legal
Fiji,FJI,2011,Legal
Fiji,FJI,2012,Legal
Fiji,FJI,2013,Legal
Fiji,FJI,2014,Legal
Fiji,FJI,2015,Legal
Fiji,FJI,2016,Legal
Fiji,FJI,2017,Legal
Fiji,FJI,2018,Legal
Fiji,FJI,2019,Legal
Fiji,FJI,2020,Legal
Fiji,FJI,2021,Legal
Fiji,FJI,2022,Legal
Fiji,FJI,2023,Legal
Fiji,FJI,2024,Legal
Fiji,FJI,2025,Legal
Finland,FIN,1889,Illegal
Finland,FIN,1890,Illegal
Finland,FIN,1891,Illegal
Finland,FIN,1892,Illegal
Finland,FIN,1893,Illegal
Finland,FIN,1894,Illegal
Finland,FIN,1895,Illegal
Finland,FIN,1896,Illegal
Finland,FIN,1897,Illegal
Finland,FIN,1898,Illegal
Finland,FIN,1899,Illegal
Finland,FIN,1900,Illegal
Finland,FIN,1901,Illegal
Finland,FIN,1902,Illegal
Finland,FIN,1903,Illegal
Finland,FIN,1904,Illegal
Finland,FIN,1905,Illegal
Finland,FIN,1906,Illegal
Finland,FIN,1907,Illegal
Finland,FIN,1908,Illegal
Finland,FIN,1909,Illegal
Finland,FIN,1910,Illegal
Finland,FIN,1911,Illegal
Finland,FIN,1912,Illegal
Finland,FIN,1913,Illegal
Finland,FIN,1914,Illegal
Finland,FIN,1915,Illegal
Finland,FIN,1916,Illegal
Finland,FIN,1917,Illegal
Finland,FIN,1918,Illegal
Finland,FIN,1919,Illegal
Finland,FIN,1920,Illegal
Finland,FIN,1921,Illegal
Finland,FIN,1922,Illegal
Finland,FIN,1923,Illegal
Finland,FIN,1924,Illegal
Finland,FIN,1925,Illegal
Finland,FIN,1926,Illegal
Finland,FIN,1927,Illegal
Finland,FIN,1928,Illegal
Finland,FIN,1929,Illegal
Finland,FIN,1930,Illegal
Finland,FIN,1931,Illegal
Finland,FIN,1932,Illegal
Finland,FIN,1933,Illegal
Finland,FIN,1934,Illegal
Finland,FIN,1935,Illegal
Finland,FIN,1936,Illegal
Finland,FIN,1937,Illegal
Finland,FIN,1938,Illegal
Finland,FIN,1939,Illegal
Finland,FIN,1940,Illegal
Finland,FIN,1941,Illegal
Finland,FIN,1942,Illegal
Finland,FIN,1943,Illegal
Finland,FIN,1944,Illegal
Finland,FIN,1945,Illegal
Finland,FIN,1946,Illegal
Finland,FIN,1947,Illegal
Finland,FIN,1948,Illegal
Finland,FIN,1949,Illegal
Finland,FIN,1950,Illegal
Finland,FIN,1951,Illegal
Finland,FIN,1952,Illegal
Finland,FIN,1953,Illegal
Finland,FIN,1954,Illegal
Finland,FIN,1955,Illegal
Finland,FIN,1956,Illegal
Finland,FIN,1957,Illegal
Finland,FIN,1958,Illegal
Finland,FIN,1959,Illegal
Finland,FIN,1960,Illegal
Finland,FIN,1961,Illegal
Finland,FIN,1962,Illegal
Finland,FIN,1963,Illegal
Finland,FIN,1964,Illegal
Finland,FIN,1965,Illegal
Finland,FIN,1966,Illegal
Finland,FIN,1967,Illegal
Finland,FIN,1968,Illegal
Finland,FIN,1969,Illegal
Finland,FIN,1970,Illegal
Finland,FIN,1971,Legal
Finland,FIN,1972,Legal
Finland,FIN,1973,Legal
Finland,FIN,1974,Legal
Finland,FIN,1975,Legal
Finland,FIN,1976,Legal
Finland,FIN,1977,Legal
Finland,FIN,1978,Legal
Finland,FIN,1979,Legal
Finland,FIN,1980,Legal
Finland,FIN,1981,Legal
Finland,FIN,1982,Legal
Finland,FIN,1983,Legal
Finland,FIN,1984,Legal
Finland,FIN,1985,Legal
Finland,FIN,1986,Legal
Finland,FIN,1987,Legal
Finland,FIN,1988,Legal
Finland,FIN,1989,Legal
Finland,FIN,1990,Legal
Finland,FIN,1991,Legal
Finland,FIN,1992,Legal
Finland,FIN,1993,Legal
Finland,FIN,1994,Legal
Finland,FIN,1995,Legal
Finland,FIN,1996,Legal
Finland,FIN,1997,Legal
Finland,FIN,1998,Legal
Finland,FIN,1999,Legal
Finland,FIN,2000,Legal
Finland,FIN,2001,Legal
Finland,FIN,2002,Legal
Finland,FIN,2003,Legal
Finland,FIN,2004,Legal
Finland,FIN,2005,Legal
Finland,FIN,2006,Legal
Finland,FIN,2007,Legal
Finland,FIN,2008,Legal
Finland,FIN,2009,Legal
Finland,FIN,2010,Legal
Finland,FIN,2011,Legal
Finland,FIN,2012,Legal
Finland,FIN,2013,Legal
Finland,FIN,2014,Legal
Finland,FIN,2015,Legal
Finland,FIN,2016,Legal
Finland,FIN,2017,Legal
Finland,FIN,2018,Legal
Finland,FIN,2019,Legal
Finland,FIN,2020,Legal
Finland,FIN,2021,Legal
Finland,FIN,2022,Legal
Finland,FIN,2023,Legal
Finland,FIN,2024,Legal
Finland,FIN,2025,Legal
France,FRA,1760,Illegal
France,FRA,1761,Illegal
France,FRA,1762,Illegal
France,FRA,1763,Illegal
France,FRA,1764,Illegal
France,FRA,1765,Illegal
France,FRA,1766,Illegal
France,FRA,1767,Illegal
France,FRA,1768,Illegal
France,FRA,1769,Illegal
France,FRA,1770,Illegal
France,FRA,1771,Illegal
France,FRA,1772,Illegal
France,FRA,1773,Illegal
France,FRA,1774,Illegal
France,FRA,1775,Illegal
France,FRA,1776,Illegal
France,FRA,1777,Illegal
France,FRA,1778,Illegal
France,FRA,1779,Illegal
France,FRA,1780,Illegal
France,FRA,1781,Illegal
France,FRA,1782,Illegal
France,FRA,1783,Illegal
France,FRA,1784,Illegal
France,FRA,1785,Illegal
France,FRA,1786,Illegal
France,FRA,1787,Illegal
France,FRA,1788,Illegal
France,FRA,1789,Illegal
France,FRA,1790,Illegal
France,FRA,1791,Legal
France,FRA,1792,Legal
France,FRA,1793,Legal
France,FRA,1794,Legal
France,FRA,1795,Legal
France,FRA,1796,Legal
France,FRA,1797,Legal
France,FRA,1798,Legal
France,FRA,1799,Legal
France,FRA,1800,Legal
France,FRA,1801,Legal
France,FRA,1802,Legal
France,FRA,1803,Legal
France,FRA,1804,Legal
France,FRA,1805,Legal
France,FRA,1806,Legal
France,FRA,1807,Legal
France,FRA,1808,Legal
France,FRA,1809,Legal
France,FRA,1810,Legal
France,FRA,1811,Legal
France,FRA,1812,Legal
France,FRA,1813,Legal
France,FRA,1814,Legal
France,FRA,1815,Legal
France,FRA,1816,Legal
France,FRA,1817,Legal
France,FRA,1818,Legal
France,FRA,1819,Legal
France,FRA,1820,Legal
France,FRA,1821,Legal
France,FRA,1822,Legal
France,FRA,1823,Legal
France,FRA,1824,Legal
France,FRA,1825,Legal
France,FRA,1826,Legal
France,FRA,1827,Legal
France,FRA,1828,Legal
France,FRA,1829,Legal
France,FRA,1830,Legal
France,FRA,1831,Legal
France,FRA,1832,Legal
France,FRA,1833,Legal
France,FRA,1834,Legal
France,FRA,1835,Legal
France,FRA,1836,Legal
France,FRA,1837,Legal
France,FRA,1838,Legal
France,FRA,1839,Legal
France,FRA,1840,Legal
France,FRA,1841,Legal
France,FRA,1842,Legal
France,FRA,1843,Legal
France,FRA,1844,Legal
France,FRA,1845,Legal
France,FRA,1846,Legal
France,FRA,1847,Legal
France,FRA,1848,Legal
France,FRA,1849,Legal
France,FRA,1850,Legal
France,FRA,1851,Legal
France,FRA,1852,Legal
France,FRA,1853,Legal
France,FRA,1854,Legal
France,FRA,1855,Legal
France,FRA,1856,Legal
France,FRA,1857,Legal
France,FRA,1858,Legal
France,FRA,1859,Legal
France,FRA,1860,Legal
France,FRA,1861,Legal
France,FRA,1862,Legal
France,FRA,1863,Legal
France,FRA,1864,Legal
France,FRA,1865,Legal
France,FRA,1866,Legal
France,FRA,1867,Legal
France,FRA,1868,Legal
France,FRA,1869,Legal
France,FRA,1870,Legal
France,FRA,1871,Legal
France,FRA,1872,Legal
France,FRA,1873,Legal
France,FRA,1874,Legal
France,FRA,1875,Legal
France,FRA,1876,Legal
France,FRA,1877,Legal
France,FRA,1878,Legal
France,FRA,1879,Legal
France,FRA,1880,Legal
France,FRA,1881,Legal
France,FRA,1882,Legal
France,FRA,1883,Legal
France,FRA,1884,Legal
France,FRA,1885,Legal
France,FRA,1886,Legal
France,FRA,1887,Legal
France,FRA,1888,Legal
France,FRA,1889,Legal
France,FRA,1890,Legal
France,FRA,1891,Legal
France,FRA,1892,Legal
France,FRA,1893,Legal
France,FRA,1894,Legal
France,FRA,1895,Legal
France,FRA,1896,Legal
France,FRA,1897,Legal
France,FRA,1898,Legal
France,FRA,1899,Legal
France,FRA,1900,Legal
France,FRA,1901,Legal
France,FRA,1902,Legal
France,FRA,1903,Legal
France,FRA,1904,Legal
France,FRA,1905,Legal
France,FRA,1906,Legal
France,FRA,1907,Legal
France,FRA,1908,Legal
France,FRA,1909,Legal
France,FRA,1910,Legal
France,FRA,1911,Legal
France,FRA,1912,Legal
France,FRA,1913,Legal
France,FRA,1914,Legal
France,FRA,1915,Legal
France,FRA,1916,Legal
France,FRA,1917,Legal
France,FRA,1918,Legal
France,FRA,1919,Legal
France,FRA,1920,Legal
France,FRA,1921,Legal
France,FRA,1922,Legal
France,FRA,1923,Legal
France,FRA,1924,Legal
France,FRA,1925,Legal
France,FRA,1926,Legal
France,FRA,1927,Legal
France,FRA,1928,Legal
France,FRA,1929,Legal
France,FRA,1930,Legal
France,FRA,1931,Legal
France,FRA,1932,Legal
France,FRA,1933,Legal
France,FRA,1934,Legal
France,FRA,1935,Legal
France,FRA,1936,Legal
France,FRA,1937,Legal
France,FRA,1938,Legal
France,FRA,1939,Legal
France,FRA,1940,Legal
France,FRA,1941,Legal
France,FRA,1942,Legal
France,FRA,1943,Legal
France,FRA,1944,Legal
France,FRA,1945,Legal
France,FRA,1946,Legal
France,FRA,1947,Legal
France,FRA,1948,Legal
France,FRA,1949,Legal
France,FRA,1950,Legal
France,FRA,1951,Legal
France,FRA,1952,Legal
France,FRA,1953,Legal
France,FRA,1954,Legal
France,FRA,1955,Legal
France,FRA,1956,Legal
France,FRA,1957,Legal
France,FRA,1958,Legal
France,FRA,1959,Legal
France,FRA,1960,Legal
France,FRA,1961,Legal
France,FRA,1962,Legal
France,FRA,1963,Legal
France,FRA,1964,Legal
France,FRA,1965,Legal
France,FRA,1966,Legal
France,FRA,1967,Legal
France,FRA,1968,Legal
France,FRA,1969,Legal
France,FRA,1970,Legal
France,FRA,1971,Legal
France,FRA,1972,Legal
France,FRA,1973,Legal
France,FRA,1974,Legal
France,FRA,1975,Legal
France,FRA,1976,Legal
France,FRA,1977,Legal
France,FRA,1978,Legal
France,FRA,1979,Legal
France,FRA,1980,Legal
France,FRA,1981,Legal
France,FRA,1982,Legal
France,FRA,1983,Legal
France,FRA,1984,Legal
France,FRA,1985,Legal
France,FRA,1986,Legal
France,FRA,1987,Legal
France,FRA,1988,Legal
France,FRA,1989,Legal
France,FRA,1990,Legal
France,FRA,1991,Legal
France,FRA,1992,Legal
France,FRA,1993,Legal
France,FRA,1994,Legal
France,FRA,1995,Legal
France,FRA,1996,Legal
France,FRA,1997,Legal
France,FRA,1998,Legal
France,FRA,1999,Legal
France,FRA,2000,Legal
France,FRA,2001,Legal
France,FRA,2002,Legal
France,FRA,2003,Legal
France,FRA,2004,Legal
France,FRA,2005,Legal
France,FRA,2006,Legal
France,FRA,2007,Legal
France,FRA,2008,Legal
France,FRA,2009,Legal
France,FRA,2010,Legal
France,FRA,2011,Legal
France,FRA,2012,Legal
France,FRA,2013,Legal
France,FRA,2014,Legal
France,FRA,2015,Legal
France,FRA,2016,Legal
France,FRA,2017,Legal
France,FRA,2018,Legal
France,FRA,2019,Legal
France,FRA,2020,Legal
France,FRA,2021,Legal
France,FRA,2022,Legal
France,FRA,2023,Legal
France,FRA,2024,Legal
France,FRA,2025,Legal
Gabon,GAB,1882,Legal
Gabon,GAB,1883,Legal
Gabon,GAB,1884,Legal
Gabon,GAB,1885,Legal
Gabon,GAB,1886,Legal
Gabon,GAB,1887,Legal
Gabon,GAB,1888,Legal
Gabon,GAB,1889,Legal
Gabon,GAB,1890,Legal
Gabon,GAB,1891,Legal
Gabon,GAB,1892,Legal
Gabon,GAB,1893,Legal
Gabon,GAB,1894,Legal
Gabon,GAB,1895,Legal
Gabon,GAB,1896,Legal
Gabon,GAB,1897,Legal
Gabon,GAB,1898,Legal
Gabon,GAB,1899,Legal
Gabon,GAB,1900,Legal
Gabon,GAB,1901,Legal
Gabon,GAB,1902,Legal
Gabon,GAB,1903,Legal
Gabon,GAB,1904,Legal
Gabon,GAB,1905,Legal
Gabon,GAB,1906,Legal
Gabon,GAB,1907,Legal
Gabon,GAB,1908,Legal
Gabon,GAB,1909,Legal
Gabon,GAB,1910,Legal
Gabon,GAB,1911,Legal
Gabon,GAB,1912,Legal
Gabon,GAB,1913,Legal
Gabon,GAB,1914,Legal
Gabon,GAB,1915,Legal
Gabon,GAB,1916,Legal
Gabon,GAB,1917,Legal
Gabon,GAB,1918,Legal
Gabon,GAB,1919,Legal
Gabon,GAB,1920,Legal
Gabon,GAB,1921,Legal
Gabon,GAB,1922,Legal
Gabon,GAB,1923,Legal
Gabon,GAB,1924,Legal
Gabon,GAB,1925,Legal
Gabon,GAB,1926,Legal
Gabon,GAB,1927,Legal
Gabon,GAB,1928,Legal
Gabon,GAB,1929,Legal
Gabon,GAB,1930,Legal
Gabon,GAB,1931,Legal
Gabon,GAB,1932,Legal
Gabon,GAB,1933,Legal
Gabon,GAB,1934,Legal
Gabon,GAB,1935,Legal
Gabon,GAB,1936,Legal
Gabon,GAB,1937,Legal
Gabon,GAB,1938,Legal
Gabon,GAB,1939,Legal
Gabon,GAB,1940,Legal
Gabon,GAB,1941,Legal
Gabon,GAB,1942,Legal
Gabon,GAB,1943,Legal
Gabon,GAB,1944,Legal
Gabon,GAB,1945,Legal
Gabon,GAB,1946,Legal
Gabon,GAB,1947,Legal
Gabon,GAB,1948,Legal
Gabon,GAB,1949,Legal
Gabon,GAB,1950,Legal
Gabon,GAB,1951,Legal
Gabon,GAB,1952,Legal
Gabon,GAB,1953,Legal
Gabon,GAB,1954,Legal
Gabon,GAB,1955,Legal
Gabon,GAB,1956,Legal
Gabon,GAB,1957,Legal
Gabon,GAB,1958,Legal
Gabon,GAB,1959,Legal
Gabon,GAB,1960,Legal
Gabon,GAB,1961,Legal
Gabon,GAB,1962,Legal
Gabon,GAB,1963,Legal
Gabon,GAB,1964,Legal
Gabon,GAB,1965,Legal
Gabon,GAB,1966,Legal
Gabon,GAB,1967,Legal
Gabon,GAB,1968,Legal
Gabon,GAB,1969,Legal
Gabon,GAB,1970,Legal
Gabon,GAB,1971,Legal
Gabon,GAB,1972,Legal
Gabon,GAB,1973,Legal
Gabon,GAB,1974,Legal
Gabon,GAB,1975,Legal
Gabon,GAB,1976,Legal
Gabon,GAB,1977,Legal
Gabon,GAB,1978,Legal
Gabon,GAB,1979,Legal
Gabon,GAB,1980,Legal
Gabon,GAB,1981,Legal
Gabon,GAB,1982,Legal
Gabon,GAB,1983,Legal
Gabon,GAB,1984,Legal
Gabon,GAB,1985,Legal
Gabon,GAB,1986,Legal
Gabon,GAB,1987,Legal
Gabon,GAB,1988,Legal
Gabon,GAB,1989,Legal
Gabon,GAB,1990,Legal
Gabon,GAB,1991,Legal
Gabon,GAB,1992,Legal
Gabon,GAB,1993,Legal
Gabon,GAB,1994,Legal
Gabon,GAB,1995,Legal
Gabon,GAB,1996,Legal
Gabon,GAB,1997,Legal
Gabon,GAB,1998,Legal
Gabon,GAB,1999,Legal
Gabon,GAB,2000,Legal
Gabon,GAB,2001,Legal
Gabon,GAB,2002,Legal
Gabon,GAB,2003,Legal
Gabon,GAB,2004,Legal
Gabon,GAB,2005,Legal
Gabon,GAB,2006,Legal
Gabon,GAB,2007,Legal
Gabon,GAB,2008,Legal
Gabon,GAB,2009,Legal
Gabon,GAB,2010,Legal
Gabon,GAB,2011,Legal
Gabon,GAB,2012,Legal
Gabon,GAB,2013,Legal
Gabon,GAB,2014,Legal
Gabon,GAB,2015,Legal
Gabon,GAB,2016,Legal
Gabon,GAB,2017,Legal
Gabon,GAB,2018,Legal
Gabon,GAB,2019,Illegal
Gabon,GAB,2020,Legal
Gabon,GAB,2021,Legal
Gabon,GAB,2022,Legal
Gabon,GAB,2023,Legal
Gabon,GAB,2024,Legal
Gabon,GAB,2025,Legal
Gambia,GMB,1934,Illegal
Gambia,GMB,1935,Illegal
Gambia,GMB,1936,Illegal
Gambia,GMB,1937,Illegal
Gambia,GMB,1938,Illegal
Gambia,GMB,1939,Illegal
Gambia,GMB,1940,Illegal
Gambia,GMB,1941,Illegal
Gambia,GMB,1942,Illegal
Gambia,GMB,1943,Illegal
Gambia,GMB,1944,Illegal
Gambia,GMB,1945,Illegal
Gambia,GMB,1946,Illegal
Gambia,GMB,1947,Illegal
Gambia,GMB,1948,Illegal
Gambia,GMB,1949,Illegal
Gambia,GMB,1950,Illegal
Gambia,GMB,1951,Illegal
Gambia,GMB,1952,Illegal
Gambia,GMB,1953,Illegal
Gambia,GMB,1954,Illegal
Gambia,GMB,1955,Illegal
Gambia,GMB,1956,Illegal
Gambia,GMB,1957,Illegal
Gambia,GMB,1958,Illegal
Gambia,GMB,1959,Illegal
Gambia,GMB,1960,Illegal
Gambia,GMB,1961,Illegal
Gambia,GMB,1962,Illegal
Gambia,GMB,1963,Illegal
Gambia,GMB,1964,Illegal
Gambia,GMB,1965,Illegal
Gambia,GMB,1966,Illegal
Gambia,GMB,1967,Illegal
Gambia,GMB,1968,Illegal
Gambia,GMB,1969,Illegal
Gambia,GMB,1970,Illegal
Gambia,GMB,1971,Illegal
Gambia,GMB,1972,Illegal
Gambia,GMB,1973,Illegal
Gambia,GMB,1974,Illegal
Gambia,GMB,1975,Illegal
Gambia,GMB,1976,Illegal
Gambia,GMB,1977,Illegal
Gambia,GMB,1978,Illegal
Gambia,GMB,1979,Illegal
Gambia,GMB,1980,Illegal
Gambia,GMB,1981,Illegal
Gambia,GMB,1982,Illegal
Gambia,GMB,1983,Illegal
Gambia,GMB,1984,Illegal
Gambia,GMB,1985,Illegal
Gambia,GMB,1986,Illegal
Gambia,GMB,1987,Illegal
Gambia,GMB,1988,Illegal
Gambia,GMB,1989,Illegal
Gambia,GMB,1990,Illegal
Gambia,GMB,1991,Illegal
Gambia,GMB,1992,Illegal
Gambia,GMB,1993,Illegal
Gambia,GMB,1994,Illegal
Gambia,GMB,1995,Illegal
Gambia,GMB,1996,Illegal
Gambia,GMB,1997,Illegal
Gambia,GMB,1998,Illegal
Gambia,GMB,1999,Illegal
Gambia,GMB,2000,Illegal
Gambia,GMB,2001,Illegal
Gambia,GMB,2002,Illegal
Gambia,GMB,2003,Illegal
Gambia,GMB,2004,Illegal
Gambia,GMB,2005,Illegal
Gambia,GMB,2006,Illegal
Gambia,GMB,2007,Illegal
Gambia,GMB,2008,Illegal
Gambia,GMB,2009,Illegal
Gambia,GMB,2010,Illegal
Gambia,GMB,2011,Illegal
Gambia,GMB,2012,Illegal
Gambia,GMB,2013,Illegal
Gambia,GMB,2014,Illegal
Gambia,GMB,2015,Illegal
Gambia,GMB,2016,Illegal
Gambia,GMB,2017,Illegal
Gambia,GMB,2018,Illegal
Gambia,GMB,2019,Illegal
Gambia,GMB,2020,Illegal
Gambia,GMB,2021,Illegal
Gambia,GMB,2022,Illegal
Gambia,GMB,2023,Illegal
Gambia,GMB,2024,Illegal
Gambia,GMB,2025,Illegal
Georgia,GEO,1760,Legal
Georgia,GEO,1761,Legal
Georgia,GEO,1762,Legal
Georgia,GEO,1763,Legal
Georgia,GEO,1764,Legal
Georgia,GEO,1765,Legal
Georgia,GEO,1766,Legal
Georgia,GEO,1767,Legal
Georgia,GEO,1768,Legal
Georgia,GEO,1769,Legal
Georgia,GEO,1770,Legal
Georgia,GEO,1771,Legal
Georgia,GEO,1772,Legal
Georgia,GEO,1773,Legal
Georgia,GEO,1774,Legal
Georgia,GEO,1775,Legal
Georgia,GEO,1776,Legal
Georgia,GEO,1777,Legal
Georgia,GEO,1778,Legal
Georgia,GEO,1779,Legal
Georgia,GEO,1780,Legal
Georgia,GEO,1781,Legal
Georgia,GEO,1782,Legal
Georgia,GEO,1783,Legal
Georgia,GEO,1784,Legal
Georgia,GEO,1785,Legal
Georgia,GEO,1786,Legal
Georgia,GEO,1787,Legal
Georgia,GEO,1788,Legal
Georgia,GEO,1789,Legal
Georgia,GEO,1790,Legal
Georgia,GEO,1791,Legal
Georgia,GEO,1792,Legal
Georgia,GEO,1793,Legal
Georgia,GEO,1794,Legal
Georgia,GEO,1795,Legal
Georgia,GEO,1796,Legal
Georgia,GEO,1797,Legal
Georgia,GEO,1798,Legal
Georgia,GEO,1799,Legal
Georgia,GEO,1800,Legal
Georgia,GEO,1801,Legal
Georgia,GEO,1802,Legal
Georgia,GEO,1803,Legal
Georgia,GEO,1804,Legal
Georgia,GEO,1805,Legal
Georgia,GEO,1806,Legal
Georgia,GEO,1807,Legal
Georgia,GEO,1808,Legal
Georgia,GEO,1809,Legal
Georgia,GEO,1810,Legal
Georgia,GEO,1811,Legal
Georgia,GEO,1812,Legal
Georgia,GEO,1813,Legal
Georgia,GEO,1814,Legal
Georgia,GEO,1815,Legal
Georgia,GEO,1816,Legal
Georgia,GEO,1817,Legal
Georgia,GEO,1818,Legal
Georgia,GEO,1819,Legal
Georgia,GEO,1820,Legal
Georgia,GEO,1821,Legal
Georgia,GEO,1822,Legal
Georgia,GEO,1823,Legal
Georgia,GEO,1824,Legal
Georgia,GEO,1825,Legal
Georgia,GEO,1826,Legal
Georgia,GEO,1827,Legal
Georgia,GEO,1828,Legal
Georgia,GEO,1829,Legal
Georgia,GEO,1830,Legal
Georgia,GEO,1831,Legal
Georgia,GEO,1832,Illegal
Georgia,GEO,1833,Illegal
Georgia,GEO,1834,Illegal
Georgia,GEO,1835,Illegal
Georgia,GEO,1836,Illegal
Georgia,GEO,1837,Illegal
Georgia,GEO,1838,Illegal
Georgia,GEO,1839,Illegal
Georgia,GEO,1840,Illegal
Georgia,GEO,1841,Illegal
Georgia,GEO,1842,Illegal
Georgia,GEO,1843,Illegal
Georgia,GEO,1844,Illegal
Georgia,GEO,1845,Illegal
Georgia,GEO,1846,Illegal
Georgia,GEO,1847,Illegal
Georgia,GEO,1848,Illegal
Georgia,GEO,1849,Illegal
Georgia,GEO,1850,Illegal
Georgia,GEO,1851,Illegal
Georgia,GEO,1852,Illegal
Georgia,GEO,1853,Illegal
Georgia,GEO,1854,Illegal
Georgia,GEO,1855,Illegal
Georgia,GEO,1856,Illegal
Georgia,GEO,1857,Illegal
Georgia,GEO,1858,Illegal
Georgia,GEO,1859,Illegal
Georgia,GEO,1860,Illegal
Georgia,GEO,1861,Illegal
Georgia,GEO,1862,Illegal
Georgia,GEO,1863,Illegal
Georgia,GEO,1864,Illegal
Georgia,GEO,1865,Illegal
Georgia,GEO,1866,Illegal
Georgia,GEO,1867,Illegal
Georgia,GEO,1868,Illegal
Georgia,GEO,1869,Illegal
Georgia,GEO,1870,Illegal
Georgia,GEO,1871,Illegal
Georgia,GEO,1872,Illegal
Georgia,GEO,1873,Illegal
Georgia,GEO,1874,Illegal
Georgia,GEO,1875,Illegal
Georgia,GEO,1876,Illegal
Georgia,GEO,1877,Illegal
Georgia,GEO,1878,Illegal
Georgia,GEO,1879,Illegal
Georgia,GEO,1880,Illegal
Georgia,GEO,1881,Illegal
Georgia,GEO,1882,Illegal
Georgia,GEO,1883,Illegal
Georgia,GEO,1884,Illegal
Georgia,GEO,1885,Illegal
Georgia,GEO,1886,Illegal
Georgia,GEO,1887,Illegal
Georgia,GEO,1888,Illegal
Georgia,GEO,1889,Illegal
Georgia,GEO,1890,Illegal
Georgia,GEO,1891,Illegal
Georgia,GEO,1892,Illegal
Georgia,GEO,1893,Illegal
Georgia,GEO,1894,Illegal
Georgia,GEO,1895,Illegal
Georgia,GEO,1896,Illegal
Georgia,GEO,1897,Illegal
Georgia,GEO,1898,Illegal
Georgia,GEO,1899,Illegal
Georgia,GEO,1900,Illegal
Georgia,GEO,1901,Illegal
Georgia,GEO,1902,Illegal
Georgia,GEO,1903,Illegal
Georgia,GEO,1904,Illegal
Georgia,GEO,1905,Illegal
Georgia,GEO,1906,Illegal
Georgia,GEO,1907,Illegal
Georgia,GEO,1908,Illegal
Georgia,GEO,1909,Illegal
Georgia,GEO,1910,Illegal
Georgia,GEO,1911,Illegal
Georgia,GEO,1912,Illegal
Georgia,GEO,1913,Illegal
Georgia,GEO,1914,Illegal
Georgia,GEO,1915,Illegal
Georgia,GEO,1916,Illegal
Georgia,GEO,1917,Illegal
Georgia,GEO,1918,Illegal
Georgia,GEO,1919,Illegal
Georgia,GEO,1920,Illegal
Georgia,GEO,1921,Illegal
Georgia,GEO,1922,Illegal
Georgia,GEO,1923,Illegal
Georgia,GEO,1924,Illegal
Georgia,GEO,1925,Illegal
Georgia,GEO,1926,Illegal
Georgia,GEO,1927,Illegal
Georgia,GEO,1928,Illegal
Georgia,GEO,1929,Illegal
Georgia,GEO,1930,Illegal
Georgia,GEO,1931,Illegal
Georgia,GEO,1932,Illegal
Georgia,GEO,1933,Illegal
Georgia,GEO,1934,Illegal
Georgia,GEO,1935,Illegal
Georgia,GEO,1936,Illegal
Georgia,GEO,1937,Illegal
Georgia,GEO,1938,Illegal
Georgia,GEO,1939,Illegal
Georgia,GEO,1940,Illegal
Georgia,GEO,1941,Illegal
Georgia,GEO,1942,Illegal
Georgia,GEO,1943,Illegal
Georgia,GEO,1944,Illegal
Georgia,GEO,1945,Illegal
Georgia,GEO,1946,Illegal
Georgia,GEO,1947,Illegal
Georgia,GEO,1948,Illegal
Georgia,GEO,1949,Illegal
Georgia,GEO,1950,Illegal
Georgia,GEO,1951,Illegal
Georgia,GEO,1952,Illegal
Georgia,GEO,1953,Illegal
Georgia,GEO,1954,Illegal
Georgia,GEO,1955,Illegal
Georgia,GEO,1956,Illegal
Georgia,GEO,1957,Illegal
Georgia,GEO,1958,Illegal
Georgia,GEO,1959,Illegal
Georgia,GEO,1960,Illegal
Georgia,GEO,1961,Illegal
Georgia,GEO,1962,Illegal
Georgia,GEO,1963,Illegal
Georgia,GEO,1964,Illegal
Georgia,GEO,1965,Illegal
Georgia,GEO,1966,Illegal
Georgia,GEO,1967,Illegal
Georgia,GEO,1968,Illegal
Georgia,GEO,1969,Illegal
Georgia,GEO,1970,Illegal
Georgia,GEO,1971,Illegal
Georgia,GEO,1972,Illegal
Georgia,GEO,1973,Illegal
Georgia,GEO,1974,Illegal
Georgia,GEO,1975,Illegal
Georgia,GEO,1976,Illegal
Georgia,GEO,1977,Illegal
Georgia,GEO,1978,Illegal
Georgia,GEO,1979,Illegal
Georgia,GEO,1980,Illegal
Georgia,GEO,1981,Illegal
Georgia,GEO,1982,Illegal
Georgia,GEO,1983,Illegal
Georgia,GEO,1984,Illegal
Georgia,GEO,1985,Illegal
Georgia,GEO,1986,Illegal
Georgia,GEO,1987,Illegal
Georgia,GEO,1988,Illegal
Georgia,GEO,1989,Illegal
Georgia,GEO,1990,Illegal
Georgia,GEO,1991,Illegal
Georgia,GEO,1992,Illegal
Georgia,GEO,1993,Illegal
Georgia,GEO,1994,Illegal
Georgia,GEO,1995,Illegal
Georgia,GEO,1996,Illegal
Georgia,GEO,1997,Illegal
Georgia,GEO,1998,Illegal
Georgia,GEO,1999,Illegal
Georgia,GEO,2000,Legal
Georgia,GEO,2001,Legal
Georgia,GEO,2002,Legal
Georgia,GEO,2003,Legal
Georgia,GEO,2004,Legal
Georgia,GEO,2005,Legal
Georgia,GEO,2006,Legal
Georgia,GEO,2007,Legal
Georgia,GEO,2008,Legal
Georgia,GEO,2009,Legal
Georgia,GEO,2010,Legal
Georgia,GEO,2011,Legal
Georgia,GEO,2012,Legal
Georgia,GEO,2013,Legal
Georgia,GEO,2014,Legal
Georgia,GEO,2015,Legal
Georgia,GEO,2016,Legal
Georgia,GEO,2017,Legal
Georgia,GEO,2018,Legal
Georgia,GEO,2019,Legal
Georgia,GEO,2020,Legal
Georgia,GEO,2021,Legal
Georgia,GEO,2022,Legal
Georgia,GEO,2023,Legal
Georgia,GEO,2024,Legal
Georgia,GEO,2025,Legal
Germany,DEU,1760,Illegal
Germany,DEU,1761,Illegal
Germany,DEU,1762,Illegal
Germany,DEU,1763,Illegal
Germany,DEU,1764,Illegal
Germany,DEU,1765,Illegal
Germany,DEU,1766,Illegal
Germany,DEU,1767,Illegal
Germany,DEU,1768,Illegal
Germany,DEU,1769,Illegal
Germany,DEU,1770,Illegal
Germany,DEU,1771,Illegal
Germany,DEU,1772,Illegal
Germany,DEU,1773,Illegal
Germany,DEU,1774,Illegal
Germany,DEU,1775,Illegal
Germany,DEU,1776,Illegal
Germany,DEU,1777,Illegal
Germany,DEU,1778,Illegal
Germany,DEU,1779,Illegal
Germany,DEU,1780,Illegal
Germany,DEU,1781,Illegal
Germany,DEU,1782,Illegal
Germany,DEU,1783,Illegal
Germany,DEU,1784,Illegal
Germany,DEU,1785,Illegal
Germany,DEU,1786,Illegal
Germany,DEU,1787,Illegal
Germany,DEU,1788,Illegal
Germany,DEU,1789,Illegal
Germany,DEU,1790,Illegal
Germany,DEU,1791,Illegal
Germany,DEU,1792,Illegal
Germany,DEU,1793,Illegal
Germany,DEU,1794,Illegal
Germany,DEU,1795,Illegal
Germany,DEU,1796,Illegal
Germany,DEU,1797,Illegal
Germany,DEU,1798,Illegal
Germany,DEU,1799,Illegal
Germany,DEU,1800,Illegal
Germany,DEU,1801,Illegal
Germany,DEU,1802,Illegal
Germany,DEU,1803,Illegal
Germany,DEU,1804,Illegal
Germany,DEU,1805,Illegal
Germany,DEU,1806,Illegal
Germany,DEU,1807,Illegal
Germany,DEU,1808,Illegal
Germany,DEU,1809,Illegal
Germany,DEU,1810,Illegal
Germany,DEU,1811,Illegal
Germany,DEU,1812,Illegal
Germany,DEU,1813,Legal
Germany,DEU,1814,Legal
Germany,DEU,1815,Legal
Germany,DEU,1816,Legal
Germany,DEU,1817,Legal
Germany,DEU,1818,Legal
Germany,DEU,1819,Legal
Germany,DEU,1820,Legal
Germany,DEU,1821,Legal
Germany,DEU,1822,Legal
Germany,DEU,1823,Legal
Germany,DEU,1824,Legal
Germany,DEU,1825,Legal
Germany,DEU,1826,Legal
Germany,DEU,1827,Legal
Germany,DEU,1828,Legal
Germany,DEU,1829,Legal
Germany,DEU,1830,Legal
Germany,DEU,1831,Legal
Germany,DEU,1832,Legal
Germany,DEU,1833,Legal
Germany,DEU,1834,Legal
Germany,DEU,1835,Legal
Germany,DEU,1836,Legal
Germany,DEU,1837,Legal
Germany,DEU,1838,Legal
Germany,DEU,1839,Legal
Germany,DEU,1840,Legal
Germany,DEU,1841,Legal
Germany,DEU,1842,Legal
Germany,DEU,1843,Legal
Germany,DEU,1844,Legal
Germany,DEU,1845,Legal
Germany,DEU,1846,Legal
Germany,DEU,1847,Legal
Germany,DEU,1848,Legal
Germany,DEU,1849,Legal
Germany,DEU,1850,Legal
Germany,DEU,1851,Legal
Germany,DEU,1852,Legal
Germany,DEU,1853,Legal
Germany,DEU,1854,Legal
Germany,DEU,1855,Legal
Germany,DEU,1856,Legal
Germany,DEU,1857,Legal
Germany,DEU,1858,Legal
Germany,DEU,1859,Legal
Germany,DEU,1860,Legal
Germany,DEU,1861,Legal
Germany,DEU,1862,Legal
Germany,DEU,1863,Legal
Germany,DEU,1864,Legal
Germany,DEU,1865,Legal
Germany,DEU,1866,Legal
Germany,DEU,1867,Legal
Germany,DEU,1868,Legal
Germany,DEU,1869,Legal
Germany,DEU,1870,Legal
Germany,DEU,1871,Illegal
Germany,DEU,1872,Illegal
Germany,DEU,1873,Illegal
Germany,DEU,1874,Illegal
Germany,DEU,1875,Illegal
Germany,DEU,1876,Illegal
Germany,DEU,1877,Illegal
Germany,DEU,1878,Illegal
Germany,DEU,1879,Illegal
Germany,DEU,1880,Illegal
Germany,DEU,1881,Illegal
Germany,DEU,1882,Illegal
Germany,DEU,1883,Illegal
Germany,DEU,1884,Illegal
Germany,DEU,1885,Illegal
Germany,DEU,1886,Illegal
Germany,DEU,1887,Illegal
Germany,DEU,1888,Illegal
Germany,DEU,1889,Illegal
Germany,DEU,1890,Illegal
Germany,DEU,1891,Illegal
Germany,DEU,1892,Illegal
Germany,DEU,1893,Illegal
Germany,DEU,1894,Illegal
Germany,DEU,1895,Illegal
Germany,DEU,1896,Illegal
Germany,DEU,1897,Illegal
Germany,DEU,1898,Illegal
Germany,DEU,1899,Illegal
Germany,DEU,1900,Illegal
Germany,DEU,1901,Illegal
Germany,DEU,1902,Illegal
Germany,DEU,1903,Illegal
Germany,DEU,1904,Illegal
Germany,DEU,1905,Illegal
Germany,DEU,1906,Illegal
Germany,DEU,1907,Illegal
Germany,DEU,1908,Illegal
Germany,DEU,1909,Illegal
Germany,DEU,1910,Illegal
Germany,DEU,1911,Illegal
Germany,DEU,1912,Illegal
Germany,DEU,1913,Illegal
Germany,DEU,1914,Illegal
Germany,DEU,1915,Illegal
Germany,DEU,1916,Illegal
Germany,DEU,1917,Illegal
Germany,DEU,1918,Illegal
Germany,DEU,1919,Illegal
Germany,DEU,1920,Illegal
Germany,DEU,1921,Illegal
Germany,DEU,1922,Illegal
Germany,DEU,1923,Illegal
Germany,DEU,1924,Illegal
Germany,DEU,1925,Illegal
Germany,DEU,1926,Illegal
Germany,DEU,1927,Illegal
Germany,DEU,1928,Illegal
Germany,DEU,1929,Illegal
Germany,DEU,1930,Illegal
Germany,DEU,1931,Illegal
Germany,DEU,1932,Illegal
Germany,DEU,1933,Illegal
Germany,DEU,1934,Illegal
Germany,DEU,1935,Illegal
Germany,DEU,1936,Illegal
Germany,DEU,1937,Illegal
Germany,DEU,1938,Illegal
Germany,DEU,1939,Illegal
Germany,DEU,1940,Illegal
Germany,DEU,1941,Illegal
Germany,DEU,1942,Illegal
Germany,DEU,1943,Illegal
Germany,DEU,1944,Illegal
Germany,DEU,1945,Illegal
Germany,DEU,1946,Illegal
Germany,DEU,1947,Illegal
Germany,DEU,1948,Illegal
Germany,DEU,1949,Illegal
Germany,DEU,1950,Illegal
Germany,DEU,1951,Illegal
Germany,DEU,1952,Illegal
Germany,DEU,1953,Illegal
Germany,DEU,1954,Illegal
Germany,DEU,1955,Illegal
Germany,DEU,1956,Illegal
Germany,DEU,1957,Illegal
Germany,DEU,1958,Illegal
Germany,DEU,1959,Illegal
Germany,DEU,1960,Illegal
Germany,DEU,1961,Illegal
Germany,DEU,1962,Illegal
Germany,DEU,1963,Illegal
Germany,DEU,1964,Illegal
Germany,DEU,1965,Illegal
Germany,DEU,1966,Illegal
Germany,DEU,1967,Illegal
Germany,DEU,1968,Illegal
Germany,DEU,1969,Legal
Germany,DEU,1970,Legal
Germany,DEU,1971,Legal
Germany,DEU,1972,Legal
Germany,DEU,1973,Legal
Germany,DEU,1974,Legal
Germany,DEU,1975,Legal
Germany,DEU,1976,Legal
Germany,DEU,1977,Legal
Germany,DEU,1978,Legal
Germany,DEU,1979,Legal
Germany,DEU,1980,Legal
Germany,DEU,1981,Legal
Germany,DEU,1982,Legal
Germany,DEU,1983,Legal
Germany,DEU,1984,Legal
Germany,DEU,1985,Legal
Germany,DEU,1986,Legal
Germany,DEU,1987,Legal
Germany,DEU,1988,Legal
Germany,DEU,1989,Legal
Germany,DEU,1990,Legal
Germany,DEU,1991,Legal
Germany,DEU,1992,Legal
Germany,DEU,1993,Legal
Germany,DEU,1994,Legal
Germany,DEU,1995,Legal
Germany,DEU,1996,Legal
Germany,DEU,1997,Legal
Germany,DEU,1998,Legal
Germany,DEU,1999,Legal
Germany,DEU,2000,Legal
Germany,DEU,2001,Legal
Germany,DEU,2002,Legal
Germany,DEU,2003,Legal
Germany,DEU,2004,Legal
Germany,DEU,2005,Legal
Germany,DEU,2006,Legal
Germany,DEU,2007,Legal
Germany,DEU,2008,Legal
Germany,DEU,2009,Legal
Germany,DEU,2010,Legal
Germany,DEU,2011,Legal
Germany,DEU,2012,Legal
Germany,DEU,2013,Legal
Germany,DEU,2014,Legal
Germany,DEU,2015,Legal
Germany,DEU,2016,Legal
Germany,DEU,2017,Legal
Germany,DEU,2018,Legal
Germany,DEU,2019,Legal
Germany,DEU,2020,Legal
Germany,DEU,2021,Legal
Germany,DEU,2022,Legal
Germany,DEU,2023,Legal
Germany,DEU,2024,Legal
Germany,DEU,2025,Legal
Ghana,GHA,1892,Illegal
Ghana,GHA,1893,Illegal
Ghana,GHA,1894,Illegal
Ghana,GHA,1895,Illegal
Ghana,GHA,1896,Illegal
Ghana,GHA,1897,Illegal
Ghana,GHA,1898,Illegal
Ghana,GHA,1899,Illegal
Ghana,GHA,1900,Illegal
Ghana,GHA,1901,Illegal
Ghana,GHA,1902,Illegal
Ghana,GHA,1903,Illegal
Ghana,GHA,1904,Illegal
Ghana,GHA,1905,Illegal
Ghana,GHA,1906,Illegal
Ghana,GHA,1907,Illegal
Ghana,GHA,1908,Illegal
Ghana,GHA,1909,Illegal
Ghana,GHA,1910,Illegal
Ghana,GHA,1911,Illegal
Ghana,GHA,1912,Illegal
Ghana,GHA,1913,Illegal
Ghana,GHA,1914,Illegal
Ghana,GHA,1915,Illegal
Ghana,GHA,1916,Illegal
Ghana,GHA,1917,Illegal
Ghana,GHA,1918,Illegal
Ghana,GHA,1919,Illegal
Ghana,GHA,1920,Illegal
Ghana,GHA,1921,Illegal
Ghana,GHA,1922,Illegal
Ghana,GHA,1923,Illegal
Ghana,GHA,1924,Illegal
Ghana,GHA,1925,Illegal
Ghana,GHA,1926,Illegal
Ghana,GHA,1927,Illegal
Ghana,GHA,1928,Illegal
Ghana,GHA,1929,Illegal
Ghana,GHA,1930,Illegal
Ghana,GHA,1931,Illegal
Ghana,GHA,1932,Illegal
Ghana,GHA,1933,Illegal
Ghana,GHA,1934,Illegal
Ghana,GHA,1935,Illegal
Ghana,GHA,1936,Illegal
Ghana,GHA,1937,Illegal
Ghana,GHA,1938,Illegal
Ghana,GHA,1939,Illegal
Ghana,GHA,1940,Illegal
Ghana,GHA,1941,Illegal
Ghana,GHA,1942,Illegal
Ghana,GHA,1943,Illegal
Ghana,GHA,1944,Illegal
Ghana,GHA,1945,Illegal
Ghana,GHA,1946,Illegal
Ghana,GHA,1947,Illegal
Ghana,GHA,1948,Illegal
Ghana,GHA,1949,Illegal
Ghana,GHA,1950,Illegal
Ghana,GHA,1951,Illegal
Ghana,GHA,1952,Illegal
Ghana,GHA,1953,Illegal
Ghana,GHA,1954,Illegal
Ghana,GHA,1955,Illegal
Ghana,GHA,1956,Illegal
Ghana,GHA,1957,Illegal
Ghana,GHA,1958,Illegal
Ghana,GHA,1959,Illegal
Ghana,GHA,1960,Illegal
Ghana,GHA,1961,Illegal
Ghana,GHA,1962,Illegal
Ghana,GHA,1963,Illegal
Ghana,GHA,1964,Illegal
Ghana,GHA,1965,Illegal
Ghana,GHA,1966,Illegal
Ghana,GHA,1967,Illegal
Ghana,GHA,1968,Illegal
Ghana,GHA,1969,Illegal
Ghana,GHA,1970,Illegal
Ghana,GHA,1971,Illegal
Ghana,GHA,1972,Illegal
Ghana,GHA,1973,Illegal
Ghana,GHA,1974,Illegal
Ghana,GHA,1975,Illegal
Ghana,GHA,1976,Illegal
Ghana,GHA,1977,Illegal
Ghana,GHA,1978,Illegal
Ghana,GHA,1979,Illegal
Ghana,GHA,1980,Illegal
Ghana,GHA,1981,Illegal
Ghana,GHA,1982,Illegal
Ghana,GHA,1983,Illegal
Ghana,GHA,1984,Illegal
Ghana,GHA,1985,Illegal
Ghana,GHA,1986,Illegal
Ghana,GHA,1987,Illegal
Ghana,GHA,1988,Illegal
Ghana,GHA,1989,Illegal
Ghana,GHA,1990,Illegal
Ghana,GHA,1991,Illegal
Ghana,GHA,1992,Illegal
Ghana,GHA,1993,Illegal
Ghana,GHA,1994,Illegal
Ghana,GHA,1995,Illegal
Ghana,GHA,1996,Illegal
Ghana,GHA,1997,Illegal
Ghana,GHA,1998,Illegal
Ghana,GHA,1999,Illegal
Ghana,GHA,2000,Illegal
Ghana,GHA,2001,Illegal
Ghana,GHA,2002,Illegal
Ghana,GHA,2003,Illegal
Ghana,GHA,2004,Illegal
Ghana,GHA,2005,Illegal
Ghana,GHA,2006,Illegal
Ghana,GHA,2007,Illegal
Ghana,GHA,2008,Illegal
Ghana,GHA,2009,Illegal
Ghana,GHA,2010,Illegal
Ghana,GHA,2011,Illegal
Ghana,GHA,2012,Illegal
Ghana,GHA,2013,Illegal
Ghana,GHA,2014,Illegal
Ghana,GHA,2015,Illegal
Ghana,GHA,2016,Illegal
Ghana,GHA,2017,Illegal
Ghana,GHA,2018,Illegal
Ghana,GHA,2019,Illegal
Ghana,GHA,2020,Illegal
Ghana,GHA,2021,Illegal
Ghana,GHA,2022,Illegal
Ghana,GHA,2023,Illegal
Ghana,GHA,2024,Illegal
Ghana,GHA,2025,Illegal
Greece,GRC,1951,Legal
Greece,GRC,1952,Legal
Greece,GRC,1953,Legal
Greece,GRC,1954,Legal
Greece,GRC,1955,Legal
Greece,GRC,1956,Legal
Greece,GRC,1957,Legal
Greece,GRC,1958,Legal
Greece,GRC,1959,Legal
Greece,GRC,1960,Legal
Greece,GRC,1961,Legal
Greece,GRC,1962,Legal
Greece,GRC,1963,Legal
Greece,GRC,1964,Legal
Greece,GRC,1965,Legal
Greece,GRC,1966,Legal
Greece,GRC,1967,Legal
Greece,GRC,1968,Legal
Greece,GRC,1969,Legal
Greece,GRC,1970,Legal
Greece,GRC,1971,Legal
Greece,GRC,1972,Legal
Greece,GRC,1973,Legal
Greece,GRC,1974,Legal
Greece,GRC,1975,Legal
Greece,GRC,1976,Legal
Greece,GRC,1977,Legal
Greece,GRC,1978,Legal
Greece,GRC,1979,Legal
Greece,GRC,1980,Legal
Greece,GRC,1981,Legal
Greece,GRC,1982,Legal
Greece,GRC,1983,Legal
Greece,GRC,1984,Legal
Greece,GRC,1985,Legal
Greece,GRC,1986,Legal
Greece,GRC,1987,Legal
Greece,GRC,1988,Legal
Greece,GRC,1989,Legal
Greece,GRC,1990,Legal
Greece,GRC,1991,Legal
Greece,GRC,1992,Legal
Greece,GRC,1993,Legal
Greece,GRC,1994,Legal
Greece,GRC,1995,Legal
Greece,GRC,1996,Legal
Greece,GRC,1997,Legal
Greece,GRC,1998,Legal
Greece,GRC,1999,Legal
Greece,GRC,2000,Legal
Greece,GRC,2001,Legal
Greece,GRC,2002,Legal
Greece,GRC,2003,Legal
Greece,GRC,2004,Legal
Greece,GRC,2005,Legal
Greece,GRC,2006,Legal
Greece,GRC,2007,Legal
Greece,GRC,2008,Legal
Greece,GRC,2009,Legal
Greece,GRC,2010,Legal
Greece,GRC,2011,Legal
Greece,GRC,2012,Legal
Greece,GRC,2013,Legal
Greece,GRC,2014,Legal
Greece,GRC,2015,Legal
Greece,GRC,2016,Legal
Greece,GRC,2017,Legal
Greece,GRC,2018,Legal
Greece,GRC,2019,Legal
Greece,GRC,2020,Legal
Greece,GRC,2021,Legal
Greece,GRC,2022,Legal
Greece,GRC,2023,Legal
Greece,GRC,2024,Legal
Greece,GRC,2025,Legal
Grenada,GRD,1897,Illegal
Grenada,GRD,1898,Illegal
Grenada,GRD,1899,Illegal
Grenada,GRD,1900,Illegal
Grenada,GRD,1901,Illegal
Grenada,GRD,1902,Illegal
Grenada,GRD,1903,Illegal
Grenada,GRD,1904,Illegal
Grenada,GRD,1905,Illegal
Grenada,GRD,1906,Illegal
Grenada,GRD,1907,Illegal
Grenada,GRD,1908,Illegal
Grenada,GRD,1909,Illegal
Grenada,GRD,1910,Illegal
Grenada,GRD,1911,Illegal
Grenada,GRD,1912,Illegal
Grenada,GRD,1913,Illegal
Grenada,GRD,1914,Illegal
Grenada,GRD,1915,Illegal
Grenada,GRD,1916,Illegal
Grenada,GRD,1917,Illegal
Grenada,GRD,1918,Illegal
Grenada,GRD,1919,Illegal
Grenada,GRD,1920,Illegal
Grenada,GRD,1921,Illegal
Grenada,GRD,1922,Illegal
Grenada,GRD,1923,Illegal
Grenada,GRD,1924,Illegal
Grenada,GRD,1925,Illegal
Grenada,GRD,1926,Illegal
Grenada,GRD,1927,Illegal
Grenada,GRD,1928,Illegal
Grenada,GRD,1929,Illegal
Grenada,GRD,1930,Illegal
Grenada,GRD,1931,Illegal
Grenada,GRD,1932,Illegal
Grenada,GRD,1933,Illegal
Grenada,GRD,1934,Illegal
Grenada,GRD,1935,Illegal
Grenada,GRD,1936,Illegal
Grenada,GRD,1937,Illegal
Grenada,GRD,1938,Illegal
Grenada,GRD,1939,Illegal
Grenada,GRD,1940,Illegal
Grenada,GRD,1941,Illegal
Grenada,GRD,1942,Illegal
Grenada,GRD,1943,Illegal
Grenada,GRD,1944,Illegal
Grenada,GRD,1945,Illegal
Grenada,GRD,1946,Illegal
Grenada,GRD,1947,Illegal
Grenada,GRD,1948,Illegal
Grenada,GRD,1949,Illegal
Grenada,GRD,1950,Illegal
Grenada,GRD,1951,Illegal
Grenada,GRD,1952,Illegal
Grenada,GRD,1953,Illegal
Grenada,GRD,1954,Illegal
Grenada,GRD,1955,Illegal
Grenada,GRD,1956,Illegal
Grenada,GRD,1957,Illegal
Grenada,GRD,1958,Illegal
Grenada,GRD,1959,Illegal
Grenada,GRD,1960,Illegal
Grenada,GRD,1961,Illegal
Grenada,GRD,1962,Illegal
Grenada,GRD,1963,Illegal
Grenada,GRD,1964,Illegal
Grenada,GRD,1965,Illegal
Grenada,GRD,1966,Illegal
Grenada,GRD,1967,Illegal
Grenada,GRD,1968,Illegal
Grenada,GRD,1969,Illegal
Grenada,GRD,1970,Illegal
Grenada,GRD,1971,Illegal
Grenada,GRD,1972,Illegal
Grenada,GRD,1973,Illegal
Grenada,GRD,1974,Illegal
Grenada,GRD,1975,Illegal
Grenada,GRD,1976,Illegal
Grenada,GRD,1977,Illegal
Grenada,GRD,1978,Illegal
Grenada,GRD,1979,Illegal
Grenada,GRD,1980,Illegal
Grenada,GRD,1981,Illegal
Grenada,GRD,1982,Illegal
Grenada,GRD,1983,Illegal
Grenada,GRD,1984,Illegal
Grenada,GRD,1985,Illegal
Grenada,GRD,1986,Illegal
Grenada,GRD,1987,Illegal
Grenada,GRD,1988,Illegal
Grenada,GRD,1989,Illegal
Grenada,GRD,1990,Illegal
Grenada,GRD,1991,Illegal
Grenada,GRD,1992,Illegal
Grenada,GRD,1993,Illegal
Grenada,GRD,1994,Illegal
Grenada,GRD,1995,Illegal
Grenada,GRD,1996,Illegal
Grenada,GRD,1997,Illegal
Grenada,GRD,1998,Illegal
Grenada,GRD,1999,Illegal
Grenada,GRD,2000,Illegal
Grenada,GRD,2001,Illegal
Grenada,GRD,2002,Illegal
Grenada,GRD,2003,Illegal
Grenada,GRD,2004,Illegal
Grenada,GRD,2005,Illegal
Grenada,GRD,2006,Illegal
Grenada,GRD,2007,Illegal
Grenada,GRD,2008,Illegal
Grenada,GRD,2009,Illegal
Grenada,GRD,2010,Illegal
Grenada,GRD,2011,Illegal
Grenada,GRD,2012,Illegal
Grenada,GRD,2013,Illegal
Grenada,GRD,2014,Illegal
Grenada,GRD,2015,Illegal
Grenada,GRD,2016,Illegal
Grenada,GRD,2017,Illegal
Grenada,GRD,2018,Illegal
Grenada,GRD,2019,Illegal
Grenada,GRD,2020,Illegal
Grenada,GRD,2021,Illegal
Grenada,GRD,2022,Illegal
Grenada,GRD,2023,Illegal
Grenada,GRD,2024,Illegal
Grenada,GRD,2025,Illegal
Guatemala,GTM,1760,Illegal
Guatemala,GTM,1761,Illegal
Guatemala,GTM,1762,Illegal
Guatemala,GTM,1763,Illegal
Guatemala,GTM,1764,Illegal
Guatemala,GTM,1765,Illegal
Guatemala,GTM,1766,Illegal
Guatemala,GTM,1767,Illegal
Guatemala,GTM,1768,Illegal
Guatemala,GTM,1769,Illegal
Guatemala,GTM,1770,Illegal
Guatemala,GTM,1771,Illegal
Guatemala,GTM,1772,Illegal
Guatemala,GTM,1773,Illegal
Guatemala,GTM,1774,Illegal
Guatemala,GTM,1775,Illegal
Guatemala,GTM,1776,Illegal
Guatemala,GTM,1777,Illegal
Guatemala,GTM,1778,Illegal
Guatemala,GTM,1779,Illegal
Guatemala,GTM,1780,Illegal
Guatemala,GTM,1781,Illegal
Guatemala,GTM,1782,Illegal
Guatemala,GTM,1783,Illegal
Guatemala,GTM,1784,Illegal
Guatemala,GTM,1785,Illegal
Guatemala,GTM,1786,Illegal
Guatemala,GTM,1787,Illegal
Guatemala,GTM,1788,Illegal
Guatemala,GTM,1789,Illegal
Guatemala,GTM,1790,Illegal
Guatemala,GTM,1791,Illegal
Guatemala,GTM,1792,Illegal
Guatemala,GTM,1793,Illegal
Guatemala,GTM,1794,Illegal
Guatemala,GTM,1795,Illegal
Guatemala,GTM,1796,Illegal
Guatemala,GTM,1797,Illegal
Guatemala,GTM,1798,Illegal
Guatemala,GTM,1799,Illegal
Guatemala,GTM,1800,Illegal
Guatemala,GTM,1801,Illegal
Guatemala,GTM,1802,Illegal
Guatemala,GTM,1803,Illegal
Guatemala,GTM,1804,Illegal
Guatemala,GTM,1805,Illegal
Guatemala,GTM,1806,Illegal
Guatemala,GTM,1807,Illegal
Guatemala,GTM,1808,Illegal
Guatemala,GTM,1809,Illegal
Guatemala,GTM,1810,Illegal
Guatemala,GTM,1811,Illegal
Guatemala,GTM,1812,Illegal
Guatemala,GTM,1813,Illegal
Guatemala,GTM,1814,Illegal
Guatemala,GTM,1815,Illegal
Guatemala,GTM,1816,Illegal
Guatemala,GTM,1817,Illegal
Guatemala,GTM,1818,Illegal
Guatemala,GTM,1819,Illegal
Guatemala,GTM,1820,Illegal
Guatemala,GTM,1821,Illegal
Guatemala,GTM,1822,Illegal
Guatemala,GTM,1823,Illegal
Guatemala,GTM,1824,Illegal
Guatemala,GTM,1825,Illegal
Guatemala,GTM,1826,Illegal
Guatemala,GTM,1827,Illegal
Guatemala,GTM,1828,Illegal
Guatemala,GTM,1829,Illegal
Guatemala,GTM,1830,Illegal
Guatemala,GTM,1831,Illegal
Guatemala,GTM,1832,Illegal
Guatemala,GTM,1833,Illegal
Guatemala,GTM,1834,Illegal
Guatemala,GTM,1835,Illegal
Guatemala,GTM,1836,Illegal
Guatemala,GTM,1837,Illegal
Guatemala,GTM,1838,Illegal
Guatemala,GTM,1839,Illegal
Guatemala,GTM,1840,Illegal
Guatemala,GTM,1841,Illegal
Guatemala,GTM,1842,Illegal
Guatemala,GTM,1843,Illegal
Guatemala,GTM,1844,Illegal
Guatemala,GTM,1845,Illegal
Guatemala,GTM,1846,Illegal
Guatemala,GTM,1847,Illegal
Guatemala,GTM,1848,Illegal
Guatemala,GTM,1849,Illegal
Guatemala,GTM,1850,Illegal
Guatemala,GTM,1851,Illegal
Guatemala,GTM,1852,Illegal
Guatemala,GTM,1853,Illegal
Guatemala,GTM,1854,Illegal
Guatemala,GTM,1855,Illegal
Guatemala,GTM,1856,Illegal
Guatemala,GTM,1857,Illegal
Guatemala,GTM,1858,Illegal
Guatemala,GTM,1859,Illegal
Guatemala,GTM,1860,Illegal
Guatemala,GTM,1861,Illegal
Guatemala,GTM,1862,Illegal
Guatemala,GTM,1863,Illegal
Guatemala,GTM,1864,Illegal
Guatemala,GTM,1865,Illegal
Guatemala,GTM,1866,Illegal
Guatemala,GTM,1867,Illegal
Guatemala,GTM,1868,Illegal
Guatemala,GTM,1869,Illegal
Guatemala,GTM,1870,Illegal
Guatemala,GTM,1871,Legal
Guatemala,GTM,1872,Legal
Guatemala,GTM,1873,Legal
Guatemala,GTM,1874,Legal
Guatemala,GTM,1875,Legal
Guatemala,GTM,1876,Legal
Guatemala,GTM,1877,Legal
Guatemala,GTM,1878,Legal
Guatemala,GTM,1879,Legal
Guatemala,GTM,1880,Legal
Guatemala,GTM,1881,Legal
Guatemala,GTM,1882,Legal
Guatemala,GTM,1883,Legal
Guatemala,GTM,1884,Legal
Guatemala,GTM,1885,Legal
Guatemala,GTM,1886,Legal
Guatemala,GTM,1887,Legal
Guatemala,GTM,1888,Legal
Guatemala,GTM,1889,Legal
Guatemala,GTM,1890,Legal
Guatemala,GTM,1891,Legal
Guatemala,GTM,1892,Legal
Guatemala,GTM,1893,Legal
Guatemala,GTM,1894,Legal
Guatemala,GTM,1895,Legal
Guatemala,GTM,1896,Legal
Guatemala,GTM,1897,Legal
Guatemala,GTM,1898,Legal
Guatemala,GTM,1899,Legal
Guatemala,GTM,1900,Legal
Guatemala,GTM,1901,Legal
Guatemala,GTM,1902,Legal
Guatemala,GTM,1903,Legal
Guatemala,GTM,1904,Legal
Guatemala,GTM,1905,Legal
Guatemala,GTM,1906,Legal
Guatemala,GTM,1907,Legal
Guatemala,GTM,1908,Legal
Guatemala,GTM,1909,Legal
Guatemala,GTM,1910,Legal
Guatemala,GTM,1911,Legal
Guatemala,GTM,1912,Legal
Guatemala,GTM,1913,Legal
Guatemala,GTM,1914,Legal
Guatemala,GTM,1915,Legal
Guatemala,GTM,1916,Legal
Guatemala,GTM,1917,Legal
Guatemala,GTM,1918,Legal
Guatemala,GTM,1919,Legal
Guatemala,GTM,1920,Legal
Guatemala,GTM,1921,Legal
Guatemala,GTM,1922,Legal
Guatemala,GTM,1923,Legal
Guatemala,GTM,1924,Legal
Guatemala,GTM,1925,Legal
Guatemala,GTM,1926,Legal
Guatemala,GTM,1927,Legal
Guatemala,GTM,1928,Legal
Guatemala,GTM,1929,Legal
Guatemala,GTM,1930,Legal
Guatemala,GTM,1931,Legal
Guatemala,GTM,1932,Legal
Guatemala,GTM,1933,Legal
Guatemala,GTM,1934,Legal
Guatemala,GTM,1935,Legal
Guatemala,GTM,1936,Legal
Guatemala,GTM,1937,Legal
Guatemala,GTM,1938,Legal
Guatemala,GTM,1939,Legal
Guatemala,GTM,1940,Legal
Guatemala,GTM,1941,Legal
Guatemala,GTM,1942,Legal
Guatemala,GTM,1943,Legal
Guatemala,GTM,1944,Legal
Guatemala,GTM,1945,Legal
Guatemala,GTM,1946,Legal
Guatemala,GTM,1947,Legal
Guatemala,GTM,1948,Legal
Guatemala,GTM,1949,Legal
Guatemala,GTM,1950,Legal
Guatemala,GTM,1951,Legal
Guatemala,GTM,1952,Legal
Guatemala,GTM,1953,Legal
Guatemala,GTM,1954,Legal
Guatemala,GTM,1955,Legal
Guatemala,GTM,1956,Legal
Guatemala,GTM,1957,Legal
Guatemala,GTM,1958,Legal
Guatemala,GTM,1959,Legal
Guatemala,GTM,1960,Legal
Guatemala,GTM,1961,Legal
Guatemala,GTM,1962,Legal
Guatemala,GTM,1963,Legal
Guatemala,GTM,1964,Legal
Guatemala,GTM,1965,Legal
Guatemala,GTM,1966,Legal
Guatemala,GTM,1967,Legal
Guatemala,GTM,1968,Legal
Guatemala,GTM,1969,Legal
Guatemala,GTM,1970,Legal
Guatemala,GTM,1971,Legal
Guatemala,GTM,1972,Legal
Guatemala,GTM,1973,Legal
Guatemala,GTM,1974,Legal
Guatemala,GTM,1975,Legal
Guatemala,GTM,1976,Legal
Guatemala,GTM,1977,Legal
Guatemala,GTM,1978,Legal
Guatemala,GTM,1979,Legal
Guatemala,GTM,1980,Legal
Guatemala,GTM,1981,Legal
Guatemala,GTM,1982,Legal
Guatemala,GTM,1983,Legal
Guatemala,GTM,1984,Legal
Guatemala,GTM,1985,Legal
Guatemala,GTM,1986,Legal
Guatemala,GTM,1987,Legal
Guatemala,GTM,1988,Legal
Guatemala,GTM,1989,Legal
Guatemala,GTM,1990,Legal
Guatemala,GTM,1991,Legal
Guatemala,GTM,1992,Legal
Guatemala,GTM,1993,Legal
Guatemala,GTM,1994,Legal
Guatemala,GTM,1995,Legal
Guatemala,GTM,1996,Legal
Guatemala,GTM,1997,Legal
Guatemala,GTM,1998,Legal
Guatemala,GTM,1999,Legal
Guatemala,GTM,2000,Legal
Guatemala,GTM,2001,Legal
Guatemala,GTM,2002,Legal
Guatemala,GTM,2003,Legal
Guatemala,GTM,2004,Legal
Guatemala,GTM,2005,Legal
Guatemala,GTM,2006,Legal
Guatemala,GTM,2007,Legal
Guatemala,GTM,2008,Legal
Guatemala,GTM,2009,Legal
Guatemala,GTM,2010,Legal
Guatemala,GTM,2011,Legal
Guatemala,GTM,2012,Legal
Guatemala,GTM,2013,Legal
Guatemala,GTM,2014,Legal
Guatemala,GTM,2015,Legal
Guatemala,GTM,2016,Legal
Guatemala,GTM,2017,Legal
Guatemala,GTM,2018,Legal
Guatemala,GTM,2019,Legal
Guatemala,GTM,2020,Legal
Guatemala,GTM,2021,Legal
Guatemala,GTM,2022,Legal
Guatemala,GTM,2023,Legal
Guatemala,GTM,2024,Legal
Guatemala,GTM,2025,Legal
Guinea,GIN,1891,Legal
Guinea,GIN,1892,Legal
Guinea,GIN,1893,Legal
Guinea,GIN,1894,Legal
Guinea,GIN,1895,Legal
Guinea,GIN,1896,Legal
Guinea,GIN,1897,Legal
Guinea,GIN,1898,Legal
Guinea,GIN,1899,Legal
Guinea,GIN,1900,Legal
Guinea,GIN,1901,Legal
Guinea,GIN,1902,Legal
Guinea,GIN,1903,Legal
Guinea,GIN,1904,Legal
Guinea,GIN,1905,Legal
Guinea,GIN,1906,Legal
Guinea,GIN,1907,Legal
Guinea,GIN,1908,Legal
Guinea,GIN,1909,Legal
Guinea,GIN,1910,Legal
Guinea,GIN,1911,Legal
Guinea,GIN,1912,Legal
Guinea,GIN,1913,Legal
Guinea,GIN,1914,Legal
Guinea,GIN,1915,Legal
Guinea,GIN,1916,Legal
Guinea,GIN,1917,Legal
Guinea,GIN,1918,Legal
Guinea,GIN,1919,Legal
Guinea,GIN,1920,Legal
Guinea,GIN,1921,Legal
Guinea,GIN,1922,Legal
Guinea,GIN,1923,Legal
Guinea,GIN,1924,Legal
Guinea,GIN,1925,Legal
Guinea,GIN,1926,Legal
Guinea,GIN,1927,Legal
Guinea,GIN,1928,Legal
Guinea,GIN,1929,Legal
Guinea,GIN,1930,Legal
Guinea,GIN,1931,Legal
Guinea,GIN,1932,Legal
Guinea,GIN,1933,Legal
Guinea,GIN,1934,Legal
Guinea,GIN,1935,Legal
Guinea,GIN,1936,Legal
Guinea,GIN,1937,Legal
Guinea,GIN,1938,Legal
Guinea,GIN,1939,Legal
Guinea,GIN,1940,Legal
Guinea,GIN,1941,Legal
Guinea,GIN,1942,Legal
Guinea,GIN,1943,Legal
Guinea,GIN,1944,Legal
Guinea,GIN,1945,Legal
Guinea,GIN,1946,Legal
Guinea,GIN,1947,Legal
Guinea,GIN,1948,Legal
Guinea,GIN,1949,Legal
Guinea,GIN,1950,Legal
Guinea,GIN,1951,Legal
Guinea,GIN,1952,Legal
Guinea,GIN,1953,Legal
Guinea,GIN,1954,Legal
Guinea,GIN,1955,Legal
Guinea,GIN,1956,Legal
Guinea,GIN,1957,Legal
Guinea,GIN,1958,Legal
Guinea,GIN,1959,Legal
Guinea,GIN,1960,Legal
Guinea,GIN,1961,Legal
Guinea,GIN,1962,Legal
Guinea,GIN,1963,Legal
Guinea,GIN,1964,Legal
Guinea,GIN,1965,Legal
Guinea,GIN,1966,Legal
Guinea,GIN,1967,Legal
Guinea,GIN,1968,Legal
Guinea,GIN,1969,Legal
Guinea,GIN,1970,Legal
Guinea,GIN,1971,Legal
Guinea,GIN,1972,Legal
Guinea,GIN,1973,Legal
Guinea,GIN,1974,Legal
Guinea,GIN,1975,Legal
Guinea,GIN,1976,Legal
Guinea,GIN,1977,Legal
Guinea,GIN,1978,Legal
Guinea,GIN,1979,Legal
Guinea,GIN,1980,Legal
Guinea,GIN,1981,Legal
Guinea,GIN,1982,Legal
Guinea,GIN,1983,Legal
Guinea,GIN,1984,Legal
Guinea,GIN,1985,Legal
Guinea,GIN,1986,Legal
Guinea,GIN,1987,Legal
Guinea,GIN,1988,Illegal
Guinea,GIN,1989,Illegal
Guinea,GIN,1990,Illegal
Guinea,GIN,1991,Illegal
Guinea,GIN,1992,Illegal
Guinea,GIN,1993,Illegal
Guinea,GIN,1994,Illegal
Guinea,GIN,1995,Illegal
Guinea,GIN,1996,Illegal
Guinea,GIN,1997,Illegal
Guinea,GIN,1998,Illegal
Guinea,GIN,1999,Illegal
Guinea,GIN,2000,Illegal
Guinea,GIN,2001,Illegal
Guinea,GIN,2002,Illegal
Guinea,GIN,2003,Illegal
Guinea,GIN,2004,Illegal
Guinea,GIN,2005,Illegal
Guinea,GIN,2006,Illegal
Guinea,GIN,2007,Illegal
Guinea,GIN,2008,Illegal
Guinea,GIN,2009,Illegal
Guinea,GIN,2010,Illegal
Guinea,GIN,2011,Illegal
Guinea,GIN,2012,Illegal
Guinea,GIN,2013,Illegal
Guinea,GIN,2014,Illegal
Guinea,GIN,2015,Illegal
Guinea,GIN,2016,Illegal
Guinea,GIN,2017,Illegal
Guinea,GIN,2018,Illegal
Guinea,GIN,2019,Illegal
Guinea,GIN,2020,Illegal
Guinea,GIN,2021,Illegal
Guinea,GIN,2022,Illegal
Guinea,GIN,2023,Illegal
Guinea,GIN,2024,Illegal
Guinea,GIN,2025,Illegal
Guinea-Bissau,GNB,1760,Illegal
Guinea-Bissau,GNB,1761,Illegal
Guinea-Bissau,GNB,1762,Illegal
Guinea-Bissau,GNB,1763,Illegal
Guinea-Bissau,GNB,1764,Illegal
Guinea-Bissau,GNB,1765,Illegal
Guinea-Bissau,GNB,1766,Illegal
Guinea-Bissau,GNB,1767,Illegal
Guinea-Bissau,GNB,1768,Illegal
Guinea-Bissau,GNB,1769,Illegal
Guinea-Bissau,GNB,1770,Illegal
Guinea-Bissau,GNB,1771,Illegal
Guinea-Bissau,GNB,1772,Illegal
Guinea-Bissau,GNB,1773,Illegal
Guinea-Bissau,GNB,1774,Illegal
Guinea-Bissau,GNB,1775,Illegal
Guinea-Bissau,GNB,1776,Illegal
Guinea-Bissau,GNB,1777,Illegal
Guinea-Bissau,GNB,1778,Illegal
Guinea-Bissau,GNB,1779,Illegal
Guinea-Bissau,GNB,1780,Illegal
Guinea-Bissau,GNB,1781,Illegal
Guinea-Bissau,GNB,1782,Illegal
Guinea-Bissau,GNB,1783,Illegal
Guinea-Bissau,GNB,1784,Illegal
Guinea-Bissau,GNB,1785,Illegal
Guinea-Bissau,GNB,1786,Illegal
Guinea-Bissau,GNB,1787,Illegal
Guinea-Bissau,GNB,1788,Illegal
Guinea-Bissau,GNB,1789,Illegal
Guinea-Bissau,GNB,1790,Illegal
Guinea-Bissau,GNB,1791,Illegal
Guinea-Bissau,GNB,1792,Illegal
Guinea-Bissau,GNB,1793,Illegal
Guinea-Bissau,GNB,1794,Illegal
Guinea-Bissau,GNB,1795,Illegal
Guinea-Bissau,GNB,1796,Illegal
Guinea-Bissau,GNB,1797,Illegal
Guinea-Bissau,GNB,1798,Illegal
Guinea-Bissau,GNB,1799,Illegal
Guinea-Bissau,GNB,1800,Illegal
Guinea-Bissau,GNB,1801,Illegal
Guinea-Bissau,GNB,1802,Illegal
Guinea-Bissau,GNB,1803,Illegal
Guinea-Bissau,GNB,1804,Illegal
Guinea-Bissau,GNB,1805,Illegal
Guinea-Bissau,GNB,1806,Illegal
Guinea-Bissau,GNB,1807,Illegal
Guinea-Bissau,GNB,1808,Illegal
Guinea-Bissau,GNB,1809,Illegal
Guinea-Bissau,GNB,1810,Illegal
Guinea-Bissau,GNB,1811,Illegal
Guinea-Bissau,GNB,1812,Illegal
Guinea-Bissau,GNB,1813,Illegal
Guinea-Bissau,GNB,1814,Illegal
Guinea-Bissau,GNB,1815,Illegal
Guinea-Bissau,GNB,1816,Illegal
Guinea-Bissau,GNB,1817,Illegal
Guinea-Bissau,GNB,1818,Illegal
Guinea-Bissau,GNB,1819,Illegal
Guinea-Bissau,GNB,1820,Illegal
Guinea-Bissau,GNB,1821,Illegal
Guinea-Bissau,GNB,1822,Illegal
Guinea-Bissau,GNB,1823,Illegal
Guinea-Bissau,GNB,1824,Illegal
Guinea-Bissau,GNB,1825,Illegal
Guinea-Bissau,GNB,1826,Illegal
Guinea-Bissau,GNB,1827,Illegal
Guinea-Bissau,GNB,1828,Illegal
Guinea-Bissau,GNB,1829,Illegal
Guinea-Bissau,GNB,1830,Illegal
Guinea-Bissau,GNB,1831,Illegal
Guinea-Bissau,GNB,1832,Illegal
Guinea-Bissau,GNB,1833,Illegal
Guinea-Bissau,GNB,1834,Illegal
Guinea-Bissau,GNB,1835,Illegal
Guinea-Bissau,GNB,1836,Illegal
Guinea-Bissau,GNB,1837,Illegal
Guinea-Bissau,GNB,1838,Illegal
Guinea-Bissau,GNB,1839,Illegal
Guinea-Bissau,GNB,1840,Illegal
Guinea-Bissau,GNB,1841,Illegal
Guinea-Bissau,GNB,1842,Illegal
Guinea-Bissau,GNB,1843,Illegal
Guinea-Bissau,GNB,1844,Illegal
Guinea-Bissau,GNB,1845,Illegal
Guinea-Bissau,GNB,1846,Illegal
Guinea-Bissau,GNB,1847,Illegal
Guinea-Bissau,GNB,1848,Illegal
Guinea-Bissau,GNB,1849,Illegal
Guinea-Bissau,GNB,1850,Illegal
Guinea-Bissau,GNB,1851,Illegal
Guinea-Bissau,GNB,1852,Illegal
Guinea-Bissau,GNB,1853,Illegal
Guinea-Bissau,GNB,1854,Illegal
Guinea-Bissau,GNB,1855,Illegal
Guinea-Bissau,GNB,1856,Illegal
Guinea-Bissau,GNB,1857,Illegal
Guinea-Bissau,GNB,1858,Illegal
Guinea-Bissau,GNB,1859,Illegal
Guinea-Bissau,GNB,1860,Illegal
Guinea-Bissau,GNB,1861,Illegal
Guinea-Bissau,GNB,1862,Illegal
Guinea-Bissau,GNB,1863,Illegal
Guinea-Bissau,GNB,1864,Illegal
Guinea-Bissau,GNB,1865,Illegal
Guinea-Bissau,GNB,1866,Illegal
Guinea-Bissau,GNB,1867,Illegal
Guinea-Bissau,GNB,1868,Illegal
Guinea-Bissau,GNB,1869,Illegal
Guinea-Bissau,GNB,1870,Illegal
Guinea-Bissau,GNB,1871,Illegal
Guinea-Bissau,GNB,1872,Illegal
Guinea-Bissau,GNB,1873,Illegal
Guinea-Bissau,GNB,1874,Illegal
Guinea-Bissau,GNB,1875,Illegal
Guinea-Bissau,GNB,1876,Illegal
Guinea-Bissau,GNB,1877,Illegal
Guinea-Bissau,GNB,1878,Illegal
Guinea-Bissau,GNB,1879,Illegal
Guinea-Bissau,GNB,1880,Illegal
Guinea-Bissau,GNB,1881,Illegal
Guinea-Bissau,GNB,1882,Illegal
Guinea-Bissau,GNB,1883,Illegal
Guinea-Bissau,GNB,1884,Illegal
Guinea-Bissau,GNB,1885,Illegal
Guinea-Bissau,GNB,1886,Illegal
Guinea-Bissau,GNB,1887,Illegal
Guinea-Bissau,GNB,1888,Illegal
Guinea-Bissau,GNB,1889,Illegal
Guinea-Bissau,GNB,1890,Illegal
Guinea-Bissau,GNB,1891,Illegal
Guinea-Bissau,GNB,1892,Illegal
Guinea-Bissau,GNB,1893,Illegal
Guinea-Bissau,GNB,1894,Illegal
Guinea-Bissau,GNB,1895,Illegal
Guinea-Bissau,GNB,1896,Illegal
Guinea-Bissau,GNB,1897,Illegal
Guinea-Bissau,GNB,1898,Illegal
Guinea-Bissau,GNB,1899,Illegal
Guinea-Bissau,GNB,1900,Illegal
Guinea-Bissau,GNB,1901,Illegal
Guinea-Bissau,GNB,1902,Illegal
Guinea-Bissau,GNB,1903,Illegal
Guinea-Bissau,GNB,1904,Illegal
Guinea-Bissau,GNB,1905,Illegal
Guinea-Bissau,GNB,1906,Illegal
Guinea-Bissau,GNB,1907,Illegal
Guinea-Bissau,GNB,1908,Illegal
Guinea-Bissau,GNB,1909,Illegal
Guinea-Bissau,GNB,1910,Illegal
Guinea-Bissau,GNB,1911,Illegal
Guinea-Bissau,GNB,1912,Illegal
Guinea-Bissau,GNB,1913,Illegal
Guinea-Bissau,GNB,1914,Illegal
Guinea-Bissau,GNB,1915,Illegal
Guinea-Bissau,GNB,1916,Illegal
Guinea-Bissau,GNB,1917,Illegal
Guinea-Bissau,GNB,1918,Illegal
Guinea-Bissau,GNB,1919,Illegal
Guinea-Bissau,GNB,1920,Illegal
Guinea-Bissau,GNB,1921,Illegal
Guinea-Bissau,GNB,1922,Illegal
Guinea-Bissau,GNB,1923,Illegal
Guinea-Bissau,GNB,1924,Illegal
Guinea-Bissau,GNB,1925,Illegal
Guinea-Bissau,GNB,1926,Illegal
Guinea-Bissau,GNB,1927,Illegal
Guinea-Bissau,GNB,1928,Illegal
Guinea-Bissau,GNB,1929,Illegal
Guinea-Bissau,GNB,1930,Illegal
Guinea-Bissau,GNB,1931,Illegal
Guinea-Bissau,GNB,1932,Illegal
Guinea-Bissau,GNB,1933,Illegal
Guinea-Bissau,GNB,1934,Illegal
Guinea-Bissau,GNB,1935,Illegal
Guinea-Bissau,GNB,1936,Illegal
Guinea-Bissau,GNB,1937,Illegal
Guinea-Bissau,GNB,1938,Illegal
Guinea-Bissau,GNB,1939,Illegal
Guinea-Bissau,GNB,1940,Illegal
Guinea-Bissau,GNB,1941,Illegal
Guinea-Bissau,GNB,1942,Illegal
Guinea-Bissau,GNB,1943,Illegal
Guinea-Bissau,GNB,1944,Illegal
Guinea-Bissau,GNB,1945,Illegal
Guinea-Bissau,GNB,1946,Illegal
Guinea-Bissau,GNB,1947,Illegal
Guinea-Bissau,GNB,1948,Illegal
Guinea-Bissau,GNB,1949,Illegal
Guinea-Bissau,GNB,1950,Illegal
Guinea-Bissau,GNB,1951,Illegal
Guinea-Bissau,GNB,1952,Illegal
Guinea-Bissau,GNB,1953,Illegal
Guinea-Bissau,GNB,1954,Illegal
Guinea-Bissau,GNB,1955,Illegal
Guinea-Bissau,GNB,1956,Illegal
Guinea-Bissau,GNB,1957,Illegal
Guinea-Bissau,GNB,1958,Illegal
Guinea-Bissau,GNB,1959,Illegal
Guinea-Bissau,GNB,1960,Illegal
Guinea-Bissau,GNB,1961,Illegal
Guinea-Bissau,GNB,1962,Illegal
Guinea-Bissau,GNB,1963,Illegal
Guinea-Bissau,GNB,1964,Illegal
Guinea-Bissau,GNB,1965,Illegal
Guinea-Bissau,GNB,1966,Illegal
Guinea-Bissau,GNB,1967,Illegal
Guinea-Bissau,GNB,1968,Illegal
Guinea-Bissau,GNB,1969,Illegal
Guinea-Bissau,GNB,1970,Illegal
Guinea-Bissau,GNB,1971,Illegal
Guinea-Bissau,GNB,1972,Illegal
Guinea-Bissau,GNB,1973,Illegal
Guinea-Bissau,GNB,1974,Illegal
Guinea-Bissau,GNB,1975,Illegal
Guinea-Bissau,GNB,1976,Illegal
Guinea-Bissau,GNB,1977,Illegal
Guinea-Bissau,GNB,1978,Illegal
Guinea-Bissau,GNB,1979,Illegal
Guinea-Bissau,GNB,1980,Illegal
Guinea-Bissau,GNB,1981,Illegal
Guinea-Bissau,GNB,1982,Illegal
Guinea-Bissau,GNB,1983,Illegal
Guinea-Bissau,GNB,1984,Illegal
Guinea-Bissau,GNB,1985,Illegal
Guinea-Bissau,GNB,1986,Illegal
Guinea-Bissau,GNB,1987,Illegal
Guinea-Bissau,GNB,1988,Illegal
Guinea-Bissau,GNB,1989,Illegal
Guinea-Bissau,GNB,1990,Illegal
Guinea-Bissau,GNB,1991,Illegal
Guinea-Bissau,GNB,1992,Illegal
Guinea-Bissau,GNB,1993,Legal
Guinea-Bissau,GNB,1994,Legal
Guinea-Bissau,GNB,1995,Legal
Guinea-Bissau,GNB,1996,Legal
Guinea-Bissau,GNB,1997,Legal
Guinea-Bissau,GNB,1998,Legal
Guinea-Bissau,GNB,1999,Legal
Guinea-Bissau,GNB,2000,Legal
Guinea-Bissau,GNB,2001,Legal
Guinea-Bissau,GNB,2002,Legal
Guinea-Bissau,GNB,2003,Legal
Guinea-Bissau,GNB,2004,Legal
Guinea-Bissau,GNB,2005,Legal
Guinea-Bissau,GNB,2006,Legal
Guinea-Bissau,GNB,2007,Legal
Guinea-Bissau,GNB,2008,Legal
Guinea-Bissau,GNB,2009,Legal
Guinea-Bissau,GNB,2010,Legal
Guinea-Bissau,GNB,2011,Legal
Guinea-Bissau,GNB,2012,Legal
Guinea-Bissau,GNB,2013,Legal
Guinea-Bissau,GNB,2014,Legal
Guinea-Bissau,GNB,2015,Legal
Guinea-Bissau,GNB,2016,Legal
Guinea-Bissau,GNB,2017,Legal
Guinea-Bissau,GNB,2018,Legal
Guinea-Bissau,GNB,2019,Legal
Guinea-Bissau,GNB,2020,Legal
Guinea-Bissau,GNB,2021,Legal
Guinea-Bissau,GNB,2022,Legal
Guinea-Bissau,GNB,2023,Legal
Guinea-Bissau,GNB,2024,Legal
Guinea-Bissau,GNB,2025,Legal
Guyana,GUY,1893,Illegal
Guyana,GUY,1894,Illegal
Guyana,GUY,1895,Illegal
Guyana,GUY,1896,Illegal
Guyana,GUY,1897,Illegal
Guyana,GUY,1898,Illegal
Guyana,GUY,1899,Illegal
Guyana,GUY,1900,Illegal
Guyana,GUY,1901,Illegal
Guyana,GUY,1902,Illegal
Guyana,GUY,1903,Illegal
Guyana,GUY,1904,Illegal
Guyana,GUY,1905,Illegal
Guyana,GUY,1906,Illegal
Guyana,GUY,1907,Illegal
Guyana,GUY,1908,Illegal
Guyana,GUY,1909,Illegal
Guyana,GUY,1910,Illegal
Guyana,GUY,1911,Illegal
Guyana,GUY,1912,Illegal
Guyana,GUY,1913,Illegal
Guyana,GUY,1914,Illegal
Guyana,GUY,1915,Illegal
Guyana,GUY,1916,Illegal
Guyana,GUY,1917,Illegal
Guyana,GUY,1918,Illegal
Guyana,GUY,1919,Illegal
Guyana,GUY,1920,Illegal
Guyana,GUY,1921,Illegal
Guyana,GUY,1922,Illegal
Guyana,GUY,1923,Illegal
Guyana,GUY,1924,Illegal
Guyana,GUY,1925,Illegal
Guyana,GUY,1926,Illegal
Guyana,GUY,1927,Illegal
Guyana,GUY,1928,Illegal
Guyana,GUY,1929,Illegal
Guyana,GUY,1930,Illegal
Guyana,GUY,1931,Illegal
Guyana,GUY,1932,Illegal
Guyana,GUY,1933,Illegal
Guyana,GUY,1934,Illegal
Guyana,GUY,1935,Illegal
Guyana,GUY,1936,Illegal
Guyana,GUY,1937,Illegal
Guyana,GUY,1938,Illegal
Guyana,GUY,1939,Illegal
Guyana,GUY,1940,Illegal
Guyana,GUY,1941,Illegal
Guyana,GUY,1942,Illegal
Guyana,GUY,1943,Illegal
Guyana,GUY,1944,Illegal
Guyana,GUY,1945,Illegal
Guyana,GUY,1946,Illegal
Guyana,GUY,1947,Illegal
Guyana,GUY,1948,Illegal
Guyana,GUY,1949,Illegal
Guyana,GUY,1950,Illegal
Guyana,GUY,1951,Illegal
Guyana,GUY,1952,Illegal
Guyana,GUY,1953,Illegal
Guyana,GUY,1954,Illegal
Guyana,GUY,1955,Illegal
Guyana,GUY,1956,Illegal
Guyana,GUY,1957,Illegal
Guyana,GUY,1958,Illegal
Guyana,GUY,1959,Illegal
Guyana,GUY,1960,Illegal
Guyana,GUY,1961,Illegal
Guyana,GUY,1962,Illegal
Guyana,GUY,1963,Illegal
Guyana,GUY,1964,Illegal
Guyana,GUY,1965,Illegal
Guyana,GUY,1966,Illegal
Guyana,GUY,1967,Illegal
Guyana,GUY,1968,Illegal
Guyana,GUY,1969,Illegal
Guyana,GUY,1970,Illegal
Guyana,GUY,1971,Illegal
Guyana,GUY,1972,Illegal
Guyana,GUY,1973,Illegal
Guyana,GUY,1974,Illegal
Guyana,GUY,1975,Illegal
Guyana,GUY,1976,Illegal
Guyana,GUY,1977,Illegal
Guyana,GUY,1978,Illegal
Guyana,GUY,1979,Illegal
Guyana,GUY,1980,Illegal
Guyana,GUY,1981,Illegal
Guyana,GUY,1982,Illegal
Guyana,GUY,1983,Illegal
Guyana,GUY,1984,Illegal
Guyana,GUY,1985,Illegal
Guyana,GUY,1986,Illegal
Guyana,GUY,1987,Illegal
Guyana,GUY,1988,Illegal
Guyana,GUY,1989,Illegal
Guyana,GUY,1990,Illegal
Guyana,GUY,1991,Illegal
Guyana,GUY,1992,Illegal
Guyana,GUY,1993,Illegal
Guyana,GUY,1994,Illegal
Guyana,GUY,1995,Illegal
Guyana,GUY,1996,Illegal
Guyana,GUY,1997,Illegal
Guyana,GUY,1998,Illegal
Guyana,GUY,1999,Illegal
Guyana,GUY,2000,Illegal
Guyana,GUY,2001,Illegal
Guyana,GUY,2002,Illegal
Guyana,GUY,2003,Illegal
Guyana,GUY,2004,Illegal
Guyana,GUY,2005,Illegal
Guyana,GUY,2006,Illegal
Guyana,GUY,2007,Illegal
Guyana,GUY,2008,Illegal
Guyana,GUY,2009,Illegal
Guyana,GUY,2010,Illegal
Guyana,GUY,2011,Illegal
Guyana,GUY,2012,Illegal
Guyana,GUY,2013,Illegal
Guyana,GUY,2014,Illegal
Guyana,GUY,2015,Illegal
Guyana,GUY,2016,Illegal
Guyana,GUY,2017,Illegal
Guyana,GUY,2018,Illegal
Guyana,GUY,2019,Illegal
Guyana,GUY,2020,Illegal
Guyana,GUY,2021,Illegal
Guyana,GUY,2022,Illegal
Guyana,GUY,2023,Illegal
Guyana,GUY,2024,Illegal
Guyana,GUY,2025,Illegal
Haiti,HTI,1791,Legal
Haiti,HTI,1792,Legal
Haiti,HTI,1793,Legal
Haiti,HTI,1794,Legal
Haiti,HTI,1795,Legal
Haiti,HTI,1796,Legal
Haiti,HTI,1797,Legal
Haiti,HTI,1798,Legal
Haiti,HTI,1799,Legal
Haiti,HTI,1800,Legal
Haiti,HTI,1801,Legal
Haiti,HTI,1802,Legal
Haiti,HTI,1803,Legal
Haiti,HTI,1804,Legal
Haiti,HTI,1805,Legal
Haiti,HTI,1806,Legal
Haiti,HTI,1807,Legal
Haiti,HTI,1808,Legal
Haiti,HTI,1809,Legal
Haiti,HTI,1810,Legal
Haiti,HTI,1811,Legal
Haiti,HTI,1812,Legal
Haiti,HTI,1813,Legal
Haiti,HTI,1814,Legal
Haiti,HTI,1815,Legal
Haiti,HTI,1816,Legal
Haiti,HTI,1817,Legal
Haiti,HTI,1818,Legal
Haiti,HTI,1819,Legal
Haiti,HTI,1820,Legal
Haiti,HTI,1821,Legal
Haiti,HTI,1822,Legal
Haiti,HTI,1823,Legal
Haiti,HTI,1824,Legal
Haiti,HTI,1825,Legal
Haiti,HTI,1826,Legal
Haiti,HTI,1827,Legal
Haiti,HTI,1828,Legal
Haiti,HTI,1829,Legal
Haiti,HTI,1830,Legal
Haiti,HTI,1831,Legal
Haiti,HTI,1832,Legal
Haiti,HTI,1833,Legal
Haiti,HTI,1834,Legal
Haiti,HTI,1835,Legal
Haiti,HTI,1836,Legal
Haiti,HTI,1837,Legal
Haiti,HTI,1838,Legal
Haiti,HTI,1839,Legal
Haiti,HTI,1840,Legal
Haiti,HTI,1841,Legal
Haiti,HTI,1842,Legal
Haiti,HTI,1843,Legal
Haiti,HTI,1844,Legal
Haiti,HTI,1845,Legal
Haiti,HTI,1846,Legal
Haiti,HTI,1847,Legal
Haiti,HTI,1848,Legal
Haiti,HTI,1849,Legal
Haiti,HTI,1850,Legal
Haiti,HTI,1851,Legal
Haiti,HTI,1852,Legal
Haiti,HTI,1853,Legal
Haiti,HTI,1854,Legal
Haiti,HTI,1855,Legal
Haiti,HTI,1856,Legal
Haiti,HTI,1857,Legal
Haiti,HTI,1858,Legal
Haiti,HTI,1859,Legal
Haiti,HTI,1860,Legal
Haiti,HTI,1861,Legal
Haiti,HTI,1862,Legal
Haiti,HTI,1863,Legal
Haiti,HTI,1864,Legal
Haiti,HTI,1865,Legal
Haiti,HTI,1866,Legal
Haiti,HTI,1867,Legal
Haiti,HTI,1868,Legal
Haiti,HTI,1869,Legal
Haiti,HTI,1870,Legal
Haiti,HTI,1871,Legal
Haiti,HTI,1872,Legal
Haiti,HTI,1873,Legal
Haiti,HTI,1874,Legal
Haiti,HTI,1875,Legal
Haiti,HTI,1876,Legal
Haiti,HTI,1877,Legal
Haiti,HTI,1878,Legal
Haiti,HTI,1879,Legal
Haiti,HTI,1880,Legal
Haiti,HTI,1881,Legal
Haiti,HTI,1882,Legal
Haiti,HTI,1883,Legal
Haiti,HTI,1884,Legal
Haiti,HTI,1885,Legal
Haiti,HTI,1886,Legal
Haiti,HTI,1887,Legal
Haiti,HTI,1888,Legal
Haiti,HTI,1889,Legal
Haiti,HTI,1890,Legal
Haiti,HTI,1891,Legal
Haiti,HTI,1892,Legal
Haiti,HTI,1893,Legal
Haiti,HTI,1894,Legal
Haiti,HTI,1895,Legal
Haiti,HTI,1896,Legal
Haiti,HTI,1897,Legal
Haiti,HTI,1898,Legal
Haiti,HTI,1899,Legal
Haiti,HTI,1900,Legal
Haiti,HTI,1901,Legal
Haiti,HTI,1902,Legal
Haiti,HTI,1903,Legal
Haiti,HTI,1904,Legal
Haiti,HTI,1905,Legal
Haiti,HTI,1906,Legal
Haiti,HTI,1907,Legal
Haiti,HTI,1908,Legal
Haiti,HTI,1909,Legal
Haiti,HTI,1910,Legal
Haiti,HTI,1911,Legal
Haiti,HTI,1912,Legal
Haiti,HTI,1913,Legal
Haiti,HTI,1914,Legal
Haiti,HTI,1915,Legal
Haiti,HTI,1916,Legal
Haiti,HTI,1917,Legal
Haiti,HTI,1918,Legal
Haiti,HTI,1919,Legal
Haiti,HTI,1920,Legal
Haiti,HTI,1921,Legal
Haiti,HTI,1922,Legal
Haiti,HTI,1923,Legal
Haiti,HTI,1924,Legal
Haiti,HTI,1925,Legal
Haiti,HTI,1926,Legal
Haiti,HTI,1927,Legal
Haiti,HTI,1928,Legal
Haiti,HTI,1929,Legal
Haiti,HTI,1930,Legal
Haiti,HTI,1931,Legal
Haiti,HTI,1932,Legal
Haiti,HTI,1933,Legal
Haiti,HTI,1934,Legal
Haiti,HTI,1935,Legal
Haiti,HTI,1936,Legal
Haiti,HTI,1937,Legal
Haiti,HTI,1938,Legal
Haiti,HTI,1939,Legal
Haiti,HTI,1940,Legal
Haiti,HTI,1941,Legal
Haiti,HTI,1942,Legal
Haiti,HTI,1943,Legal
Haiti,HTI,1944,Legal
Haiti,HTI,1945,Legal
Haiti,HTI,1946,Legal
Haiti,HTI,1947,Legal
Haiti,HTI,1948,Legal
Haiti,HTI,1949,Legal
Haiti,HTI,1950,Legal
Haiti,HTI,1951,Legal
Haiti,HTI,1952,Legal
Haiti,HTI,1953,Legal
Haiti,HTI,1954,Legal
Haiti,HTI,1955,Legal
Haiti,HTI,1956,Legal
Haiti,HTI,1957,Legal
Haiti,HTI,1958,Legal
Haiti,HTI,1959,Legal
Haiti,HTI,1960,Legal
Haiti,HTI,1961,Legal
Haiti,HTI,1962,Legal
Haiti,HTI,1963,Legal
Haiti,HTI,1964,Legal
Haiti,HTI,1965,Legal
Haiti,HTI,1966,Legal
Haiti,HTI,1967,Legal
Haiti,HTI,1968,Legal
Haiti,HTI,1969,Legal
Haiti,HTI,1970,Legal
Haiti,HTI,1971,Legal
Haiti,HTI,1972,Legal
Haiti,HTI,1973,Legal
Haiti,HTI,1974,Legal
Haiti,HTI,1975,Legal
Haiti,HTI,1976,Legal
Haiti,HTI,1977,Legal
Haiti,HTI,1978,Legal
Haiti,HTI,1979,Legal
Haiti,HTI,1980,Legal
Haiti,HTI,1981,Legal
Haiti,HTI,1982,Legal
Haiti,HTI,1983,Legal
Haiti,HTI,1984,Legal
Haiti,HTI,1985,Legal
Haiti,HTI,1986,Legal
Haiti,HTI,1987,Legal
Haiti,HTI,1988,Legal
Haiti,HTI,1989,Legal
Haiti,HTI,1990,Legal
Haiti,HTI,1991,Legal
Haiti,HTI,1992,Legal
Haiti,HTI,1993,Legal
Haiti,HTI,1994,Legal
Haiti,HTI,1995,Legal
Haiti,HTI,1996,Legal
Haiti,HTI,1997,Legal
Haiti,HTI,1998,Legal
Haiti,HTI,1999,Legal
Haiti,HTI,2000,Legal
Haiti,HTI,2001,Legal
Haiti,HTI,2002,Legal
Haiti,HTI,2003,Legal
Haiti,HTI,2004,Legal
Haiti,HTI,2005,Legal
Haiti,HTI,2006,Legal
Haiti,HTI,2007,Legal
Haiti,HTI,2008,Legal
Haiti,HTI,2009,Legal
Haiti,HTI,2010,Legal
Haiti,HTI,2011,Legal
Haiti,HTI,2012,Legal
Haiti,HTI,2013,Legal
Haiti,HTI,2014,Legal
Haiti,HTI,2015,Legal
Haiti,HTI,2016,Legal
Haiti,HTI,2017,Legal
Haiti,HTI,2018,Legal
Haiti,HTI,2019,Legal
Haiti,HTI,2020,Legal
Haiti,HTI,2021,Legal
Haiti,HTI,2022,Legal
Haiti,HTI,2023,Legal
Haiti,HTI,2024,Legal
Haiti,HTI,2025,Legal
Honduras,HND,1760,Illegal
Honduras,HND,1761,Illegal
Honduras,HND,1762,Illegal
Honduras,HND,1763,Illegal
Honduras,HND,1764,Illegal
Honduras,HND,1765,Illegal
Honduras,HND,1766,Illegal
Honduras,HND,1767,Illegal
Honduras,HND,1768,Illegal
Honduras,HND,1769,Illegal
Honduras,HND,1770,Illegal
Honduras,HND,1771,Illegal
Honduras,HND,1772,Illegal
Honduras,HND,1773,Illegal
Honduras,HND,1774,Illegal
Honduras,HND,1775,Illegal
Honduras,HND,1776,Illegal
Honduras,HND,1777,Illegal
Honduras,HND,1778,Illegal
Honduras,HND,1779,Illegal
Honduras,HND,1780,Illegal
Honduras,HND,1781,Illegal
Honduras,HND,1782,Illegal
Honduras,HND,1783,Illegal
Honduras,HND,1784,Illegal
Honduras,HND,1785,Illegal
Honduras,HND,1786,Illegal
Honduras,HND,1787,Illegal
Honduras,HND,1788,Illegal
Honduras,HND,1789,Illegal
Honduras,HND,1790,Illegal
Honduras,HND,1791,Illegal
Honduras,HND,1792,Illegal
Honduras,HND,1793,Illegal
Honduras,HND,1794,Illegal
Honduras,HND,1795,Illegal
Honduras,HND,1796,Illegal
Honduras,HND,1797,Illegal
Honduras,HND,1798,Illegal
Honduras,HND,1799,Illegal
Honduras,HND,1800,Illegal
Honduras,HND,1801,Illegal
Honduras,HND,1802,Illegal
Honduras,HND,1803,Illegal
Honduras,HND,1804,Illegal
Honduras,HND,1805,Illegal
Honduras,HND,1806,Illegal
Honduras,HND,1807,Illegal
Honduras,HND,1808,Illegal
Honduras,HND,1809,Illegal
Honduras,HND,1810,Illegal
Honduras,HND,1811,Illegal
Honduras,HND,1812,Illegal
Honduras,HND,1813,Illegal
Honduras,HND,1814,Illegal
Honduras,HND,1815,Illegal
Honduras,HND,1816,Illegal
Honduras,HND,1817,Illegal
Honduras,HND,1818,Illegal
Honduras,HND,1819,Illegal
Honduras,HND,1820,Illegal
Honduras,HND,1821,Illegal
Honduras,HND,1822,Illegal
Honduras,HND,1823,Illegal
Honduras,HND,1824,Illegal
Honduras,HND,1825,Illegal
Honduras,HND,1826,Illegal
Honduras,HND,1827,Illegal
Honduras,HND,1828,Illegal
Honduras,HND,1829,Illegal
Honduras,HND,1830,Illegal
Honduras,HND,1831,Illegal
Honduras,HND,1832,Illegal
Honduras,HND,1833,Illegal
Honduras,HND,1834,Illegal
Honduras,HND,1835,Illegal
Honduras,HND,1836,Illegal
Honduras,HND,1837,Illegal
Honduras,HND,1838,Illegal
Honduras,HND,1839,Illegal
Honduras,HND,1840,Illegal
Honduras,HND,1841,Illegal
Honduras,HND,1842,Illegal
Honduras,HND,1843,Illegal
Honduras,HND,1844,Illegal
Honduras,HND,1845,Illegal
Honduras,HND,1846,Illegal
Honduras,HND,1847,Illegal
Honduras,HND,1848,Illegal
Honduras,HND,1849,Illegal
Honduras,HND,1850,Illegal
Honduras,HND,1851,Illegal
Honduras,HND,1852,Illegal
Honduras,HND,1853,Illegal
Honduras,HND,1854,Illegal
Honduras,HND,1855,Illegal
Honduras,HND,1856,Illegal
Honduras,HND,1857,Illegal
Honduras,HND,1858,Illegal
Honduras,HND,1859,Illegal
Honduras,HND,1860,Illegal
Honduras,HND,1861,Illegal
Honduras,HND,1862,Illegal
Honduras,HND,1863,Illegal
Honduras,HND,1864,Illegal
Honduras,HND,1865,Illegal
Honduras,HND,1866,Illegal
Honduras,HND,1867,Illegal
Honduras,HND,1868,Illegal
Honduras,HND,1869,Illegal
Honduras,HND,1870,Illegal
Honduras,HND,1871,Illegal
Honduras,HND,1872,Illegal
Honduras,HND,1873,Illegal
Honduras,HND,1874,Illegal
Honduras,HND,1875,Illegal
Honduras,HND,1876,Illegal
Honduras,HND,1877,Illegal
Honduras,HND,1878,Illegal
Honduras,HND,1879,Illegal
Honduras,HND,1880,Illegal
Honduras,HND,1881,Illegal
Honduras,HND,1882,Illegal
Honduras,HND,1883,Illegal
Honduras,HND,1884,Illegal
Honduras,HND,1885,Illegal
Honduras,HND,1886,Illegal
Honduras,HND,1887,Illegal
Honduras,HND,1888,Illegal
Honduras,HND,1889,Illegal
Honduras,HND,1890,Illegal
Honduras,HND,1891,Illegal
Honduras,HND,1892,Illegal
Honduras,HND,1893,Illegal
Honduras,HND,1894,Illegal
Honduras,HND,1895,Illegal
Honduras,HND,1896,Illegal
Honduras,HND,1897,Illegal
Honduras,HND,1898,Illegal
Honduras,HND,1899,Legal
Honduras,HND,1900,Legal
Honduras,HND,1901,Legal
Honduras,HND,1902,Legal
Honduras,HND,1903,Legal
Honduras,HND,1904,Legal
Honduras,HND,1905,Legal
Honduras,HND,1906,Legal
Honduras,HND,1907,Legal
Honduras,HND,1908,Legal
Honduras,HND,1909,Legal
Honduras,HND,1910,Legal
Honduras,HND,1911,Legal
Honduras,HND,1912,Legal
Honduras,HND,1913,Legal
Honduras,HND,1914,Legal
Honduras,HND,1915,Legal
Honduras,HND,1916,Legal
Honduras,HND,1917,Legal
Honduras,HND,1918,Legal
Honduras,HND,1919,Legal
Honduras,HND,1920,Legal
Honduras,HND,1921,Legal
Honduras,HND,1922,Legal
Honduras,HND,1923,Legal
Honduras,HND,1924,Legal
Honduras,HND,1925,Legal
Honduras,HND,1926,Legal
Honduras,HND,1927,Legal
Honduras,HND,1928,Legal
Honduras,HND,1929,Legal
Honduras,HND,1930,Legal
Honduras,HND,1931,Legal
Honduras,HND,1932,Legal
Honduras,HND,1933,Legal
Honduras,HND,1934,Legal
Honduras,HND,1935,Legal
Honduras,HND,1936,Legal
Honduras,HND,1937,Legal
Honduras,HND,1938,Legal
Honduras,HND,1939,Legal
Honduras,HND,1940,Legal
Honduras,HND,1941,Legal
Honduras,HND,1942,Legal
Honduras,HND,1943,Legal
Honduras,HND,1944,Legal
Honduras,HND,1945,Legal
Honduras,HND,1946,Legal
Honduras,HND,1947,Legal
Honduras,HND,1948,Legal
Honduras,HND,1949,Legal
Honduras,HND,1950,Legal
Honduras,HND,1951,Legal
Honduras,HND,1952,Legal
Honduras,HND,1953,Legal
Honduras,HND,1954,Legal
Honduras,HND,1955,Legal
Honduras,HND,1956,Legal
Honduras,HND,1957,Legal
Honduras,HND,1958,Legal
Honduras,HND,1959,Legal
Honduras,HND,1960,Legal
Honduras,HND,1961,Legal
Honduras,HND,1962,Legal
Honduras,HND,1963,Legal
Honduras,HND,1964,Legal
Honduras,HND,1965,Legal
Honduras,HND,1966,Legal
Honduras,HND,1967,Legal
Honduras,HND,1968,Legal
Honduras,HND,1969,Legal
Honduras,HND,1970,Legal
Honduras,HND,1971,Legal
Honduras,HND,1972,Legal
Honduras,HND,1973,Legal
Honduras,HND,1974,Legal
Honduras,HND,1975,Legal
Honduras,HND,1976,Legal
Honduras,HND,1977,Legal
Honduras,HND,1978,Legal
Honduras,HND,1979,Legal
Honduras,HND,1980,Legal
Honduras,HND,1981,Legal
Honduras,HND,1982,Legal
Honduras,HND,1983,Legal
Honduras,HND,1984,Legal
Honduras,HND,1985,Legal
Honduras,HND,1986,Legal
Honduras,HND,1987,Legal
Honduras,HND,1988,Legal
Honduras,HND,1989,Legal
Honduras,HND,1990,Legal
Honduras,HND,1991,Legal
Honduras,HND,1992,Legal
Honduras,HND,1993,Legal
Honduras,HND,1994,Legal
Honduras,HND,1995,Legal
Honduras,HND,1996,Legal
Honduras,HND,1997,Legal
Honduras,HND,1998,Legal
Honduras,HND,1999,Legal
Honduras,HND,2000,Legal
Honduras,HND,2001,Legal
Honduras,HND,2002,Legal
Honduras,HND,2003,Legal
Honduras,HND,2004,Legal
Honduras,HND,2005,Legal
Honduras,HND,2006,Legal
Honduras,HND,2007,Legal
Honduras,HND,2008,Legal
Honduras,HND,2009,Legal
Honduras,HND,2010,Legal
Honduras,HND,2011,Legal
Honduras,HND,2012,Legal
Honduras,HND,2013,Legal
Honduras,HND,2014,Legal
Honduras,HND,2015,Legal
Honduras,HND,2016,Legal
Honduras,HND,2017,Legal
Honduras,HND,2018,Legal
Honduras,HND,2019,Legal
Honduras,HND,2020,Legal
Honduras,HND,2021,Legal
Honduras,HND,2022,Legal
Honduras,HND,2023,Legal
Honduras,HND,2024,Legal
Honduras,HND,2025,Legal
Hong Kong,HKG,1865,Illegal
Hong Kong,HKG,1866,Illegal
Hong Kong,HKG,1867,Illegal
Hong Kong,HKG,1868,Illegal
Hong Kong,HKG,1869,Illegal
Hong Kong,HKG,1870,Illegal
Hong Kong,HKG,1871,Illegal
Hong Kong,HKG,1872,Illegal
Hong Kong,HKG,1873,Illegal
Hong Kong,HKG,1874,Illegal
Hong Kong,HKG,1875,Illegal
Hong Kong,HKG,1876,Illegal
Hong Kong,HKG,1877,Illegal
Hong Kong,HKG,1878,Illegal
Hong Kong,HKG,1879,Illegal
Hong Kong,HKG,1880,Illegal
Hong Kong,HKG,1881,Illegal
Hong Kong,HKG,1882,Illegal
Hong Kong,HKG,1883,Illegal
Hong Kong,HKG,1884,Illegal
Hong Kong,HKG,1885,Illegal
Hong Kong,HKG,1886,Illegal
Hong Kong,HKG,1887,Illegal
Hong Kong,HKG,1888,Illegal
Hong Kong,HKG,1889,Illegal
Hong Kong,HKG,1890,Illegal
Hong Kong,HKG,1891,Illegal
Hong Kong,HKG,1892,Illegal
Hong Kong,HKG,1893,Illegal
Hong Kong,HKG,1894,Illegal
Hong Kong,HKG,1895,Illegal
Hong Kong,HKG,1896,Illegal
Hong Kong,HKG,1897,Illegal
Hong Kong,HKG,1898,Illegal
Hong Kong,HKG,1899,Illegal
Hong Kong,HKG,1900,Illegal
Hong Kong,HKG,1901,Illegal
Hong Kong,HKG,1902,Illegal
Hong Kong,HKG,1903,Illegal
Hong Kong,HKG,1904,Illegal
Hong Kong,HKG,1905,Illegal
Hong Kong,HKG,1906,Illegal
Hong Kong,HKG,1907,Illegal
Hong Kong,HKG,1908,Illegal
Hong Kong,HKG,1909,Illegal
Hong Kong,HKG,1910,Illegal
Hong Kong,HKG,1911,Illegal
Hong Kong,HKG,1912,Illegal
Hong Kong,HKG,1913,Illegal
Hong Kong,HKG,1914,Illegal
Hong Kong,HKG,1915,Illegal
Hong Kong,HKG,1916,Illegal
Hong Kong,HKG,1917,Illegal
Hong Kong,HKG,1918,Illegal
Hong Kong,HKG,1919,Illegal
Hong Kong,HKG,1920,Illegal
Hong Kong,HKG,1921,Illegal
Hong Kong,HKG,1922,Illegal
Hong Kong,HKG,1923,Illegal
Hong Kong,HKG,1924,Illegal
Hong Kong,HKG,1925,Illegal
Hong Kong,HKG,1926,Illegal
Hong Kong,HKG,1927,Illegal
Hong Kong,HKG,1928,Illegal
Hong Kong,HKG,1929,Illegal
Hong Kong,HKG,1930,Illegal
Hong Kong,HKG,1931,Illegal
Hong Kong,HKG,1932,Illegal
Hong Kong,HKG,1933,Illegal
Hong Kong,HKG,1934,Illegal
Hong Kong,HKG,1935,Illegal
Hong Kong,HKG,1936,Illegal
Hong Kong,HKG,1937,Illegal
Hong Kong,HKG,1938,Illegal
Hong Kong,HKG,1939,Illegal
Hong Kong,HKG,1940,Illegal
Hong Kong,HKG,1941,Illegal
Hong Kong,HKG,1942,Illegal
Hong Kong,HKG,1943,Illegal
Hong Kong,HKG,1944,Illegal
Hong Kong,HKG,1945,Illegal
Hong Kong,HKG,1946,Illegal
Hong Kong,HKG,1947,Illegal
Hong Kong,HKG,1948,Illegal
Hong Kong,HKG,1949,Illegal
Hong Kong,HKG,1950,Illegal
Hong Kong,HKG,1951,Illegal
Hong Kong,HKG,1952,Illegal
Hong Kong,HKG,1953,Illegal
Hong Kong,HKG,1954,Illegal
Hong Kong,HKG,1955,Illegal
Hong Kong,HKG,1956,Illegal
Hong Kong,HKG,1957,Illegal
Hong Kong,HKG,1958,Illegal
Hong Kong,HKG,1959,Illegal
Hong Kong,HKG,1960,Illegal
Hong Kong,HKG,1961,Illegal
Hong Kong,HKG,1962,Illegal
Hong Kong,HKG,1963,Illegal
Hong Kong,HKG,1964,Illegal
Hong Kong,HKG,1965,Illegal
Hong Kong,HKG,1966,Illegal
Hong Kong,HKG,1967,Illegal
Hong Kong,HKG,1968,Illegal
Hong Kong,HKG,1969,Illegal
Hong Kong,HKG,1970,Illegal
Hong Kong,HKG,1971,Illegal
Hong Kong,HKG,1972,Illegal
Hong Kong,HKG,1973,Illegal
Hong Kong,HKG,1974,Illegal
Hong Kong,HKG,1975,Illegal
Hong Kong,HKG,1976,Illegal
Hong Kong,HKG,1977,Illegal
Hong Kong,HKG,1978,Illegal
Hong Kong,HKG,1979,Illegal
Hong Kong,HKG,1980,Illegal
Hong Kong,HKG,1981,Illegal
Hong Kong,HKG,1982,Illegal
Hong Kong,HKG,1983,Illegal
Hong Kong,HKG,1984,Illegal
Hong Kong,HKG,1985,Illegal
Hong Kong,HKG,1986,Illegal
Hong Kong,HKG,1987,Illegal
Hong Kong,HKG,1988,Illegal
Hong Kong,HKG,1989,Illegal
Hong Kong,HKG,1990,Illegal
Hong Kong,HKG,1991,Legal
Hong Kong,HKG,1992,Legal
Hong Kong,HKG,1993,Legal
Hong Kong,HKG,1994,Legal
Hong Kong,HKG,1995,Legal
Hong Kong,HKG,1996,Legal
Hong Kong,HKG,1997,Legal
Hong Kong,HKG,1998,Legal
Hong Kong,HKG,1999,Legal
Hong Kong,HKG,2000,Legal
Hong Kong,HKG,2001,Legal
Hong Kong,HKG,2002,Legal
Hong Kong,HKG,2003,Legal
Hong Kong,HKG,2004,Legal
Hong Kong,HKG,2005,Legal
Hong Kong,HKG,2006,Legal
Hong Kong,HKG,2007,Legal
Hong Kong,HKG,2008,Legal
Hong Kong,HKG,2009,Legal
Hong Kong,HKG,2010,Legal
Hong Kong,HKG,2011,Legal
Hong Kong,HKG,2012,Legal
Hong Kong,HKG,2013,Legal
Hong Kong,HKG,2014,Legal
Hong Kong,HKG,2015,Legal
Hong Kong,HKG,2016,Legal
Hong Kong,HKG,2017,Legal
Hong Kong,HKG,2018,Legal
Hong Kong,HKG,2019,Legal
Hong Kong,HKG,2020,Legal
Hong Kong,HKG,2021,Legal
Hong Kong,HKG,2022,Legal
Hong Kong,HKG,2023,Legal
Hong Kong,HKG,2024,Legal
Hong Kong,HKG,2025,Legal
Hungary,HUN,1878,Illegal
Hungary,HUN,1879,Illegal
Hungary,HUN,1880,Illegal
Hungary,HUN,1881,Illegal
Hungary,HUN,1882,Illegal
Hungary,HUN,1883,Illegal
Hungary,HUN,1884,Illegal
Hungary,HUN,1885,Illegal
Hungary,HUN,1886,Illegal
Hungary,HUN,1887,Illegal
Hungary,HUN,1888,Illegal
Hungary,HUN,1889,Illegal
Hungary,HUN,1890,Illegal
Hungary,HUN,1891,Illegal
Hungary,HUN,1892,Illegal
Hungary,HUN,1893,Illegal
Hungary,HUN,1894,Illegal
Hungary,HUN,1895,Illegal
Hungary,HUN,1896,Illegal
Hungary,HUN,1897,Illegal
Hungary,HUN,1898,Illegal
Hungary,HUN,1899,Illegal
Hungary,HUN,1900,Illegal
Hungary,HUN,1901,Illegal
Hungary,HUN,1902,Illegal
Hungary,HUN,1903,Illegal
Hungary,HUN,1904,Illegal
Hungary,HUN,1905,Illegal
Hungary,HUN,1906,Illegal
Hungary,HUN,1907,Illegal
Hungary,HUN,1908,Illegal
Hungary,HUN,1909,Illegal
Hungary,HUN,1910,Illegal
Hungary,HUN,1911,Illegal
Hungary,HUN,1912,Illegal
Hungary,HUN,1913,Illegal
Hungary,HUN,1914,Illegal
Hungary,HUN,1915,Illegal
Hungary,HUN,1916,Illegal
Hungary,HUN,1917,Illegal
Hungary,HUN,1918,Illegal
Hungary,HUN,1919,Illegal
Hungary,HUN,1920,Illegal
Hungary,HUN,1921,Illegal
Hungary,HUN,1922,Illegal
Hungary,HUN,1923,Illegal
Hungary,HUN,1924,Illegal
Hungary,HUN,1925,Illegal
Hungary,HUN,1926,Illegal
Hungary,HUN,1927,Illegal
Hungary,HUN,1928,Illegal
Hungary,HUN,1929,Illegal
Hungary,HUN,1930,Illegal
Hungary,HUN,1931,Illegal
Hungary,HUN,1932,Illegal
Hungary,HUN,1933,Illegal
Hungary,HUN,1934,Illegal
Hungary,HUN,1935,Illegal
Hungary,HUN,1936,Illegal
Hungary,HUN,1937,Illegal
Hungary,HUN,1938,Illegal
Hungary,HUN,1939,Illegal
Hungary,HUN,1940,Illegal
Hungary,HUN,1941,Illegal
Hungary,HUN,1942,Illegal
Hungary,HUN,1943,Illegal
Hungary,HUN,1944,Illegal
Hungary,HUN,1945,Illegal
Hungary,HUN,1946,Illegal
Hungary,HUN,1947,Illegal
Hungary,HUN,1948,Illegal
Hungary,HUN,1949,Illegal
Hungary,HUN,1950,Illegal
Hungary,HUN,1951,Illegal
Hungary,HUN,1952,Illegal
Hungary,HUN,1953,Illegal
Hungary,HUN,1954,Illegal
Hungary,HUN,1955,Illegal
Hungary,HUN,1956,Illegal
Hungary,HUN,1957,Illegal
Hungary,HUN,1958,Illegal
Hungary,HUN,1959,Illegal
Hungary,HUN,1960,Illegal
Hungary,HUN,1961,Illegal
Hungary,HUN,1962,Legal
Hungary,HUN,1963,Legal
Hungary,HUN,1964,Legal
Hungary,HUN,1965,Legal
Hungary,HUN,1966,Legal
Hungary,HUN,1967,Legal
Hungary,HUN,1968,Legal
Hungary,HUN,1969,Legal
Hungary,HUN,1970,Legal
Hungary,HUN,1971,Legal
Hungary,HUN,1972,Legal
Hungary,HUN,1973,Legal
Hungary,HUN,1974,Legal
Hungary,HUN,1975,Legal
Hungary,HUN,1976,Legal
Hungary,HUN,1977,Legal
Hungary,HUN,1978,Legal
Hungary,HUN,1979,Legal
Hungary,HUN,1980,Legal
Hungary,HUN,1981,Legal
Hungary,HUN,1982,Legal
Hungary,HUN,1983,Legal
Hungary,HUN,1984,Legal
Hungary,HUN,1985,Legal
Hungary,HUN,1986,Legal
Hungary,HUN,1987,Legal
Hungary,HUN,1988,Legal
Hungary,HUN,1989,Legal
Hungary,HUN,1990,Legal
Hungary,HUN,1991,Legal
Hungary,HUN,1992,Legal
Hungary,HUN,1993,Legal
Hungary,HUN,1994,Legal
Hungary,HUN,1995,Legal
Hungary,HUN,1996,Legal
Hungary,HUN,1997,Legal
Hungary,HUN,1998,Legal
Hungary,HUN,1999,Legal
Hungary,HUN,2000,Legal
Hungary,HUN,2001,Legal
Hungary,HUN,2002,Legal
Hungary,HUN,2003,Legal
Hungary,HUN,2004,Legal
Hungary,HUN,2005,Legal
Hungary,HUN,2006,Legal
Hungary,HUN,2007,Legal
Hungary,HUN,2008,Legal
Hungary,HUN,2009,Legal
Hungary,HUN,2010,Legal
Hungary,HUN,2011,Legal
Hungary,HUN,2012,Legal
Hungary,HUN,2013,Legal
Hungary,HUN,2014,Legal
Hungary,HUN,2015,Legal
Hungary,HUN,2016,Legal
Hungary,HUN,2017,Legal
Hungary,HUN,2018,Legal
Hungary,HUN,2019,Legal
Hungary,HUN,2020,Legal
Hungary,HUN,2021,Legal
Hungary,HUN,2022,Legal
Hungary,HUN,2023,Legal
Hungary,HUN,2024,Legal
Hungary,HUN,2025,Legal
Iceland,ISL,1869,Illegal
Iceland,ISL,1870,Illegal
Iceland,ISL,1871,Illegal
Iceland,ISL,1872,Illegal
Iceland,ISL,1873,Illegal
Iceland,ISL,1874,Illegal
Iceland,ISL,1875,Illegal
Iceland,ISL,1876,Illegal
Iceland,ISL,1877,Illegal
Iceland,ISL,1878,Illegal
Iceland,ISL,1879,Illegal
Iceland,ISL,1880,Illegal
Iceland,ISL,1881,Illegal
Iceland,ISL,1882,Illegal
Iceland,ISL,1883,Illegal
Iceland,ISL,1884,Illegal
Iceland,ISL,1885,Illegal
Iceland,ISL,1886,Illegal
Iceland,ISL,1887,Illegal
Iceland,ISL,1888,Illegal
Iceland,ISL,1889,Illegal
Iceland,ISL,1890,Illegal
Iceland,ISL,1891,Illegal
Iceland,ISL,1892,Illegal
Iceland,ISL,1893,Illegal
Iceland,ISL,1894,Illegal
Iceland,ISL,1895,Illegal
Iceland,ISL,1896,Illegal
Iceland,ISL,1897,Illegal
Iceland,ISL,1898,Illegal
Iceland,ISL,1899,Illegal
Iceland,ISL,1900,Illegal
Iceland,ISL,1901,Illegal
Iceland,ISL,1902,Illegal
Iceland,ISL,1903,Illegal
Iceland,ISL,1904,Illegal
Iceland,ISL,1905,Illegal
Iceland,ISL,1906,Illegal
Iceland,ISL,1907,Illegal
Iceland,ISL,1908,Illegal
Iceland,ISL,1909,Illegal
Iceland,ISL,1910,Illegal
Iceland,ISL,1911,Illegal
Iceland,ISL,1912,Illegal
Iceland,ISL,1913,Illegal
Iceland,ISL,1914,Illegal
Iceland,ISL,1915,Illegal
Iceland,ISL,1916,Illegal
Iceland,ISL,1917,Illegal
Iceland,ISL,1918,Illegal
Iceland,ISL,1919,Illegal
Iceland,ISL,1920,Illegal
Iceland,ISL,1921,Illegal
Iceland,ISL,1922,Illegal
Iceland,ISL,1923,Illegal
Iceland,ISL,1924,Illegal
Iceland,ISL,1925,Illegal
Iceland,ISL,1926,Illegal
Iceland,ISL,1927,Illegal
Iceland,ISL,1928,Illegal
Iceland,ISL,1929,Illegal
Iceland,ISL,1930,Illegal
Iceland,ISL,1931,Illegal
Iceland,ISL,1932,Illegal
Iceland,ISL,1933,Illegal
Iceland,ISL,1934,Illegal
Iceland,ISL,1935,Illegal
Iceland,ISL,1936,Illegal
Iceland,ISL,1937,Illegal
Iceland,ISL,1938,Illegal
Iceland,ISL,1939,Illegal
Iceland,ISL,1940,Legal
Iceland,ISL,1941,Legal
Iceland,ISL,1942,Legal
Iceland,ISL,1943,Legal
Iceland,ISL,1944,Legal
Iceland,ISL,1945,Legal
Iceland,ISL,1946,Legal
Iceland,ISL,1947,Legal
Iceland,ISL,1948,Legal
Iceland,ISL,1949,Legal
Iceland,ISL,1950,Legal
Iceland,ISL,1951,Legal
Iceland,ISL,1952,Legal
Iceland,ISL,1953,Legal
Iceland,ISL,1954,Legal
Iceland,ISL,1955,Legal
Iceland,ISL,1956,Legal
Iceland,ISL,1957,Legal
Iceland,ISL,1958,Legal
Iceland,ISL,1959,Legal
Iceland,ISL,1960,Legal
Iceland,ISL,1961,Legal
Iceland,ISL,1962,Legal
Iceland,ISL,1963,Legal
Iceland,ISL,1964,Legal
Iceland,ISL,1965,Legal
Iceland,ISL,1966,Legal
Iceland,ISL,1967,Legal
Iceland,ISL,1968,Legal
Iceland,ISL,1969,Legal
Iceland,ISL,1970,Legal
Iceland,ISL,1971,Legal
Iceland,ISL,1972,Legal
Iceland,ISL,1973,Legal
Iceland,ISL,1974,Legal
Iceland,ISL,1975,Legal
Iceland,ISL,1976,Legal
Iceland,ISL,1977,Legal
Iceland,ISL,1978,Legal
Iceland,ISL,1979,Legal
Iceland,ISL,1980,Legal
Iceland,ISL,1981,Legal
Iceland,ISL,1982,Legal
Iceland,ISL,1983,Legal
Iceland,ISL,1984,Legal
Iceland,ISL,1985,Legal
Iceland,ISL,1986,Legal
Iceland,ISL,1987,Legal
Iceland,ISL,1988,Legal
Iceland,ISL,1989,Legal
Iceland,ISL,1990,Legal
Iceland,ISL,1991,Legal
Iceland,ISL,1992,Legal
Iceland,ISL,1993,Legal
Iceland,ISL,1994,Legal
Iceland,ISL,1995,Legal
Iceland,ISL,1996,Legal
Iceland,ISL,1997,Legal
Iceland,ISL,1998,Legal
Iceland,ISL,1999,Legal
Iceland,ISL,2000,Legal
Iceland,ISL,2001,Legal
Iceland,ISL,2002,Legal
Iceland,ISL,2003,Legal
Iceland,ISL,2004,Legal
Iceland,ISL,2005,Legal
Iceland,ISL,2006,Legal
Iceland,ISL,2007,Legal
Iceland,ISL,2008,Legal
Iceland,ISL,2009,Legal
Iceland,ISL,2010,Legal
Iceland,ISL,2011,Legal
Iceland,ISL,2012,Legal
Iceland,ISL,2013,Legal
Iceland,ISL,2014,Legal
Iceland,ISL,2015,Legal
Iceland,ISL,2016,Legal
Iceland,ISL,2017,Legal
Iceland,ISL,2018,Legal
Iceland,ISL,2019,Legal
Iceland,ISL,2020,Legal
Iceland,ISL,2021,Legal
Iceland,ISL,2022,Legal
Iceland,ISL,2023,Legal
Iceland,ISL,2024,Legal
Iceland,ISL,2025,Legal
India,IND,1760,Illegal
India,IND,1761,Illegal
India,IND,1762,Illegal
India,IND,1763,Illegal
India,IND,1764,Illegal
India,IND,1765,Illegal
India,IND,1766,Illegal
India,IND,1767,Illegal
India,IND,1768,Illegal
India,IND,1769,Illegal
India,IND,1770,Illegal
India,IND,1771,Illegal
India,IND,1772,Illegal
India,IND,1773,Illegal
India,IND,1774,Illegal
India,IND,1775,Illegal
India,IND,1776,Illegal
India,IND,1777,Illegal
India,IND,1778,Illegal
India,IND,1779,Illegal
India,IND,1780,Illegal
India,IND,1781,Illegal
India,IND,1782,Illegal
India,IND,1783,Illegal
India,IND,1784,Illegal
India,IND,1785,Illegal
India,IND,1786,Illegal
India,IND,1787,Illegal
India,IND,1788,Illegal
India,IND,1789,Illegal
India,IND,1790,Illegal
India,IND,1791,Illegal
India,IND,1792,Illegal
India,IND,1793,Illegal
India,IND,1794,Illegal
India,IND,1795,Illegal
India,IND,1796,Illegal
India,IND,1797,Illegal
India,IND,1798,Illegal
India,IND,1799,Illegal
India,IND,1800,Illegal
India,IND,1801,Illegal
India,IND,1802,Illegal
India,IND,1803,Illegal
India,IND,1804,Illegal
India,IND,1805,Illegal
India,IND,1806,Illegal
India,IND,1807,Illegal
India,IND,1808,Illegal
India,IND,1809,Illegal
India,IND,1810,Illegal
India,IND,1811,Illegal
India,IND,1812,Illegal
India,IND,1813,Illegal
India,IND,1814,Illegal
India,IND,1815,Illegal
India,IND,1816,Illegal
India,IND,1817,Illegal
India,IND,1818,Illegal
India,IND,1819,Illegal
India,IND,1820,Illegal
India,IND,1821,Illegal
India,IND,1822,Illegal
India,IND,1823,Illegal
India,IND,1824,Illegal
India,IND,1825,Illegal
India,IND,1826,Illegal
India,IND,1827,Illegal
India,IND,1828,Illegal
India,IND,1829,Illegal
India,IND,1830,Illegal
India,IND,1831,Illegal
India,IND,1832,Illegal
India,IND,1833,Illegal
India,IND,1834,Illegal
India,IND,1835,Illegal
India,IND,1836,Illegal
India,IND,1837,Illegal
India,IND,1838,Illegal
India,IND,1839,Illegal
India,IND,1840,Illegal
India,IND,1841,Illegal
India,IND,1842,Illegal
India,IND,1843,Illegal
India,IND,1844,Illegal
India,IND,1845,Illegal
India,IND,1846,Illegal
India,IND,1847,Illegal
India,IND,1848,Illegal
India,IND,1849,Illegal
India,IND,1850,Illegal
India,IND,1851,Illegal
India,IND,1852,Illegal
India,IND,1853,Illegal
India,IND,1854,Illegal
India,IND,1855,Illegal
India,IND,1856,Illegal
India,IND,1857,Illegal
India,IND,1858,Illegal
India,IND,1859,Illegal
India,IND,1860,Illegal
India,IND,1861,Illegal
India,IND,1862,Illegal
India,IND,1863,Illegal
India,IND,1864,Illegal
India,IND,1865,Illegal
India,IND,1866,Illegal
India,IND,1867,Illegal
India,IND,1868,Illegal
India,IND,1869,Illegal
India,IND,1870,Illegal
India,IND,1871,Illegal
India,IND,1872,Illegal
India,IND,1873,Illegal
India,IND,1874,Illegal
India,IND,1875,Illegal
India,IND,1876,Illegal
India,IND,1877,Illegal
India,IND,1878,Illegal
India,IND,1879,Illegal
India,IND,1880,Illegal
India,IND,1881,Illegal
India,IND,1882,Illegal
India,IND,1883,Illegal
India,IND,1884,Illegal
India,IND,1885,Illegal
India,IND,1886,Illegal
India,IND,1887,Illegal
India,IND,1888,Illegal
India,IND,1889,Illegal
India,IND,1890,Illegal
India,IND,1891,Illegal
India,IND,1892,Illegal
India,IND,1893,Illegal
India,IND,1894,Illegal
India,IND,1895,Illegal
India,IND,1896,Illegal
India,IND,1897,Illegal
India,IND,1898,Illegal
India,IND,1899,Illegal
India,IND,1900,Illegal
India,IND,1901,Illegal
India,IND,1902,Illegal
India,IND,1903,Illegal
India,IND,1904,Illegal
India,IND,1905,Illegal
India,IND,1906,Illegal
India,IND,1907,Illegal
India,IND,1908,Illegal
India,IND,1909,Illegal
India,IND,1910,Illegal
India,IND,1911,Illegal
India,IND,1912,Illegal
India,IND,1913,Illegal
India,IND,1914,Illegal
India,IND,1915,Illegal
India,IND,1916,Illegal
India,IND,1917,Illegal
India,IND,1918,Illegal
India,IND,1919,Illegal
India,IND,1920,Illegal
India,IND,1921,Illegal
India,IND,1922,Illegal
India,IND,1923,Illegal
India,IND,1924,Illegal
India,IND,1925,Illegal
India,IND,1926,Illegal
India,IND,1927,Illegal
India,IND,1928,Illegal
India,IND,1929,Illegal
India,IND,1930,Illegal
India,IND,1931,Illegal
India,IND,1932,Illegal
India,IND,1933,Illegal
India,IND,1934,Illegal
India,IND,1935,Illegal
India,IND,1936,Illegal
India,IND,1937,Illegal
India,IND,1938,Illegal
India,IND,1939,Illegal
India,IND,1940,Illegal
India,IND,1941,Illegal
India,IND,1942,Illegal
India,IND,1943,Illegal
India,IND,1944,Illegal
India,IND,1945,Illegal
India,IND,1946,Illegal
India,IND,1947,Illegal
India,IND,1948,Illegal
India,IND,1949,Illegal
India,IND,1950,Illegal
India,IND,1951,Illegal
India,IND,1952,Illegal
India,IND,1953,Illegal
India,IND,1954,Illegal
India,IND,1955,Illegal
India,IND,1956,Illegal
India,IND,1957,Illegal
India,IND,1958,Illegal
India,IND,1959,Illegal
India,IND,1960,Illegal
India,IND,1961,Illegal
India,IND,1962,Illegal
India,IND,1963,Illegal
India,IND,1964,Illegal
India,IND,1965,Illegal
India,IND,1966,Illegal
India,IND,1967,Illegal
India,IND,1968,Illegal
India,IND,1969,Illegal
India,IND,1970,Illegal
India,IND,1971,Illegal
India,IND,1972,Illegal
India,IND,1973,Illegal
India,IND,1974,Illegal
India,IND,1975,Illegal
India,IND,1976,Illegal
India,IND,1977,Illegal
India,IND,1978,Illegal
India,IND,1979,Illegal
India,IND,1980,Illegal
India,IND,1981,Illegal
India,IND,1982,Illegal
India,IND,1983,Illegal
India,IND,1984,Illegal
India,IND,1985,Illegal
India,IND,1986,Illegal
India,IND,1987,Illegal
India,IND,1988,Illegal
India,IND,1989,Illegal
India,IND,1990,Illegal
India,IND,1991,Illegal
India,IND,1992,Illegal
India,IND,1993,Illegal
India,IND,1994,Illegal
India,IND,1995,Illegal
India,IND,1996,Illegal
India,IND,1997,Illegal
India,IND,1998,Illegal
India,IND,1999,Illegal
India,IND,2000,Illegal
India,IND,2001,Illegal
India,IND,2002,Illegal
India,IND,2003,Illegal
India,IND,2004,Illegal
India,IND,2005,Illegal
India,IND,2006,Illegal
India,IND,2007,Illegal
India,IND,2008,Illegal
India,IND,2009,Illegal
India,IND,2010,Illegal
India,IND,2011,Illegal
India,IND,2012,Illegal
India,IND,2013,Illegal
India,IND,2014,Illegal
India,IND,2015,Illegal
India,IND,2016,Illegal
India,IND,2017,Illegal
India,IND,2018,Legal
India,IND,2019,Legal
India,IND,2020,Legal
India,IND,2021,Legal
India,IND,2022,Legal
India,IND,2023,Legal
India,IND,2024,Legal
India,IND,2025,Legal
Indonesia,IDN,1918,Legal
Indonesia,IDN,1919,Legal
Indonesia,IDN,1920,Legal
Indonesia,IDN,1921,Legal
Indonesia,IDN,1922,Legal
Indonesia,IDN,1923,Legal
Indonesia,IDN,1924,Legal
Indonesia,IDN,1925,Legal
Indonesia,IDN,1926,Legal
Indonesia,IDN,1927,Legal
Indonesia,IDN,1928,Legal
Indonesia,IDN,1929,Legal
Indonesia,IDN,1930,Legal
Indonesia,IDN,1931,Legal
Indonesia,IDN,1932,Legal
Indonesia,IDN,1933,Legal
Indonesia,IDN,1934,Legal
Indonesia,IDN,1935,Legal
Indonesia,IDN,1936,Legal
Indonesia,IDN,1937,Legal
Indonesia,IDN,1938,Legal
Indonesia,IDN,1939,Legal
Indonesia,IDN,1940,Legal
Indonesia,IDN,1941,Legal
Indonesia,IDN,1942,Legal
Indonesia,IDN,1943,Legal
Indonesia,IDN,1944,Legal
Indonesia,IDN,1945,Legal
Indonesia,IDN,1946,Legal
Indonesia,IDN,1947,Legal
Indonesia,IDN,1948,Legal
Indonesia,IDN,1949,Legal
Indonesia,IDN,1950,Legal
Indonesia,IDN,1951,Legal
Indonesia,IDN,1952,Legal
Indonesia,IDN,1953,Legal
Indonesia,IDN,1954,Legal
Indonesia,IDN,1955,Legal
Indonesia,IDN,1956,Legal
Indonesia,IDN,1957,Legal
Indonesia,IDN,1958,Legal
Indonesia,IDN,1959,Legal
Indonesia,IDN,1960,Legal
Indonesia,IDN,1961,Legal
Indonesia,IDN,1962,Legal
Indonesia,IDN,1963,Legal
Indonesia,IDN,1964,Legal
Indonesia,IDN,1965,Legal
Indonesia,IDN,1966,Legal
Indonesia,IDN,1967,Legal
Indonesia,IDN,1968,Legal
Indonesia,IDN,1969,Legal
Indonesia,IDN,1970,Legal
Indonesia,IDN,1971,Legal
Indonesia,IDN,1972,Legal
Indonesia,IDN,1973,Legal
Indonesia,IDN,1974,Legal
Indonesia,IDN,1975,Legal
Indonesia,IDN,1976,Legal
Indonesia,IDN,1977,Legal
Indonesia,IDN,1978,Legal
Indonesia,IDN,1979,Legal
Indonesia,IDN,1980,Legal
Indonesia,IDN,1981,Legal
Indonesia,IDN,1982,Legal
Indonesia,IDN,1983,Legal
Indonesia,IDN,1984,Legal
Indonesia,IDN,1985,Legal
Indonesia,IDN,1986,Legal
Indonesia,IDN,1987,Legal
Indonesia,IDN,1988,Legal
Indonesia,IDN,1989,Legal
Indonesia,IDN,1990,Legal
Indonesia,IDN,1991,Legal
Indonesia,IDN,1992,Legal
Indonesia,IDN,1993,Legal
Indonesia,IDN,1994,Legal
Indonesia,IDN,1995,Legal
Indonesia,IDN,1996,Legal
Indonesia,IDN,1997,Legal
Indonesia,IDN,1998,Legal
Indonesia,IDN,1999,Legal
Indonesia,IDN,2000,Legal
Indonesia,IDN,2001,Legal
Indonesia,IDN,2002,Legal
Indonesia,IDN,2003,Legal
Indonesia,IDN,2004,Legal
Indonesia,IDN,2005,Legal
Indonesia,IDN,2006,Legal
Indonesia,IDN,2007,Legal
Indonesia,IDN,2008,Legal
Indonesia,IDN,2009,Legal
Indonesia,IDN,2010,Legal
Indonesia,IDN,2011,Legal
Indonesia,IDN,2012,Legal
Indonesia,IDN,2013,Legal
Indonesia,IDN,2014,Legal
Indonesia,IDN,2015,Legal
Indonesia,IDN,2016,Legal
Indonesia,IDN,2017,Legal
Indonesia,IDN,2018,Legal
Indonesia,IDN,2019,Legal
Indonesia,IDN,2020,Legal
Indonesia,IDN,2021,Legal
Indonesia,IDN,2022,Legal
Indonesia,IDN,2023,Legal
Indonesia,IDN,2024,Legal
Indonesia,IDN,2025,Legal
Iran,IRN,1794,Illegal
Iran,IRN,1795,Illegal
Iran,IRN,1796,Illegal
Iran,IRN,1797,Illegal
Iran,IRN,1798,Illegal
Iran,IRN,1799,Illegal
Iran,IRN,1800,Illegal
Iran,IRN,1801,Illegal
Iran,IRN,1802,Illegal
Iran,IRN,1803,Illegal
Iran,IRN,1804,Illegal
Iran,IRN,1805,Illegal
Iran,IRN,1806,Illegal
Iran,IRN,1807,Illegal
Iran,IRN,1808,Illegal
Iran,IRN,1809,Illegal
Iran,IRN,1810,Illegal
Iran,IRN,1811,Illegal
Iran,IRN,1812,Illegal
Iran,IRN,1813,Illegal
Iran,IRN,1814,Illegal
Iran,IRN,1815,Illegal
Iran,IRN,1816,Illegal
Iran,IRN,1817,Illegal
Iran,IRN,1818,Illegal
Iran,IRN,1819,Illegal
Iran,IRN,1820,Illegal
Iran,IRN,1821,Illegal
Iran,IRN,1822,Illegal
Iran,IRN,1823,Illegal
Iran,IRN,1824,Illegal
Iran,IRN,1825,Illegal
Iran,IRN,1826,Illegal
Iran,IRN,1827,Illegal
Iran,IRN,1828,Illegal
Iran,IRN,1829,Illegal
Iran,IRN,1830,Illegal
Iran,IRN,1831,Illegal
Iran,IRN,1832,Illegal
Iran,IRN,1833,Illegal
Iran,IRN,1834,Illegal
Iran,IRN,1835,Illegal
Iran,IRN,1836,Illegal
Iran,IRN,1837,Illegal
Iran,IRN,1838,Illegal
Iran,IRN,1839,Illegal
Iran,IRN,1840,Illegal
Iran,IRN,1841,Illegal
Iran,IRN,1842,Illegal
Iran,IRN,1843,Illegal
Iran,IRN,1844,Illegal
Iran,IRN,1845,Illegal
Iran,IRN,1846,Illegal
Iran,IRN,1847,Illegal
Iran,IRN,1848,Illegal
Iran,IRN,1849,Illegal
Iran,IRN,1850,Illegal
Iran,IRN,1851,Illegal
Iran,IRN,1852,Illegal
Iran,IRN,1853,Illegal
Iran,IRN,1854,Illegal
Iran,IRN,1855,Illegal
Iran,IRN,1856,Illegal
Iran,IRN,1857,Illegal
Iran,IRN,1858,Illegal
Iran,IRN,1859,Illegal
Iran,IRN,1860,Illegal
Iran,IRN,1861,Illegal
Iran,IRN,1862,Illegal
Iran,IRN,1863,Illegal
Iran,IRN,1864,Illegal
Iran,IRN,1865,Illegal
Iran,IRN,1866,Illegal
Iran,IRN,1867,Illegal
Iran,IRN,1868,Illegal
Iran,IRN,1869,Illegal
Iran,IRN,1870,Illegal
Iran,IRN,1871,Illegal
Iran,IRN,1872,Illegal
Iran,IRN,1873,Illegal
Iran,IRN,1874,Illegal
Iran,IRN,1875,Illegal
Iran,IRN,1876,Illegal
Iran,IRN,1877,Illegal
Iran,IRN,1878,Illegal
Iran,IRN,1879,Illegal
Iran,IRN,1880,Illegal
Iran,IRN,1881,Illegal
Iran,IRN,1882,Illegal
Iran,IRN,1883,Illegal
Iran,IRN,1884,Illegal
Iran,IRN,1885,Illegal
Iran,IRN,1886,Illegal
Iran,IRN,1887,Illegal
Iran,IRN,1888,Illegal
Iran,IRN,1889,Illegal
Iran,IRN,1890,Illegal
Iran,IRN,1891,Illegal
Iran,IRN,1892,Illegal
Iran,IRN,1893,Illegal
Iran,IRN,1894,Illegal
Iran,IRN,1895,Illegal
Iran,IRN,1896,Illegal
Iran,IRN,1897,Illegal
Iran,IRN,1898,Illegal
Iran,IRN,1899,Illegal
Iran,IRN,1900,Illegal
Iran,IRN,1901,Illegal
Iran,IRN,1902,Illegal
Iran,IRN,1903,Illegal
Iran,IRN,1904,Illegal
Iran,IRN,1905,Illegal
Iran,IRN,1906,Illegal
Iran,IRN,1907,Illegal
Iran,IRN,1908,Illegal
Iran,IRN,1909,Illegal
Iran,IRN,1910,Illegal
Iran,IRN,1911,Illegal
Iran,IRN,1912,Illegal
Iran,IRN,1913,Illegal
Iran,IRN,1914,Illegal
Iran,IRN,1915,Illegal
Iran,IRN,1916,Illegal
Iran,IRN,1917,Illegal
Iran,IRN,1918,Illegal
Iran,IRN,1919,Illegal
Iran,IRN,1920,Illegal
Iran,IRN,1921,Illegal
Iran,IRN,1922,Illegal
Iran,IRN,1923,Illegal
Iran,IRN,1924,Illegal
Iran,IRN,1925,Illegal
Iran,IRN,1926,Illegal
Iran,IRN,1927,Illegal
Iran,IRN,1928,Illegal
Iran,IRN,1929,Illegal
Iran,IRN,1930,Illegal
Iran,IRN,1931,Illegal
Iran,IRN,1932,Illegal
Iran,IRN,1933,Illegal
Iran,IRN,1934,Illegal
Iran,IRN,1935,Illegal
Iran,IRN,1936,Illegal
Iran,IRN,1937,Illegal
Iran,IRN,1938,Illegal
Iran,IRN,1939,Illegal
Iran,IRN,1940,Illegal
Iran,IRN,1941,Illegal
Iran,IRN,1942,Illegal
Iran,IRN,1943,Illegal
Iran,IRN,1944,Illegal
Iran,IRN,1945,Illegal
Iran,IRN,1946,Illegal
Iran,IRN,1947,Illegal
Iran,IRN,1948,Illegal
Iran,IRN,1949,Illegal
Iran,IRN,1950,Illegal
Iran,IRN,1951,Illegal
Iran,IRN,1952,Illegal
Iran,IRN,1953,Illegal
Iran,IRN,1954,Illegal
Iran,IRN,1955,Illegal
Iran,IRN,1956,Illegal
Iran,IRN,1957,Illegal
Iran,IRN,1958,Illegal
Iran,IRN,1959,Illegal
Iran,IRN,1960,Illegal
Iran,IRN,1961,Illegal
Iran,IRN,1962,Illegal
Iran,IRN,1963,Illegal
Iran,IRN,1964,Illegal
Iran,IRN,1965,Illegal
Iran,IRN,1966,Illegal
Iran,IRN,1967,Illegal
Iran,IRN,1968,Illegal
Iran,IRN,1969,Illegal
Iran,IRN,1970,Illegal
Iran,IRN,1971,Illegal
Iran,IRN,1972,Illegal
Iran,IRN,1973,Illegal
Iran,IRN,1974,Illegal
Iran,IRN,1975,Illegal
Iran,IRN,1976,Illegal
Iran,IRN,1977,Illegal
Iran,IRN,1978,Illegal
Iran,IRN,1979,Illegal
Iran,IRN,1980,Illegal
Iran,IRN,1981,Illegal
Iran,IRN,1982,Illegal
Iran,IRN,1983,Illegal
Iran,IRN,1984,Illegal
Iran,IRN,1985,Illegal
Iran,IRN,1986,Illegal
Iran,IRN,1987,Illegal
Iran,IRN,1988,Illegal
Iran,IRN,1989,Illegal
Iran,IRN,1990,Illegal
Iran,IRN,1991,Illegal
Iran,IRN,1992,Illegal
Iran,IRN,1993,Illegal
Iran,IRN,1994,Illegal
Iran,IRN,1995,Illegal
Iran,IRN,1996,Illegal
Iran,IRN,1997,Illegal
Iran,IRN,1998,Illegal
Iran,IRN,1999,Illegal
Iran,IRN,2000,Illegal
Iran,IRN,2001,Illegal
Iran,IRN,2002,Illegal
Iran,IRN,2003,Illegal
Iran,IRN,2004,Illegal
Iran,IRN,2005,Illegal
Iran,IRN,2006,Illegal
Iran,IRN,2007,Illegal
Iran,IRN,2008,Illegal
Iran,IRN,2009,Illegal
Iran,IRN,2010,Illegal
Iran,IRN,2011,Illegal
Iran,IRN,2012,Illegal
Iran,IRN,2013,Illegal
Iran,IRN,2014,Illegal
Iran,IRN,2015,Illegal
Iran,IRN,2016,Illegal
Iran,IRN,2017,Illegal
Iran,IRN,2018,Illegal
Iran,IRN,2019,Illegal
Iran,IRN,2020,Illegal
Iran,IRN,2021,Illegal
Iran,IRN,2022,Illegal
Iran,IRN,2023,Illegal
Iran,IRN,2024,Illegal
Iran,IRN,2025,Illegal
Iraq,IRQ,1760,Illegal
Iraq,IRQ,1761,Illegal
Iraq,IRQ,1762,Illegal
Iraq,IRQ,1763,Illegal
Iraq,IRQ,1764,Illegal
Iraq,IRQ,1765,Illegal
Iraq,IRQ,1766,Illegal
Iraq,IRQ,1767,Illegal
Iraq,IRQ,1768,Illegal
Iraq,IRQ,1769,Illegal
Iraq,IRQ,1770,Illegal
Iraq,IRQ,1771,Illegal
Iraq,IRQ,1772,Illegal
Iraq,IRQ,1773,Illegal
Iraq,IRQ,1774,Illegal
Iraq,IRQ,1775,Illegal
Iraq,IRQ,1776,Illegal
Iraq,IRQ,1777,Illegal
Iraq,IRQ,1778,Illegal
Iraq,IRQ,1779,Illegal
Iraq,IRQ,1780,Illegal
Iraq,IRQ,1781,Illegal
Iraq,IRQ,1782,Illegal
Iraq,IRQ,1783,Illegal
Iraq,IRQ,1784,Illegal
Iraq,IRQ,1785,Illegal
Iraq,IRQ,1786,Illegal
Iraq,IRQ,1787,Illegal
Iraq,IRQ,1788,Illegal
Iraq,IRQ,1789,Illegal
Iraq,IRQ,1790,Illegal
Iraq,IRQ,1791,Illegal
Iraq,IRQ,1792,Illegal
Iraq,IRQ,1793,Illegal
Iraq,IRQ,1794,Illegal
Iraq,IRQ,1795,Illegal
Iraq,IRQ,1796,Illegal
Iraq,IRQ,1797,Illegal
Iraq,IRQ,1798,Illegal
Iraq,IRQ,1799,Illegal
Iraq,IRQ,1800,Illegal
Iraq,IRQ,1801,Illegal
Iraq,IRQ,1802,Illegal
Iraq,IRQ,1803,Illegal
Iraq,IRQ,1804,Illegal
Iraq,IRQ,1805,Illegal
Iraq,IRQ,1806,Illegal
Iraq,IRQ,1807,Illegal
Iraq,IRQ,1808,Illegal
Iraq,IRQ,1809,Illegal
Iraq,IRQ,1810,Illegal
Iraq,IRQ,1811,Illegal
Iraq,IRQ,1812,Illegal
Iraq,IRQ,1813,Illegal
Iraq,IRQ,1814,Illegal
Iraq,IRQ,1815,Illegal
Iraq,IRQ,1816,Illegal
Iraq,IRQ,1817,Illegal
Iraq,IRQ,1818,Illegal
Iraq,IRQ,1819,Illegal
Iraq,IRQ,1820,Illegal
Iraq,IRQ,1821,Illegal
Iraq,IRQ,1822,Illegal
Iraq,IRQ,1823,Illegal
Iraq,IRQ,1824,Illegal
Iraq,IRQ,1825,Illegal
Iraq,IRQ,1826,Illegal
Iraq,IRQ,1827,Illegal
Iraq,IRQ,1828,Illegal
Iraq,IRQ,1829,Illegal
Iraq,IRQ,1830,Illegal
Iraq,IRQ,1831,Illegal
Iraq,IRQ,1832,Illegal
Iraq,IRQ,1833,Illegal
Iraq,IRQ,1834,Illegal
Iraq,IRQ,1835,Illegal
Iraq,IRQ,1836,Illegal
Iraq,IRQ,1837,Illegal
Iraq,IRQ,1838,Illegal
Iraq,IRQ,1839,Illegal
Iraq,IRQ,1840,Illegal
Iraq,IRQ,1841,Illegal
Iraq,IRQ,1842,Illegal
Iraq,IRQ,1843,Illegal
Iraq,IRQ,1844,Illegal
Iraq,IRQ,1845,Illegal
Iraq,IRQ,1846,Illegal
Iraq,IRQ,1847,Illegal
Iraq,IRQ,1848,Illegal
Iraq,IRQ,1849,Illegal
Iraq,IRQ,1850,Illegal
Iraq,IRQ,1851,Illegal
Iraq,IRQ,1852,Illegal
Iraq,IRQ,1853,Illegal
Iraq,IRQ,1854,Illegal
Iraq,IRQ,1855,Illegal
Iraq,IRQ,1856,Illegal
Iraq,IRQ,1857,Illegal
Iraq,IRQ,1858,Legal
Iraq,IRQ,1859,Legal
Iraq,IRQ,1860,Legal
Iraq,IRQ,1861,Legal
Iraq,IRQ,1862,Legal
Iraq,IRQ,1863,Legal
Iraq,IRQ,1864,Legal
Iraq,IRQ,1865,Legal
Iraq,IRQ,1866,Legal
Iraq,IRQ,1867,Legal
Iraq,IRQ,1868,Legal
Iraq,IRQ,1869,Legal
Iraq,IRQ,1870,Legal
Iraq,IRQ,1871,Legal
Iraq,IRQ,1872,Legal
Iraq,IRQ,1873,Legal
Iraq,IRQ,1874,Legal
Iraq,IRQ,1875,Legal
Iraq,IRQ,1876,Legal
Iraq,IRQ,1877,Legal
Iraq,IRQ,1878,Legal
Iraq,IRQ,1879,Legal
Iraq,IRQ,1880,Legal
Iraq,IRQ,1881,Legal
Iraq,IRQ,1882,Legal
Iraq,IRQ,1883,Legal
Iraq,IRQ,1884,Legal
Iraq,IRQ,1885,Legal
Iraq,IRQ,1886,Legal
Iraq,IRQ,1887,Legal
Iraq,IRQ,1888,Legal
Iraq,IRQ,1889,Legal
Iraq,IRQ,1890,Legal
Iraq,IRQ,1891,Legal
Iraq,IRQ,1892,Legal
Iraq,IRQ,1893,Legal
Iraq,IRQ,1894,Legal
Iraq,IRQ,1895,Legal
Iraq,IRQ,1896,Legal
Iraq,IRQ,1897,Legal
Iraq,IRQ,1898,Legal
Iraq,IRQ,1899,Legal
Iraq,IRQ,1900,Legal
Iraq,IRQ,1901,Legal
Iraq,IRQ,1902,Legal
Iraq,IRQ,1903,Legal
Iraq,IRQ,1904,Legal
Iraq,IRQ,1905,Legal
Iraq,IRQ,1906,Legal
Iraq,IRQ,1907,Legal
Iraq,IRQ,1908,Legal
Iraq,IRQ,1909,Legal
Iraq,IRQ,1910,Legal
Iraq,IRQ,1911,Legal
Iraq,IRQ,1912,Legal
Iraq,IRQ,1913,Legal
Iraq,IRQ,1914,Legal
Iraq,IRQ,1915,Legal
Iraq,IRQ,1916,Legal
Iraq,IRQ,1917,Legal
Iraq,IRQ,1918,Legal
Iraq,IRQ,1919,Legal
Iraq,IRQ,1920,Legal
Iraq,IRQ,1921,Legal
Iraq,IRQ,1922,Legal
Iraq,IRQ,1923,Legal
Iraq,IRQ,1924,Legal
Iraq,IRQ,1925,Legal
Iraq,IRQ,1926,Legal
Iraq,IRQ,1927,Legal
Iraq,IRQ,1928,Legal
Iraq,IRQ,1929,Legal
Iraq,IRQ,1930,Legal
Iraq,IRQ,1931,Legal
Iraq,IRQ,1932,Legal
Iraq,IRQ,1933,Legal
Iraq,IRQ,1934,Legal
Iraq,IRQ,1935,Legal
Iraq,IRQ,1936,Legal
Iraq,IRQ,1937,Legal
Iraq,IRQ,1938,Legal
Iraq,IRQ,1939,Legal
Iraq,IRQ,1940,Legal
Iraq,IRQ,1941,Legal
Iraq,IRQ,1942,Legal
Iraq,IRQ,1943,Legal
Iraq,IRQ,1944,Legal
Iraq,IRQ,1945,Legal
Iraq,IRQ,1946,Legal
Iraq,IRQ,1947,Legal
Iraq,IRQ,1948,Legal
Iraq,IRQ,1949,Legal
Iraq,IRQ,1950,Legal
Iraq,IRQ,1951,Legal
Iraq,IRQ,1952,Legal
Iraq,IRQ,1953,Legal
Iraq,IRQ,1954,Legal
Iraq,IRQ,1955,Legal
Iraq,IRQ,1956,Legal
Iraq,IRQ,1957,Legal
Iraq,IRQ,1958,Legal
Iraq,IRQ,1959,Legal
Iraq,IRQ,1960,Legal
Iraq,IRQ,1961,Legal
Iraq,IRQ,1962,Legal
Iraq,IRQ,1963,Legal
Iraq,IRQ,1964,Legal
Iraq,IRQ,1965,Legal
Iraq,IRQ,1966,Legal
Iraq,IRQ,1967,Legal
Iraq,IRQ,1968,Legal
Iraq,IRQ,1969,Legal
Iraq,IRQ,1970,Legal
Iraq,IRQ,1971,Legal
Iraq,IRQ,1972,Legal
Iraq,IRQ,1973,Legal
Iraq,IRQ,1974,Legal
Iraq,IRQ,1975,Legal
Iraq,IRQ,1976,Legal
Iraq,IRQ,1977,Legal
Iraq,IRQ,1978,Legal
Iraq,IRQ,1979,Legal
Iraq,IRQ,1980,Legal
Iraq,IRQ,1981,Legal
Iraq,IRQ,1982,Legal
Iraq,IRQ,1983,Legal
Iraq,IRQ,1984,Legal
Iraq,IRQ,1985,Legal
Iraq,IRQ,1986,Legal
Iraq,IRQ,1987,Legal
Iraq,IRQ,1988,Legal
Iraq,IRQ,1989,Legal
Iraq,IRQ,1990,Legal
Iraq,IRQ,1991,Legal
Iraq,IRQ,1992,Legal
Iraq,IRQ,1993,Legal
Iraq,IRQ,1994,Legal
Iraq,IRQ,1995,Legal
Iraq,IRQ,1996,Legal
Iraq,IRQ,1997,Legal
Iraq,IRQ,1998,Legal
Iraq,IRQ,1999,Legal
Iraq,IRQ,2000,Legal
Iraq,IRQ,2001,Legal
Iraq,IRQ,2002,Legal
Iraq,IRQ,2003,Legal
Iraq,IRQ,2004,Legal
Iraq,IRQ,2005,Legal
Iraq,IRQ,2006,Legal
Iraq,IRQ,2007,Legal
Iraq,IRQ,2008,Legal
Iraq,IRQ,2009,Legal
Iraq,IRQ,2010,Legal
Iraq,IRQ,2011,Legal
Iraq,IRQ,2012,Legal
Iraq,IRQ,2013,Legal
Iraq,IRQ,2014,Legal
Iraq,IRQ,2015,Legal
Iraq,IRQ,2016,Legal
Iraq,IRQ,2017,Legal
Iraq,IRQ,2018,Legal
Iraq,IRQ,2019,Legal
Iraq,IRQ,2020,Legal
Iraq,IRQ,2021,Legal
Iraq,IRQ,2022,Legal
Iraq,IRQ,2023,Legal
Iraq,IRQ,2024,Legal
Iraq,IRQ,2025,Legal
Ireland,IRL,1861,Illegal
Ireland,IRL,1862,Illegal
Ireland,IRL,1863,Illegal
Ireland,IRL,1864,Illegal
Ireland,IRL,1865,Illegal
Ireland,IRL,1866,Illegal
Ireland,IRL,1867,Illegal
Ireland,IRL,1868,Illegal
Ireland,IRL,1869,Illegal
Ireland,IRL,1870,Illegal
Ireland,IRL,1871,Illegal
Ireland,IRL,1872,Illegal
Ireland,IRL,1873,Illegal
Ireland,IRL,1874,Illegal
Ireland,IRL,1875,Illegal
Ireland,IRL,1876,Illegal
Ireland,IRL,1877,Illegal
Ireland,IRL,1878,Illegal
Ireland,IRL,1879,Illegal
Ireland,IRL,1880,Illegal
Ireland,IRL,1881,Illegal
Ireland,IRL,1882,Illegal
Ireland,IRL,1883,Illegal
Ireland,IRL,1884,Illegal
Ireland,IRL,1885,Illegal
Ireland,IRL,1886,Illegal
Ireland,IRL,1887,Illegal
Ireland,IRL,1888,Illegal
Ireland,IRL,1889,Illegal
Ireland,IRL,1890,Illegal
Ireland,IRL,1891,Illegal
Ireland,IRL,1892,Illegal
Ireland,IRL,1893,Illegal
Ireland,IRL,1894,Illegal
Ireland,IRL,1895,Illegal
Ireland,IRL,1896,Illegal
Ireland,IRL,1897,Illegal
Ireland,IRL,1898,Illegal
Ireland,IRL,1899,Illegal
Ireland,IRL,1900,Illegal
Ireland,IRL,1901,Illegal
Ireland,IRL,1902,Illegal
Ireland,IRL,1903,Illegal
Ireland,IRL,1904,Illegal
Ireland,IRL,1905,Illegal
Ireland,IRL,1906,Illegal
Ireland,IRL,1907,Illegal
Ireland,IRL,1908,Illegal
Ireland,IRL,1909,Illegal
Ireland,IRL,1910,Illegal
Ireland,IRL,1911,Illegal
Ireland,IRL,1912,Illegal
Ireland,IRL,1913,Illegal
Ireland,IRL,1914,Illegal
Ireland,IRL,1915,Illegal
Ireland,IRL,1916,Illegal
Ireland,IRL,1917,Illegal
Ireland,IRL,1918,Illegal
Ireland,IRL,1919,Illegal
Ireland,IRL,1920,Illegal
Ireland,IRL,1921,Illegal
Ireland,IRL,1922,Illegal
Ireland,IRL,1923,Illegal
Ireland,IRL,1924,Illegal
Ireland,IRL,1925,Illegal
Ireland,IRL,1926,Illegal
Ireland,IRL,1927,Illegal
Ireland,IRL,1928,Illegal
Ireland,IRL,1929,Illegal
Ireland,IRL,1930,Illegal
Ireland,IRL,1931,Illegal
Ireland,IRL,1932,Illegal
Ireland,IRL,1933,Illegal
Ireland,IRL,1934,Illegal
Ireland,IRL,1935,Illegal
Ireland,IRL,1936,Illegal
Ireland,IRL,1937,Illegal
Ireland,IRL,1938,Illegal
Ireland,IRL,1939,Illegal
Ireland,IRL,1940,Illegal
Ireland,IRL,1941,Illegal
Ireland,IRL,1942,Illegal
Ireland,IRL,1943,Illegal
Ireland,IRL,1944,Illegal
Ireland,IRL,1945,Illegal
Ireland,IRL,1946,Illegal
Ireland,IRL,1947,Illegal
Ireland,IRL,1948,Illegal
Ireland,IRL,1949,Illegal
Ireland,IRL,1950,Illegal
Ireland,IRL,1951,Illegal
Ireland,IRL,1952,Illegal
Ireland,IRL,1953,Illegal
Ireland,IRL,1954,Illegal
Ireland,IRL,1955,Illegal
Ireland,IRL,1956,Illegal
Ireland,IRL,1957,Illegal
Ireland,IRL,1958,Illegal
Ireland,IRL,1959,Illegal
Ireland,IRL,1960,Illegal
Ireland,IRL,1961,Illegal
Ireland,IRL,1962,Illegal
Ireland,IRL,1963,Illegal
Ireland,IRL,1964,Illegal
Ireland,IRL,1965,Illegal
Ireland,IRL,1966,Illegal
Ireland,IRL,1967,Illegal
Ireland,IRL,1968,Illegal
Ireland,IRL,1969,Illegal
Ireland,IRL,1970,Illegal
Ireland,IRL,1971,Illegal
Ireland,IRL,1972,Illegal
Ireland,IRL,1973,Illegal
Ireland,IRL,1974,Illegal
Ireland,IRL,1975,Illegal
Ireland,IRL,1976,Illegal
Ireland,IRL,1977,Illegal
Ireland,IRL,1978,Illegal
Ireland,IRL,1979,Illegal
Ireland,IRL,1980,Illegal
Ireland,IRL,1981,Illegal
Ireland,IRL,1982,Illegal
Ireland,IRL,1983,Illegal
Ireland,IRL,1984,Illegal
Ireland,IRL,1985,Illegal
Ireland,IRL,1986,Illegal
Ireland,IRL,1987,Illegal
Ireland,IRL,1988,Illegal
Ireland,IRL,1989,Illegal
Ireland,IRL,1990,Illegal
Ireland,IRL,1991,Illegal
Ireland,IRL,1992,Illegal
Ireland,IRL,1993,Legal
Ireland,IRL,1994,Legal
Ireland,IRL,1995,Legal
Ireland,IRL,1996,Legal
Ireland,IRL,1997,Legal
Ireland,IRL,1998,Legal
Ireland,IRL,1999,Legal
Ireland,IRL,2000,Legal
Ireland,IRL,2001,Legal
Ireland,IRL,2002,Legal
Ireland,IRL,2003,Legal
Ireland,IRL,2004,Legal
Ireland,IRL,2005,Legal
Ireland,IRL,2006,Legal
Ireland,IRL,2007,Legal
Ireland,IRL,2008,Legal
Ireland,IRL,2009,Legal
Ireland,IRL,2010,Legal
Ireland,IRL,2011,Legal
Ireland,IRL,2012,Legal
Ireland,IRL,2013,Legal
Ireland,IRL,2014,Legal
Ireland,IRL,2015,Legal
Ireland,IRL,2016,Legal
Ireland,IRL,2017,Legal
Ireland,IRL,2018,Legal
Ireland,IRL,2019,Legal
Ireland,IRL,2020,Legal
Ireland,IRL,2021,Legal
Ireland,IRL,2022,Legal
Ireland,IRL,2023,Legal
Ireland,IRL,2024,Legal
Ireland,IRL,2025,Legal
Israel,ISR,1760,Illegal
Israel,ISR,1761,Illegal
Israel,ISR,1762,Illegal
Israel,ISR,1763,Illegal
Israel,ISR,1764,Illegal
Israel,ISR,1765,Illegal
Israel,ISR,1766,Illegal
Israel,ISR,1767,Illegal
Israel,ISR,1768,Illegal
Israel,ISR,1769,Illegal
Israel,ISR,1770,Illegal
Israel,ISR,1771,Illegal
Israel,ISR,1772,Illegal
Israel,ISR,1773,Illegal
Israel,ISR,1774,Illegal
Israel,ISR,1775,Illegal
Israel,ISR,1776,Illegal
Israel,ISR,1777,Illegal
Israel,ISR,1778,Illegal
Israel,ISR,1779,Illegal
Israel,ISR,1780,Illegal
Israel,ISR,1781,Illegal
Israel,ISR,1782,Illegal
Israel,ISR,1783,Illegal
Israel,ISR,1784,Illegal
Israel,ISR,1785,Illegal
Israel,ISR,1786,Illegal
Israel,ISR,1787,Illegal
Israel,ISR,1788,Illegal
Israel,ISR,1789,Illegal
Israel,ISR,1790,Illegal
Israel,ISR,1791,Illegal
Israel,ISR,1792,Illegal
Israel,ISR,1793,Illegal
Israel,ISR,1794,Illegal
Israel,ISR,1795,Illegal
Israel,ISR,1796,Illegal
Israel,ISR,1797,Illegal
Israel,ISR,1798,Illegal
Israel,ISR,1799,Illegal
Israel,ISR,1800,Illegal
Israel,ISR,1801,Illegal
Israel,ISR,1802,Illegal
Israel,ISR,1803,Illegal
Israel,ISR,1804,Illegal
Israel,ISR,1805,Illegal
Israel,ISR,1806,Illegal
Israel,ISR,1807,Illegal
Israel,ISR,1808,Illegal
Israel,ISR,1809,Illegal
Israel,ISR,1810,Illegal
Israel,ISR,1811,Illegal
Israel,ISR,1812,Illegal
Israel,ISR,1813,Illegal
Israel,ISR,1814,Illegal
Israel,ISR,1815,Illegal
Israel,ISR,1816,Illegal
Israel,ISR,1817,Illegal
Israel,ISR,1818,Illegal
Israel,ISR,1819,Illegal
Israel,ISR,1820,Illegal
Israel,ISR,1821,Illegal
Israel,ISR,1822,Illegal
Israel,ISR,1823,Illegal
Israel,ISR,1824,Illegal
Israel,ISR,1825,Illegal
Israel,ISR,1826,Illegal
Israel,ISR,1827,Illegal
Israel,ISR,1828,Illegal
Israel,ISR,1829,Illegal
Israel,ISR,1830,Illegal
Israel,ISR,1831,Illegal
Israel,ISR,1832,Illegal
Israel,ISR,1833,Illegal
Israel,ISR,1834,Illegal
Israel,ISR,1835,Illegal
Israel,ISR,1836,Illegal
Israel,ISR,1837,Illegal
Israel,ISR,1838,Illegal
Israel,ISR,1839,Illegal
Israel,ISR,1840,Illegal
Israel,ISR,1841,Illegal
Israel,ISR,1842,Illegal
Israel,ISR,1843,Illegal
Israel,ISR,1844,Illegal
Israel,ISR,1845,Illegal
Israel,ISR,1846,Illegal
Israel,ISR,1847,Illegal
Israel,ISR,1848,Illegal
Israel,ISR,1849,Illegal
Israel,ISR,1850,Illegal
Israel,ISR,1851,Illegal
Israel,ISR,1852,Illegal
Israel,ISR,1853,Illegal
Israel,ISR,1854,Illegal
Israel,ISR,1855,Illegal
Israel,ISR,1856,Illegal
Israel,ISR,1857,Illegal
Israel,ISR,1858,Legal
Israel,ISR,1859,Legal
Israel,ISR,1860,Legal
Israel,ISR,1861,Legal
Israel,ISR,1862,Legal
Israel,ISR,1863,Legal
Israel,ISR,1864,Legal
Israel,ISR,1865,Legal
Israel,ISR,1866,Legal
Israel,ISR,1867,Legal
Israel,ISR,1868,Legal
Israel,ISR,1869,Legal
Israel,ISR,1870,Legal
Israel,ISR,1871,Legal
Israel,ISR,1872,Legal
Israel,ISR,1873,Legal
Israel,ISR,1874,Legal
Israel,ISR,1875,Legal
Israel,ISR,1876,Legal
Israel,ISR,1877,Legal
Israel,ISR,1878,Legal
Israel,ISR,1879,Legal
Israel,ISR,1880,Legal
Israel,ISR,1881,Legal
Israel,ISR,1882,Legal
Israel,ISR,1883,Legal
Israel,ISR,1884,Legal
Israel,ISR,1885,Legal
Israel,ISR,1886,Legal
Israel,ISR,1887,Legal
Israel,ISR,1888,Legal
Israel,ISR,1889,Legal
Israel,ISR,1890,Legal
Israel,ISR,1891,Legal
Israel,ISR,1892,Legal
Israel,ISR,1893,Legal
Israel,ISR,1894,Legal
Israel,ISR,1895,Legal
Israel,ISR,1896,Legal
Israel,ISR,1897,Legal
Israel,ISR,1898,Legal
Israel,ISR,1899,Legal
Israel,ISR,1900,Legal
Israel,ISR,1901,Legal
Israel,ISR,1902,Legal
Israel,ISR,1903,Legal
Israel,ISR,1904,Legal
Israel,ISR,1905,Legal
Israel,ISR,1906,Legal
Israel,ISR,1907,Legal
Israel,ISR,1908,Legal
Israel,ISR,1909,Legal
Israel,ISR,1910,Legal
Israel,ISR,1911,Legal
Israel,ISR,1912,Legal
Israel,ISR,1913,Legal
Israel,ISR,1914,Legal
Israel,ISR,1915,Legal
Israel,ISR,1916,Legal
Israel,ISR,1917,Legal
Israel,ISR,1918,Legal
Israel,ISR,1919,Legal
Israel,ISR,1920,Legal
Israel,ISR,1921,Legal
Israel,ISR,1922,Legal
Israel,ISR,1923,Legal
Israel,ISR,1924,Legal
Israel,ISR,1925,Legal
Israel,ISR,1926,Legal
Israel,ISR,1927,Legal
Israel,ISR,1928,Legal
Israel,ISR,1929,Legal
Israel,ISR,1930,Legal
Israel,ISR,1931,Legal
Israel,ISR,1932,Legal
Israel,ISR,1933,Legal
Israel,ISR,1934,Legal
Israel,ISR,1935,Legal
Israel,ISR,1936,Illegal
Israel,ISR,1937,Illegal
Israel,ISR,1938,Illegal
Israel,ISR,1939,Illegal
Israel,ISR,1940,Illegal
Israel,ISR,1941,Illegal
Israel,ISR,1942,Illegal
Israel,ISR,1943,Illegal
Israel,ISR,1944,Illegal
Israel,ISR,1945,Illegal
Israel,ISR,1946,Illegal
Israel,ISR,1947,Illegal
Israel,ISR,1948,Illegal
Israel,ISR,1949,Illegal
Israel,ISR,1950,Illegal
Israel,ISR,1951,Illegal
Israel,ISR,1952,Illegal
Israel,ISR,1953,Illegal
Israel,ISR,1954,Illegal
Israel,ISR,1955,Illegal
Israel,ISR,1956,Illegal
Israel,ISR,1957,Illegal
Israel,ISR,1958,Illegal
Israel,ISR,1959,Illegal
Israel,ISR,1960,Illegal
Israel,ISR,1961,Illegal
Israel,ISR,1962,Illegal
Israel,ISR,1963,Illegal
Israel,ISR,1964,Illegal
Israel,ISR,1965,Illegal
Israel,ISR,1966,Illegal
Israel,ISR,1967,Illegal
Israel,ISR,1968,Illegal
Israel,ISR,1969,Illegal
Israel,ISR,1970,Illegal
Israel,ISR,1971,Illegal
Israel,ISR,1972,Illegal
Israel,ISR,1973,Illegal
Israel,ISR,1974,Illegal
Israel,ISR,1975,Illegal
Israel,ISR,1976,Illegal
Israel,ISR,1977,Illegal
Israel,ISR,1978,Illegal
Israel,ISR,1979,Illegal
Israel,ISR,1980,Illegal
Israel,ISR,1981,Illegal
Israel,ISR,1982,Illegal
Israel,ISR,1983,Illegal
Israel,ISR,1984,Illegal
Israel,ISR,1985,Illegal
Israel,ISR,1986,Illegal
Israel,ISR,1987,Illegal
Israel,ISR,1988,Legal
Israel,ISR,1989,Legal
Israel,ISR,1990,Legal
Israel,ISR,1991,Legal
Israel,ISR,1992,Legal
Israel,ISR,1993,Legal
Israel,ISR,1994,Legal
Israel,ISR,1995,Legal
Israel,ISR,1996,Legal
Israel,ISR,1997,Legal
Israel,ISR,1998,Legal
Israel,ISR,1999,Legal
Israel,ISR,2000,Legal
Israel,ISR,2001,Legal
Israel,ISR,2002,Legal
Israel,ISR,2003,Legal
Israel,ISR,2004,Legal
Israel,ISR,2005,Legal
Israel,ISR,2006,Legal
Israel,ISR,2007,Legal
Israel,ISR,2008,Legal
Israel,ISR,2009,Legal
Israel,ISR,2010,Legal
Israel,ISR,2011,Legal
Israel,ISR,2012,Legal
Israel,ISR,2013,Legal
Israel,ISR,2014,Legal
Israel,ISR,2015,Legal
Israel,ISR,2016,Legal
Israel,ISR,2017,Legal
Israel,ISR,2018,Legal
Israel,ISR,2019,Legal
Israel,ISR,2020,Legal
Israel,ISR,2021,Legal
Israel,ISR,2022,Legal
Israel,ISR,2023,Legal
Israel,ISR,2024,Legal
Israel,ISR,2025,Legal
Italy,ITA,1760,Illegal
Italy,ITA,1761,Illegal
Italy,ITA,1762,Illegal
Italy,ITA,1763,Illegal
Italy,ITA,1764,Illegal
Italy,ITA,1765,Illegal
Italy,ITA,1766,Illegal
Italy,ITA,1767,Illegal
Italy,ITA,1768,Illegal
Italy,ITA,1769,Illegal
Italy,ITA,1770,Illegal
Italy,ITA,1771,Illegal
Italy,ITA,1772,Illegal
Italy,ITA,1773,Illegal
Italy,ITA,1774,Illegal
Italy,ITA,1775,Illegal
Italy,ITA,1776,Illegal
Italy,ITA,1777,Illegal
Italy,ITA,1778,Illegal
Italy,ITA,1779,Illegal
Italy,ITA,1780,Illegal
Italy,ITA,1781,Illegal
Italy,ITA,1782,Illegal
Italy,ITA,1783,Illegal
Italy,ITA,1784,Illegal
Italy,ITA,1785,Illegal
Italy,ITA,1786,Illegal
Italy,ITA,1787,Illegal
Italy,ITA,1788,Illegal
Italy,ITA,1789,Illegal
Italy,ITA,1790,Illegal
Italy,ITA,1791,Illegal
Italy,ITA,1792,Illegal
Italy,ITA,1793,Illegal
Italy,ITA,1794,Illegal
Italy,ITA,1795,Illegal
Italy,ITA,1796,Illegal
Italy,ITA,1797,Illegal
Italy,ITA,1798,Illegal
Italy,ITA,1799,Illegal
Italy,ITA,1800,Illegal
Italy,ITA,1801,Illegal
Italy,ITA,1802,Illegal
Italy,ITA,1803,Illegal
Italy,ITA,1804,Illegal
Italy,ITA,1805,Illegal
Italy,ITA,1806,Illegal
Italy,ITA,1807,Illegal
Italy,ITA,1808,Illegal
Italy,ITA,1809,Illegal
Italy,ITA,1810,Illegal
Italy,ITA,1811,Illegal
Italy,ITA,1812,Illegal
Italy,ITA,1813,Illegal
Italy,ITA,1814,Illegal
Italy,ITA,1815,Illegal
Italy,ITA,1816,Illegal
Italy,ITA,1817,Illegal
Italy,ITA,1818,Illegal
Italy,ITA,1819,Illegal
Italy,ITA,1820,Illegal
Italy,ITA,1821,Illegal
Italy,ITA,1822,Illegal
Italy,ITA,1823,Illegal
Italy,ITA,1824,Illegal
Italy,ITA,1825,Illegal
Italy,ITA,1826,Illegal
Italy,ITA,1827,Illegal
Italy,ITA,1828,Illegal
Italy,ITA,1829,Illegal
Italy,ITA,1830,Illegal
Italy,ITA,1831,Illegal
Italy,ITA,1832,Illegal
Italy,ITA,1833,Illegal
Italy,ITA,1834,Illegal
Italy,ITA,1835,Illegal
Italy,ITA,1836,Illegal
Italy,ITA,1837,Illegal
Italy,ITA,1838,Illegal
Italy,ITA,1839,Illegal
Italy,ITA,1840,Illegal
Italy,ITA,1841,Illegal
Italy,ITA,1842,Illegal
Italy,ITA,1843,Illegal
Italy,ITA,1844,Illegal
Italy,ITA,1845,Illegal
Italy,ITA,1846,Illegal
Italy,ITA,1847,Illegal
Italy,ITA,1848,Illegal
Italy,ITA,1849,Illegal
Italy,ITA,1850,Illegal
Italy,ITA,1851,Illegal
Italy,ITA,1852,Illegal
Italy,ITA,1853,Illegal
Italy,ITA,1854,Illegal
Italy,ITA,1855,Illegal
Italy,ITA,1856,Illegal
Italy,ITA,1857,Illegal
Italy,ITA,1858,Illegal
Italy,ITA,1859,Illegal
Italy,ITA,1860,Illegal
Italy,ITA,1861,Illegal
Italy,ITA,1862,Illegal
Italy,ITA,1863,Illegal
Italy,ITA,1864,Illegal
Italy,ITA,1865,Illegal
Italy,ITA,1866,Illegal
Italy,ITA,1867,Illegal
Italy,ITA,1868,Illegal
Italy,ITA,1869,Illegal
Italy,ITA,1870,Illegal
Italy,ITA,1871,Illegal
Italy,ITA,1872,Illegal
Italy,ITA,1873,Illegal
Italy,ITA,1874,Illegal
Italy,ITA,1875,Illegal
Italy,ITA,1876,Illegal
Italy,ITA,1877,Illegal
Italy,ITA,1878,Illegal
Italy,ITA,1879,Illegal
Italy,ITA,1880,Illegal
Italy,ITA,1881,Illegal
Italy,ITA,1882,Illegal
Italy,ITA,1883,Illegal
Italy,ITA,1884,Illegal
Italy,ITA,1885,Illegal
Italy,ITA,1886,Illegal
Italy,ITA,1887,Illegal
Italy,ITA,1888,Illegal
Italy,ITA,1889,Illegal
Italy,ITA,1890,Legal
Italy,ITA,1891,Legal
Italy,ITA,1892,Legal
Italy,ITA,1893,Legal
Italy,ITA,1894,Legal
Italy,ITA,1895,Legal
Italy,ITA,1896,Legal
Italy,ITA,1897,Legal
Italy,ITA,1898,Legal
Italy,ITA,1899,Legal
Italy,ITA,1900,Legal
Italy,ITA,1901,Legal
Italy,ITA,1902,Legal
Italy,ITA,1903,Legal
Italy,ITA,1904,Legal
Italy,ITA,1905,Legal
Italy,ITA,1906,Legal
Italy,ITA,1907,Legal
Italy,ITA,1908,Legal
Italy,ITA,1909,Legal
Italy,ITA,1910,Legal
Italy,ITA,1911,Legal
Italy,ITA,1912,Legal
Italy,ITA,1913,Legal
Italy,ITA,1914,Legal
Italy,ITA,1915,Legal
Italy,ITA,1916,Legal
Italy,ITA,1917,Legal
Italy,ITA,1918,Legal
Italy,ITA,1919,Legal
Italy,ITA,1920,Legal
Italy,ITA,1921,Legal
Italy,ITA,1922,Legal
Italy,ITA,1923,Legal
Italy,ITA,1924,Legal
Italy,ITA,1925,Legal
Italy,ITA,1926,Legal
Italy,ITA,1927,Legal
Italy,ITA,1928,Legal
Italy,ITA,1929,Legal
Italy,ITA,1930,Legal
Italy,ITA,1931,Legal
Italy,ITA,1932,Legal
Italy,ITA,1933,Legal
Italy,ITA,1934,Legal
Italy,ITA,1935,Legal
Italy,ITA,1936,Legal
Italy,ITA,1937,Legal
Italy,ITA,1938,Legal
Italy,ITA,1939,Legal
Italy,ITA,1940,Legal
Italy,ITA,1941,Legal
Italy,ITA,1942,Legal
Italy,ITA,1943,Legal
Italy,ITA,1944,Legal
Italy,ITA,1945,Legal
Italy,ITA,1946,Legal
Italy,ITA,1947,Legal
Italy,ITA,1948,Legal
Italy,ITA,1949,Legal
Italy,ITA,1950,Legal
Italy,ITA,1951,Legal
Italy,ITA,1952,Legal
Italy,ITA,1953,Legal
Italy,ITA,1954,Legal
Italy,ITA,1955,Legal
Italy,ITA,1956,Legal
Italy,ITA,1957,Legal
Italy,ITA,1958,Legal
Italy,ITA,1959,Legal
Italy,ITA,1960,Legal
Italy,ITA,1961,Legal
Italy,ITA,1962,Legal
Italy,ITA,1963,Legal
Italy,ITA,1964,Legal
Italy,ITA,1965,Legal
Italy,ITA,1966,Legal
Italy,ITA,1967,Legal
Italy,ITA,1968,Legal
Italy,ITA,1969,Legal
Italy,ITA,1970,Legal
Italy,ITA,1971,Legal
Italy,ITA,1972,Legal
Italy,ITA,1973,Legal
Italy,ITA,1974,Legal
Italy,ITA,1975,Legal
Italy,ITA,1976,Legal
Italy,ITA,1977,Legal
Italy,ITA,1978,Legal
Italy,ITA,1979,Legal
Italy,ITA,1980,Legal
Italy,ITA,1981,Legal
Italy,ITA,1982,Legal
Italy,ITA,1983,Legal
Italy,ITA,1984,Legal
Italy,ITA,1985,Legal
Italy,ITA,1986,Legal
Italy,ITA,1987,Legal
Italy,ITA,1988,Legal
Italy,ITA,1989,Legal
Italy,ITA,1990,Legal
Italy,ITA,1991,Legal
Italy,ITA,1992,Legal
Italy,ITA,1993,Legal
Italy,ITA,1994,Legal
Italy,ITA,1995,Legal
Italy,ITA,1996,Legal
Italy,ITA,1997,Legal
Italy,ITA,1998,Legal
Italy,ITA,1999,Legal
Italy,ITA,2000,Legal
Italy,ITA,2001,Legal
Italy,ITA,2002,Legal
Italy,ITA,2003,Legal
Italy,ITA,2004,Legal
Italy,ITA,2005,Legal
Italy,ITA,2006,Legal
Italy,ITA,2007,Legal
Italy,ITA,2008,Legal
Italy,ITA,2009,Legal
Italy,ITA,2010,Legal
Italy,ITA,2011,Legal
Italy,ITA,2012,Legal
Italy,ITA,2013,Legal
Italy,ITA,2014,Legal
Italy,ITA,2015,Legal
Italy,ITA,2016,Legal
Italy,ITA,2017,Legal
Italy,ITA,2018,Legal
Italy,ITA,2019,Legal
Italy,ITA,2020,Legal
Italy,ITA,2021,Legal
Italy,ITA,2022,Legal
Italy,ITA,2023,Legal
Italy,ITA,2024,Legal
Italy,ITA,2025,Legal
Jamaica,JAM,1864,Illegal
Jamaica,JAM,1865,Illegal
Jamaica,JAM,1866,Illegal
Jamaica,JAM,1867,Illegal
Jamaica,JAM,1868,Illegal
Jamaica,JAM,1869,Illegal
Jamaica,JAM,1870,Illegal
Jamaica,JAM,1871,Illegal
Jamaica,JAM,1872,Illegal
Jamaica,JAM,1873,Illegal
Jamaica,JAM,1874,Illegal
Jamaica,JAM,1875,Illegal
Jamaica,JAM,1876,Illegal
Jamaica,JAM,1877,Illegal
Jamaica,JAM,1878,Illegal
Jamaica,JAM,1879,Illegal
Jamaica,JAM,1880,Illegal
Jamaica,JAM,1881,Illegal
Jamaica,JAM,1882,Illegal
Jamaica,JAM,1883,Illegal
Jamaica,JAM,1884,Illegal
Jamaica,JAM,1885,Illegal
Jamaica,JAM,1886,Illegal
Jamaica,JAM,1887,Illegal
Jamaica,JAM,1888,Illegal
Jamaica,JAM,1889,Illegal
Jamaica,JAM,1890,Illegal
Jamaica,JAM,1891,Illegal
Jamaica,JAM,1892,Illegal
Jamaica,JAM,1893,Illegal
Jamaica,JAM,1894,Illegal
Jamaica,JAM,1895,Illegal
Jamaica,JAM,1896,Illegal
Jamaica,JAM,1897,Illegal
Jamaica,JAM,1898,Illegal
Jamaica,JAM,1899,Illegal
Jamaica,JAM,1900,Illegal
Jamaica,JAM,1901,Illegal
Jamaica,JAM,1902,Illegal
Jamaica,JAM,1903,Illegal
Jamaica,JAM,1904,Illegal
Jamaica,JAM,1905,Illegal
Jamaica,JAM,1906,Illegal
Jamaica,JAM,1907,Illegal
Jamaica,JAM,1908,Illegal
Jamaica,JAM,1909,Illegal
Jamaica,JAM,1910,Illegal
Jamaica,JAM,1911,Illegal
Jamaica,JAM,1912,Illegal
Jamaica,JAM,1913,Illegal
Jamaica,JAM,1914,Illegal
Jamaica,JAM,1915,Illegal
Jamaica,JAM,1916,Illegal
Jamaica,JAM,1917,Illegal
Jamaica,JAM,1918,Illegal
Jamaica,JAM,1919,Illegal
Jamaica,JAM,1920,Illegal
Jamaica,JAM,1921,Illegal
Jamaica,JAM,1922,Illegal
Jamaica,JAM,1923,Illegal
Jamaica,JAM,1924,Illegal
Jamaica,JAM,1925,Illegal
Jamaica,JAM,1926,Illegal
Jamaica,JAM,1927,Illegal
Jamaica,JAM,1928,Illegal
Jamaica,JAM,1929,Illegal
Jamaica,JAM,1930,Illegal
Jamaica,JAM,1931,Illegal
Jamaica,JAM,1932,Illegal
Jamaica,JAM,1933,Illegal
Jamaica,JAM,1934,Illegal
Jamaica,JAM,1935,Illegal
Jamaica,JAM,1936,Illegal
Jamaica,JAM,1937,Illegal
Jamaica,JAM,1938,Illegal
Jamaica,JAM,1939,Illegal
Jamaica,JAM,1940,Illegal
Jamaica,JAM,1941,Illegal
Jamaica,JAM,1942,Illegal
Jamaica,JAM,1943,Illegal
Jamaica,JAM,1944,Illegal
Jamaica,JAM,1945,Illegal
Jamaica,JAM,1946,Illegal
Jamaica,JAM,1947,Illegal
Jamaica,JAM,1948,Illegal
Jamaica,JAM,1949,Illegal
Jamaica,JAM,1950,Illegal
Jamaica,JAM,1951,Illegal
Jamaica,JAM,1952,Illegal
Jamaica,JAM,1953,Illegal
Jamaica,JAM,1954,Illegal
Jamaica,JAM,1955,Illegal
Jamaica,JAM,1956,Illegal
Jamaica,JAM,1957,Illegal
Jamaica,JAM,1958,Illegal
Jamaica,JAM,1959,Illegal
Jamaica,JAM,1960,Illegal
Jamaica,JAM,1961,Illegal
Jamaica,JAM,1962,Illegal
Jamaica,JAM,1963,Illegal
Jamaica,JAM,1964,Illegal
Jamaica,JAM,1965,Illegal
Jamaica,JAM,1966,Illegal
Jamaica,JAM,1967,Illegal
Jamaica,JAM,1968,Illegal
Jamaica,JAM,1969,Illegal
Jamaica,JAM,1970,Illegal
Jamaica,JAM,1971,Illegal
Jamaica,JAM,1972,Illegal
Jamaica,JAM,1973,Illegal
Jamaica,JAM,1974,Illegal
Jamaica,JAM,1975,Illegal
Jamaica,JAM,1976,Illegal
Jamaica,JAM,1977,Illegal
Jamaica,JAM,1978,Illegal
Jamaica,JAM,1979,Illegal
Jamaica,JAM,1980,Illegal
Jamaica,JAM,1981,Illegal
Jamaica,JAM,1982,Illegal
Jamaica,JAM,1983,Illegal
Jamaica,JAM,1984,Illegal
Jamaica,JAM,1985,Illegal
Jamaica,JAM,1986,Illegal
Jamaica,JAM,1987,Illegal
Jamaica,JAM,1988,Illegal
Jamaica,JAM,1989,Illegal
Jamaica,JAM,1990,Illegal
Jamaica,JAM,1991,Illegal
Jamaica,JAM,1992,Illegal
Jamaica,JAM,1993,Illegal
Jamaica,JAM,1994,Illegal
Jamaica,JAM,1995,Illegal
Jamaica,JAM,1996,Illegal
Jamaica,JAM,1997,Illegal
Jamaica,JAM,1998,Illegal
Jamaica,JAM,1999,Illegal
Jamaica,JAM,2000,Illegal
Jamaica,JAM,2001,Illegal
Jamaica,JAM,2002,Illegal
Jamaica,JAM,2003,Illegal
Jamaica,JAM,2004,Illegal
Jamaica,JAM,2005,Illegal
Jamaica,JAM,2006,Illegal
Jamaica,JAM,2007,Illegal
Jamaica,JAM,2008,Illegal
Jamaica,JAM,2009,Illegal
Jamaica,JAM,2010,Illegal
Jamaica,JAM,2011,Illegal
Jamaica,JAM,2012,Illegal
Jamaica,JAM,2013,Illegal
Jamaica,JAM,2014,Illegal
Jamaica,JAM,2015,Illegal
Jamaica,JAM,2016,Illegal
Jamaica,JAM,2017,Illegal
Jamaica,JAM,2018,Illegal
Jamaica,JAM,2019,Illegal
Jamaica,JAM,2020,Illegal
Jamaica,JAM,2021,Illegal
Jamaica,JAM,2022,Illegal
Jamaica,JAM,2023,Illegal
Jamaica,JAM,2024,Illegal
Jamaica,JAM,2025,Illegal
Japan,JPN,1760,Legal
Japan,JPN,1761,Legal
Japan,JPN,1762,Legal
Japan,JPN,1763,Legal
Japan,JPN,1764,Legal
Japan,JPN,1765,Legal
Japan,JPN,1766,Legal
Japan,JPN,1767,Legal
Japan,JPN,1768,Legal
Japan,JPN,1769,Legal
Japan,JPN,1770,Legal
Japan,JPN,1771,Legal
Japan,JPN,1772,Legal
Japan,JPN,1773,Legal
Japan,JPN,1774,Legal
Japan,JPN,1775,Legal
Japan,JPN,1776,Legal
Japan,JPN,1777,Legal
Japan,JPN,1778,Legal
Japan,JPN,1779,Legal
Japan,JPN,1780,Legal
Japan,JPN,1781,Legal
Japan,JPN,1782,Legal
Japan,JPN,1783,Legal
Japan,JPN,1784,Legal
Japan,JPN,1785,Legal
Japan,JPN,1786,Legal
Japan,JPN,1787,Legal
Japan,JPN,1788,Legal
Japan,JPN,1789,Legal
Japan,JPN,1790,Legal
Japan,JPN,1791,Legal
Japan,JPN,1792,Legal
Japan,JPN,1793,Legal
Japan,JPN,1794,Legal
Japan,JPN,1795,Legal
Japan,JPN,1796,Legal
Japan,JPN,1797,Legal
Japan,JPN,1798,Legal
Japan,JPN,1799,Legal
Japan,JPN,1800,Legal
Japan,JPN,1801,Legal
Japan,JPN,1802,Legal
Japan,JPN,1803,Legal
Japan,JPN,1804,Legal
Japan,JPN,1805,Legal
Japan,JPN,1806,Legal
Japan,JPN,1807,Legal
Japan,JPN,1808,Legal
Japan,JPN,1809,Legal
Japan,JPN,1810,Legal
Japan,JPN,1811,Legal
Japan,JPN,1812,Legal
Japan,JPN,1813,Legal
Japan,JPN,1814,Legal
Japan,JPN,1815,Legal
Japan,JPN,1816,Legal
Japan,JPN,1817,Legal
Japan,JPN,1818,Legal
Japan,JPN,1819,Legal
Japan,JPN,1820,Legal
Japan,JPN,1821,Legal
Japan,JPN,1822,Legal
Japan,JPN,1823,Legal
Japan,JPN,1824,Legal
Japan,JPN,1825,Legal
Japan,JPN,1826,Legal
Japan,JPN,1827,Legal
Japan,JPN,1828,Legal
Japan,JPN,1829,Legal
Japan,JPN,1830,Legal
Japan,JPN,1831,Legal
Japan,JPN,1832,Legal
Japan,JPN,1833,Legal
Japan,JPN,1834,Legal
Japan,JPN,1835,Legal
Japan,JPN,1836,Legal
Japan,JPN,1837,Legal
Japan,JPN,1838,Legal
Japan,JPN,1839,Legal
Japan,JPN,1840,Legal
Japan,JPN,1841,Legal
Japan,JPN,1842,Legal
Japan,JPN,1843,Legal
Japan,JPN,1844,Legal
Japan,JPN,1845,Legal
Japan,JPN,1846,Legal
Japan,JPN,1847,Legal
Japan,JPN,1848,Legal
Japan,JPN,1849,Legal
Japan,JPN,1850,Legal
Japan,JPN,1851,Legal
Japan,JPN,1852,Legal
Japan,JPN,1853,Legal
Japan,JPN,1854,Legal
Japan,JPN,1855,Legal
Japan,JPN,1856,Legal
Japan,JPN,1857,Legal
Japan,JPN,1858,Legal
Japan,JPN,1859,Legal
Japan,JPN,1860,Legal
Japan,JPN,1861,Legal
Japan,JPN,1862,Legal
Japan,JPN,1863,Legal
Japan,JPN,1864,Legal
Japan,JPN,1865,Legal
Japan,JPN,1866,Legal
Japan,JPN,1867,Legal
Japan,JPN,1868,Legal
Japan,JPN,1869,Legal
Japan,JPN,1870,Legal
Japan,JPN,1871,Legal
Japan,JPN,1872,Legal
Japan,JPN,1873,Illegal
Japan,JPN,1874,Illegal
Japan,JPN,1875,Illegal
Japan,JPN,1876,Illegal
Japan,JPN,1877,Illegal
Japan,JPN,1878,Illegal
Japan,JPN,1879,Illegal
Japan,JPN,1880,Illegal
Japan,JPN,1881,Illegal
Japan,JPN,1882,Legal
Japan,JPN,1883,Legal
Japan,JPN,1884,Legal
Japan,JPN,1885,Legal
Japan,JPN,1886,Legal
Japan,JPN,1887,Legal
Japan,JPN,1888,Legal
Japan,JPN,1889,Legal
Japan,JPN,1890,Legal
Japan,JPN,1891,Legal
Japan,JPN,1892,Legal
Japan,JPN,1893,Legal
Japan,JPN,1894,Legal
Japan,JPN,1895,Legal
Japan,JPN,1896,Legal
Japan,JPN,1897,Legal
Japan,JPN,1898,Legal
Japan,JPN,1899,Legal
Japan,JPN,1900,Legal
Japan,JPN,1901,Legal
Japan,JPN,1902,Legal
Japan,JPN,1903,Legal
Japan,JPN,1904,Legal
Japan,JPN,1905,Legal
Japan,JPN,1906,Legal
Japan,JPN,1907,Legal
Japan,JPN,1908,Legal
Japan,JPN,1909,Legal
Japan,JPN,1910,Legal
Japan,JPN,1911,Legal
Japan,JPN,1912,Legal
Japan,JPN,1913,Legal
Japan,JPN,1914,Legal
Japan,JPN,1915,Legal
Japan,JPN,1916,Legal
Japan,JPN,1917,Legal
Japan,JPN,1918,Legal
Japan,JPN,1919,Legal
Japan,JPN,1920,Legal
Japan,JPN,1921,Legal
Japan,JPN,1922,Legal
Japan,JPN,1923,Legal
Japan,JPN,1924,Legal
Japan,JPN,1925,Legal
Japan,JPN,1926,Legal
Japan,JPN,1927,Legal
Japan,JPN,1928,Legal
Japan,JPN,1929,Legal
Japan,JPN,1930,Legal
Japan,JPN,1931,Legal
Japan,JPN,1932,Legal
Japan,JPN,1933,Legal
Japan,JPN,1934,Legal
Japan,JPN,1935,Legal
Japan,JPN,1936,Legal
Japan,JPN,1937,Legal
Japan,JPN,1938,Legal
Japan,JPN,1939,Legal
Japan,JPN,1940,Legal
Japan,JPN,1941,Legal
Japan,JPN,1942,Legal
Japan,JPN,1943,Legal
Japan,JPN,1944,Legal
Japan,JPN,1945,Legal
Japan,JPN,1946,Legal
Japan,JPN,1947,Legal
Japan,JPN,1948,Legal
Japan,JPN,1949,Legal
Japan,JPN,1950,Legal
Japan,JPN,1951,Legal
Japan,JPN,1952,Legal
Japan,JPN,1953,Legal
Japan,JPN,1954,Legal
Japan,JPN,1955,Legal
Japan,JPN,1956,Legal
Japan,JPN,1957,Legal
Japan,JPN,1958,Legal
Japan,JPN,1959,Legal
Japan,JPN,1960,Legal
Japan,JPN,1961,Legal
Japan,JPN,1962,Legal
Japan,JPN,1963,Legal
Japan,JPN,1964,Legal
Japan,JPN,1965,Legal
Japan,JPN,1966,Legal
Japan,JPN,1967,Legal
Japan,JPN,1968,Legal
Japan,JPN,1969,Legal
Japan,JPN,1970,Legal
Japan,JPN,1971,Legal
Japan,JPN,1972,Legal
Japan,JPN,1973,Legal
Japan,JPN,1974,Legal
Japan,JPN,1975,Legal
Japan,JPN,1976,Legal
Japan,JPN,1977,Legal
Japan,JPN,1978,Legal
Japan,JPN,1979,Legal
Japan,JPN,1980,Legal
Japan,JPN,1981,Legal
Japan,JPN,1982,Legal
Japan,JPN,1983,Legal
Japan,JPN,1984,Legal
Japan,JPN,1985,Legal
Japan,JPN,1986,Legal
Japan,JPN,1987,Legal
Japan,JPN,1988,Legal
Japan,JPN,1989,Legal
Japan,JPN,1990,Legal
Japan,JPN,1991,Legal
Japan,JPN,1992,Legal
Japan,JPN,1993,Legal
Japan,JPN,1994,Legal
Japan,JPN,1995,Legal
Japan,JPN,1996,Legal
Japan,JPN,1997,Legal
Japan,JPN,1998,Legal
Japan,JPN,1999,Legal
Japan,JPN,2000,Legal
Japan,JPN,2001,Legal
Japan,JPN,2002,Legal
Japan,JPN,2003,Legal
Japan,JPN,2004,Legal
Japan,JPN,2005,Legal
Japan,JPN,2006,Legal
Japan,JPN,2007,Legal
Japan,JPN,2008,Legal
Japan,JPN,2009,Legal
Japan,JPN,2010,Legal
Japan,JPN,2011,Legal
Japan,JPN,2012,Legal
Japan,JPN,2013,Legal
Japan,JPN,2014,Legal
Japan,JPN,2015,Legal
Japan,JPN,2016,Legal
Japan,JPN,2017,Legal
Japan,JPN,2018,Legal
Japan,JPN,2019,Legal
Japan,JPN,2020,Legal
Japan,JPN,2021,Legal
Japan,JPN,2022,Legal
Japan,JPN,2023,Legal
Japan,JPN,2024,Legal
Japan,JPN,2025,Legal
Jordan,JOR,1760,Illegal
Jordan,JOR,1761,Illegal
Jordan,JOR,1762,Illegal
Jordan,JOR,1763,Illegal
Jordan,JOR,1764,Illegal
Jordan,JOR,1765,Illegal
Jordan,JOR,1766,Illegal
Jordan,JOR,1767,Illegal
Jordan,JOR,1768,Illegal
Jordan,JOR,1769,Illegal
Jordan,JOR,1770,Illegal
Jordan,JOR,1771,Illegal
Jordan,JOR,1772,Illegal
Jordan,JOR,1773,Illegal
Jordan,JOR,1774,Illegal
Jordan,JOR,1775,Illegal
Jordan,JOR,1776,Illegal
Jordan,JOR,1777,Illegal
Jordan,JOR,1778,Illegal
Jordan,JOR,1779,Illegal
Jordan,JOR,1780,Illegal
Jordan,JOR,1781,Illegal
Jordan,JOR,1782,Illegal
Jordan,JOR,1783,Illegal
Jordan,JOR,1784,Illegal
Jordan,JOR,1785,Illegal
Jordan,JOR,1786,Illegal
Jordan,JOR,1787,Illegal
Jordan,JOR,1788,Illegal
Jordan,JOR,1789,Illegal
Jordan,JOR,1790,Illegal
Jordan,JOR,1791,Illegal
Jordan,JOR,1792,Illegal
Jordan,JOR,1793,Illegal
Jordan,JOR,1794,Illegal
Jordan,JOR,1795,Illegal
Jordan,JOR,1796,Illegal
Jordan,JOR,1797,Illegal
Jordan,JOR,1798,Illegal
Jordan,JOR,1799,Illegal
Jordan,JOR,1800,Illegal
Jordan,JOR,1801,Illegal
Jordan,JOR,1802,Illegal
Jordan,JOR,1803,Illegal
Jordan,JOR,1804,Illegal
Jordan,JOR,1805,Illegal
Jordan,JOR,1806,Illegal
Jordan,JOR,1807,Illegal
Jordan,JOR,1808,Illegal
Jordan,JOR,1809,Illegal
Jordan,JOR,1810,Illegal
Jordan,JOR,1811,Illegal
Jordan,JOR,1812,Illegal
Jordan,JOR,1813,Illegal
Jordan,JOR,1814,Illegal
Jordan,JOR,1815,Illegal
Jordan,JOR,1816,Illegal
Jordan,JOR,1817,Illegal
Jordan,JOR,1818,Illegal
Jordan,JOR,1819,Illegal
Jordan,JOR,1820,Illegal
Jordan,JOR,1821,Illegal
Jordan,JOR,1822,Illegal
Jordan,JOR,1823,Illegal
Jordan,JOR,1824,Illegal
Jordan,JOR,1825,Illegal
Jordan,JOR,1826,Illegal
Jordan,JOR,1827,Illegal
Jordan,JOR,1828,Illegal
Jordan,JOR,1829,Illegal
Jordan,JOR,1830,Illegal
Jordan,JOR,1831,Illegal
Jordan,JOR,1832,Illegal
Jordan,JOR,1833,Illegal
Jordan,JOR,1834,Illegal
Jordan,JOR,1835,Illegal
Jordan,JOR,1836,Illegal
Jordan,JOR,1837,Illegal
Jordan,JOR,1838,Illegal
Jordan,JOR,1839,Illegal
Jordan,JOR,1840,Illegal
Jordan,JOR,1841,Illegal
Jordan,JOR,1842,Illegal
Jordan,JOR,1843,Illegal
Jordan,JOR,1844,Illegal
Jordan,JOR,1845,Illegal
Jordan,JOR,1846,Illegal
Jordan,JOR,1847,Illegal
Jordan,JOR,1848,Illegal
Jordan,JOR,1849,Illegal
Jordan,JOR,1850,Illegal
Jordan,JOR,1851,Illegal
Jordan,JOR,1852,Illegal
Jordan,JOR,1853,Illegal
Jordan,JOR,1854,Illegal
Jordan,JOR,1855,Illegal
Jordan,JOR,1856,Illegal
Jordan,JOR,1857,Illegal
Jordan,JOR,1858,Legal
Jordan,JOR,1859,Legal
Jordan,JOR,1860,Legal
Jordan,JOR,1861,Legal
Jordan,JOR,1862,Legal
Jordan,JOR,1863,Legal
Jordan,JOR,1864,Legal
Jordan,JOR,1865,Legal
Jordan,JOR,1866,Legal
Jordan,JOR,1867,Legal
Jordan,JOR,1868,Legal
Jordan,JOR,1869,Legal
Jordan,JOR,1870,Legal
Jordan,JOR,1871,Legal
Jordan,JOR,1872,Legal
Jordan,JOR,1873,Legal
Jordan,JOR,1874,Legal
Jordan,JOR,1875,Legal
Jordan,JOR,1876,Legal
Jordan,JOR,1877,Legal
Jordan,JOR,1878,Legal
Jordan,JOR,1879,Legal
Jordan,JOR,1880,Legal
Jordan,JOR,1881,Legal
Jordan,JOR,1882,Legal
Jordan,JOR,1883,Legal
Jordan,JOR,1884,Legal
Jordan,JOR,1885,Legal
Jordan,JOR,1886,Legal
Jordan,JOR,1887,Legal
Jordan,JOR,1888,Legal
Jordan,JOR,1889,Legal
Jordan,JOR,1890,Legal
Jordan,JOR,1891,Legal
Jordan,JOR,1892,Legal
Jordan,JOR,1893,Legal
Jordan,JOR,1894,Legal
Jordan,JOR,1895,Legal
Jordan,JOR,1896,Legal
Jordan,JOR,1897,Legal
Jordan,JOR,1898,Legal
Jordan,JOR,1899,Legal
Jordan,JOR,1900,Legal
Jordan,JOR,1901,Legal
Jordan,JOR,1902,Legal
Jordan,JOR,1903,Legal
Jordan,JOR,1904,Legal
Jordan,JOR,1905,Legal
Jordan,JOR,1906,Legal
Jordan,JOR,1907,Legal
Jordan,JOR,1908,Legal
Jordan,JOR,1909,Legal
Jordan,JOR,1910,Legal
Jordan,JOR,1911,Legal
Jordan,JOR,1912,Legal
Jordan,JOR,1913,Legal
Jordan,JOR,1914,Legal
Jordan,JOR,1915,Legal
Jordan,JOR,1916,Legal
Jordan,JOR,1917,Legal
Jordan,JOR,1918,Legal
Jordan,JOR,1919,Legal
Jordan,JOR,1920,Legal
Jordan,JOR,1921,Legal
Jordan,JOR,1922,Legal
Jordan,JOR,1923,Legal
Jordan,JOR,1924,Legal
Jordan,JOR,1925,Legal
Jordan,JOR,1926,Legal
Jordan,JOR,1927,Legal
Jordan,JOR,1928,Legal
Jordan,JOR,1929,Legal
Jordan,JOR,1930,Legal
Jordan,JOR,1931,Legal
Jordan,JOR,1932,Legal
Jordan,JOR,1933,Legal
Jordan,JOR,1934,Legal
Jordan,JOR,1935,Legal
Jordan,JOR,1936,Illegal
Jordan,JOR,1937,Illegal
Jordan,JOR,1938,Illegal
Jordan,JOR,1939,Illegal
Jordan,JOR,1940,Illegal
Jordan,JOR,1941,Illegal
Jordan,JOR,1942,Illegal
Jordan,JOR,1943,Illegal
Jordan,JOR,1944,Illegal
Jordan,JOR,1945,Illegal
Jordan,JOR,1946,Illegal
Jordan,JOR,1947,Illegal
Jordan,JOR,1948,Illegal
Jordan,JOR,1949,Illegal
Jordan,JOR,1950,Illegal
Jordan,JOR,1951,Illegal
Jordan,JOR,1952,Illegal
Jordan,JOR,1953,Illegal
Jordan,JOR,1954,Illegal
Jordan,JOR,1955,Illegal
Jordan,JOR,1956,Illegal
Jordan,JOR,1957,Illegal
Jordan,JOR,1958,Illegal
Jordan,JOR,1959,Illegal
Jordan,JOR,1960,Legal
Jordan,JOR,1961,Legal
Jordan,JOR,1962,Legal
Jordan,JOR,1963,Legal
Jordan,JOR,1964,Legal
Jordan,JOR,1965,Legal
Jordan,JOR,1966,Legal
Jordan,JOR,1967,Legal
Jordan,JOR,1968,Legal
Jordan,JOR,1969,Legal
Jordan,JOR,1970,Legal
Jordan,JOR,1971,Legal
Jordan,JOR,1972,Legal
Jordan,JOR,1973,Legal
Jordan,JOR,1974,Legal
Jordan,JOR,1975,Legal
Jordan,JOR,1976,Legal
Jordan,JOR,1977,Legal
Jordan,JOR,1978,Legal
Jordan,JOR,1979,Legal
Jordan,JOR,1980,Legal
Jordan,JOR,1981,Legal
Jordan,JOR,1982,Legal
Jordan,JOR,1983,Legal
Jordan,JOR,1984,Legal
Jordan,JOR,1985,Legal
Jordan,JOR,1986,Legal
Jordan,JOR,1987,Legal
Jordan,JOR,1988,Legal
Jordan,JOR,1989,Legal
Jordan,JOR,1990,Legal
Jordan,JOR,1991,Legal
Jordan,JOR,1992,Legal
Jordan,JOR,1993,Legal
Jordan,JOR,1994,Legal
Jordan,JOR,1995,Legal
Jordan,JOR,1996,Legal
Jordan,JOR,1997,Legal
Jordan,JOR,1998,Legal
Jordan,JOR,1999,Legal
Jordan,JOR,2000,Legal
Jordan,JOR,2001,Legal
Jordan,JOR,2002,Legal
Jordan,JOR,2003,Legal
Jordan,JOR,2004,Legal
Jordan,JOR,2005,Legal
Jordan,JOR,2006,Legal
Jordan,JOR,2007,Legal
Jordan,JOR,2008,Legal
Jordan,JOR,2009,Legal
Jordan,JOR,2010,Legal
Jordan,JOR,2011,Legal
Jordan,JOR,2012,Legal
Jordan,JOR,2013,Legal
Jordan,JOR,2014,Legal
Jordan,JOR,2015,Legal
Jordan,JOR,2016,Legal
Jordan,JOR,2017,Legal
Jordan,JOR,2018,Legal
Jordan,JOR,2019,Legal
Jordan,JOR,2020,Legal
Jordan,JOR,2021,Legal
Jordan,JOR,2022,Legal
Jordan,JOR,2023,Legal
Jordan,JOR,2024,Legal
Jordan,JOR,2025,Legal
Kazakhstan,KAZ,1760,Legal
Kazakhstan,KAZ,1761,Legal
Kazakhstan,KAZ,1762,Legal
Kazakhstan,KAZ,1763,Legal
Kazakhstan,KAZ,1764,Legal
Kazakhstan,KAZ,1765,Legal
Kazakhstan,KAZ,1766,Legal
Kazakhstan,KAZ,1767,Legal
Kazakhstan,KAZ,1768,Legal
Kazakhstan,KAZ,1769,Legal
Kazakhstan,KAZ,1770,Legal
Kazakhstan,KAZ,1771,Legal
Kazakhstan,KAZ,1772,Legal
Kazakhstan,KAZ,1773,Legal
Kazakhstan,KAZ,1774,Legal
Kazakhstan,KAZ,1775,Legal
Kazakhstan,KAZ,1776,Legal
Kazakhstan,KAZ,1777,Legal
Kazakhstan,KAZ,1778,Legal
Kazakhstan,KAZ,1779,Legal
Kazakhstan,KAZ,1780,Legal
Kazakhstan,KAZ,1781,Legal
Kazakhstan,KAZ,1782,Legal
Kazakhstan,KAZ,1783,Legal
Kazakhstan,KAZ,1784,Legal
Kazakhstan,KAZ,1785,Legal
Kazakhstan,KAZ,1786,Legal
Kazakhstan,KAZ,1787,Legal
Kazakhstan,KAZ,1788,Legal
Kazakhstan,KAZ,1789,Legal
Kazakhstan,KAZ,1790,Legal
Kazakhstan,KAZ,1791,Legal
Kazakhstan,KAZ,1792,Legal
Kazakhstan,KAZ,1793,Legal
Kazakhstan,KAZ,1794,Legal
Kazakhstan,KAZ,1795,Legal
Kazakhstan,KAZ,1796,Legal
Kazakhstan,KAZ,1797,Legal
Kazakhstan,KAZ,1798,Legal
Kazakhstan,KAZ,1799,Legal
Kazakhstan,KAZ,1800,Legal
Kazakhstan,KAZ,1801,Legal
Kazakhstan,KAZ,1802,Legal
Kazakhstan,KAZ,1803,Legal
Kazakhstan,KAZ,1804,Legal
Kazakhstan,KAZ,1805,Legal
Kazakhstan,KAZ,1806,Legal
Kazakhstan,KAZ,1807,Legal
Kazakhstan,KAZ,1808,Legal
Kazakhstan,KAZ,1809,Legal
Kazakhstan,KAZ,1810,Legal
Kazakhstan,KAZ,1811,Legal
Kazakhstan,KAZ,1812,Legal
Kazakhstan,KAZ,1813,Legal
Kazakhstan,KAZ,1814,Legal
Kazakhstan,KAZ,1815,Legal
Kazakhstan,KAZ,1816,Legal
Kazakhstan,KAZ,1817,Legal
Kazakhstan,KAZ,1818,Legal
Kazakhstan,KAZ,1819,Legal
Kazakhstan,KAZ,1820,Legal
Kazakhstan,KAZ,1821,Legal
Kazakhstan,KAZ,1822,Legal
Kazakhstan,KAZ,1823,Legal
Kazakhstan,KAZ,1824,Legal
Kazakhstan,KAZ,1825,Legal
Kazakhstan,KAZ,1826,Legal
Kazakhstan,KAZ,1827,Legal
Kazakhstan,KAZ,1828,Legal
Kazakhstan,KAZ,1829,Legal
Kazakhstan,KAZ,1830,Legal
Kazakhstan,KAZ,1831,Legal
Kazakhstan,KAZ,1832,Illegal
Kazakhstan,KAZ,1833,Illegal
Kazakhstan,KAZ,1834,Illegal
Kazakhstan,KAZ,1835,Illegal
Kazakhstan,KAZ,1836,Illegal
Kazakhstan,KAZ,1837,Illegal
Kazakhstan,KAZ,1838,Illegal
Kazakhstan,KAZ,1839,Illegal
Kazakhstan,KAZ,1840,Illegal
Kazakhstan,KAZ,1841,Illegal
Kazakhstan,KAZ,1842,Illegal
Kazakhstan,KAZ,1843,Illegal
Kazakhstan,KAZ,1844,Illegal
Kazakhstan,KAZ,1845,Illegal
Kazakhstan,KAZ,1846,Illegal
Kazakhstan,KAZ,1847,Illegal
Kazakhstan,KAZ,1848,Illegal
Kazakhstan,KAZ,1849,Illegal
Kazakhstan,KAZ,1850,Illegal
Kazakhstan,KAZ,1851,Illegal
Kazakhstan,KAZ,1852,Illegal
Kazakhstan,KAZ,1853,Illegal
Kazakhstan,KAZ,1854,Illegal
Kazakhstan,KAZ,1855,Illegal
Kazakhstan,KAZ,1856,Illegal
Kazakhstan,KAZ,1857,Illegal
Kazakhstan,KAZ,1858,Illegal
Kazakhstan,KAZ,1859,Illegal
Kazakhstan,KAZ,1860,Illegal
Kazakhstan,KAZ,1861,Illegal
Kazakhstan,KAZ,1862,Illegal
Kazakhstan,KAZ,1863,Illegal
Kazakhstan,KAZ,1864,Illegal
Kazakhstan,KAZ,1865,Illegal
Kazakhstan,KAZ,1866,Illegal
Kazakhstan,KAZ,1867,Illegal
Kazakhstan,KAZ,1868,Illegal
Kazakhstan,KAZ,1869,Illegal
Kazakhstan,KAZ,1870,Illegal
Kazakhstan,KAZ,1871,Illegal
Kazakhstan,KAZ,1872,Illegal
Kazakhstan,KAZ,1873,Illegal
Kazakhstan,KAZ,1874,Illegal
Kazakhstan,KAZ,1875,Illegal
Kazakhstan,KAZ,1876,Illegal
Kazakhstan,KAZ,1877,Illegal
Kazakhstan,KAZ,1878,Illegal
Kazakhstan,KAZ,1879,Illegal
Kazakhstan,KAZ,1880,Illegal
Kazakhstan,KAZ,1881,Illegal
Kazakhstan,KAZ,1882,Illegal
Kazakhstan,KAZ,1883,Illegal
Kazakhstan,KAZ,1884,Illegal
Kazakhstan,KAZ,1885,Illegal
Kazakhstan,KAZ,1886,Illegal
Kazakhstan,KAZ,1887,Illegal
Kazakhstan,KAZ,1888,Illegal
Kazakhstan,KAZ,1889,Illegal
Kazakhstan,KAZ,1890,Illegal
Kazakhstan,KAZ,1891,Illegal
Kazakhstan,KAZ,1892,Illegal
Kazakhstan,KAZ,1893,Illegal
Kazakhstan,KAZ,1894,Illegal
Kazakhstan,KAZ,1895,Illegal
Kazakhstan,KAZ,1896,Illegal
Kazakhstan,KAZ,1897,Illegal
Kazakhstan,KAZ,1898,Illegal
Kazakhstan,KAZ,1899,Illegal
Kazakhstan,KAZ,1900,Illegal
Kazakhstan,KAZ,1901,Illegal
Kazakhstan,KAZ,1902,Illegal
Kazakhstan,KAZ,1903,Illegal
Kazakhstan,KAZ,1904,Illegal
Kazakhstan,KAZ,1905,Illegal
Kazakhstan,KAZ,1906,Illegal
Kazakhstan,KAZ,1907,Illegal
Kazakhstan,KAZ,1908,Illegal
Kazakhstan,KAZ,1909,Illegal
Kazakhstan,KAZ,1910,Illegal
Kazakhstan,KAZ,1911,Illegal
Kazakhstan,KAZ,1912,Illegal
Kazakhstan,KAZ,1913,Illegal
Kazakhstan,KAZ,1914,Illegal
Kazakhstan,KAZ,1915,Illegal
Kazakhstan,KAZ,1916,Illegal
Kazakhstan,KAZ,1917,Illegal
Kazakhstan,KAZ,1918,Illegal
Kazakhstan,KAZ,1919,Illegal
Kazakhstan,KAZ,1920,Illegal
Kazakhstan,KAZ,1921,Illegal
Kazakhstan,KAZ,1922,Illegal
Kazakhstan,KAZ,1923,Illegal
Kazakhstan,KAZ,1924,Illegal
Kazakhstan,KAZ,1925,Illegal
Kazakhstan,KAZ,1926,Illegal
Kazakhstan,KAZ,1927,Illegal
Kazakhstan,KAZ,1928,Illegal
Kazakhstan,KAZ,1929,Illegal
Kazakhstan,KAZ,1930,Illegal
Kazakhstan,KAZ,1931,Illegal
Kazakhstan,KAZ,1932,Illegal
Kazakhstan,KAZ,1933,Illegal
Kazakhstan,KAZ,1934,Illegal
Kazakhstan,KAZ,1935,Illegal
Kazakhstan,KAZ,1936,Illegal
Kazakhstan,KAZ,1937,Illegal
Kazakhstan,KAZ,1938,Illegal
Kazakhstan,KAZ,1939,Illegal
Kazakhstan,KAZ,1940,Illegal
Kazakhstan,KAZ,1941,Illegal
Kazakhstan,KAZ,1942,Illegal
Kazakhstan,KAZ,1943,Illegal
Kazakhstan,KAZ,1944,Illegal
Kazakhstan,KAZ,1945,Illegal
Kazakhstan,KAZ,1946,Illegal
Kazakhstan,KAZ,1947,Illegal
Kazakhstan,KAZ,1948,Illegal
Kazakhstan,KAZ,1949,Illegal
Kazakhstan,KAZ,1950,Illegal
Kazakhstan,KAZ,1951,Illegal
Kazakhstan,KAZ,1952,Illegal
Kazakhstan,KAZ,1953,Illegal
Kazakhstan,KAZ,1954,Illegal
Kazakhstan,KAZ,1955,Illegal
Kazakhstan,KAZ,1956,Illegal
Kazakhstan,KAZ,1957,Illegal
Kazakhstan,KAZ,1958,Illegal
Kazakhstan,KAZ,1959,Illegal
Kazakhstan,KAZ,1960,Illegal
Kazakhstan,KAZ,1961,Illegal
Kazakhstan,KAZ,1962,Illegal
Kazakhstan,KAZ,1963,Illegal
Kazakhstan,KAZ,1964,Illegal
Kazakhstan,KAZ,1965,Illegal
Kazakhstan,KAZ,1966,Illegal
Kazakhstan,KAZ,1967,Illegal
Kazakhstan,KAZ,1968,Illegal
Kazakhstan,KAZ,1969,Illegal
Kazakhstan,KAZ,1970,Illegal
Kazakhstan,KAZ,1971,Illegal
Kazakhstan,KAZ,1972,Illegal
Kazakhstan,KAZ,1973,Illegal
Kazakhstan,KAZ,1974,Illegal
Kazakhstan,KAZ,1975,Illegal
Kazakhstan,KAZ,1976,Illegal
Kazakhstan,KAZ,1977,Illegal
Kazakhstan,KAZ,1978,Illegal
Kazakhstan,KAZ,1979,Illegal
Kazakhstan,KAZ,1980,Illegal
Kazakhstan,KAZ,1981,Illegal
Kazakhstan,KAZ,1982,Illegal
Kazakhstan,KAZ,1983,Illegal
Kazakhstan,KAZ,1984,Illegal
Kazakhstan,KAZ,1985,Illegal
Kazakhstan,KAZ,1986,Illegal
Kazakhstan,KAZ,1987,Illegal
Kazakhstan,KAZ,1988,Illegal
Kazakhstan,KAZ,1989,Illegal
Kazakhstan,KAZ,1990,Illegal
Kazakhstan,KAZ,1991,Illegal
Kazakhstan,KAZ,1992,Illegal
Kazakhstan,KAZ,1993,Illegal
Kazakhstan,KAZ,1994,Illegal
Kazakhstan,KAZ,1995,Illegal
Kazakhstan,KAZ,1996,Illegal
Kazakhstan,KAZ,1997,Illegal
Kazakhstan,KAZ,1998,Legal
Kazakhstan,KAZ,1999,Legal
Kazakhstan,KAZ,2000,Legal
Kazakhstan,KAZ,2001,Legal
Kazakhstan,KAZ,2002,Legal
Kazakhstan,KAZ,2003,Legal
Kazakhstan,KAZ,2004,Legal
Kazakhstan,KAZ,2005,Legal
Kazakhstan,KAZ,2006,Legal
Kazakhstan,KAZ,2007,Legal
Kazakhstan,KAZ,2008,Legal
Kazakhstan,KAZ,2009,Legal
Kazakhstan,KAZ,2010,Legal
Kazakhstan,KAZ,2011,Legal
Kazakhstan,KAZ,2012,Legal
Kazakhstan,KAZ,2013,Legal
Kazakhstan,KAZ,2014,Legal
Kazakhstan,KAZ,2015,Legal
Kazakhstan,KAZ,2016,Legal
Kazakhstan,KAZ,2017,Legal
Kazakhstan,KAZ,2018,Legal
Kazakhstan,KAZ,2019,Legal
Kazakhstan,KAZ,2020,Legal
Kazakhstan,KAZ,2021,Legal
Kazakhstan,KAZ,2022,Legal
Kazakhstan,KAZ,2023,Legal
Kazakhstan,KAZ,2024,Legal
Kazakhstan,KAZ,2025,Legal
Kenya,KEN,1897,Illegal
Kenya,KEN,1898,Illegal
Kenya,KEN,1899,Illegal
Kenya,KEN,1900,Illegal
Kenya,KEN,1901,Illegal
Kenya,KEN,1902,Illegal
Kenya,KEN,1903,Illegal
Kenya,KEN,1904,Illegal
Kenya,KEN,1905,Illegal
Kenya,KEN,1906,Illegal
Kenya,KEN,1907,Illegal
Kenya,KEN,1908,Illegal
Kenya,KEN,1909,Illegal
Kenya,KEN,1910,Illegal
Kenya,KEN,1911,Illegal
Kenya,KEN,1912,Illegal
Kenya,KEN,1913,Illegal
Kenya,KEN,1914,Illegal
Kenya,KEN,1915,Illegal
Kenya,KEN,1916,Illegal
Kenya,KEN,1917,Illegal
Kenya,KEN,1918,Illegal
Kenya,KEN,1919,Illegal
Kenya,KEN,1920,Illegal
Kenya,KEN,1921,Illegal
Kenya,KEN,1922,Illegal
Kenya,KEN,1923,Illegal
Kenya,KEN,1924,Illegal
Kenya,KEN,1925,Illegal
Kenya,KEN,1926,Illegal
Kenya,KEN,1927,Illegal
Kenya,KEN,1928,Illegal
Kenya,KEN,1929,Illegal
Kenya,KEN,1930,Illegal
Kenya,KEN,1931,Illegal
Kenya,KEN,1932,Illegal
Kenya,KEN,1933,Illegal
Kenya,KEN,1934,Illegal
Kenya,KEN,1935,Illegal
Kenya,KEN,1936,Illegal
Kenya,KEN,1937,Illegal
Kenya,KEN,1938,Illegal
Kenya,KEN,1939,Illegal
Kenya,KEN,1940,Illegal
Kenya,KEN,1941,Illegal
Kenya,KEN,1942,Illegal
Kenya,KEN,1943,Illegal
Kenya,KEN,1944,Illegal
Kenya,KEN,1945,Illegal
Kenya,KEN,1946,Illegal
Kenya,KEN,1947,Illegal
Kenya,KEN,1948,Illegal
Kenya,KEN,1949,Illegal
Kenya,KEN,1950,Illegal
Kenya,KEN,1951,Illegal
Kenya,KEN,1952,Illegal
Kenya,KEN,1953,Illegal
Kenya,KEN,1954,Illegal
Kenya,KEN,1955,Illegal
Kenya,KEN,1956,Illegal
Kenya,KEN,1957,Illegal
Kenya,KEN,1958,Illegal
Kenya,KEN,1959,Illegal
Kenya,KEN,1960,Illegal
Kenya,KEN,1961,Illegal
Kenya,KEN,1962,Illegal
Kenya,KEN,1963,Illegal
Kenya,KEN,1964,Illegal
Kenya,KEN,1965,Illegal
Kenya,KEN,1966,Illegal
Kenya,KEN,1967,Illegal
Kenya,KEN,1968,Illegal
Kenya,KEN,1969,Illegal
Kenya,KEN,1970,Illegal
Kenya,KEN,1971,Illegal
Kenya,KEN,1972,Illegal
Kenya,KEN,1973,Illegal
Kenya,KEN,1974,Illegal
Kenya,KEN,1975,Illegal
Kenya,KEN,1976,Illegal
Kenya,KEN,1977,Illegal
Kenya,KEN,1978,Illegal
Kenya,KEN,1979,Illegal
Kenya,KEN,1980,Illegal
Kenya,KEN,1981,Illegal
Kenya,KEN,1982,Illegal
Kenya,KEN,1983,Illegal
Kenya,KEN,1984,Illegal
Kenya,KEN,1985,Illegal
Kenya,KEN,1986,Illegal
Kenya,KEN,1987,Illegal
Kenya,KEN,1988,Illegal
Kenya,KEN,1989,Illegal
Kenya,KEN,1990,Illegal
Kenya,KEN,1991,Illegal
Kenya,KEN,1992,Illegal
Kenya,KEN,1993,Illegal
Kenya,KEN,1994,Illegal
Kenya,KEN,1995,Illegal
Kenya,KEN,1996,Illegal
Kenya,KEN,1997,Illegal
Kenya,KEN,1998,Illegal
Kenya,KEN,1999,Illegal
Kenya,KEN,2000,Illegal
Kenya,KEN,2001,Illegal
Kenya,KEN,2002,Illegal
Kenya,KEN,2003,Illegal
Kenya,KEN,2004,Illegal
Kenya,KEN,2005,Illegal
Kenya,KEN,2006,Illegal
Kenya,KEN,2007,Illegal
Kenya,KEN,2008,Illegal
Kenya,KEN,2009,Illegal
Kenya,KEN,2010,Illegal
Kenya,KEN,2011,Illegal
Kenya,KEN,2012,Illegal
Kenya,KEN,2013,Illegal
Kenya,KEN,2014,Illegal
Kenya,KEN,2015,Illegal
Kenya,KEN,2016,Illegal
Kenya,KEN,2017,Illegal
Kenya,KEN,2018,Illegal
Kenya,KEN,2019,Illegal
Kenya,KEN,2020,Illegal
Kenya,KEN,2021,Illegal
Kenya,KEN,2022,Illegal
Kenya,KEN,2023,Illegal
Kenya,KEN,2024,Illegal
Kenya,KEN,2025,Illegal
Kiribati,KIR,1977,Illegal
Kiribati,KIR,1978,Illegal
Kiribati,KIR,1979,Illegal
Kiribati,KIR,1980,Illegal
Kiribati,KIR,1981,Illegal
Kiribati,KIR,1982,Illegal
Kiribati,KIR,1983,Illegal
Kiribati,KIR,1984,Illegal
Kiribati,KIR,1985,Illegal
Kiribati,KIR,1986,Illegal
Kiribati,KIR,1987,Illegal
Kiribati,KIR,1988,Illegal
Kiribati,KIR,1989,Illegal
Kiribati,KIR,1990,Illegal
Kiribati,KIR,1991,Illegal
Kiribati,KIR,1992,Illegal
Kiribati,KIR,1993,Illegal
Kiribati,KIR,1994,Illegal
Kiribati,KIR,1995,Illegal
Kiribati,KIR,1996,Illegal
Kiribati,KIR,1997,Illegal
Kiribati,KIR,1998,Illegal
Kiribati,KIR,1999,Illegal
Kiribati,KIR,2000,Illegal
Kiribati,KIR,2001,Illegal
Kiribati,KIR,2002,Illegal
Kiribati,KIR,2003,Illegal
Kiribati,KIR,2004,Illegal
Kiribati,KIR,2005,Illegal
Kiribati,KIR,2006,Illegal
Kiribati,KIR,2007,Illegal
Kiribati,KIR,2008,Illegal
Kiribati,KIR,2009,Illegal
Kiribati,KIR,2010,Illegal
Kiribati,KIR,2011,Illegal
Kiribati,KIR,2012,Illegal
Kiribati,KIR,2013,Illegal
Kiribati,KIR,2014,Illegal
Kiribati,KIR,2015,Illegal
Kiribati,KIR,2016,Illegal
Kiribati,KIR,2017,Illegal
Kiribati,KIR,2018,Illegal
Kiribati,KIR,2019,Illegal
Kiribati,KIR,2020,Illegal
Kiribati,KIR,2021,Illegal
Kiribati,KIR,2022,Illegal
Kiribati,KIR,2023,Illegal
Kiribati,KIR,2024,Illegal
Kiribati,KIR,2025,Illegal
Kosovo,OWID_KOS,1878,Illegal
Kosovo,OWID_KOS,1879,Illegal
Kosovo,OWID_KOS,1880,Illegal
Kosovo,OWID_KOS,1881,Illegal
Kosovo,OWID_KOS,1882,Illegal
Kosovo,OWID_KOS,1883,Illegal
Kosovo,OWID_KOS,1884,Illegal
Kosovo,OWID_KOS,1885,Illegal
Kosovo,OWID_KOS,1886,Illegal
Kosovo,OWID_KOS,1887,Illegal
Kosovo,OWID_KOS,1888,Illegal
Kosovo,OWID_KOS,1889,Illegal
Kosovo,OWID_KOS,1890,Illegal
Kosovo,OWID_KOS,1891,Illegal
Kosovo,OWID_KOS,1892,Illegal
Kosovo,OWID_KOS,1893,Illegal
Kosovo,OWID_KOS,1894,Illegal
Kosovo,OWID_KOS,1895,Illegal
Kosovo,OWID_KOS,1896,Illegal
Kosovo,OWID_KOS,1897,Illegal
Kosovo,OWID_KOS,1898,Illegal
Kosovo,OWID_KOS,1899,Illegal
Kosovo,OWID_KOS,1900,Illegal
Kosovo,OWID_KOS,1901,Illegal
Kosovo,OWID_KOS,1902,Illegal
Kosovo,OWID_KOS,1903,Illegal
Kosovo,OWID_KOS,1904,Illegal
Kosovo,OWID_KOS,1905,Illegal
Kosovo,OWID_KOS,1906,Illegal
Kosovo,OWID_KOS,1907,Illegal
Kosovo,OWID_KOS,1908,Illegal
Kosovo,OWID_KOS,1909,Illegal
Kosovo,OWID_KOS,1910,Illegal
Kosovo,OWID_KOS,1911,Illegal
Kosovo,OWID_KOS,1912,Illegal
Kosovo,OWID_KOS,1913,Illegal
Kosovo,OWID_KOS,1914,Illegal
Kosovo,OWID_KOS,1915,Illegal
Kosovo,OWID_KOS,1916,Illegal
Kosovo,OWID_KOS,1917,Illegal
Kosovo,OWID_KOS,1918,Illegal
Kosovo,OWID_KOS,1919,Illegal
Kosovo,OWID_KOS,1920,Illegal
Kosovo,OWID_KOS,1921,Illegal
Kosovo,OWID_KOS,1922,Illegal
Kosovo,OWID_KOS,1923,Illegal
Kosovo,OWID_KOS,1924,Illegal
Kosovo,OWID_KOS,1925,Illegal
Kosovo,OWID_KOS,1926,Illegal
Kosovo,OWID_KOS,1927,Illegal
Kosovo,OWID_KOS,1928,Illegal
Kosovo,OWID_KOS,1929,Illegal
Kosovo,OWID_KOS,1930,Illegal
Kosovo,OWID_KOS,1931,Illegal
Kosovo,OWID_KOS,1932,Illegal
Kosovo,OWID_KOS,1933,Illegal
Kosovo,OWID_KOS,1934,Illegal
Kosovo,OWID_KOS,1935,Illegal
Kosovo,OWID_KOS,1936,Illegal
Kosovo,OWID_KOS,1937,Illegal
Kosovo,OWID_KOS,1938,Illegal
Kosovo,OWID_KOS,1939,Illegal
Kosovo,OWID_KOS,1940,Illegal
Kosovo,OWID_KOS,1941,Illegal
Kosovo,OWID_KOS,1942,Illegal
Kosovo,OWID_KOS,1943,Illegal
Kosovo,OWID_KOS,1944,Illegal
Kosovo,OWID_KOS,1945,Illegal
Kosovo,OWID_KOS,1946,Illegal
Kosovo,OWID_KOS,1947,Illegal
Kosovo,OWID_KOS,1948,Illegal
Kosovo,OWID_KOS,1949,Illegal
Kosovo,OWID_KOS,1950,Illegal
Kosovo,OWID_KOS,1951,Illegal
Kosovo,OWID_KOS,1952,Illegal
Kosovo,OWID_KOS,1953,Illegal
Kosovo,OWID_KOS,1954,Illegal
Kosovo,OWID_KOS,1955,Illegal
Kosovo,OWID_KOS,1956,Illegal
Kosovo,OWID_KOS,1957,Illegal
Kosovo,OWID_KOS,1958,Illegal
Kosovo,OWID_KOS,1959,Illegal
Kosovo,OWID_KOS,1960,Illegal
Kosovo,OWID_KOS,1961,Illegal
Kosovo,OWID_KOS,1962,Illegal
Kosovo,OWID_KOS,1963,Illegal
Kosovo,OWID_KOS,1964,Illegal
Kosovo,OWID_KOS,1965,Illegal
Kosovo,OWID_KOS,1966,Illegal
Kosovo,OWID_KOS,1967,Illegal
Kosovo,OWID_KOS,1968,Illegal
Kosovo,OWID_KOS,1969,Illegal
Kosovo,OWID_KOS,1970,Illegal
Kosovo,OWID_KOS,1971,Illegal
Kosovo,OWID_KOS,1972,Illegal
Kosovo,OWID_KOS,1973,Illegal
Kosovo,OWID_KOS,1974,Illegal
Kosovo,OWID_KOS,1975,Illegal
Kosovo,OWID_KOS,1976,Illegal
Kosovo,OWID_KOS,1977,Illegal
Kosovo,OWID_KOS,1978,Illegal
Kosovo,OWID_KOS,1979,Illegal
Kosovo,OWID_KOS,1980,Illegal
Kosovo,OWID_KOS,1981,Illegal
Kosovo,OWID_KOS,1982,Illegal
Kosovo,OWID_KOS,1983,Illegal
Kosovo,OWID_KOS,1984,Illegal
Kosovo,OWID_KOS,1985,Illegal
Kosovo,OWID_KOS,1986,Illegal
Kosovo,OWID_KOS,1987,Illegal
Kosovo,OWID_KOS,1988,Illegal
Kosovo,OWID_KOS,1989,Illegal
Kosovo,OWID_KOS,1990,Illegal
Kosovo,OWID_KOS,1991,Illegal
Kosovo,OWID_KOS,1992,Illegal
Kosovo,OWID_KOS,1993,Illegal
Kosovo,OWID_KOS,1994,Legal
Kosovo,OWID_KOS,1995,Legal
Kosovo,OWID_KOS,1996,Legal
Kosovo,OWID_KOS,1997,Legal
Kosovo,OWID_KOS,1998,Legal
Kosovo,OWID_KOS,1999,Legal
Kosovo,OWID_KOS,2000,Legal
Kosovo,OWID_KOS,2001,Legal
Kosovo,OWID_KOS,2002,Legal
Kosovo,OWID_KOS,2003,Legal
Kosovo,OWID_KOS,2004,Legal
Kosovo,OWID_KOS,2005,Legal
Kosovo,OWID_KOS,2006,Legal
Kosovo,OWID_KOS,2007,Legal
Kosovo,OWID_KOS,2008,Legal
Kosovo,OWID_KOS,2009,Legal
Kosovo,OWID_KOS,2010,Legal
Kosovo,OWID_KOS,2011,Legal
Kosovo,OWID_KOS,2012,Legal
Kosovo,OWID_KOS,2013,Legal
Kosovo,OWID_KOS,2014,Legal
Kosovo,OWID_KOS,2015,Legal
Kosovo,OWID_KOS,2016,Legal
Kosovo,OWID_KOS,2017,Legal
Kosovo,OWID_KOS,2018,Legal
Kosovo,OWID_KOS,2019,Legal
Kosovo,OWID_KOS,2020,Legal
Kosovo,OWID_KOS,2021,Legal
Kosovo,OWID_KOS,2022,Legal
Kosovo,OWID_KOS,2023,Legal
Kosovo,OWID_KOS,2024,Legal
Kosovo,OWID_KOS,2025,Legal
Kuwait,KWT,1960,Illegal
Kuwait,KWT,1961,Illegal
Kuwait,KWT,1962,Illegal
Kuwait,KWT,1963,Illegal
Kuwait,KWT,1964,Illegal
Kuwait,KWT,1965,Illegal
Kuwait,KWT,1966,Illegal
Kuwait,KWT,1967,Illegal
Kuwait,KWT,1968,Illegal
Kuwait,KWT,1969,Illegal
Kuwait,KWT,1970,Illegal
Kuwait,KWT,1971,Illegal
Kuwait,KWT,1972,Illegal
Kuwait,KWT,1973,Illegal
Kuwait,KWT,1974,Illegal
Kuwait,KWT,1975,Illegal
Kuwait,KWT,1976,Illegal
Kuwait,KWT,1977,Illegal
Kuwait,KWT,1978,Illegal
Kuwait,KWT,1979,Illegal
Kuwait,KWT,1980,Illegal
Kuwait,KWT,1981,Illegal
Kuwait,KWT,1982,Illegal
Kuwait,KWT,1983,Illegal
Kuwait,KWT,1984,Illegal
Kuwait,KWT,1985,Illegal
Kuwait,KWT,1986,Illegal
Kuwait,KWT,1987,Illegal
Kuwait,KWT,1988,Illegal
Kuwait,KWT,1989,Illegal
Kuwait,KWT,1990,Illegal
Kuwait,KWT,1991,Illegal
Kuwait,KWT,1992,Illegal
Kuwait,KWT,1993,Illegal
Kuwait,KWT,1994,Illegal
Kuwait,KWT,1995,Illegal
Kuwait,KWT,1996,Illegal
Kuwait,KWT,1997,Illegal
Kuwait,KWT,1998,Illegal
Kuwait,KWT,1999,Illegal
Kuwait,KWT,2000,Illegal
Kuwait,KWT,2001,Illegal
Kuwait,KWT,2002,Illegal
Kuwait,KWT,2003,Illegal
Kuwait,KWT,2004,Illegal
Kuwait,KWT,2005,Illegal
Kuwait,KWT,2006,Illegal
Kuwait,KWT,2007,Illegal
Kuwait,KWT,2008,Illegal
Kuwait,KWT,2009,Illegal
Kuwait,KWT,2010,Illegal
Kuwait,KWT,2011,Illegal
Kuwait,KWT,2012,Illegal
Kuwait,KWT,2013,Illegal
Kuwait,KWT,2014,Illegal
Kuwait,KWT,2015,Illegal
Kuwait,KWT,2016,Illegal
Kuwait,KWT,2017,Illegal
Kuwait,KWT,2018,Illegal
Kuwait,KWT,2019,Illegal
Kuwait,KWT,2020,Illegal
Kuwait,KWT,2021,Illegal
Kuwait,KWT,2022,Illegal
Kuwait,KWT,2023,Illegal
Kuwait,KWT,2024,Illegal
Kuwait,KWT,2025,Illegal
Kyrgyzstan,KGZ,1760,Legal
Kyrgyzstan,KGZ,1761,Legal
Kyrgyzstan,KGZ,1762,Legal
Kyrgyzstan,KGZ,1763,Legal
Kyrgyzstan,KGZ,1764,Legal
Kyrgyzstan,KGZ,1765,Legal
Kyrgyzstan,KGZ,1766,Legal
Kyrgyzstan,KGZ,1767,Legal
Kyrgyzstan,KGZ,1768,Legal
Kyrgyzstan,KGZ,1769,Legal
Kyrgyzstan,KGZ,1770,Legal
Kyrgyzstan,KGZ,1771,Legal
Kyrgyzstan,KGZ,1772,Legal
Kyrgyzstan,KGZ,1773,Legal
Kyrgyzstan,KGZ,1774,Legal
Kyrgyzstan,KGZ,1775,Legal
Kyrgyzstan,KGZ,1776,Legal
Kyrgyzstan,KGZ,1777,Legal
Kyrgyzstan,KGZ,1778,Legal
Kyrgyzstan,KGZ,1779,Legal
Kyrgyzstan,KGZ,1780,Legal
Kyrgyzstan,KGZ,1781,Legal
Kyrgyzstan,KGZ,1782,Legal
Kyrgyzstan,KGZ,1783,Legal
Kyrgyzstan,KGZ,1784,Legal
Kyrgyzstan,KGZ,1785,Legal
Kyrgyzstan,KGZ,1786,Legal
Kyrgyzstan,KGZ,1787,Legal
Kyrgyzstan,KGZ,1788,Legal
Kyrgyzstan,KGZ,1789,Legal
Kyrgyzstan,KGZ,1790,Legal
Kyrgyzstan,KGZ,1791,Legal
Kyrgyzstan,KGZ,1792,Legal
Kyrgyzstan,KGZ,1793,Legal
Kyrgyzstan,KGZ,1794,Legal
Kyrgyzstan,KGZ,1795,Legal
Kyrgyzstan,KGZ,1796,Legal
Kyrgyzstan,KGZ,1797,Legal
Kyrgyzstan,KGZ,1798,Legal
Kyrgyzstan,KGZ,1799,Legal
Kyrgyzstan,KGZ,1800,Legal
Kyrgyzstan,KGZ,1801,Legal
Kyrgyzstan,KGZ,1802,Legal
Kyrgyzstan,KGZ,1803,Legal
Kyrgyzstan,KGZ,1804,Legal
Kyrgyzstan,KGZ,1805,Legal
Kyrgyzstan,KGZ,1806,Legal
Kyrgyzstan,KGZ,1807,Legal
Kyrgyzstan,KGZ,1808,Legal
Kyrgyzstan,KGZ,1809,Legal
Kyrgyzstan,KGZ,1810,Legal
Kyrgyzstan,KGZ,1811,Legal
Kyrgyzstan,KGZ,1812,Legal
Kyrgyzstan,KGZ,1813,Legal
Kyrgyzstan,KGZ,1814,Legal
Kyrgyzstan,KGZ,1815,Legal
Kyrgyzstan,KGZ,1816,Legal
Kyrgyzstan,KGZ,1817,Legal
Kyrgyzstan,KGZ,1818,Legal
Kyrgyzstan,KGZ,1819,Legal
Kyrgyzstan,KGZ,1820,Legal
Kyrgyzstan,KGZ,1821,Legal
Kyrgyzstan,KGZ,1822,Legal
Kyrgyzstan,KGZ,1823,Legal
Kyrgyzstan,KGZ,1824,Legal
Kyrgyzstan,KGZ,1825,Legal
Kyrgyzstan,KGZ,1826,Legal
Kyrgyzstan,KGZ,1827,Legal
Kyrgyzstan,KGZ,1828,Legal
Kyrgyzstan,KGZ,1829,Legal
Kyrgyzstan,KGZ,1830,Legal
Kyrgyzstan,KGZ,1831,Legal
Kyrgyzstan,KGZ,1832,Illegal
Kyrgyzstan,KGZ,1833,Illegal
Kyrgyzstan,KGZ,1834,Illegal
Kyrgyzstan,KGZ,1835,Illegal
Kyrgyzstan,KGZ,1836,Illegal
Kyrgyzstan,KGZ,1837,Illegal
Kyrgyzstan,KGZ,1838,Illegal
Kyrgyzstan,KGZ,1839,Illegal
Kyrgyzstan,KGZ,1840,Illegal
Kyrgyzstan,KGZ,1841,Illegal
Kyrgyzstan,KGZ,1842,Illegal
Kyrgyzstan,KGZ,1843,Illegal
Kyrgyzstan,KGZ,1844,Illegal
Kyrgyzstan,KGZ,1845,Illegal
Kyrgyzstan,KGZ,1846,Illegal
Kyrgyzstan,KGZ,1847,Illegal
Kyrgyzstan,KGZ,1848,Illegal
Kyrgyzstan,KGZ,1849,Illegal
Kyrgyzstan,KGZ,1850,Illegal
Kyrgyzstan,KGZ,1851,Illegal
Kyrgyzstan,KGZ,1852,Illegal
Kyrgyzstan,KGZ,1853,Illegal
Kyrgyzstan,KGZ,1854,Illegal
Kyrgyzstan,KGZ,1855,Illegal
Kyrgyzstan,KGZ,1856,Illegal
Kyrgyzstan,KGZ,1857,Illegal
Kyrgyzstan,KGZ,1858,Illegal
Kyrgyzstan,KGZ,1859,Illegal
Kyrgyzstan,KGZ,1860,Illegal
Kyrgyzstan,KGZ,1861,Illegal
Kyrgyzstan,KGZ,1862,Illegal
Kyrgyzstan,KGZ,1863,Illegal
Kyrgyzstan,KGZ,1864,Illegal
Kyrgyzstan,KGZ,1865,Illegal
Kyrgyzstan,KGZ,1866,Illegal
Kyrgyzstan,KGZ,1867,Illegal
Kyrgyzstan,KGZ,1868,Illegal
Kyrgyzstan,KGZ,1869,Illegal
Kyrgyzstan,KGZ,1870,Illegal
Kyrgyzstan,KGZ,1871,Illegal
Kyrgyzstan,KGZ,1872,Illegal
Kyrgyzstan,KGZ,1873,Illegal
Kyrgyzstan,KGZ,1874,Illegal
Kyrgyzstan,KGZ,1875,Illegal
Kyrgyzstan,KGZ,1876,Illegal
Kyrgyzstan,KGZ,1877,Illegal
Kyrgyzstan,KGZ,1878,Illegal
Kyrgyzstan,KGZ,1879,Illegal
Kyrgyzstan,KGZ,1880,Illegal
Kyrgyzstan,KGZ,1881,Illegal
Kyrgyzstan,KGZ,1882,Illegal
Kyrgyzstan,KGZ,1883,Illegal
Kyrgyzstan,KGZ,1884,Illegal
Kyrgyzstan,KGZ,1885,Illegal
Kyrgyzstan,KGZ,1886,Illegal
Kyrgyzstan,KGZ,1887,Illegal
Kyrgyzstan,KGZ,1888,Illegal
Kyrgyzstan,KGZ,1889,Illegal
Kyrgyzstan,KGZ,1890,Illegal
Kyrgyzstan,KGZ,1891,Illegal
Kyrgyzstan,KGZ,1892,Illegal
Kyrgyzstan,KGZ,1893,Illegal
Kyrgyzstan,KGZ,1894,Illegal
Kyrgyzstan,KGZ,1895,Illegal
Kyrgyzstan,KGZ,1896,Illegal
Kyrgyzstan,KGZ,1897,Illegal
Kyrgyzstan,KGZ,1898,Illegal
Kyrgyzstan,KGZ,1899,Illegal
Kyrgyzstan,KGZ,1900,Illegal
Kyrgyzstan,KGZ,1901,Illegal
Kyrgyzstan,KGZ,1902,Illegal
Kyrgyzstan,KGZ,1903,Illegal
Kyrgyzstan,KGZ,1904,Illegal
Kyrgyzstan,KGZ,1905,Illegal
Kyrgyzstan,KGZ,1906,Illegal
Kyrgyzstan,KGZ,1907,Illegal
Kyrgyzstan,KGZ,1908,Illegal
Kyrgyzstan,KGZ,1909,Illegal
Kyrgyzstan,KGZ,1910,Illegal
Kyrgyzstan,KGZ,1911,Illegal
Kyrgyzstan,KGZ,1912,Illegal
Kyrgyzstan,KGZ,1913,Illegal
Kyrgyzstan,KGZ,1914,Illegal
Kyrgyzstan,KGZ,1915,Illegal
Kyrgyzstan,KGZ,1916,Illegal
Kyrgyzstan,KGZ,1917,Illegal
Kyrgyzstan,KGZ,1918,Illegal
Kyrgyzstan,KGZ,1919,Illegal
Kyrgyzstan,KGZ,1920,Illegal
Kyrgyzstan,KGZ,1921,Illegal
Kyrgyzstan,KGZ,1922,Illegal
Kyrgyzstan,KGZ,1923,Illegal
Kyrgyzstan,KGZ,1924,Illegal
Kyrgyzstan,KGZ,1925,Illegal
Kyrgyzstan,KGZ,1926,Illegal
Kyrgyzstan,KGZ,1927,Illegal
Kyrgyzstan,KGZ,1928,Illegal
Kyrgyzstan,KGZ,1929,Illegal
Kyrgyzstan,KGZ,1930,Illegal
Kyrgyzstan,KGZ,1931,Illegal
Kyrgyzstan,KGZ,1932,Illegal
Kyrgyzstan,KGZ,1933,Illegal
Kyrgyzstan,KGZ,1934,Illegal
Kyrgyzstan,KGZ,1935,Illegal
Kyrgyzstan,KGZ,1936,Illegal
Kyrgyzstan,KGZ,1937,Illegal
Kyrgyzstan,KGZ,1938,Illegal
Kyrgyzstan,KGZ,1939,Illegal
Kyrgyzstan,KGZ,1940,Illegal
Kyrgyzstan,KGZ,1941,Illegal
Kyrgyzstan,KGZ,1942,Illegal
Kyrgyzstan,KGZ,1943,Illegal
Kyrgyzstan,KGZ,1944,Illegal
Kyrgyzstan,KGZ,1945,Illegal
Kyrgyzstan,KGZ,1946,Illegal
Kyrgyzstan,KGZ,1947,Illegal
Kyrgyzstan,KGZ,1948,Illegal
Kyrgyzstan,KGZ,1949,Illegal
Kyrgyzstan,KGZ,1950,Illegal
Kyrgyzstan,KGZ,1951,Illegal
Kyrgyzstan,KGZ,1952,Illegal
Kyrgyzstan,KGZ,1953,Illegal
Kyrgyzstan,KGZ,1954,Illegal
Kyrgyzstan,KGZ,1955,Illegal
Kyrgyzstan,KGZ,1956,Illegal
Kyrgyzstan,KGZ,1957,Illegal
Kyrgyzstan,KGZ,1958,Illegal
Kyrgyzstan,KGZ,1959,Illegal
Kyrgyzstan,KGZ,1960,Illegal
Kyrgyzstan,KGZ,1961,Illegal
Kyrgyzstan,KGZ,1962,Illegal
Kyrgyzstan,KGZ,1963,Illegal
Kyrgyzstan,KGZ,1964,Illegal
Kyrgyzstan,KGZ,1965,Illegal
Kyrgyzstan,KGZ,1966,Illegal
Kyrgyzstan,KGZ,1967,Illegal
Kyrgyzstan,KGZ,1968,Illegal
Kyrgyzstan,KGZ,1969,Illegal
Kyrgyzstan,KGZ,1970,Illegal
Kyrgyzstan,KGZ,1971,Illegal
Kyrgyzstan,KGZ,1972,Illegal
Kyrgyzstan,KGZ,1973,Illegal
Kyrgyzstan,KGZ,1974,Illegal
Kyrgyzstan,KGZ,1975,Illegal
Kyrgyzstan,KGZ,1976,Illegal
Kyrgyzstan,KGZ,1977,Illegal
Kyrgyzstan,KGZ,1978,Illegal
Kyrgyzstan,KGZ,1979,Illegal
Kyrgyzstan,KGZ,1980,Illegal
Kyrgyzstan,KGZ,1981,Illegal
Kyrgyzstan,KGZ,1982,Illegal
Kyrgyzstan,KGZ,1983,Illegal
Kyrgyzstan,KGZ,1984,Illegal
Kyrgyzstan,KGZ,1985,Illegal
Kyrgyzstan,KGZ,1986,Illegal
Kyrgyzstan,KGZ,1987,Illegal
Kyrgyzstan,KGZ,1988,Illegal
Kyrgyzstan,KGZ,1989,Illegal
Kyrgyzstan,KGZ,1990,Illegal
Kyrgyzstan,KGZ,1991,Illegal
Kyrgyzstan,KGZ,1992,Illegal
Kyrgyzstan,KGZ,1993,Illegal
Kyrgyzstan,KGZ,1994,Illegal
Kyrgyzstan,KGZ,1995,Illegal
Kyrgyzstan,KGZ,1996,Illegal
Kyrgyzstan,KGZ,1997,Illegal
Kyrgyzstan,KGZ,1998,Legal
Kyrgyzstan,KGZ,1999,Legal
Kyrgyzstan,KGZ,2000,Legal
Kyrgyzstan,KGZ,2001,Legal
Kyrgyzstan,KGZ,2002,Legal
Kyrgyzstan,KGZ,2003,Legal
Kyrgyzstan,KGZ,2004,Legal
Kyrgyzstan,KGZ,2005,Legal
Kyrgyzstan,KGZ,2006,Legal
Kyrgyzstan,KGZ,2007,Legal
Kyrgyzstan,KGZ,2008,Legal
Kyrgyzstan,KGZ,2009,Legal
Kyrgyzstan,KGZ,2010,Legal
Kyrgyzstan,KGZ,2011,Legal
Kyrgyzstan,KGZ,2012,Legal
Kyrgyzstan,KGZ,2013,Legal
Kyrgyzstan,KGZ,2014,Legal
Kyrgyzstan,KGZ,2015,Legal
Kyrgyzstan,KGZ,2016,Legal
Kyrgyzstan,KGZ,2017,Legal
Kyrgyzstan,KGZ,2018,Legal
Kyrgyzstan,KGZ,2019,Legal
Kyrgyzstan,KGZ,2020,Legal
Kyrgyzstan,KGZ,2021,Legal
Kyrgyzstan,KGZ,2022,Legal
Kyrgyzstan,KGZ,2023,Legal
Kyrgyzstan,KGZ,2024,Legal
Kyrgyzstan,KGZ,2025,Legal
Laos,LAO,1760,Legal
Laos,LAO,1761,Legal
Laos,LAO,1762,Legal
Laos,LAO,1763,Legal
Laos,LAO,1764,Legal
Laos,LAO,1765,Legal
Laos,LAO,1766,Legal
Laos,LAO,1767,Legal
Laos,LAO,1768,Legal
Laos,LAO,1769,Legal
Laos,LAO,1770,Legal
Laos,LAO,1771,Legal
Laos,LAO,1772,Legal
Laos,LAO,1773,Legal
Laos,LAO,1774,Legal
Laos,LAO,1775,Legal
Laos,LAO,1776,Legal
Laos,LAO,1777,Legal
Laos,LAO,1778,Legal
Laos,LAO,1779,Legal
Laos,LAO,1780,Legal
Laos,LAO,1781,Legal
Laos,LAO,1782,Legal
Laos,LAO,1783,Legal
Laos,LAO,1784,Legal
Laos,LAO,1785,Legal
Laos,LAO,1786,Legal
Laos,LAO,1787,Legal
Laos,LAO,1788,Legal
Laos,LAO,1789,Legal
Laos,LAO,1790,Legal
Laos,LAO,1791,Legal
Laos,LAO,1792,Legal
Laos,LAO,1793,Legal
Laos,LAO,1794,Legal
Laos,LAO,1795,Legal
Laos,LAO,1796,Legal
Laos,LAO,1797,Legal
Laos,LAO,1798,Legal
Laos,LAO,1799,Legal
Laos,LAO,1800,Legal
Laos,LAO,1801,Legal
Laos,LAO,1802,Legal
Laos,LAO,1803,Legal
Laos,LAO,1804,Legal
Laos,LAO,1805,Legal
Laos,LAO,1806,Legal
Laos,LAO,1807,Legal
Laos,LAO,1808,Legal
Laos,LAO,1809,Legal
Laos,LAO,1810,Legal
Laos,LAO,1811,Legal
Laos,LAO,1812,Legal
Laos,LAO,1813,Legal
Laos,LAO,1814,Legal
Laos,LAO,1815,Legal
Laos,LAO,1816,Legal
Laos,LAO,1817,Legal
Laos,LAO,1818,Legal
Laos,LAO,1819,Legal
Laos,LAO,1820,Legal
Laos,LAO,1821,Legal
Laos,LAO,1822,Legal
Laos,LAO,1823,Legal
Laos,LAO,1824,Legal
Laos,LAO,1825,Legal
Laos,LAO,1826,Legal
Laos,LAO,1827,Legal
Laos,LAO,1828,Legal
Laos,LAO,1829,Legal
Laos,LAO,1830,Legal
Laos,LAO,1831,Legal
Laos,LAO,1832,Legal
Laos,LAO,1833,Legal
Laos,LAO,1834,Legal
Laos,LAO,1835,Legal
Laos,LAO,1836,Legal
Laos,LAO,1837,Legal
Laos,LAO,1838,Legal
Laos,LAO,1839,Legal
Laos,LAO,1840,Legal
Laos,LAO,1841,Legal
Laos,LAO,1842,Legal
Laos,LAO,1843,Legal
Laos,LAO,1844,Legal
Laos,LAO,1845,Legal
Laos,LAO,1846,Legal
Laos,LAO,1847,Legal
Laos,LAO,1848,Legal
Laos,LAO,1849,Legal
Laos,LAO,1850,Legal
Laos,LAO,1851,Legal
Laos,LAO,1852,Legal
Laos,LAO,1853,Legal
Laos,LAO,1854,Legal
Laos,LAO,1855,Legal
Laos,LAO,1856,Legal
Laos,LAO,1857,Legal
Laos,LAO,1858,Legal
Laos,LAO,1859,Legal
Laos,LAO,1860,Legal
Laos,LAO,1861,Legal
Laos,LAO,1862,Legal
Laos,LAO,1863,Legal
Laos,LAO,1864,Legal
Laos,LAO,1865,Legal
Laos,LAO,1866,Legal
Laos,LAO,1867,Legal
Laos,LAO,1868,Legal
Laos,LAO,1869,Legal
Laos,LAO,1870,Legal
Laos,LAO,1871,Legal
Laos,LAO,1872,Legal
Laos,LAO,1873,Legal
Laos,LAO,1874,Legal
Laos,LAO,1875,Legal
Laos,LAO,1876,Legal
Laos,LAO,1877,Legal
Laos,LAO,1878,Legal
Laos,LAO,1879,Legal
Laos,LAO,1880,Legal
Laos,LAO,1881,Legal
Laos,LAO,1882,Legal
Laos,LAO,1883,Legal
Laos,LAO,1884,Legal
Laos,LAO,1885,Legal
Laos,LAO,1886,Legal
Laos,LAO,1887,Legal
Laos,LAO,1888,Legal
Laos,LAO,1889,Legal
Laos,LAO,1890,Legal
Laos,LAO,1891,Legal
Laos,LAO,1892,Legal
Laos,LAO,1893,Legal
Laos,LAO,1894,Legal
Laos,LAO,1895,Legal
Laos,LAO,1896,Legal
Laos,LAO,1897,Legal
Laos,LAO,1898,Legal
Laos,LAO,1899,Legal
Laos,LAO,1900,Legal
Laos,LAO,1901,Legal
Laos,LAO,1902,Legal
Laos,LAO,1903,Legal
Laos,LAO,1904,Legal
Laos,LAO,1905,Legal
Laos,LAO,1906,Legal
Laos,LAO,1907,Legal
Laos,LAO,1908,Legal
Laos,LAO,1909,Legal
Laos,LAO,1910,Legal
Laos,LAO,1911,Legal
Laos,LAO,1912,Legal
Laos,LAO,1913,Legal
Laos,LAO,1914,Legal
Laos,LAO,1915,Legal
Laos,LAO,1916,Legal
Laos,LAO,1917,Legal
Laos,LAO,1918,Legal
Laos,LAO,1919,Legal
Laos,LAO,1920,Legal
Laos,LAO,1921,Legal
Laos,LAO,1922,Legal
Laos,LAO,1923,Legal
Laos,LAO,1924,Legal
Laos,LAO,1925,Legal
Laos,LAO,1926,Legal
Laos,LAO,1927,Legal
Laos,LAO,1928,Legal
Laos,LAO,1929,Legal
Laos,LAO,1930,Legal
Laos,LAO,1931,Legal
Laos,LAO,1932,Legal
Laos,LAO,1933,Legal
Laos,LAO,1934,Legal
Laos,LAO,1935,Legal
Laos,LAO,1936,Legal
Laos,LAO,1937,Legal
Laos,LAO,1938,Legal
Laos,LAO,1939,Legal
Laos,LAO,1940,Legal
Laos,LAO,1941,Legal
Laos,LAO,1942,Legal
Laos,LAO,1943,Legal
Laos,LAO,1944,Legal
Laos,LAO,1945,Legal
Laos,LAO,1946,Legal
Laos,LAO,1947,Legal
Laos,LAO,1948,Legal
Laos,LAO,1949,Legal
Laos,LAO,1950,Legal
Laos,LAO,1951,Legal
Laos,LAO,1952,Legal
Laos,LAO,1953,Legal
Laos,LAO,1954,Legal
Laos,LAO,1955,Legal
Laos,LAO,1956,Legal
Laos,LAO,1957,Legal
Laos,LAO,1958,Legal
Laos,LAO,1959,Legal
Laos,LAO,1960,Legal
Laos,LAO,1961,Legal
Laos,LAO,1962,Legal
Laos,LAO,1963,Legal
Laos,LAO,1964,Legal
Laos,LAO,1965,Legal
Laos,LAO,1966,Legal
Laos,LAO,1967,Legal
Laos,LAO,1968,Legal
Laos,LAO,1969,Legal
Laos,LAO,1970,Legal
Laos,LAO,1971,Legal
Laos,LAO,1972,Legal
Laos,LAO,1973,Legal
Laos,LAO,1974,Legal
Laos,LAO,1975,Legal
Laos,LAO,1976,Legal
Laos,LAO,1977,Legal
Laos,LAO,1978,Legal
Laos,LAO,1979,Legal
Laos,LAO,1980,Legal
Laos,LAO,1981,Legal
Laos,LAO,1982,Legal
Laos,LAO,1983,Legal
Laos,LAO,1984,Legal
Laos,LAO,1985,Legal
Laos,LAO,1986,Legal
Laos,LAO,1987,Legal
Laos,LAO,1988,Legal
Laos,LAO,1989,Legal
Laos,LAO,1990,Legal
Laos,LAO,1991,Legal
Laos,LAO,1992,Legal
Laos,LAO,1993,Legal
Laos,LAO,1994,Legal
Laos,LAO,1995,Legal
Laos,LAO,1996,Legal
Laos,LAO,1997,Legal
Laos,LAO,1998,Legal
Laos,LAO,1999,Legal
Laos,LAO,2000,Legal
Laos,LAO,2001,Legal
Laos,LAO,2002,Legal
Laos,LAO,2003,Legal
Laos,LAO,2004,Legal
Laos,LAO,2005,Legal
Laos,LAO,2006,Legal
Laos,LAO,2007,Legal
Laos,LAO,2008,Legal
Laos,LAO,2009,Legal
Laos,LAO,2010,Legal
Laos,LAO,2011,Legal
Laos,LAO,2012,Legal
Laos,LAO,2013,Legal
Laos,LAO,2014,Legal
Laos,LAO,2015,Legal
Laos,LAO,2016,Legal
Laos,LAO,2017,Legal
Laos,LAO,2018,Legal
Laos,LAO,2019,Legal
Laos,LAO,2020,Legal
Laos,LAO,2021,Legal
Laos,LAO,2022,Legal
Laos,LAO,2023,Legal
Laos,LAO,2024,Legal
Laos,LAO,2025,Legal
Latvia,LVA,1760,Legal
Latvia,LVA,1761,Legal
Latvia,LVA,1762,Legal
Latvia,LVA,1763,Legal
Latvia,LVA,1764,Legal
Latvia,LVA,1765,Legal
Latvia,LVA,1766,Legal
Latvia,LVA,1767,Legal
Latvia,LVA,1768,Legal
Latvia,LVA,1769,Legal
Latvia,LVA,1770,Legal
Latvia,LVA,1771,Legal
Latvia,LVA,1772,Legal
Latvia,LVA,1773,Legal
Latvia,LVA,1774,Legal
Latvia,LVA,1775,Legal
Latvia,LVA,1776,Legal
Latvia,LVA,1777,Legal
Latvia,LVA,1778,Legal
Latvia,LVA,1779,Legal
Latvia,LVA,1780,Legal
Latvia,LVA,1781,Legal
Latvia,LVA,1782,Legal
Latvia,LVA,1783,Legal
Latvia,LVA,1784,Legal
Latvia,LVA,1785,Legal
Latvia,LVA,1786,Legal
Latvia,LVA,1787,Legal
Latvia,LVA,1788,Legal
Latvia,LVA,1789,Legal
Latvia,LVA,1790,Legal
Latvia,LVA,1791,Legal
Latvia,LVA,1792,Legal
Latvia,LVA,1793,Legal
Latvia,LVA,1794,Legal
Latvia,LVA,1795,Legal
Latvia,LVA,1796,Legal
Latvia,LVA,1797,Legal
Latvia,LVA,1798,Legal
Latvia,LVA,1799,Legal
Latvia,LVA,1800,Legal
Latvia,LVA,1801,Legal
Latvia,LVA,1802,Legal
Latvia,LVA,1803,Legal
Latvia,LVA,1804,Legal
Latvia,LVA,1805,Legal
Latvia,LVA,1806,Legal
Latvia,LVA,1807,Legal
Latvia,LVA,1808,Legal
Latvia,LVA,1809,Legal
Latvia,LVA,1810,Legal
Latvia,LVA,1811,Legal
Latvia,LVA,1812,Legal
Latvia,LVA,1813,Legal
Latvia,LVA,1814,Legal
Latvia,LVA,1815,Legal
Latvia,LVA,1816,Legal
Latvia,LVA,1817,Legal
Latvia,LVA,1818,Legal
Latvia,LVA,1819,Legal
Latvia,LVA,1820,Legal
Latvia,LVA,1821,Legal
Latvia,LVA,1822,Legal
Latvia,LVA,1823,Legal
Latvia,LVA,1824,Legal
Latvia,LVA,1825,Legal
Latvia,LVA,1826,Legal
Latvia,LVA,1827,Legal
Latvia,LVA,1828,Legal
Latvia,LVA,1829,Legal
Latvia,LVA,1830,Legal
Latvia,LVA,1831,Legal
Latvia,LVA,1832,Illegal
Latvia,LVA,1833,Illegal
Latvia,LVA,1834,Illegal
Latvia,LVA,1835,Illegal
Latvia,LVA,1836,Illegal
Latvia,LVA,1837,Illegal
Latvia,LVA,1838,Illegal
Latvia,LVA,1839,Illegal
Latvia,LVA,1840,Illegal
Latvia,LVA,1841,Illegal
Latvia,LVA,1842,Illegal
Latvia,LVA,1843,Illegal
Latvia,LVA,1844,Illegal
Latvia,LVA,1845,Illegal
Latvia,LVA,1846,Illegal
Latvia,LVA,1847,Illegal
Latvia,LVA,1848,Illegal
Latvia,LVA,1849,Illegal
Latvia,LVA,1850,Illegal
Latvia,LVA,1851,Illegal
Latvia,LVA,1852,Illegal
Latvia,LVA,1853,Illegal
Latvia,LVA,1854,Illegal
Latvia,LVA,1855,Illegal
Latvia,LVA,1856,Illegal
Latvia,LVA,1857,Illegal
Latvia,LVA,1858,Illegal
Latvia,LVA,1859,Illegal
Latvia,LVA,1860,Illegal
Latvia,LVA,1861,Illegal
Latvia,LVA,1862,Illegal
Latvia,LVA,1863,Illegal
Latvia,LVA,1864,Illegal
Latvia,LVA,1865,Illegal
Latvia,LVA,1866,Illegal
Latvia,LVA,1867,Illegal
Latvia,LVA,1868,Illegal
Latvia,LVA,1869,Illegal
Latvia,LVA,1870,Illegal
Latvia,LVA,1871,Illegal
Latvia,LVA,1872,Illegal
Latvia,LVA,1873,Illegal
Latvia,LVA,1874,Illegal
Latvia,LVA,1875,Illegal
Latvia,LVA,1876,Illegal
Latvia,LVA,1877,Illegal
Latvia,LVA,1878,Illegal
Latvia,LVA,1879,Illegal
Latvia,LVA,1880,Illegal
Latvia,LVA,1881,Illegal
Latvia,LVA,1882,Illegal
Latvia,LVA,1883,Illegal
Latvia,LVA,1884,Illegal
Latvia,LVA,1885,Illegal
Latvia,LVA,1886,Illegal
Latvia,LVA,1887,Illegal
Latvia,LVA,1888,Illegal
Latvia,LVA,1889,Illegal
Latvia,LVA,1890,Illegal
Latvia,LVA,1891,Illegal
Latvia,LVA,1892,Illegal
Latvia,LVA,1893,Illegal
Latvia,LVA,1894,Illegal
Latvia,LVA,1895,Illegal
Latvia,LVA,1896,Illegal
Latvia,LVA,1897,Illegal
Latvia,LVA,1898,Illegal
Latvia,LVA,1899,Illegal
Latvia,LVA,1900,Illegal
Latvia,LVA,1901,Illegal
Latvia,LVA,1902,Illegal
Latvia,LVA,1903,Illegal
Latvia,LVA,1904,Illegal
Latvia,LVA,1905,Illegal
Latvia,LVA,1906,Illegal
Latvia,LVA,1907,Illegal
Latvia,LVA,1908,Illegal
Latvia,LVA,1909,Illegal
Latvia,LVA,1910,Illegal
Latvia,LVA,1911,Illegal
Latvia,LVA,1912,Illegal
Latvia,LVA,1913,Illegal
Latvia,LVA,1914,Illegal
Latvia,LVA,1915,Illegal
Latvia,LVA,1916,Illegal
Latvia,LVA,1917,Illegal
Latvia,LVA,1918,Illegal
Latvia,LVA,1919,Illegal
Latvia,LVA,1920,Legal
Latvia,LVA,1921,Legal
Latvia,LVA,1922,Legal
Latvia,LVA,1923,Legal
Latvia,LVA,1924,Legal
Latvia,LVA,1925,Legal
Latvia,LVA,1926,Legal
Latvia,LVA,1927,Legal
Latvia,LVA,1928,Legal
Latvia,LVA,1929,Legal
Latvia,LVA,1930,Legal
Latvia,LVA,1931,Legal
Latvia,LVA,1932,Legal
Latvia,LVA,1933,Legal
Latvia,LVA,1934,Illegal
Latvia,LVA,1935,Illegal
Latvia,LVA,1936,Illegal
Latvia,LVA,1937,Illegal
Latvia,LVA,1938,Illegal
Latvia,LVA,1939,Illegal
Latvia,LVA,1940,Illegal
Latvia,LVA,1941,Illegal
Latvia,LVA,1942,Illegal
Latvia,LVA,1943,Illegal
Latvia,LVA,1944,Illegal
Latvia,LVA,1945,Illegal
Latvia,LVA,1946,Illegal
Latvia,LVA,1947,Illegal
Latvia,LVA,1948,Illegal
Latvia,LVA,1949,Illegal
Latvia,LVA,1950,Illegal
Latvia,LVA,1951,Illegal
Latvia,LVA,1952,Illegal
Latvia,LVA,1953,Illegal
Latvia,LVA,1954,Illegal
Latvia,LVA,1955,Illegal
Latvia,LVA,1956,Illegal
Latvia,LVA,1957,Illegal
Latvia,LVA,1958,Illegal
Latvia,LVA,1959,Illegal
Latvia,LVA,1960,Illegal
Latvia,LVA,1961,Illegal
Latvia,LVA,1962,Illegal
Latvia,LVA,1963,Illegal
Latvia,LVA,1964,Illegal
Latvia,LVA,1965,Illegal
Latvia,LVA,1966,Illegal
Latvia,LVA,1967,Illegal
Latvia,LVA,1968,Illegal
Latvia,LVA,1969,Illegal
Latvia,LVA,1970,Illegal
Latvia,LVA,1971,Illegal
Latvia,LVA,1972,Illegal
Latvia,LVA,1973,Illegal
Latvia,LVA,1974,Illegal
Latvia,LVA,1975,Illegal
Latvia,LVA,1976,Illegal
Latvia,LVA,1977,Illegal
Latvia,LVA,1978,Illegal
Latvia,LVA,1979,Illegal
Latvia,LVA,1980,Illegal
Latvia,LVA,1981,Illegal
Latvia,LVA,1982,Illegal
Latvia,LVA,1983,Illegal
Latvia,LVA,1984,Illegal
Latvia,LVA,1985,Illegal
Latvia,LVA,1986,Illegal
Latvia,LVA,1987,Illegal
Latvia,LVA,1988,Illegal
Latvia,LVA,1989,Illegal
Latvia,LVA,1990,Illegal
Latvia,LVA,1991,Illegal
Latvia,LVA,1992,Legal
Latvia,LVA,1993,Legal
Latvia,LVA,1994,Legal
Latvia,LVA,1995,Legal
Latvia,LVA,1996,Legal
Latvia,LVA,1997,Legal
Latvia,LVA,1998,Legal
Latvia,LVA,1999,Legal
Latvia,LVA,2000,Legal
Latvia,LVA,2001,Legal
Latvia,LVA,2002,Legal
Latvia,LVA,2003,Legal
Latvia,LVA,2004,Legal
Latvia,LVA,2005,Legal
Latvia,LVA,2006,Legal
Latvia,LVA,2007,Legal
Latvia,LVA,2008,Legal
Latvia,LVA,2009,Legal
Latvia,LVA,2010,Legal
Latvia,LVA,2011,Legal
Latvia,LVA,2012,Legal
Latvia,LVA,2013,Legal
Latvia,LVA,2014,Legal
Latvia,LVA,2015,Legal
Latvia,LVA,2016,Legal
Latvia,LVA,2017,Legal
Latvia,LVA,2018,Legal
Latvia,LVA,2019,Legal
Latvia,LVA,2020,Legal
Latvia,LVA,2021,Legal
Latvia,LVA,2022,Legal
Latvia,LVA,2023,Legal
Latvia,LVA,2024,Legal
Latvia,LVA,2025,Legal
Lebanon,LBN,1943,Illegal
Lebanon,LBN,1944,Illegal
Lebanon,LBN,1945,Illegal
Lebanon,LBN,1946,Illegal
Lebanon,LBN,1947,Illegal
Lebanon,LBN,1948,Illegal
Lebanon,LBN,1949,Illegal
Lebanon,LBN,1950,Illegal
Lebanon,LBN,1951,Illegal
Lebanon,LBN,1952,Illegal
Lebanon,LBN,1953,Illegal
Lebanon,LBN,1954,Illegal
Lebanon,LBN,1955,Illegal
Lebanon,LBN,1956,Illegal
Lebanon,LBN,1957,Illegal
Lebanon,LBN,1958,Illegal
Lebanon,LBN,1959,Illegal
Lebanon,LBN,1960,Illegal
Lebanon,LBN,1961,Illegal
Lebanon,LBN,1962,Illegal
Lebanon,LBN,1963,Illegal
Lebanon,LBN,1964,Illegal
Lebanon,LBN,1965,Illegal
Lebanon,LBN,1966,Illegal
Lebanon,LBN,1967,Illegal
Lebanon,LBN,1968,Illegal
Lebanon,LBN,1969,Illegal
Lebanon,LBN,1970,Illegal
Lebanon,LBN,1971,Illegal
Lebanon,LBN,1972,Illegal
Lebanon,LBN,1973,Illegal
Lebanon,LBN,1974,Illegal
Lebanon,LBN,1975,Illegal
Lebanon,LBN,1976,Illegal
Lebanon,LBN,1977,Illegal
Lebanon,LBN,1978,Illegal
Lebanon,LBN,1979,Illegal
Lebanon,LBN,1980,Illegal
Lebanon,LBN,1981,Illegal
Lebanon,LBN,1982,Illegal
Lebanon,LBN,1983,Illegal
Lebanon,LBN,1984,Illegal
Lebanon,LBN,1985,Illegal
Lebanon,LBN,1986,Illegal
Lebanon,LBN,1987,Illegal
Lebanon,LBN,1988,Illegal
Lebanon,LBN,1989,Illegal
Lebanon,LBN,1990,Illegal
Lebanon,LBN,1991,Illegal
Lebanon,LBN,1992,Illegal
Lebanon,LBN,1993,Illegal
Lebanon,LBN,1994,Illegal
Lebanon,LBN,1995,Illegal
Lebanon,LBN,1996,Illegal
Lebanon,LBN,1997,Illegal
Lebanon,LBN,1998,Illegal
Lebanon,LBN,1999,Illegal
Lebanon,LBN,2000,Illegal
Lebanon,LBN,2001,Illegal
Lebanon,LBN,2002,Illegal
Lebanon,LBN,2003,Illegal
Lebanon,LBN,2004,Illegal
Lebanon,LBN,2005,Illegal
Lebanon,LBN,2006,Illegal
Lebanon,LBN,2007,Illegal
Lebanon,LBN,2008,Illegal
Lebanon,LBN,2009,Illegal
Lebanon,LBN,2010,Illegal
Lebanon,LBN,2011,Illegal
Lebanon,LBN,2012,Illegal
Lebanon,LBN,2013,Illegal
Lebanon,LBN,2014,Illegal
Lebanon,LBN,2015,Illegal
Lebanon,LBN,2016,Illegal
Lebanon,LBN,2017,Illegal
Lebanon,LBN,2018,Illegal
Lebanon,LBN,2019,Illegal
Lebanon,LBN,2020,Illegal
Lebanon,LBN,2021,Illegal
Lebanon,LBN,2022,Illegal
Lebanon,LBN,2023,Illegal
Lebanon,LBN,2024,Illegal
Lebanon,LBN,2025,Illegal
Lesotho,LSO,1871,Illegal
Lesotho,LSO,1872,Illegal
Lesotho,LSO,1873,Illegal
Lesotho,LSO,1874,Illegal
Lesotho,LSO,1875,Illegal
Lesotho,LSO,1876,Illegal
Lesotho,LSO,1877,Illegal
Lesotho,LSO,1878,Illegal
Lesotho,LSO,1879,Illegal
Lesotho,LSO,1880,Illegal
Lesotho,LSO,1881,Illegal
Lesotho,LSO,1882,Illegal
Lesotho,LSO,1883,Illegal
Lesotho,LSO,1884,Illegal
Lesotho,LSO,1885,Illegal
Lesotho,LSO,1886,Illegal
Lesotho,LSO,1887,Illegal
Lesotho,LSO,1888,Illegal
Lesotho,LSO,1889,Illegal
Lesotho,LSO,1890,Illegal
Lesotho,LSO,1891,Illegal
Lesotho,LSO,1892,Illegal
Lesotho,LSO,1893,Illegal
Lesotho,LSO,1894,Illegal
Lesotho,LSO,1895,Illegal
Lesotho,LSO,1896,Illegal
Lesotho,LSO,1897,Illegal
Lesotho,LSO,1898,Illegal
Lesotho,LSO,1899,Illegal
Lesotho,LSO,1900,Illegal
Lesotho,LSO,1901,Illegal
Lesotho,LSO,1902,Illegal
Lesotho,LSO,1903,Illegal
Lesotho,LSO,1904,Illegal
Lesotho,LSO,1905,Illegal
Lesotho,LSO,1906,Illegal
Lesotho,LSO,1907,Illegal
Lesotho,LSO,1908,Illegal
Lesotho,LSO,1909,Illegal
Lesotho,LSO,1910,Illegal
Lesotho,LSO,1911,Illegal
Lesotho,LSO,1912,Illegal
Lesotho,LSO,1913,Illegal
Lesotho,LSO,1914,Illegal
Lesotho,LSO,1915,Illegal
Lesotho,LSO,1916,Illegal
Lesotho,LSO,1917,Illegal
Lesotho,LSO,1918,Illegal
Lesotho,LSO,1919,Illegal
Lesotho,LSO,1920,Illegal
Lesotho,LSO,1921,Illegal
Lesotho,LSO,1922,Illegal
Lesotho,LSO,1923,Illegal
Lesotho,LSO,1924,Illegal
Lesotho,LSO,1925,Illegal
Lesotho,LSO,1926,Illegal
Lesotho,LSO,1927,Illegal
Lesotho,LSO,1928,Illegal
Lesotho,LSO,1929,Illegal
Lesotho,LSO,1930,Illegal
Lesotho,LSO,1931,Illegal
Lesotho,LSO,1932,Illegal
Lesotho,LSO,1933,Illegal
Lesotho,LSO,1934,Illegal
Lesotho,LSO,1935,Illegal
Lesotho,LSO,1936,Illegal
Lesotho,LSO,1937,Illegal
Lesotho,LSO,1938,Illegal
Lesotho,LSO,1939,Illegal
Lesotho,LSO,1940,Illegal
Lesotho,LSO,1941,Illegal
Lesotho,LSO,1942,Illegal
Lesotho,LSO,1943,Illegal
Lesotho,LSO,1944,Illegal
Lesotho,LSO,1945,Illegal
Lesotho,LSO,1946,Illegal
Lesotho,LSO,1947,Illegal
Lesotho,LSO,1948,Illegal
Lesotho,LSO,1949,Illegal
Lesotho,LSO,1950,Illegal
Lesotho,LSO,1951,Illegal
Lesotho,LSO,1952,Illegal
Lesotho,LSO,1953,Illegal
Lesotho,LSO,1954,Illegal
Lesotho,LSO,1955,Illegal
Lesotho,LSO,1956,Illegal
Lesotho,LSO,1957,Illegal
Lesotho,LSO,1958,Illegal
Lesotho,LSO,1959,Illegal
Lesotho,LSO,1960,Illegal
Lesotho,LSO,1961,Illegal
Lesotho,LSO,1962,Illegal
Lesotho,LSO,1963,Illegal
Lesotho,LSO,1964,Illegal
Lesotho,LSO,1965,Illegal
Lesotho,LSO,1966,Illegal
Lesotho,LSO,1967,Illegal
Lesotho,LSO,1968,Illegal
Lesotho,LSO,1969,Illegal
Lesotho,LSO,1970,Illegal
Lesotho,LSO,1971,Illegal
Lesotho,LSO,1972,Illegal
Lesotho,LSO,1973,Illegal
Lesotho,LSO,1974,Illegal
Lesotho,LSO,1975,Illegal
Lesotho,LSO,1976,Illegal
Lesotho,LSO,1977,Illegal
Lesotho,LSO,1978,Illegal
Lesotho,LSO,1979,Illegal
Lesotho,LSO,1980,Illegal
Lesotho,LSO,1981,Illegal
Lesotho,LSO,1982,Illegal
Lesotho,LSO,1983,Illegal
Lesotho,LSO,1984,Illegal
Lesotho,LSO,1985,Illegal
Lesotho,LSO,1986,Illegal
Lesotho,LSO,1987,Illegal
Lesotho,LSO,1988,Illegal
Lesotho,LSO,1989,Illegal
Lesotho,LSO,1990,Illegal
Lesotho,LSO,1991,Illegal
Lesotho,LSO,1992,Illegal
Lesotho,LSO,1993,Illegal
Lesotho,LSO,1994,Illegal
Lesotho,LSO,1995,Illegal
Lesotho,LSO,1996,Illegal
Lesotho,LSO,1997,Illegal
Lesotho,LSO,1998,Illegal
Lesotho,LSO,1999,Illegal
Lesotho,LSO,2000,Illegal
Lesotho,LSO,2001,Illegal
Lesotho,LSO,2002,Illegal
Lesotho,LSO,2003,Illegal
Lesotho,LSO,2004,Illegal
Lesotho,LSO,2005,Illegal
Lesotho,LSO,2006,Illegal
Lesotho,LSO,2007,Illegal
Lesotho,LSO,2008,Illegal
Lesotho,LSO,2009,Illegal
Lesotho,LSO,2010,Illegal
Lesotho,LSO,2011,Illegal
Lesotho,LSO,2012,Legal
Lesotho,LSO,2013,Legal
Lesotho,LSO,2014,Legal
Lesotho,LSO,2015,Legal
Lesotho,LSO,2016,Legal
Lesotho,LSO,2017,Legal
Lesotho,LSO,2018,Legal
Lesotho,LSO,2019,Legal
Lesotho,LSO,2020,Legal
Lesotho,LSO,2021,Legal
Lesotho,LSO,2022,Legal
Lesotho,LSO,2023,Legal
Lesotho,LSO,2024,Legal
Lesotho,LSO,2025,Legal
Liberia,LBR,1978,Illegal
Liberia,LBR,1979,Illegal
Liberia,LBR,1980,Illegal
Liberia,LBR,1981,Illegal
Liberia,LBR,1982,Illegal
Liberia,LBR,1983,Illegal
Liberia,LBR,1984,Illegal
Liberia,LBR,1985,Illegal
Liberia,LBR,1986,Illegal
Liberia,LBR,1987,Illegal
Liberia,LBR,1988,Illegal
Liberia,LBR,1989,Illegal
Liberia,LBR,1990,Illegal
Liberia,LBR,1991,Illegal
Liberia,LBR,1992,Illegal
Liberia,LBR,1993,Illegal
Liberia,LBR,1994,Illegal
Liberia,LBR,1995,Illegal
Liberia,LBR,1996,Illegal
Liberia,LBR,1997,Illegal
Liberia,LBR,1998,Illegal
Liberia,LBR,1999,Illegal
Liberia,LBR,2000,Illegal
Liberia,LBR,2001,Illegal
Liberia,LBR,2002,Illegal
Liberia,LBR,2003,Illegal
Liberia,LBR,2004,Illegal
Liberia,LBR,2005,Illegal
Liberia,LBR,2006,Illegal
Liberia,LBR,2007,Illegal
Liberia,LBR,2008,Illegal
Liberia,LBR,2009,Illegal
Liberia,LBR,2010,Illegal
Liberia,LBR,2011,Illegal
Liberia,LBR,2012,Illegal
Liberia,LBR,2013,Illegal
Liberia,LBR,2014,Illegal
Liberia,LBR,2015,Illegal
Liberia,LBR,2016,Illegal
Liberia,LBR,2017,Illegal
Liberia,LBR,2018,Illegal
Liberia,LBR,2019,Illegal
Liberia,LBR,2020,Illegal
Liberia,LBR,2021,Illegal
Liberia,LBR,2022,Illegal
Liberia,LBR,2023,Illegal
Liberia,LBR,2024,Illegal
Liberia,LBR,2025,Illegal
Libya,LBY,1953,Legal
Libya,LBY,1954,Legal
Libya,LBY,1955,Legal
Libya,LBY,1956,Legal
Libya,LBY,1957,Legal
Libya,LBY,1958,Legal
Libya,LBY,1959,Legal
Libya,LBY,1960,Legal
Libya,LBY,1961,Legal
Libya,LBY,1962,Legal
Libya,LBY,1963,Legal
Libya,LBY,1964,Legal
Libya,LBY,1965,Legal
Libya,LBY,1966,Legal
Libya,LBY,1967,Legal
Libya,LBY,1968,Legal
Libya,LBY,1969,Legal
Libya,LBY,1970,Legal
Libya,LBY,1971,Legal
Libya,LBY,1972,Legal
Libya,LBY,1973,Legal
Libya,LBY,1974,Legal
Libya,LBY,1975,Legal
Libya,LBY,1976,Illegal
Libya,LBY,1977,Illegal
Libya,LBY,1978,Illegal
Libya,LBY,1979,Illegal
Libya,LBY,1980,Illegal
Libya,LBY,1981,Illegal
Libya,LBY,1982,Illegal
Libya,LBY,1983,Illegal
Libya,LBY,1984,Illegal
Libya,LBY,1985,Illegal
Libya,LBY,1986,Illegal
Libya,LBY,1987,Illegal
Libya,LBY,1988,Illegal
Libya,LBY,1989,Illegal
Libya,LBY,1990,Illegal
Libya,LBY,1991,Illegal
Libya,LBY,1992,Illegal
Libya,LBY,1993,Illegal
Libya,LBY,1994,Illegal
Libya,LBY,1995,Illegal
Libya,LBY,1996,Illegal
Libya,LBY,1997,Illegal
Libya,LBY,1998,Illegal
Libya,LBY,1999,Illegal
Libya,LBY,2000,Illegal
Libya,LBY,2001,Illegal
Libya,LBY,2002,Illegal
Libya,LBY,2003,Illegal
Libya,LBY,2004,Illegal
Libya,LBY,2005,Illegal
Libya,LBY,2006,Illegal
Libya,LBY,2007,Illegal
Libya,LBY,2008,Illegal
Libya,LBY,2009,Illegal
Libya,LBY,2010,Illegal
Libya,LBY,2011,Illegal
Libya,LBY,2012,Illegal
Libya,LBY,2013,Illegal
Libya,LBY,2014,Illegal
Libya,LBY,2015,Illegal
Libya,LBY,2016,Illegal
Libya,LBY,2017,Illegal
Libya,LBY,2018,Illegal
Libya,LBY,2019,Illegal
Libya,LBY,2020,Illegal
Libya,LBY,2021,Illegal
Libya,LBY,2022,Illegal
Libya,LBY,2023,Illegal
Libya,LBY,2024,Illegal
Libya,LBY,2025,Illegal
Liechtenstein,LIE,1989,Legal
Liechtenstein,LIE,1990,Legal
Liechtenstein,LIE,1991,Legal
Liechtenstein,LIE,1992,Legal
Liechtenstein,LIE,1993,Legal
Liechtenstein,LIE,1994,Legal
Liechtenstein,LIE,1995,Legal
Liechtenstein,LIE,1996,Legal
Liechtenstein,LIE,1997,Legal
Liechtenstein,LIE,1998,Legal
Liechtenstein,LIE,1999,Legal
Liechtenstein,LIE,2000,Legal
Liechtenstein,LIE,2001,Legal
Liechtenstein,LIE,2002,Legal
Liechtenstein,LIE,2003,Legal
Liechtenstein,LIE,2004,Legal
Liechtenstein,LIE,2005,Legal
Liechtenstein,LIE,2006,Legal
Liechtenstein,LIE,2007,Legal
Liechtenstein,LIE,2008,Legal
Liechtenstein,LIE,2009,Legal
Liechtenstein,LIE,2010,Legal
Liechtenstein,LIE,2011,Legal
Liechtenstein,LIE,2012,Legal
Liechtenstein,LIE,2013,Legal
Liechtenstein,LIE,2014,Legal
Liechtenstein,LIE,2015,Legal
Liechtenstein,LIE,2016,Legal
Liechtenstein,LIE,2017,Legal
Liechtenstein,LIE,2018,Legal
Liechtenstein,LIE,2019,Legal
Liechtenstein,LIE,2020,Legal
Liechtenstein,LIE,2021,Legal
Liechtenstein,LIE,2022,Legal
Liechtenstein,LIE,2023,Legal
Liechtenstein,LIE,2024,Legal
Liechtenstein,LIE,2025,Legal
Lithuania,LTU,1760,Legal
Lithuania,LTU,1761,Legal
Lithuania,LTU,1762,Legal
Lithuania,LTU,1763,Legal
Lithuania,LTU,1764,Legal
Lithuania,LTU,1765,Legal
Lithuania,LTU,1766,Legal
Lithuania,LTU,1767,Legal
Lithuania,LTU,1768,Legal
Lithuania,LTU,1769,Legal
Lithuania,LTU,1770,Legal
Lithuania,LTU,1771,Legal
Lithuania,LTU,1772,Legal
Lithuania,LTU,1773,Legal
Lithuania,LTU,1774,Legal
Lithuania,LTU,1775,Legal
Lithuania,LTU,1776,Legal
Lithuania,LTU,1777,Legal
Lithuania,LTU,1778,Legal
Lithuania,LTU,1779,Legal
Lithuania,LTU,1780,Legal
Lithuania,LTU,1781,Legal
Lithuania,LTU,1782,Legal
Lithuania,LTU,1783,Legal
Lithuania,LTU,1784,Legal
Lithuania,LTU,1785,Legal
Lithuania,LTU,1786,Legal
Lithuania,LTU,1787,Legal
Lithuania,LTU,1788,Legal
Lithuania,LTU,1789,Legal
Lithuania,LTU,1790,Legal
Lithuania,LTU,1791,Legal
Lithuania,LTU,1792,Legal
Lithuania,LTU,1793,Legal
Lithuania,LTU,1794,Legal
Lithuania,LTU,1795,Legal
Lithuania,LTU,1796,Legal
Lithuania,LTU,1797,Legal
Lithuania,LTU,1798,Legal
Lithuania,LTU,1799,Legal
Lithuania,LTU,1800,Legal
Lithuania,LTU,1801,Legal
Lithuania,LTU,1802,Legal
Lithuania,LTU,1803,Legal
Lithuania,LTU,1804,Legal
Lithuania,LTU,1805,Legal
Lithuania,LTU,1806,Legal
Lithuania,LTU,1807,Legal
Lithuania,LTU,1808,Legal
Lithuania,LTU,1809,Legal
Lithuania,LTU,1810,Legal
Lithuania,LTU,1811,Legal
Lithuania,LTU,1812,Legal
Lithuania,LTU,1813,Legal
Lithuania,LTU,1814,Legal
Lithuania,LTU,1815,Legal
Lithuania,LTU,1816,Legal
Lithuania,LTU,1817,Legal
Lithuania,LTU,1818,Legal
Lithuania,LTU,1819,Legal
Lithuania,LTU,1820,Legal
Lithuania,LTU,1821,Legal
Lithuania,LTU,1822,Legal
Lithuania,LTU,1823,Legal
Lithuania,LTU,1824,Legal
Lithuania,LTU,1825,Legal
Lithuania,LTU,1826,Legal
Lithuania,LTU,1827,Legal
Lithuania,LTU,1828,Legal
Lithuania,LTU,1829,Legal
Lithuania,LTU,1830,Legal
Lithuania,LTU,1831,Legal
Lithuania,LTU,1832,Illegal
Lithuania,LTU,1833,Illegal
Lithuania,LTU,1834,Illegal
Lithuania,LTU,1835,Illegal
Lithuania,LTU,1836,Illegal
Lithuania,LTU,1837,Illegal
Lithuania,LTU,1838,Illegal
Lithuania,LTU,1839,Illegal
Lithuania,LTU,1840,Illegal
Lithuania,LTU,1841,Illegal
Lithuania,LTU,1842,Illegal
Lithuania,LTU,1843,Illegal
Lithuania,LTU,1844,Illegal
Lithuania,LTU,1845,Illegal
Lithuania,LTU,1846,Illegal
Lithuania,LTU,1847,Illegal
Lithuania,LTU,1848,Illegal
Lithuania,LTU,1849,Illegal
Lithuania,LTU,1850,Illegal
Lithuania,LTU,1851,Illegal
Lithuania,LTU,1852,Illegal
Lithuania,LTU,1853,Illegal
Lithuania,LTU,1854,Illegal
Lithuania,LTU,1855,Illegal
Lithuania,LTU,1856,Illegal
Lithuania,LTU,1857,Illegal
Lithuania,LTU,1858,Illegal
Lithuania,LTU,1859,Illegal
Lithuania,LTU,1860,Illegal
Lithuania,LTU,1861,Illegal
Lithuania,LTU,1862,Illegal
Lithuania,LTU,1863,Illegal
Lithuania,LTU,1864,Illegal
Lithuania,LTU,1865,Illegal
Lithuania,LTU,1866,Illegal
Lithuania,LTU,1867,Illegal
Lithuania,LTU,1868,Illegal
Lithuania,LTU,1869,Illegal
Lithuania,LTU,1870,Illegal
Lithuania,LTU,1871,Illegal
Lithuania,LTU,1872,Illegal
Lithuania,LTU,1873,Illegal
Lithuania,LTU,1874,Illegal
Lithuania,LTU,1875,Illegal
Lithuania,LTU,1876,Illegal
Lithuania,LTU,1877,Illegal
Lithuania,LTU,1878,Illegal
Lithuania,LTU,1879,Illegal
Lithuania,LTU,1880,Illegal
Lithuania,LTU,1881,Illegal
Lithuania,LTU,1882,Illegal
Lithuania,LTU,1883,Illegal
Lithuania,LTU,1884,Illegal
Lithuania,LTU,1885,Illegal
Lithuania,LTU,1886,Illegal
Lithuania,LTU,1887,Illegal
Lithuania,LTU,1888,Illegal
Lithuania,LTU,1889,Illegal
Lithuania,LTU,1890,Illegal
Lithuania,LTU,1891,Illegal
Lithuania,LTU,1892,Illegal
Lithuania,LTU,1893,Illegal
Lithuania,LTU,1894,Illegal
Lithuania,LTU,1895,Illegal
Lithuania,LTU,1896,Illegal
Lithuania,LTU,1897,Illegal
Lithuania,LTU,1898,Illegal
Lithuania,LTU,1899,Illegal
Lithuania,LTU,1900,Illegal
Lithuania,LTU,1901,Illegal
Lithuania,LTU,1902,Illegal
Lithuania,LTU,1903,Illegal
Lithuania,LTU,1904,Illegal
Lithuania,LTU,1905,Illegal
Lithuania,LTU,1906,Illegal
Lithuania,LTU,1907,Illegal
Lithuania,LTU,1908,Illegal
Lithuania,LTU,1909,Illegal
Lithuania,LTU,1910,Illegal
Lithuania,LTU,1911,Illegal
Lithuania,LTU,1912,Illegal
Lithuania,LTU,1913,Illegal
Lithuania,LTU,1914,Illegal
Lithuania,LTU,1915,Illegal
Lithuania,LTU,1916,Illegal
Lithuania,LTU,1917,Illegal
Lithuania,LTU,1918,Illegal
Lithuania,LTU,1919,Illegal
Lithuania,LTU,1920,Legal
Lithuania,LTU,1921,Legal
Lithuania,LTU,1922,Legal
Lithuania,LTU,1923,Legal
Lithuania,LTU,1924,Legal
Lithuania,LTU,1925,Legal
Lithuania,LTU,1926,Legal
Lithuania,LTU,1927,Legal
Lithuania,LTU,1928,Legal
Lithuania,LTU,1929,Legal
Lithuania,LTU,1930,Legal
Lithuania,LTU,1931,Legal
Lithuania,LTU,1932,Legal
Lithuania,LTU,1933,Legal
Lithuania,LTU,1934,Illegal
Lithuania,LTU,1935,Illegal
Lithuania,LTU,1936,Illegal
Lithuania,LTU,1937,Illegal
Lithuania,LTU,1938,Illegal
Lithuania,LTU,1939,Illegal
Lithuania,LTU,1940,Illegal
Lithuania,LTU,1941,Illegal
Lithuania,LTU,1942,Illegal
Lithuania,LTU,1943,Illegal
Lithuania,LTU,1944,Illegal
Lithuania,LTU,1945,Illegal
Lithuania,LTU,1946,Illegal
Lithuania,LTU,1947,Illegal
Lithuania,LTU,1948,Illegal
Lithuania,LTU,1949,Illegal
Lithuania,LTU,1950,Illegal
Lithuania,LTU,1951,Illegal
Lithuania,LTU,1952,Illegal
Lithuania,LTU,1953,Illegal
Lithuania,LTU,1954,Illegal
Lithuania,LTU,1955,Illegal
Lithuania,LTU,1956,Illegal
Lithuania,LTU,1957,Illegal
Lithuania,LTU,1958,Illegal
Lithuania,LTU,1959,Illegal
Lithuania,LTU,1960,Illegal
Lithuania,LTU,1961,Illegal
Lithuania,LTU,1962,Illegal
Lithuania,LTU,1963,Illegal
Lithuania,LTU,1964,Illegal
Lithuania,LTU,1965,Illegal
Lithuania,LTU,1966,Illegal
Lithuania,LTU,1967,Illegal
Lithuania,LTU,1968,Illegal
Lithuania,LTU,1969,Illegal
Lithuania,LTU,1970,Illegal
Lithuania,LTU,1971,Illegal
Lithuania,LTU,1972,Illegal
Lithuania,LTU,1973,Illegal
Lithuania,LTU,1974,Illegal
Lithuania,LTU,1975,Illegal
Lithuania,LTU,1976,Illegal
Lithuania,LTU,1977,Illegal
Lithuania,LTU,1978,Illegal
Lithuania,LTU,1979,Illegal
Lithuania,LTU,1980,Illegal
Lithuania,LTU,1981,Illegal
Lithuania,LTU,1982,Illegal
Lithuania,LTU,1983,Illegal
Lithuania,LTU,1984,Illegal
Lithuania,LTU,1985,Illegal
Lithuania,LTU,1986,Illegal
Lithuania,LTU,1987,Illegal
Lithuania,LTU,1988,Illegal
Lithuania,LTU,1989,Illegal
Lithuania,LTU,1990,Illegal
Lithuania,LTU,1991,Illegal
Lithuania,LTU,1992,Illegal
Lithuania,LTU,1993,Legal
Lithuania,LTU,1994,Legal
Lithuania,LTU,1995,Legal
Lithuania,LTU,1996,Legal
Lithuania,LTU,1997,Legal
Lithuania,LTU,1998,Legal
Lithuania,LTU,1999,Legal
Lithuania,LTU,2000,Legal
Lithuania,LTU,2001,Legal
Lithuania,LTU,2002,Legal
Lithuania,LTU,2003,Legal
Lithuania,LTU,2004,Legal
Lithuania,LTU,2005,Legal
Lithuania,LTU,2006,Legal
Lithuania,LTU,2007,Legal
Lithuania,LTU,2008,Legal
Lithuania,LTU,2009,Legal
Lithuania,LTU,2010,Legal
Lithuania,LTU,2011,Legal
Lithuania,LTU,2012,Legal
Lithuania,LTU,2013,Legal
Lithuania,LTU,2014,Legal
Lithuania,LTU,2015,Legal
Lithuania,LTU,2016,Legal
Lithuania,LTU,2017,Legal
Lithuania,LTU,2018,Legal
Lithuania,LTU,2019,Legal
Lithuania,LTU,2020,Legal
Lithuania,LTU,2021,Legal
Lithuania,LTU,2022,Legal
Lithuania,LTU,2023,Legal
Lithuania,LTU,2024,Legal
Lithuania,LTU,2025,Legal
Luxembourg,LUX,1795,Legal
Luxembourg,LUX,1796,Legal
Luxembourg,LUX,1797,Legal
Luxembourg,LUX,1798,Legal
Luxembourg,LUX,1799,Legal
Luxembourg,LUX,1800,Legal
Luxembourg,LUX,1801,Legal
Luxembourg,LUX,1802,Legal
Luxembourg,LUX,1803,Legal
Luxembourg,LUX,1804,Legal
Luxembourg,LUX,1805,Legal
Luxembourg,LUX,1806,Legal
Luxembourg,LUX,1807,Legal
Luxembourg,LUX,1808,Legal
Luxembourg,LUX,1809,Legal
Luxembourg,LUX,1810,Legal
Luxembourg,LUX,1811,Legal
Luxembourg,LUX,1812,Legal
Luxembourg,LUX,1813,Legal
Luxembourg,LUX,1814,Legal
Luxembourg,LUX,1815,Legal
Luxembourg,LUX,1816,Legal
Luxembourg,LUX,1817,Legal
Luxembourg,LUX,1818,Legal
Luxembourg,LUX,1819,Legal
Luxembourg,LUX,1820,Legal
Luxembourg,LUX,1821,Legal
Luxembourg,LUX,1822,Legal
Luxembourg,LUX,1823,Legal
Luxembourg,LUX,1824,Legal
Luxembourg,LUX,1825,Legal
Luxembourg,LUX,1826,Legal
Luxembourg,LUX,1827,Legal
Luxembourg,LUX,1828,Legal
Luxembourg,LUX,1829,Legal
Luxembourg,LUX,1830,Legal
Luxembourg,LUX,1831,Legal
Luxembourg,LUX,1832,Legal
Luxembourg,LUX,1833,Legal
Luxembourg,LUX,1834,Legal
Luxembourg,LUX,1835,Legal
Luxembourg,LUX,1836,Legal
Luxembourg,LUX,1837,Legal
Luxembourg,LUX,1838,Legal
Luxembourg,LUX,1839,Legal
Luxembourg,LUX,1840,Legal
Luxembourg,LUX,1841,Legal
Luxembourg,LUX,1842,Legal
Luxembourg,LUX,1843,Legal
Luxembourg,LUX,1844,Legal
Luxembourg,LUX,1845,Legal
Luxembourg,LUX,1846,Legal
Luxembourg,LUX,1847,Legal
Luxembourg,LUX,1848,Legal
Luxembourg,LUX,1849,Legal
Luxembourg,LUX,1850,Legal
Luxembourg,LUX,1851,Legal
Luxembourg,LUX,1852,Legal
Luxembourg,LUX,1853,Legal
Luxembourg,LUX,1854,Legal
Luxembourg,LUX,1855,Legal
Luxembourg,LUX,1856,Legal
Luxembourg,LUX,1857,Legal
Luxembourg,LUX,1858,Legal
Luxembourg,LUX,1859,Legal
Luxembourg,LUX,1860,Legal
Luxembourg,LUX,1861,Legal
Luxembourg,LUX,1862,Legal
Luxembourg,LUX,1863,Legal
Luxembourg,LUX,1864,Legal
Luxembourg,LUX,1865,Legal
Luxembourg,LUX,1866,Legal
Luxembourg,LUX,1867,Legal
Luxembourg,LUX,1868,Legal
Luxembourg,LUX,1869,Legal
Luxembourg,LUX,1870,Legal
Luxembourg,LUX,1871,Legal
Luxembourg,LUX,1872,Legal
Luxembourg,LUX,1873,Legal
Luxembourg,LUX,1874,Legal
Luxembourg,LUX,1875,Legal
Luxembourg,LUX,1876,Legal
Luxembourg,LUX,1877,Legal
Luxembourg,LUX,1878,Legal
Luxembourg,LUX,1879,Legal
Luxembourg,LUX,1880,Legal
Luxembourg,LUX,1881,Legal
Luxembourg,LUX,1882,Legal
Luxembourg,LUX,1883,Legal
Luxembourg,LUX,1884,Legal
Luxembourg,LUX,1885,Legal
Luxembourg,LUX,1886,Legal
Luxembourg,LUX,1887,Legal
Luxembourg,LUX,1888,Legal
Luxembourg,LUX,1889,Legal
Luxembourg,LUX,1890,Legal
Luxembourg,LUX,1891,Legal
Luxembourg,LUX,1892,Legal
Luxembourg,LUX,1893,Legal
Luxembourg,LUX,1894,Legal
Luxembourg,LUX,1895,Legal
Luxembourg,LUX,1896,Legal
Luxembourg,LUX,1897,Legal
Luxembourg,LUX,1898,Legal
Luxembourg,LUX,1899,Legal
Luxembourg,LUX,1900,Legal
Luxembourg,LUX,1901,Legal
Luxembourg,LUX,1902,Legal
Luxembourg,LUX,1903,Legal
Luxembourg,LUX,1904,Legal
Luxembourg,LUX,1905,Legal
Luxembourg,LUX,1906,Legal
Luxembourg,LUX,1907,Legal
Luxembourg,LUX,1908,Legal
Luxembourg,LUX,1909,Legal
Luxembourg,LUX,1910,Legal
Luxembourg,LUX,1911,Legal
Luxembourg,LUX,1912,Legal
Luxembourg,LUX,1913,Legal
Luxembourg,LUX,1914,Legal
Luxembourg,LUX,1915,Legal
Luxembourg,LUX,1916,Legal
Luxembourg,LUX,1917,Legal
Luxembourg,LUX,1918,Legal
Luxembourg,LUX,1919,Legal
Luxembourg,LUX,1920,Legal
Luxembourg,LUX,1921,Legal
Luxembourg,LUX,1922,Legal
Luxembourg,LUX,1923,Legal
Luxembourg,LUX,1924,Legal
Luxembourg,LUX,1925,Legal
Luxembourg,LUX,1926,Legal
Luxembourg,LUX,1927,Legal
Luxembourg,LUX,1928,Legal
Luxembourg,LUX,1929,Legal
Luxembourg,LUX,1930,Legal
Luxembourg,LUX,1931,Legal
Luxembourg,LUX,1932,Legal
Luxembourg,LUX,1933,Legal
Luxembourg,LUX,1934,Legal
Luxembourg,LUX,1935,Legal
Luxembourg,LUX,1936,Legal
Luxembourg,LUX,1937,Legal
Luxembourg,LUX,1938,Legal
Luxembourg,LUX,1939,Legal
Luxembourg,LUX,1940,Legal
Luxembourg,LUX,1941,Legal
Luxembourg,LUX,1942,Legal
Luxembourg,LUX,1943,Legal
Luxembourg,LUX,1944,Legal
Luxembourg,LUX,1945,Legal
Luxembourg,LUX,1946,Legal
Luxembourg,LUX,1947,Legal
Luxembourg,LUX,1948,Legal
Luxembourg,LUX,1949,Legal
Luxembourg,LUX,1950,Legal
Luxembourg,LUX,1951,Legal
Luxembourg,LUX,1952,Legal
Luxembourg,LUX,1953,Legal
Luxembourg,LUX,1954,Legal
Luxembourg,LUX,1955,Legal
Luxembourg,LUX,1956,Legal
Luxembourg,LUX,1957,Legal
Luxembourg,LUX,1958,Legal
Luxembourg,LUX,1959,Legal
Luxembourg,LUX,1960,Legal
Luxembourg,LUX,1961,Legal
Luxembourg,LUX,1962,Legal
Luxembourg,LUX,1963,Legal
Luxembourg,LUX,1964,Legal
Luxembourg,LUX,1965,Legal
Luxembourg,LUX,1966,Legal
Luxembourg,LUX,1967,Legal
Luxembourg,LUX,1968,Legal
Luxembourg,LUX,1969,Legal
Luxembourg,LUX,1970,Legal
Luxembourg,LUX,1971,Legal
Luxembourg,LUX,1972,Legal
Luxembourg,LUX,1973,Legal
Luxembourg,LUX,1974,Legal
Luxembourg,LUX,1975,Legal
Luxembourg,LUX,1976,Legal
Luxembourg,LUX,1977,Legal
Luxembourg,LUX,1978,Legal
Luxembourg,LUX,1979,Legal
Luxembourg,LUX,1980,Legal
Luxembourg,LUX,1981,Legal
Luxembourg,LUX,1982,Legal
Luxembourg,LUX,1983,Legal
Luxembourg,LUX,1984,Legal
Luxembourg,LUX,1985,Legal
Luxembourg,LUX,1986,Legal
Luxembourg,LUX,1987,Legal
Luxembourg,LUX,1988,Legal
Luxembourg,LUX,1989,Legal
Luxembourg,LUX,1990,Legal
Luxembourg,LUX,1991,Legal
Luxembourg,LUX,1992,Legal
Luxembourg,LUX,1993,Legal
Luxembourg,LUX,1994,Legal
Luxembourg,LUX,1995,Legal
Luxembourg,LUX,1996,Legal
Luxembourg,LUX,1997,Legal
Luxembourg,LUX,1998,Legal
Luxembourg,LUX,1999,Legal
Luxembourg,LUX,2000,Legal
Luxembourg,LUX,2001,Legal
Luxembourg,LUX,2002,Legal
Luxembourg,LUX,2003,Legal
Luxembourg,LUX,2004,Legal
Luxembourg,LUX,2005,Legal
Luxembourg,LUX,2006,Legal
Luxembourg,LUX,2007,Legal
Luxembourg,LUX,2008,Legal
Luxembourg,LUX,2009,Legal
Luxembourg,LUX,2010,Legal
Luxembourg,LUX,2011,Legal
Luxembourg,LUX,2012,Legal
Luxembourg,LUX,2013,Legal
Luxembourg,LUX,2014,Legal
Luxembourg,LUX,2015,Legal
Luxembourg,LUX,2016,Legal
Luxembourg,LUX,2017,Legal
Luxembourg,LUX,2018,Legal
Luxembourg,LUX,2019,Legal
Luxembourg,LUX,2020,Legal
Luxembourg,LUX,2021,Legal
Luxembourg,LUX,2022,Legal
Luxembourg,LUX,2023,Legal
Luxembourg,LUX,2024,Legal
Luxembourg,LUX,2025,Legal
Macao,MAC,1996,Legal
Macao,MAC,1997,Legal
Macao,MAC,1998,Legal
Macao,MAC,1999,Legal
Macao,MAC,2000,Legal
Macao,MAC,2001,Legal
Macao,MAC,2002,Legal
Macao,MAC,2003,Legal
Macao,MAC,2004,Legal
Macao,MAC,2005,Legal
Macao,MAC,2006,Legal
Macao,MAC,2007,Legal
Macao,MAC,2008,Legal
Macao,MAC,2009,Legal
Macao,MAC,2010,Legal
Macao,MAC,2011,Legal
Macao,MAC,2012,Legal
Macao,MAC,2013,Legal
Macao,MAC,2014,Legal
Macao,MAC,2015,Legal
Macao,MAC,2016,Legal
Macao,MAC,2017,Legal
Macao,MAC,2018,Legal
Macao,MAC,2019,Legal
Macao,MAC,2020,Legal
Macao,MAC,2021,Legal
Macao,MAC,2022,Legal
Macao,MAC,2023,Legal
Macao,MAC,2024,Legal
Macao,MAC,2025,Legal
Madagascar,MDG,1897,Legal
Madagascar,MDG,1898,Legal
Madagascar,MDG,1899,Legal
Madagascar,MDG,1900,Legal
Madagascar,MDG,1901,Legal
Madagascar,MDG,1902,Legal
Madagascar,MDG,1903,Legal
Madagascar,MDG,1904,Legal
Madagascar,MDG,1905,Legal
Madagascar,MDG,1906,Legal
Madagascar,MDG,1907,Legal
Madagascar,MDG,1908,Legal
Madagascar,MDG,1909,Legal
Madagascar,MDG,1910,Legal
Madagascar,MDG,1911,Legal
Madagascar,MDG,1912,Legal
Madagascar,MDG,1913,Legal
Madagascar,MDG,1914,Legal
Madagascar,MDG,1915,Legal
Madagascar,MDG,1916,Legal
Madagascar,MDG,1917,Legal
Madagascar,MDG,1918,Legal
Madagascar,MDG,1919,Legal
Madagascar,MDG,1920,Legal
Madagascar,MDG,1921,Legal
Madagascar,MDG,1922,Legal
Madagascar,MDG,1923,Legal
Madagascar,MDG,1924,Legal
Madagascar,MDG,1925,Legal
Madagascar,MDG,1926,Legal
Madagascar,MDG,1927,Legal
Madagascar,MDG,1928,Legal
Madagascar,MDG,1929,Legal
Madagascar,MDG,1930,Legal
Madagascar,MDG,1931,Legal
Madagascar,MDG,1932,Legal
Madagascar,MDG,1933,Legal
Madagascar,MDG,1934,Legal
Madagascar,MDG,1935,Legal
Madagascar,MDG,1936,Legal
Madagascar,MDG,1937,Legal
Madagascar,MDG,1938,Legal
Madagascar,MDG,1939,Legal
Madagascar,MDG,1940,Legal
Madagascar,MDG,1941,Legal
Madagascar,MDG,1942,Legal
Madagascar,MDG,1943,Legal
Madagascar,MDG,1944,Legal
Madagascar,MDG,1945,Legal
Madagascar,MDG,1946,Legal
Madagascar,MDG,1947,Legal
Madagascar,MDG,1948,Legal
Madagascar,MDG,1949,Legal
Madagascar,MDG,1950,Legal
Madagascar,MDG,1951,Legal
Madagascar,MDG,1952,Legal
Madagascar,MDG,1953,Legal
Madagascar,MDG,1954,Legal
Madagascar,MDG,1955,Legal
Madagascar,MDG,1956,Legal
Madagascar,MDG,1957,Legal
Madagascar,MDG,1958,Legal
Madagascar,MDG,1959,Legal
Madagascar,MDG,1960,Legal
Madagascar,MDG,1961,Legal
Madagascar,MDG,1962,Legal
Madagascar,MDG,1963,Legal
Madagascar,MDG,1964,Legal
Madagascar,MDG,1965,Legal
Madagascar,MDG,1966,Legal
Madagascar,MDG,1967,Legal
Madagascar,MDG,1968,Legal
Madagascar,MDG,1969,Legal
Madagascar,MDG,1970,Legal
Madagascar,MDG,1971,Legal
Madagascar,MDG,1972,Legal
Madagascar,MDG,1973,Legal
Madagascar,MDG,1974,Legal
Madagascar,MDG,1975,Legal
Madagascar,MDG,1976,Legal
Madagascar,MDG,1977,Legal
Madagascar,MDG,1978,Legal
Madagascar,MDG,1979,Legal
Madagascar,MDG,1980,Legal
Madagascar,MDG,1981,Legal
Madagascar,MDG,1982,Legal
Madagascar,MDG,1983,Legal
Madagascar,MDG,1984,Legal
Madagascar,MDG,1985,Legal
Madagascar,MDG,1986,Legal
Madagascar,MDG,1987,Legal
Madagascar,MDG,1988,Legal
Madagascar,MDG,1989,Legal
Madagascar,MDG,1990,Legal
Madagascar,MDG,1991,Legal
Madagascar,MDG,1992,Legal
Madagascar,MDG,1993,Legal
Madagascar,MDG,1994,Legal
Madagascar,MDG,1995,Legal
Madagascar,MDG,1996,Legal
Madagascar,MDG,1997,Legal
Madagascar,MDG,1998,Legal
Madagascar,MDG,1999,Legal
Madagascar,MDG,2000,Legal
Madagascar,MDG,2001,Legal
Madagascar,MDG,2002,Legal
Madagascar,MDG,2003,Legal
Madagascar,MDG,2004,Legal
Madagascar,MDG,2005,Legal
Madagascar,MDG,2006,Legal
Madagascar,MDG,2007,Legal
Madagascar,MDG,2008,Legal
Madagascar,MDG,2009,Legal
Madagascar,MDG,2010,Legal
Madagascar,MDG,2011,Legal
Madagascar,MDG,2012,Legal
Madagascar,MDG,2013,Legal
Madagascar,MDG,2014,Legal
Madagascar,MDG,2015,Legal
Madagascar,MDG,2016,Legal
Madagascar,MDG,2017,Legal
Madagascar,MDG,2018,Legal
Madagascar,MDG,2019,Legal
Madagascar,MDG,2020,Legal
Madagascar,MDG,2021,Legal
Madagascar,MDG,2022,Legal
Madagascar,MDG,2023,Legal
Madagascar,MDG,2024,Legal
Madagascar,MDG,2025,Legal
Malawi,MWI,1891,Illegal
Malawi,MWI,1892,Illegal
Malawi,MWI,1893,Illegal
Malawi,MWI,1894,Illegal
Malawi,MWI,1895,Illegal
Malawi,MWI,1896,Illegal
Malawi,MWI,1897,Illegal
Malawi,MWI,1898,Illegal
Malawi,MWI,1899,Illegal
Malawi,MWI,1900,Illegal
Malawi,MWI,1901,Illegal
Malawi,MWI,1902,Illegal
Malawi,MWI,1903,Illegal
Malawi,MWI,1904,Illegal
Malawi,MWI,1905,Illegal
Malawi,MWI,1906,Illegal
Malawi,MWI,1907,Illegal
Malawi,MWI,1908,Illegal
Malawi,MWI,1909,Illegal
Malawi,MWI,1910,Illegal
Malawi,MWI,1911,Illegal
Malawi,MWI,1912,Illegal
Malawi,MWI,1913,Illegal
Malawi,MWI,1914,Illegal
Malawi,MWI,1915,Illegal
Malawi,MWI,1916,Illegal
Malawi,MWI,1917,Illegal
Malawi,MWI,1918,Illegal
Malawi,MWI,1919,Illegal
Malawi,MWI,1920,Illegal
Malawi,MWI,1921,Illegal
Malawi,MWI,1922,Illegal
Malawi,MWI,1923,Illegal
Malawi,MWI,1924,Illegal
Malawi,MWI,1925,Illegal
Malawi,MWI,1926,Illegal
Malawi,MWI,1927,Illegal
Malawi,MWI,1928,Illegal
Malawi,MWI,1929,Illegal
Malawi,MWI,1930,Illegal
Malawi,MWI,1931,Illegal
Malawi,MWI,1932,Illegal
Malawi,MWI,1933,Illegal
Malawi,MWI,1934,Illegal
Malawi,MWI,1935,Illegal
Malawi,MWI,1936,Illegal
Malawi,MWI,1937,Illegal
Malawi,MWI,1938,Illegal
Malawi,MWI,1939,Illegal
Malawi,MWI,1940,Illegal
Malawi,MWI,1941,Illegal
Malawi,MWI,1942,Illegal
Malawi,MWI,1943,Illegal
Malawi,MWI,1944,Illegal
Malawi,MWI,1945,Illegal
Malawi,MWI,1946,Illegal
Malawi,MWI,1947,Illegal
Malawi,MWI,1948,Illegal
Malawi,MWI,1949,Illegal
Malawi,MWI,1950,Illegal
Malawi,MWI,1951,Illegal
Malawi,MWI,1952,Illegal
Malawi,MWI,1953,Illegal
Malawi,MWI,1954,Illegal
Malawi,MWI,1955,Illegal
Malawi,MWI,1956,Illegal
Malawi,MWI,1957,Illegal
Malawi,MWI,1958,Illegal
Malawi,MWI,1959,Illegal
Malawi,MWI,1960,Illegal
Malawi,MWI,1961,Illegal
Malawi,MWI,1962,Illegal
Malawi,MWI,1963,Illegal
Malawi,MWI,1964,Illegal
Malawi,MWI,1965,Illegal
Malawi,MWI,1966,Illegal
Malawi,MWI,1967,Illegal
Malawi,MWI,1968,Illegal
Malawi,MWI,1969,Illegal
Malawi,MWI,1970,Illegal
Malawi,MWI,1971,Illegal
Malawi,MWI,1972,Illegal
Malawi,MWI,1973,Illegal
Malawi,MWI,1974,Illegal
Malawi,MWI,1975,Illegal
Malawi,MWI,1976,Illegal
Malawi,MWI,1977,Illegal
Malawi,MWI,1978,Illegal
Malawi,MWI,1979,Illegal
Malawi,MWI,1980,Illegal
Malawi,MWI,1981,Illegal
Malawi,MWI,1982,Illegal
Malawi,MWI,1983,Illegal
Malawi,MWI,1984,Illegal
Malawi,MWI,1985,Illegal
Malawi,MWI,1986,Illegal
Malawi,MWI,1987,Illegal
Malawi,MWI,1988,Illegal
Malawi,MWI,1989,Illegal
Malawi,MWI,1990,Illegal
Malawi,MWI,1991,Illegal
Malawi,MWI,1992,Illegal
Malawi,MWI,1993,Illegal
Malawi,MWI,1994,Illegal
Malawi,MWI,1995,Illegal
Malawi,MWI,1996,Illegal
Malawi,MWI,1997,Illegal
Malawi,MWI,1998,Illegal
Malawi,MWI,1999,Illegal
Malawi,MWI,2000,Illegal
Malawi,MWI,2001,Illegal
Malawi,MWI,2002,Illegal
Malawi,MWI,2003,Illegal
Malawi,MWI,2004,Illegal
Malawi,MWI,2005,Illegal
Malawi,MWI,2006,Illegal
Malawi,MWI,2007,Illegal
Malawi,MWI,2008,Illegal
Malawi,MWI,2009,Illegal
Malawi,MWI,2010,Illegal
Malawi,MWI,2011,Illegal
Malawi,MWI,2012,Illegal
Malawi,MWI,2013,Illegal
Malawi,MWI,2014,Illegal
Malawi,MWI,2015,Illegal
Malawi,MWI,2016,Illegal
Malawi,MWI,2017,Illegal
Malawi,MWI,2018,Illegal
Malawi,MWI,2019,Illegal
Malawi,MWI,2020,Illegal
Malawi,MWI,2021,Illegal
Malawi,MWI,2022,Illegal
Malawi,MWI,2023,Illegal
Malawi,MWI,2024,Illegal
Malawi,MWI,2025,Illegal
Malaysia,MYS,1871,Illegal
Malaysia,MYS,1872,Illegal
Malaysia,MYS,1873,Illegal
Malaysia,MYS,1874,Illegal
Malaysia,MYS,1875,Illegal
Malaysia,MYS,1876,Illegal
Malaysia,MYS,1877,Illegal
Malaysia,MYS,1878,Illegal
Malaysia,MYS,1879,Illegal
Malaysia,MYS,1880,Illegal
Malaysia,MYS,1881,Illegal
Malaysia,MYS,1882,Illegal
Malaysia,MYS,1883,Illegal
Malaysia,MYS,1884,Illegal
Malaysia,MYS,1885,Illegal
Malaysia,MYS,1886,Illegal
Malaysia,MYS,1887,Illegal
Malaysia,MYS,1888,Illegal
Malaysia,MYS,1889,Illegal
Malaysia,MYS,1890,Illegal
Malaysia,MYS,1891,Illegal
Malaysia,MYS,1892,Illegal
Malaysia,MYS,1893,Illegal
Malaysia,MYS,1894,Illegal
Malaysia,MYS,1895,Illegal
Malaysia,MYS,1896,Illegal
Malaysia,MYS,1897,Illegal
Malaysia,MYS,1898,Illegal
Malaysia,MYS,1899,Illegal
Malaysia,MYS,1900,Illegal
Malaysia,MYS,1901,Illegal
Malaysia,MYS,1902,Illegal
Malaysia,MYS,1903,Illegal
Malaysia,MYS,1904,Illegal
Malaysia,MYS,1905,Illegal
Malaysia,MYS,1906,Illegal
Malaysia,MYS,1907,Illegal
Malaysia,MYS,1908,Illegal
Malaysia,MYS,1909,Illegal
Malaysia,MYS,1910,Illegal
Malaysia,MYS,1911,Illegal
Malaysia,MYS,1912,Illegal
Malaysia,MYS,1913,Illegal
Malaysia,MYS,1914,Illegal
Malaysia,MYS,1915,Illegal
Malaysia,MYS,1916,Illegal
Malaysia,MYS,1917,Illegal
Malaysia,MYS,1918,Illegal
Malaysia,MYS,1919,Illegal
Malaysia,MYS,1920,Illegal
Malaysia,MYS,1921,Illegal
Malaysia,MYS,1922,Illegal
Malaysia,MYS,1923,Illegal
Malaysia,MYS,1924,Illegal
Malaysia,MYS,1925,Illegal
Malaysia,MYS,1926,Illegal
Malaysia,MYS,1927,Illegal
Malaysia,MYS,1928,Illegal
Malaysia,MYS,1929,Illegal
Malaysia,MYS,1930,Illegal
Malaysia,MYS,1931,Illegal
Malaysia,MYS,1932,Illegal
Malaysia,MYS,1933,Illegal
Malaysia,MYS,1934,Illegal
Malaysia,MYS,1935,Illegal
Malaysia,MYS,1936,Illegal
Malaysia,MYS,1937,Illegal
Malaysia,MYS,1938,Illegal
Malaysia,MYS,1939,Illegal
Malaysia,MYS,1940,Illegal
Malaysia,MYS,1941,Illegal
Malaysia,MYS,1942,Illegal
Malaysia,MYS,1943,Illegal
Malaysia,MYS,1944,Illegal
Malaysia,MYS,1945,Illegal
Malaysia,MYS,1946,Illegal
Malaysia,MYS,1947,Illegal
Malaysia,MYS,1948,Illegal
Malaysia,MYS,1949,Illegal
Malaysia,MYS,1950,Illegal
Malaysia,MYS,1951,Illegal
Malaysia,MYS,1952,Illegal
Malaysia,MYS,1953,Illegal
Malaysia,MYS,1954,Illegal
Malaysia,MYS,1955,Illegal
Malaysia,MYS,1956,Illegal
Malaysia,MYS,1957,Illegal
Malaysia,MYS,1958,Illegal
Malaysia,MYS,1959,Illegal
Malaysia,MYS,1960,Illegal
Malaysia,MYS,1961,Illegal
Malaysia,MYS,1962,Illegal
Malaysia,MYS,1963,Illegal
Malaysia,MYS,1964,Illegal
Malaysia,MYS,1965,Illegal
Malaysia,MYS,1966,Illegal
Malaysia,MYS,1967,Illegal
Malaysia,MYS,1968,Illegal
Malaysia,MYS,1969,Illegal
Malaysia,MYS,1970,Illegal
Malaysia,MYS,1971,Illegal
Malaysia,MYS,1972,Illegal
Malaysia,MYS,1973,Illegal
Malaysia,MYS,1974,Illegal
Malaysia,MYS,1975,Illegal
Malaysia,MYS,1976,Illegal
Malaysia,MYS,1977,Illegal
Malaysia,MYS,1978,Illegal
Malaysia,MYS,1979,Illegal
Malaysia,MYS,1980,Illegal
Malaysia,MYS,1981,Illegal
Malaysia,MYS,1982,Illegal
Malaysia,MYS,1983,Illegal
Malaysia,MYS,1984,Illegal
Malaysia,MYS,1985,Illegal
Malaysia,MYS,1986,Illegal
Malaysia,MYS,1987,Illegal
Malaysia,MYS,1988,Illegal
Malaysia,MYS,1989,Illegal
Malaysia,MYS,1990,Illegal
Malaysia,MYS,1991,Illegal
Malaysia,MYS,1992,Illegal
Malaysia,MYS,1993,Illegal
Malaysia,MYS,1994,Illegal
Malaysia,MYS,1995,Illegal
Malaysia,MYS,1996,Illegal
Malaysia,MYS,1997,Illegal
Malaysia,MYS,1998,Illegal
Malaysia,MYS,1999,Illegal
Malaysia,MYS,2000,Illegal
Malaysia,MYS,2001,Illegal
Malaysia,MYS,2002,Illegal
Malaysia,MYS,2003,Illegal
Malaysia,MYS,2004,Illegal
Malaysia,MYS,2005,Illegal
Malaysia,MYS,2006,Illegal
Malaysia,MYS,2007,Illegal
Malaysia,MYS,2008,Illegal
Malaysia,MYS,2009,Illegal
Malaysia,MYS,2010,Illegal
Malaysia,MYS,2011,Illegal
Malaysia,MYS,2012,Illegal
Malaysia,MYS,2013,Illegal
Malaysia,MYS,2014,Illegal
Malaysia,MYS,2015,Illegal
Malaysia,MYS,2016,Illegal
Malaysia,MYS,2017,Illegal
Malaysia,MYS,2018,Illegal
Malaysia,MYS,2019,Illegal
Malaysia,MYS,2020,Illegal
Malaysia,MYS,2021,Illegal
Malaysia,MYS,2022,Illegal
Malaysia,MYS,2023,Illegal
Malaysia,MYS,2024,Illegal
Malaysia,MYS,2025,Illegal
Maldives,MDV,2014,Illegal
Maldives,MDV,2015,Illegal
Maldives,MDV,2016,Illegal
Maldives,MDV,2017,Illegal
Maldives,MDV,2018,Illegal
Maldives,MDV,2019,Illegal
Maldives,MDV,2020,Illegal
Maldives,MDV,2021,Illegal
Maldives,MDV,2022,Illegal
Maldives,MDV,2023,Illegal
Maldives,MDV,2024,Illegal
Maldives,MDV,2025,Illegal
Mali,MLI,1880,Legal
Mali,MLI,1881,Legal
Mali,MLI,1882,Legal
Mali,MLI,1883,Legal
Mali,MLI,1884,Legal
Mali,MLI,1885,Legal
Mali,MLI,1886,Legal
Mali,MLI,1887,Legal
Mali,MLI,1888,Legal
Mali,MLI,1889,Legal
Mali,MLI,1890,Legal
Mali,MLI,1891,Legal
Mali,MLI,1892,Legal
Mali,MLI,1893,Legal
Mali,MLI,1894,Legal
Mali,MLI,1895,Legal
Mali,MLI,1896,Legal
Mali,MLI,1897,Legal
Mali,MLI,1898,Legal
Mali,MLI,1899,Legal
Mali,MLI,1900,Legal
Mali,MLI,1901,Legal
Mali,MLI,1902,Legal
Mali,MLI,1903,Legal
Mali,MLI,1904,Legal
Mali,MLI,1905,Legal
Mali,MLI,1906,Legal
Mali,MLI,1907,Legal
Mali,MLI,1908,Legal
Mali,MLI,1909,Legal
Mali,MLI,1910,Legal
Mali,MLI,1911,Legal
Mali,MLI,1912,Legal
Mali,MLI,1913,Legal
Mali,MLI,1914,Legal
Mali,MLI,1915,Legal
Mali,MLI,1916,Legal
Mali,MLI,1917,Legal
Mali,MLI,1918,Legal
Mali,MLI,1919,Legal
Mali,MLI,1920,Legal
Mali,MLI,1921,Legal
Mali,MLI,1922,Legal
Mali,MLI,1923,Legal
Mali,MLI,1924,Legal
Mali,MLI,1925,Legal
Mali,MLI,1926,Legal
Mali,MLI,1927,Legal
Mali,MLI,1928,Legal
Mali,MLI,1929,Legal
Mali,MLI,1930,Legal
Mali,MLI,1931,Legal
Mali,MLI,1932,Legal
Mali,MLI,1933,Legal
Mali,MLI,1934,Legal
Mali,MLI,1935,Legal
Mali,MLI,1936,Legal
Mali,MLI,1937,Legal
Mali,MLI,1938,Legal
Mali,MLI,1939,Legal
Mali,MLI,1940,Legal
Mali,MLI,1941,Legal
Mali,MLI,1942,Legal
Mali,MLI,1943,Legal
Mali,MLI,1944,Legal
Mali,MLI,1945,Legal
Mali,MLI,1946,Legal
Mali,MLI,1947,Legal
Mali,MLI,1948,Legal
Mali,MLI,1949,Legal
Mali,MLI,1950,Legal
Mali,MLI,1951,Legal
Mali,MLI,1952,Legal
Mali,MLI,1953,Legal
Mali,MLI,1954,Legal
Mali,MLI,1955,Legal
Mali,MLI,1956,Legal
Mali,MLI,1957,Legal
Mali,MLI,1958,Legal
Mali,MLI,1959,Legal
Mali,MLI,1960,Legal
Mali,MLI,1961,Legal
Mali,MLI,1962,Legal
Mali,MLI,1963,Legal
Mali,MLI,1964,Legal
Mali,MLI,1965,Legal
Mali,MLI,1966,Legal
Mali,MLI,1967,Legal
Mali,MLI,1968,Legal
Mali,MLI,1969,Legal
Mali,MLI,1970,Legal
Mali,MLI,1971,Legal
Mali,MLI,1972,Legal
Mali,MLI,1973,Legal
Mali,MLI,1974,Legal
Mali,MLI,1975,Legal
Mali,MLI,1976,Legal
Mali,MLI,1977,Legal
Mali,MLI,1978,Legal
Mali,MLI,1979,Legal
Mali,MLI,1980,Legal
Mali,MLI,1981,Legal
Mali,MLI,1982,Legal
Mali,MLI,1983,Legal
Mali,MLI,1984,Legal
Mali,MLI,1985,Legal
Mali,MLI,1986,Legal
Mali,MLI,1987,Legal
Mali,MLI,1988,Legal
Mali,MLI,1989,Legal
Mali,MLI,1990,Legal
Mali,MLI,1991,Legal
Mali,MLI,1992,Legal
Mali,MLI,1993,Legal
Mali,MLI,1994,Legal
Mali,MLI,1995,Legal
Mali,MLI,1996,Legal
Mali,MLI,1997,Legal
Mali,MLI,1998,Legal
Mali,MLI,1999,Legal
Mali,MLI,2000,Legal
Mali,MLI,2001,Legal
Mali,MLI,2002,Legal
Mali,MLI,2003,Legal
Mali,MLI,2004,Legal
Mali,MLI,2005,Legal
Mali,MLI,2006,Legal
Mali,MLI,2007,Legal
Mali,MLI,2008,Legal
Mali,MLI,2009,Legal
Mali,MLI,2010,Legal
Mali,MLI,2011,Legal
Mali,MLI,2012,Legal
Mali,MLI,2013,Legal
Mali,MLI,2014,Legal
Mali,MLI,2015,Legal
Mali,MLI,2016,Legal
Mali,MLI,2017,Legal
Mali,MLI,2018,Legal
Mali,MLI,2019,Legal
Mali,MLI,2020,Legal
Mali,MLI,2021,Legal
Mali,MLI,2022,Legal
Mali,MLI,2023,Legal
Mali,MLI,2024,Legal
Mali,MLI,2025,Legal
Malta,MLT,1875,Illegal
Malta,MLT,1876,Illegal
Malta,MLT,1877,Illegal
Malta,MLT,1878,Illegal
Malta,MLT,1879,Illegal
Malta,MLT,1880,Illegal
Malta,MLT,1881,Illegal
Malta,MLT,1882,Illegal
Malta,MLT,1883,Illegal
Malta,MLT,1884,Illegal
Malta,MLT,1885,Illegal
Malta,MLT,1886,Illegal
Malta,MLT,1887,Illegal
Malta,MLT,1888,Illegal
Malta,MLT,1889,Illegal
Malta,MLT,1890,Illegal
Malta,MLT,1891,Illegal
Malta,MLT,1892,Illegal
Malta,MLT,1893,Illegal
Malta,MLT,1894,Illegal
Malta,MLT,1895,Illegal
Malta,MLT,1896,Illegal
Malta,MLT,1897,Illegal
Malta,MLT,1898,Illegal
Malta,MLT,1899,Illegal
Malta,MLT,1900,Illegal
Malta,MLT,1901,Illegal
Malta,MLT,1902,Illegal
Malta,MLT,1903,Illegal
Malta,MLT,1904,Illegal
Malta,MLT,1905,Illegal
Malta,MLT,1906,Illegal
Malta,MLT,1907,Illegal
Malta,MLT,1908,Illegal
Malta,MLT,1909,Illegal
Malta,MLT,1910,Illegal
Malta,MLT,1911,Illegal
Malta,MLT,1912,Illegal
Malta,MLT,1913,Illegal
Malta,MLT,1914,Illegal
Malta,MLT,1915,Illegal
Malta,MLT,1916,Illegal
Malta,MLT,1917,Illegal
Malta,MLT,1918,Illegal
Malta,MLT,1919,Illegal
Malta,MLT,1920,Illegal
Malta,MLT,1921,Illegal
Malta,MLT,1922,Illegal
Malta,MLT,1923,Illegal
Malta,MLT,1924,Illegal
Malta,MLT,1925,Illegal
Malta,MLT,1926,Illegal
Malta,MLT,1927,Illegal
Malta,MLT,1928,Illegal
Malta,MLT,1929,Illegal
Malta,MLT,1930,Illegal
Malta,MLT,1931,Illegal
Malta,MLT,1932,Illegal
Malta,MLT,1933,Illegal
Malta,MLT,1934,Illegal
Malta,MLT,1935,Illegal
Malta,MLT,1936,Illegal
Malta,MLT,1937,Illegal
Malta,MLT,1938,Illegal
Malta,MLT,1939,Illegal
Malta,MLT,1940,Illegal
Malta,MLT,1941,Illegal
Malta,MLT,1942,Illegal
Malta,MLT,1943,Illegal
Malta,MLT,1944,Illegal
Malta,MLT,1945,Illegal
Malta,MLT,1946,Illegal
Malta,MLT,1947,Illegal
Malta,MLT,1948,Illegal
Malta,MLT,1949,Illegal
Malta,MLT,1950,Illegal
Malta,MLT,1951,Illegal
Malta,MLT,1952,Illegal
Malta,MLT,1953,Illegal
Malta,MLT,1954,Illegal
Malta,MLT,1955,Illegal
Malta,MLT,1956,Illegal
Malta,MLT,1957,Illegal
Malta,MLT,1958,Illegal
Malta,MLT,1959,Illegal
Malta,MLT,1960,Illegal
Malta,MLT,1961,Illegal
Malta,MLT,1962,Illegal
Malta,MLT,1963,Illegal
Malta,MLT,1964,Illegal
Malta,MLT,1965,Illegal
Malta,MLT,1966,Illegal
Malta,MLT,1967,Illegal
Malta,MLT,1968,Illegal
Malta,MLT,1969,Illegal
Malta,MLT,1970,Illegal
Malta,MLT,1971,Illegal
Malta,MLT,1972,Illegal
Malta,MLT,1973,Legal
Malta,MLT,1974,Legal
Malta,MLT,1975,Legal
Malta,MLT,1976,Legal
Malta,MLT,1977,Legal
Malta,MLT,1978,Legal
Malta,MLT,1979,Legal
Malta,MLT,1980,Legal
Malta,MLT,1981,Legal
Malta,MLT,1982,Legal
Malta,MLT,1983,Legal
Malta,MLT,1984,Legal
Malta,MLT,1985,Legal
Malta,MLT,1986,Legal
Malta,MLT,1987,Legal
Malta,MLT,1988,Legal
Malta,MLT,1989,Legal
Malta,MLT,1990,Legal
Malta,MLT,1991,Legal
Malta,MLT,1992,Legal
Malta,MLT,1993,Legal
Malta,MLT,1994,Legal
Malta,MLT,1995,Legal
Malta,MLT,1996,Legal
Malta,MLT,1997,Legal
Malta,MLT,1998,Legal
Malta,MLT,1999,Legal
Malta,MLT,2000,Legal
Malta,MLT,2001,Legal
Malta,MLT,2002,Legal
Malta,MLT,2003,Legal
Malta,MLT,2004,Legal
Malta,MLT,2005,Legal
Malta,MLT,2006,Legal
Malta,MLT,2007,Legal
Malta,MLT,2008,Legal
Malta,MLT,2009,Legal
Malta,MLT,2010,Legal
Malta,MLT,2011,Legal
Malta,MLT,2012,Legal
Malta,MLT,2013,Legal
Malta,MLT,2014,Legal
Malta,MLT,2015,Legal
Malta,MLT,2016,Legal
Malta,MLT,2017,Legal
Malta,MLT,2018,Legal
Malta,MLT,2019,Legal
Malta,MLT,2020,Legal
Malta,MLT,2021,Legal
Malta,MLT,2022,Legal
Malta,MLT,2023,Legal
Malta,MLT,2024,Legal
Malta,MLT,2025,Legal
Marshall Islands,MHL,2005,Legal
Marshall Islands,MHL,2006,Legal
Marshall Islands,MHL,2007,Legal
Marshall Islands,MHL,2008,Legal
Marshall Islands,MHL,2009,Legal
Marshall Islands,MHL,2010,Legal
Marshall Islands,MHL,2011,Legal
Marshall Islands,MHL,2012,Legal
Marshall Islands,MHL,2013,Legal
Marshall Islands,MHL,2014,Legal
Marshall Islands,MHL,2015,Legal
Marshall Islands,MHL,2016,Legal
Marshall Islands,MHL,2017,Legal
Marshall Islands,MHL,2018,Legal
Marshall Islands,MHL,2019,Legal
Marshall Islands,MHL,2020,Legal
Marshall Islands,MHL,2021,Legal
Marshall Islands,MHL,2022,Legal
Marshall Islands,MHL,2023,Legal
Marshall Islands,MHL,2024,Legal
Marshall Islands,MHL,2025,Legal
Mauritania,MRT,1903,Legal
Mauritania,MRT,1904,Legal
Mauritania,MRT,1905,Legal
Mauritania,MRT,1906,Legal
Mauritania,MRT,1907,Legal
Mauritania,MRT,1908,Legal
Mauritania,MRT,1909,Legal
Mauritania,MRT,1910,Legal
Mauritania,MRT,1911,Legal
Mauritania,MRT,1912,Legal
Mauritania,MRT,1913,Legal
Mauritania,MRT,1914,Legal
Mauritania,MRT,1915,Legal
Mauritania,MRT,1916,Legal
Mauritania,MRT,1917,Legal
Mauritania,MRT,1918,Legal
Mauritania,MRT,1919,Legal
Mauritania,MRT,1920,Legal
Mauritania,MRT,1921,Legal
Mauritania,MRT,1922,Legal
Mauritania,MRT,1923,Legal
Mauritania,MRT,1924,Legal
Mauritania,MRT,1925,Legal
Mauritania,MRT,1926,Legal
Mauritania,MRT,1927,Legal
Mauritania,MRT,1928,Legal
Mauritania,MRT,1929,Legal
Mauritania,MRT,1930,Legal
Mauritania,MRT,1931,Legal
Mauritania,MRT,1932,Legal
Mauritania,MRT,1933,Legal
Mauritania,MRT,1934,Legal
Mauritania,MRT,1935,Legal
Mauritania,MRT,1936,Legal
Mauritania,MRT,1937,Legal
Mauritania,MRT,1938,Legal
Mauritania,MRT,1939,Legal
Mauritania,MRT,1940,Legal
Mauritania,MRT,1941,Legal
Mauritania,MRT,1942,Legal
Mauritania,MRT,1943,Legal
Mauritania,MRT,1944,Legal
Mauritania,MRT,1945,Legal
Mauritania,MRT,1946,Legal
Mauritania,MRT,1947,Legal
Mauritania,MRT,1948,Legal
Mauritania,MRT,1949,Legal
Mauritania,MRT,1950,Legal
Mauritania,MRT,1951,Legal
Mauritania,MRT,1952,Legal
Mauritania,MRT,1953,Legal
Mauritania,MRT,1954,Legal
Mauritania,MRT,1955,Legal
Mauritania,MRT,1956,Legal
Mauritania,MRT,1957,Legal
Mauritania,MRT,1958,Legal
Mauritania,MRT,1959,Legal
Mauritania,MRT,1960,Legal
Mauritania,MRT,1961,Legal
Mauritania,MRT,1962,Legal
Mauritania,MRT,1963,Legal
Mauritania,MRT,1964,Legal
Mauritania,MRT,1965,Legal
Mauritania,MRT,1966,Legal
Mauritania,MRT,1967,Legal
Mauritania,MRT,1968,Legal
Mauritania,MRT,1969,Legal
Mauritania,MRT,1970,Legal
Mauritania,MRT,1971,Legal
Mauritania,MRT,1972,Legal
Mauritania,MRT,1973,Legal
Mauritania,MRT,1974,Legal
Mauritania,MRT,1975,Legal
Mauritania,MRT,1976,Legal
Mauritania,MRT,1977,Legal
Mauritania,MRT,1978,Legal
Mauritania,MRT,1979,Legal
Mauritania,MRT,1980,Legal
Mauritania,MRT,1981,Legal
Mauritania,MRT,1982,Legal
Mauritania,MRT,1983,Illegal
Mauritania,MRT,1984,Illegal
Mauritania,MRT,1985,Illegal
Mauritania,MRT,1986,Illegal
Mauritania,MRT,1987,Illegal
Mauritania,MRT,1988,Illegal
Mauritania,MRT,1989,Illegal
Mauritania,MRT,1990,Illegal
Mauritania,MRT,1991,Illegal
Mauritania,MRT,1992,Illegal
Mauritania,MRT,1993,Illegal
Mauritania,MRT,1994,Illegal
Mauritania,MRT,1995,Illegal
Mauritania,MRT,1996,Illegal
Mauritania,MRT,1997,Illegal
Mauritania,MRT,1998,Illegal
Mauritania,MRT,1999,Illegal
Mauritania,MRT,2000,Illegal
Mauritania,MRT,2001,Illegal
Mauritania,MRT,2002,Illegal
Mauritania,MRT,2003,Illegal
Mauritania,MRT,2004,Illegal
Mauritania,MRT,2005,Illegal
Mauritania,MRT,2006,Illegal
Mauritania,MRT,2007,Illegal
Mauritania,MRT,2008,Illegal
Mauritania,MRT,2009,Illegal
Mauritania,MRT,2010,Illegal
Mauritania,MRT,2011,Illegal
Mauritania,MRT,2012,Illegal
Mauritania,MRT,2013,Illegal
Mauritania,MRT,2014,Illegal
Mauritania,MRT,2015,Illegal
Mauritania,MRT,2016,Illegal
Mauritania,MRT,2017,Illegal
Mauritania,MRT,2018,Illegal
Mauritania,MRT,2019,Illegal
Mauritania,MRT,2020,Illegal
Mauritania,MRT,2021,Illegal
Mauritania,MRT,2022,Illegal
Mauritania,MRT,2023,Illegal
Mauritania,MRT,2024,Illegal
Mauritania,MRT,2025,Illegal
Mauritius,MUS,1838,Illegal
Mauritius,MUS,1839,Illegal
Mauritius,MUS,1840,Illegal
Mauritius,MUS,1841,Illegal
Mauritius,MUS,1842,Illegal
Mauritius,MUS,1843,Illegal
Mauritius,MUS,1844,Illegal
Mauritius,MUS,1845,Illegal
Mauritius,MUS,1846,Illegal
Mauritius,MUS,1847,Illegal
Mauritius,MUS,1848,Illegal
Mauritius,MUS,1849,Illegal
Mauritius,MUS,1850,Illegal
Mauritius,MUS,1851,Illegal
Mauritius,MUS,1852,Illegal
Mauritius,MUS,1853,Illegal
Mauritius,MUS,1854,Illegal
Mauritius,MUS,1855,Illegal
Mauritius,MUS,1856,Illegal
Mauritius,MUS,1857,Illegal
Mauritius,MUS,1858,Illegal
Mauritius,MUS,1859,Illegal
Mauritius,MUS,1860,Illegal
Mauritius,MUS,1861,Illegal
Mauritius,MUS,1862,Illegal
Mauritius,MUS,1863,Illegal
Mauritius,MUS,1864,Illegal
Mauritius,MUS,1865,Illegal
Mauritius,MUS,1866,Illegal
Mauritius,MUS,1867,Illegal
Mauritius,MUS,1868,Illegal
Mauritius,MUS,1869,Illegal
Mauritius,MUS,1870,Illegal
Mauritius,MUS,1871,Illegal
Mauritius,MUS,1872,Illegal
Mauritius,MUS,1873,Illegal
Mauritius,MUS,1874,Illegal
Mauritius,MUS,1875,Illegal
Mauritius,MUS,1876,Illegal
Mauritius,MUS,1877,Illegal
Mauritius,MUS,1878,Illegal
Mauritius,MUS,1879,Illegal
Mauritius,MUS,1880,Illegal
Mauritius,MUS,1881,Illegal
Mauritius,MUS,1882,Illegal
Mauritius,MUS,1883,Illegal
Mauritius,MUS,1884,Illegal
Mauritius,MUS,1885,Illegal
Mauritius,MUS,1886,Illegal
Mauritius,MUS,1887,Illegal
Mauritius,MUS,1888,Illegal
Mauritius,MUS,1889,Illegal
Mauritius,MUS,1890,Illegal
Mauritius,MUS,1891,Illegal
Mauritius,MUS,1892,Illegal
Mauritius,MUS,1893,Illegal
Mauritius,MUS,1894,Illegal
Mauritius,MUS,1895,Illegal
Mauritius,MUS,1896,Illegal
Mauritius,MUS,1897,Illegal
Mauritius,MUS,1898,Illegal
Mauritius,MUS,1899,Illegal
Mauritius,MUS,1900,Illegal
Mauritius,MUS,1901,Illegal
Mauritius,MUS,1902,Illegal
Mauritius,MUS,1903,Illegal
Mauritius,MUS,1904,Illegal
Mauritius,MUS,1905,Illegal
Mauritius,MUS,1906,Illegal
Mauritius,MUS,1907,Illegal
Mauritius,MUS,1908,Illegal
Mauritius,MUS,1909,Illegal
Mauritius,MUS,1910,Illegal
Mauritius,MUS,1911,Illegal
Mauritius,MUS,1912,Illegal
Mauritius,MUS,1913,Illegal
Mauritius,MUS,1914,Illegal
Mauritius,MUS,1915,Illegal
Mauritius,MUS,1916,Illegal
Mauritius,MUS,1917,Illegal
Mauritius,MUS,1918,Illegal
Mauritius,MUS,1919,Illegal
Mauritius,MUS,1920,Illegal
Mauritius,MUS,1921,Illegal
Mauritius,MUS,1922,Illegal
Mauritius,MUS,1923,Illegal
Mauritius,MUS,1924,Illegal
Mauritius,MUS,1925,Illegal
Mauritius,MUS,1926,Illegal
Mauritius,MUS,1927,Illegal
Mauritius,MUS,1928,Illegal
Mauritius,MUS,1929,Illegal
Mauritius,MUS,1930,Illegal
Mauritius,MUS,1931,Illegal
Mauritius,MUS,1932,Illegal
Mauritius,MUS,1933,Illegal
Mauritius,MUS,1934,Illegal
Mauritius,MUS,1935,Illegal
Mauritius,MUS,1936,Illegal
Mauritius,MUS,1937,Illegal
Mauritius,MUS,1938,Illegal
Mauritius,MUS,1939,Illegal
Mauritius,MUS,1940,Illegal
Mauritius,MUS,1941,Illegal
Mauritius,MUS,1942,Illegal
Mauritius,MUS,1943,Illegal
Mauritius,MUS,1944,Illegal
Mauritius,MUS,1945,Illegal
Mauritius,MUS,1946,Illegal
Mauritius,MUS,1947,Illegal
Mauritius,MUS,1948,Illegal
Mauritius,MUS,1949,Illegal
Mauritius,MUS,1950,Illegal
Mauritius,MUS,1951,Illegal
Mauritius,MUS,1952,Illegal
Mauritius,MUS,1953,Illegal
Mauritius,MUS,1954,Illegal
Mauritius,MUS,1955,Illegal
Mauritius,MUS,1956,Illegal
Mauritius,MUS,1957,Illegal
Mauritius,MUS,1958,Illegal
Mauritius,MUS,1959,Illegal
Mauritius,MUS,1960,Illegal
Mauritius,MUS,1961,Illegal
Mauritius,MUS,1962,Illegal
Mauritius,MUS,1963,Illegal
Mauritius,MUS,1964,Illegal
Mauritius,MUS,1965,Illegal
Mauritius,MUS,1966,Illegal
Mauritius,MUS,1967,Illegal
Mauritius,MUS,1968,Illegal
Mauritius,MUS,1969,Illegal
Mauritius,MUS,1970,Illegal
Mauritius,MUS,1971,Illegal
Mauritius,MUS,1972,Illegal
Mauritius,MUS,1973,Illegal
Mauritius,MUS,1974,Illegal
Mauritius,MUS,1975,Illegal
Mauritius,MUS,1976,Illegal
Mauritius,MUS,1977,Illegal
Mauritius,MUS,1978,Illegal
Mauritius,MUS,1979,Illegal
Mauritius,MUS,1980,Illegal
Mauritius,MUS,1981,Illegal
Mauritius,MUS,1982,Illegal
Mauritius,MUS,1983,Illegal
Mauritius,MUS,1984,Illegal
Mauritius,MUS,1985,Illegal
Mauritius,MUS,1986,Illegal
Mauritius,MUS,1987,Illegal
Mauritius,MUS,1988,Illegal
Mauritius,MUS,1989,Illegal
Mauritius,MUS,1990,Illegal
Mauritius,MUS,1991,Illegal
Mauritius,MUS,1992,Illegal
Mauritius,MUS,1993,Illegal
Mauritius,MUS,1994,Illegal
Mauritius,MUS,1995,Illegal
Mauritius,MUS,1996,Illegal
Mauritius,MUS,1997,Illegal
Mauritius,MUS,1998,Illegal
Mauritius,MUS,1999,Illegal
Mauritius,MUS,2000,Illegal
Mauritius,MUS,2001,Illegal
Mauritius,MUS,2002,Illegal
Mauritius,MUS,2003,Illegal
Mauritius,MUS,2004,Illegal
Mauritius,MUS,2005,Illegal
Mauritius,MUS,2006,Illegal
Mauritius,MUS,2007,Illegal
Mauritius,MUS,2008,Illegal
Mauritius,MUS,2009,Illegal
Mauritius,MUS,2010,Illegal
Mauritius,MUS,2011,Illegal
Mauritius,MUS,2012,Illegal
Mauritius,MUS,2013,Illegal
Mauritius,MUS,2014,Illegal
Mauritius,MUS,2015,Illegal
Mauritius,MUS,2016,Illegal
Mauritius,MUS,2017,Illegal
Mauritius,MUS,2018,Illegal
Mauritius,MUS,2019,Illegal
Mauritius,MUS,2020,Illegal
Mauritius,MUS,2021,Illegal
Mauritius,MUS,2022,Illegal
Mauritius,MUS,2023,Legal
Mauritius,MUS,2024,Legal
Mauritius,MUS,2025,Legal
Mexico,MEX,1760,Illegal
Mexico,MEX,1761,Illegal
Mexico,MEX,1762,Illegal
Mexico,MEX,1763,Illegal
Mexico,MEX,1764,Illegal
Mexico,MEX,1765,Illegal
Mexico,MEX,1766,Illegal
Mexico,MEX,1767,Illegal
Mexico,MEX,1768,Illegal
Mexico,MEX,1769,Illegal
Mexico,MEX,1770,Illegal
Mexico,MEX,1771,Illegal
Mexico,MEX,1772,Illegal
Mexico,MEX,1773,Illegal
Mexico,MEX,1774,Illegal
Mexico,MEX,1775,Illegal
Mexico,MEX,1776,Illegal
Mexico,MEX,1777,Illegal
Mexico,MEX,1778,Illegal
Mexico,MEX,1779,Illegal
Mexico,MEX,1780,Illegal
Mexico,MEX,1781,Illegal
Mexico,MEX,1782,Illegal
Mexico,MEX,1783,Illegal
Mexico,MEX,1784,Illegal
Mexico,MEX,1785,Illegal
Mexico,MEX,1786,Illegal
Mexico,MEX,1787,Illegal
Mexico,MEX,1788,Illegal
Mexico,MEX,1789,Illegal
Mexico,MEX,1790,Illegal
Mexico,MEX,1791,Illegal
Mexico,MEX,1792,Illegal
Mexico,MEX,1793,Illegal
Mexico,MEX,1794,Illegal
Mexico,MEX,1795,Illegal
Mexico,MEX,1796,Illegal
Mexico,MEX,1797,Illegal
Mexico,MEX,1798,Illegal
Mexico,MEX,1799,Illegal
Mexico,MEX,1800,Illegal
Mexico,MEX,1801,Illegal
Mexico,MEX,1802,Illegal
Mexico,MEX,1803,Illegal
Mexico,MEX,1804,Illegal
Mexico,MEX,1805,Illegal
Mexico,MEX,1806,Illegal
Mexico,MEX,1807,Illegal
Mexico,MEX,1808,Illegal
Mexico,MEX,1809,Illegal
Mexico,MEX,1810,Illegal
Mexico,MEX,1811,Illegal
Mexico,MEX,1812,Illegal
Mexico,MEX,1813,Illegal
Mexico,MEX,1814,Illegal
Mexico,MEX,1815,Illegal
Mexico,MEX,1816,Illegal
Mexico,MEX,1817,Illegal
Mexico,MEX,1818,Illegal
Mexico,MEX,1819,Illegal
Mexico,MEX,1820,Illegal
Mexico,MEX,1821,Illegal
Mexico,MEX,1822,Illegal
Mexico,MEX,1823,Illegal
Mexico,MEX,1824,Illegal
Mexico,MEX,1825,Illegal
Mexico,MEX,1826,Illegal
Mexico,MEX,1827,Illegal
Mexico,MEX,1828,Illegal
Mexico,MEX,1829,Illegal
Mexico,MEX,1830,Illegal
Mexico,MEX,1831,Illegal
Mexico,MEX,1832,Illegal
Mexico,MEX,1833,Illegal
Mexico,MEX,1834,Illegal
Mexico,MEX,1835,Illegal
Mexico,MEX,1836,Illegal
Mexico,MEX,1837,Illegal
Mexico,MEX,1838,Illegal
Mexico,MEX,1839,Illegal
Mexico,MEX,1840,Illegal
Mexico,MEX,1841,Illegal
Mexico,MEX,1842,Illegal
Mexico,MEX,1843,Illegal
Mexico,MEX,1844,Illegal
Mexico,MEX,1845,Illegal
Mexico,MEX,1846,Illegal
Mexico,MEX,1847,Illegal
Mexico,MEX,1848,Illegal
Mexico,MEX,1849,Illegal
Mexico,MEX,1850,Illegal
Mexico,MEX,1851,Illegal
Mexico,MEX,1852,Illegal
Mexico,MEX,1853,Illegal
Mexico,MEX,1854,Illegal
Mexico,MEX,1855,Illegal
Mexico,MEX,1856,Illegal
Mexico,MEX,1857,Illegal
Mexico,MEX,1858,Illegal
Mexico,MEX,1859,Illegal
Mexico,MEX,1860,Illegal
Mexico,MEX,1861,Illegal
Mexico,MEX,1862,Illegal
Mexico,MEX,1863,Illegal
Mexico,MEX,1864,Illegal
Mexico,MEX,1865,Illegal
Mexico,MEX,1866,Illegal
Mexico,MEX,1867,Illegal
Mexico,MEX,1868,Illegal
Mexico,MEX,1869,Illegal
Mexico,MEX,1870,Illegal
Mexico,MEX,1871,Illegal
Mexico,MEX,1872,Legal
Mexico,MEX,1873,Legal
Mexico,MEX,1874,Legal
Mexico,MEX,1875,Legal
Mexico,MEX,1876,Legal
Mexico,MEX,1877,Legal
Mexico,MEX,1878,Legal
Mexico,MEX,1879,Legal
Mexico,MEX,1880,Legal
Mexico,MEX,1881,Legal
Mexico,MEX,1882,Legal
Mexico,MEX,1883,Legal
Mexico,MEX,1884,Legal
Mexico,MEX,1885,Legal
Mexico,MEX,1886,Legal
Mexico,MEX,1887,Legal
Mexico,MEX,1888,Legal
Mexico,MEX,1889,Legal
Mexico,MEX,1890,Legal
Mexico,MEX,1891,Legal
Mexico,MEX,1892,Legal
Mexico,MEX,1893,Legal
Mexico,MEX,1894,Legal
Mexico,MEX,1895,Legal
Mexico,MEX,1896,Legal
Mexico,MEX,1897,Legal
Mexico,MEX,1898,Legal
Mexico,MEX,1899,Legal
Mexico,MEX,1900,Legal
Mexico,MEX,1901,Legal
Mexico,MEX,1902,Legal
Mexico,MEX,1903,Legal
Mexico,MEX,1904,Legal
Mexico,MEX,1905,Legal
Mexico,MEX,1906,Legal
Mexico,MEX,1907,Legal
Mexico,MEX,1908,Legal
Mexico,MEX,1909,Legal
Mexico,MEX,1910,Legal
Mexico,MEX,1911,Legal
Mexico,MEX,1912,Legal
Mexico,MEX,1913,Legal
Mexico,MEX,1914,Legal
Mexico,MEX,1915,Legal
Mexico,MEX,1916,Legal
Mexico,MEX,1917,Legal
Mexico,MEX,1918,Legal
Mexico,MEX,1919,Legal
Mexico,MEX,1920,Legal
Mexico,MEX,1921,Legal
Mexico,MEX,1922,Legal
Mexico,MEX,1923,Legal
Mexico,MEX,1924,Legal
Mexico,MEX,1925,Legal
Mexico,MEX,1926,Legal
Mexico,MEX,1927,Legal
Mexico,MEX,1928,Legal
Mexico,MEX,1929,Legal
Mexico,MEX,1930,Legal
Mexico,MEX,1931,Legal
Mexico,MEX,1932,Legal
Mexico,MEX,1933,Legal
Mexico,MEX,1934,Legal
Mexico,MEX,1935,Legal
Mexico,MEX,1936,Legal
Mexico,MEX,1937,Legal
Mexico,MEX,1938,Legal
Mexico,MEX,1939,Legal
Mexico,MEX,1940,Legal
Mexico,MEX,1941,Legal
Mexico,MEX,1942,Legal
Mexico,MEX,1943,Legal
Mexico,MEX,1944,Legal
Mexico,MEX,1945,Legal
Mexico,MEX,1946,Legal
Mexico,MEX,1947,Legal
Mexico,MEX,1948,Legal
Mexico,MEX,1949,Legal
Mexico,MEX,1950,Legal
Mexico,MEX,1951,Legal
Mexico,MEX,1952,Legal
Mexico,MEX,1953,Legal
Mexico,MEX,1954,Legal
Mexico,MEX,1955,Legal
Mexico,MEX,1956,Legal
Mexico,MEX,1957,Legal
Mexico,MEX,1958,Legal
Mexico,MEX,1959,Legal
Mexico,MEX,1960,Legal
Mexico,MEX,1961,Legal
Mexico,MEX,1962,Legal
Mexico,MEX,1963,Legal
Mexico,MEX,1964,Legal
Mexico,MEX,1965,Legal
Mexico,MEX,1966,Legal
Mexico,MEX,1967,Legal
Mexico,MEX,1968,Legal
Mexico,MEX,1969,Legal
Mexico,MEX,1970,Legal
Mexico,MEX,1971,Legal
Mexico,MEX,1972,Legal
Mexico,MEX,1973,Legal
Mexico,MEX,1974,Legal
Mexico,MEX,1975,Legal
Mexico,MEX,1976,Legal
Mexico,MEX,1977,Legal
Mexico,MEX,1978,Legal
Mexico,MEX,1979,Legal
Mexico,MEX,1980,Legal
Mexico,MEX,1981,Legal
Mexico,MEX,1982,Legal
Mexico,MEX,1983,Legal
Mexico,MEX,1984,Legal
Mexico,MEX,1985,Legal
Mexico,MEX,1986,Legal
Mexico,MEX,1987,Legal
Mexico,MEX,1988,Legal
Mexico,MEX,1989,Legal
Mexico,MEX,1990,Legal
Mexico,MEX,1991,Legal
Mexico,MEX,1992,Legal
Mexico,MEX,1993,Legal
Mexico,MEX,1994,Legal
Mexico,MEX,1995,Legal
Mexico,MEX,1996,Legal
Mexico,MEX,1997,Legal
Mexico,MEX,1998,Legal
Mexico,MEX,1999,Legal
Mexico,MEX,2000,Legal
Mexico,MEX,2001,Legal
Mexico,MEX,2002,Legal
Mexico,MEX,2003,Legal
Mexico,MEX,2004,Legal
Mexico,MEX,2005,Legal
Mexico,MEX,2006,Legal
Mexico,MEX,2007,Legal
Mexico,MEX,2008,Legal
Mexico,MEX,2009,Legal
Mexico,MEX,2010,Legal
Mexico,MEX,2011,Legal
Mexico,MEX,2012,Legal
Mexico,MEX,2013,Legal
Mexico,MEX,2014,Legal
Mexico,MEX,2015,Legal
Mexico,MEX,2016,Legal
Mexico,MEX,2017,Legal
Mexico,MEX,2018,Legal
Mexico,MEX,2019,Legal
Mexico,MEX,2020,Legal
Mexico,MEX,2021,Legal
Mexico,MEX,2022,Legal
Mexico,MEX,2023,Legal
Mexico,MEX,2024,Legal
Mexico,MEX,2025,Legal
Micronesia (country),FSM,1982,Legal
Micronesia (country),FSM,1983,Legal
Micronesia (country),FSM,1984,Legal
Micronesia (country),FSM,1985,Legal
Micronesia (country),FSM,1986,Legal
Micronesia (country),FSM,1987,Legal
Micronesia (country),FSM,1988,Legal
Micronesia (country),FSM,1989,Legal
Micronesia (country),FSM,1990,Legal
Micronesia (country),FSM,1991,Legal
Micronesia (country),FSM,1992,Legal
Micronesia (country),FSM,1993,Legal
Micronesia (country),FSM,1994,Legal
Micronesia (country),FSM,1995,Legal
Micronesia (country),FSM,1996,Legal
Micronesia (country),FSM,1997,Legal
Micronesia (country),FSM,1998,Legal
Micronesia (country),FSM,1999,Legal
Micronesia (country),FSM,2000,Legal
Micronesia (country),FSM,2001,Legal
Micronesia (country),FSM,2002,Legal
Micronesia (country),FSM,2003,Legal
Micronesia (country),FSM,2004,Legal
Micronesia (country),FSM,2005,Legal
Micronesia (country),FSM,2006,Legal
Micronesia (country),FSM,2007,Legal
Micronesia (country),FSM,2008,Legal
Micronesia (country),FSM,2009,Legal
Micronesia (country),FSM,2010,Legal
Micronesia (country),FSM,2011,Legal
Micronesia (country),FSM,2012,Legal
Micronesia (country),FSM,2013,Legal
Micronesia (country),FSM,2014,Legal
Micronesia (country),FSM,2015,Legal
Micronesia (country),FSM,2016,Legal
Micronesia (country),FSM,2017,Legal
Micronesia (country),FSM,2018,Legal
Micronesia (country),FSM,2019,Legal
Micronesia (country),FSM,2020,Legal
Micronesia (country),FSM,2021,Legal
Micronesia (country),FSM,2022,Legal
Micronesia (country),FSM,2023,Legal
Micronesia (country),FSM,2024,Legal
Micronesia (country),FSM,2025,Legal
Moldova,MDA,1760,Legal
Moldova,MDA,1761,Legal
Moldova,MDA,1762,Legal
Moldova,MDA,1763,Legal
Moldova,MDA,1764,Legal
Moldova,MDA,1765,Legal
Moldova,MDA,1766,Legal
Moldova,MDA,1767,Legal
Moldova,MDA,1768,Legal
Moldova,MDA,1769,Legal
Moldova,MDA,1770,Legal
Moldova,MDA,1771,Legal
Moldova,MDA,1772,Legal
Moldova,MDA,1773,Legal
Moldova,MDA,1774,Legal
Moldova,MDA,1775,Legal
Moldova,MDA,1776,Legal
Moldova,MDA,1777,Legal
Moldova,MDA,1778,Legal
Moldova,MDA,1779,Legal
Moldova,MDA,1780,Legal
Moldova,MDA,1781,Legal
Moldova,MDA,1782,Legal
Moldova,MDA,1783,Legal
Moldova,MDA,1784,Legal
Moldova,MDA,1785,Legal
Moldova,MDA,1786,Legal
Moldova,MDA,1787,Legal
Moldova,MDA,1788,Legal
Moldova,MDA,1789,Legal
Moldova,MDA,1790,Legal
Moldova,MDA,1791,Legal
Moldova,MDA,1792,Legal
Moldova,MDA,1793,Legal
Moldova,MDA,1794,Legal
Moldova,MDA,1795,Legal
Moldova,MDA,1796,Legal
Moldova,MDA,1797,Legal
Moldova,MDA,1798,Legal
Moldova,MDA,1799,Legal
Moldova,MDA,1800,Legal
Moldova,MDA,1801,Legal
Moldova,MDA,1802,Legal
Moldova,MDA,1803,Legal
Moldova,MDA,1804,Legal
Moldova,MDA,1805,Legal
Moldova,MDA,1806,Legal
Moldova,MDA,1807,Legal
Moldova,MDA,1808,Legal
Moldova,MDA,1809,Legal
Moldova,MDA,1810,Legal
Moldova,MDA,1811,Legal
Moldova,MDA,1812,Legal
Moldova,MDA,1813,Legal
Moldova,MDA,1814,Legal
Moldova,MDA,1815,Legal
Moldova,MDA,1816,Legal
Moldova,MDA,1817,Legal
Moldova,MDA,1818,Legal
Moldova,MDA,1819,Legal
Moldova,MDA,1820,Legal
Moldova,MDA,1821,Legal
Moldova,MDA,1822,Legal
Moldova,MDA,1823,Legal
Moldova,MDA,1824,Legal
Moldova,MDA,1825,Legal
Moldova,MDA,1826,Legal
Moldova,MDA,1827,Legal
Moldova,MDA,1828,Legal
Moldova,MDA,1829,Legal
Moldova,MDA,1830,Legal
Moldova,MDA,1831,Legal
Moldova,MDA,1832,Illegal
Moldova,MDA,1833,Illegal
Moldova,MDA,1834,Illegal
Moldova,MDA,1835,Illegal
Moldova,MDA,1836,Illegal
Moldova,MDA,1837,Illegal
Moldova,MDA,1838,Illegal
Moldova,MDA,1839,Illegal
Moldova,MDA,1840,Illegal
Moldova,MDA,1841,Illegal
Moldova,MDA,1842,Illegal
Moldova,MDA,1843,Illegal
Moldova,MDA,1844,Illegal
Moldova,MDA,1845,Illegal
Moldova,MDA,1846,Illegal
Moldova,MDA,1847,Illegal
Moldova,MDA,1848,Illegal
Moldova,MDA,1849,Illegal
Moldova,MDA,1850,Illegal
Moldova,MDA,1851,Illegal
Moldova,MDA,1852,Illegal
Moldova,MDA,1853,Illegal
Moldova,MDA,1854,Illegal
Moldova,MDA,1855,Illegal
Moldova,MDA,1856,Illegal
Moldova,MDA,1857,Illegal
Moldova,MDA,1858,Illegal
Moldova,MDA,1859,Illegal
Moldova,MDA,1860,Illegal
Moldova,MDA,1861,Illegal
Moldova,MDA,1862,Illegal
Moldova,MDA,1863,Illegal
Moldova,MDA,1864,Illegal
Moldova,MDA,1865,Illegal
Moldova,MDA,1866,Illegal
Moldova,MDA,1867,Illegal
Moldova,MDA,1868,Illegal
Moldova,MDA,1869,Illegal
Moldova,MDA,1870,Illegal
Moldova,MDA,1871,Illegal
Moldova,MDA,1872,Illegal
Moldova,MDA,1873,Illegal
Moldova,MDA,1874,Illegal
Moldova,MDA,1875,Illegal
Moldova,MDA,1876,Illegal
Moldova,MDA,1877,Illegal
Moldova,MDA,1878,Illegal
Moldova,MDA,1879,Illegal
Moldova,MDA,1880,Illegal
Moldova,MDA,1881,Illegal
Moldova,MDA,1882,Illegal
Moldova,MDA,1883,Illegal
Moldova,MDA,1884,Illegal
Moldova,MDA,1885,Illegal
Moldova,MDA,1886,Illegal
Moldova,MDA,1887,Illegal
Moldova,MDA,1888,Illegal
Moldova,MDA,1889,Illegal
Moldova,MDA,1890,Illegal
Moldova,MDA,1891,Illegal
Moldova,MDA,1892,Illegal
Moldova,MDA,1893,Illegal
Moldova,MDA,1894,Illegal
Moldova,MDA,1895,Illegal
Moldova,MDA,1896,Illegal
Moldova,MDA,1897,Illegal
Moldova,MDA,1898,Illegal
Moldova,MDA,1899,Illegal
Moldova,MDA,1900,Illegal
Moldova,MDA,1901,Illegal
Moldova,MDA,1902,Illegal
Moldova,MDA,1903,Illegal
Moldova,MDA,1904,Illegal
Moldova,MDA,1905,Illegal
Moldova,MDA,1906,Illegal
Moldova,MDA,1907,Illegal
Moldova,MDA,1908,Illegal
Moldova,MDA,1909,Illegal
Moldova,MDA,1910,Illegal
Moldova,MDA,1911,Illegal
Moldova,MDA,1912,Illegal
Moldova,MDA,1913,Illegal
Moldova,MDA,1914,Illegal
Moldova,MDA,1915,Illegal
Moldova,MDA,1916,Illegal
Moldova,MDA,1917,Illegal
Moldova,MDA,1918,Illegal
Moldova,MDA,1919,Illegal
Moldova,MDA,1920,Legal
Moldova,MDA,1921,Legal
Moldova,MDA,1922,Legal
Moldova,MDA,1923,Legal
Moldova,MDA,1924,Legal
Moldova,MDA,1925,Legal
Moldova,MDA,1926,Legal
Moldova,MDA,1927,Legal
Moldova,MDA,1928,Legal
Moldova,MDA,1929,Legal
Moldova,MDA,1930,Legal
Moldova,MDA,1931,Legal
Moldova,MDA,1932,Legal
Moldova,MDA,1933,Legal
Moldova,MDA,1934,Illegal
Moldova,MDA,1935,Illegal
Moldova,MDA,1936,Illegal
Moldova,MDA,1937,Illegal
Moldova,MDA,1938,Illegal
Moldova,MDA,1939,Illegal
Moldova,MDA,1940,Illegal
Moldova,MDA,1941,Illegal
Moldova,MDA,1942,Illegal
Moldova,MDA,1943,Illegal
Moldova,MDA,1944,Illegal
Moldova,MDA,1945,Illegal
Moldova,MDA,1946,Illegal
Moldova,MDA,1947,Illegal
Moldova,MDA,1948,Illegal
Moldova,MDA,1949,Illegal
Moldova,MDA,1950,Illegal
Moldova,MDA,1951,Illegal
Moldova,MDA,1952,Illegal
Moldova,MDA,1953,Illegal
Moldova,MDA,1954,Illegal
Moldova,MDA,1955,Illegal
Moldova,MDA,1956,Illegal
Moldova,MDA,1957,Illegal
Moldova,MDA,1958,Illegal
Moldova,MDA,1959,Illegal
Moldova,MDA,1960,Illegal
Moldova,MDA,1961,Illegal
Moldova,MDA,1962,Illegal
Moldova,MDA,1963,Illegal
Moldova,MDA,1964,Illegal
Moldova,MDA,1965,Illegal
Moldova,MDA,1966,Illegal
Moldova,MDA,1967,Illegal
Moldova,MDA,1968,Illegal
Moldova,MDA,1969,Illegal
Moldova,MDA,1970,Illegal
Moldova,MDA,1971,Illegal
Moldova,MDA,1972,Illegal
Moldova,MDA,1973,Illegal
Moldova,MDA,1974,Illegal
Moldova,MDA,1975,Illegal
Moldova,MDA,1976,Illegal
Moldova,MDA,1977,Illegal
Moldova,MDA,1978,Illegal
Moldova,MDA,1979,Illegal
Moldova,MDA,1980,Illegal
Moldova,MDA,1981,Illegal
Moldova,MDA,1982,Illegal
Moldova,MDA,1983,Illegal
Moldova,MDA,1984,Illegal
Moldova,MDA,1985,Illegal
Moldova,MDA,1986,Illegal
Moldova,MDA,1987,Illegal
Moldova,MDA,1988,Illegal
Moldova,MDA,1989,Illegal
Moldova,MDA,1990,Illegal
Moldova,MDA,1991,Illegal
Moldova,MDA,1992,Illegal
Moldova,MDA,1993,Illegal
Moldova,MDA,1994,Illegal
Moldova,MDA,1995,Legal
Moldova,MDA,1996,Legal
Moldova,MDA,1997,Legal
Moldova,MDA,1998,Legal
Moldova,MDA,1999,Legal
Moldova,MDA,2000,Legal
Moldova,MDA,2001,Legal
Moldova,MDA,2002,Legal
Moldova,MDA,2003,Legal
Moldova,MDA,2004,Legal
Moldova,MDA,2005,Legal
Moldova,MDA,2006,Legal
Moldova,MDA,2007,Legal
Moldova,MDA,2008,Legal
Moldova,MDA,2009,Legal
Moldova,MDA,2010,Legal
Moldova,MDA,2011,Legal
Moldova,MDA,2012,Legal
Moldova,MDA,2013,Legal
Moldova,MDA,2014,Legal
Moldova,MDA,2015,Legal
Moldova,MDA,2016,Legal
Moldova,MDA,2017,Legal
Moldova,MDA,2018,Legal
Moldova,MDA,2019,Legal
Moldova,MDA,2020,Legal
Moldova,MDA,2021,Legal
Moldova,MDA,2022,Legal
Moldova,MDA,2023,Legal
Moldova,MDA,2024,Legal
Moldova,MDA,2025,Legal
Monaco,MCO,1793,Legal
Monaco,MCO,1794,Legal
Monaco,MCO,1795,Legal
Monaco,MCO,1796,Legal
Monaco,MCO,1797,Legal
Monaco,MCO,1798,Legal
Monaco,MCO,1799,Legal
Monaco,MCO,1800,Legal
Monaco,MCO,1801,Legal
Monaco,MCO,1802,Legal
Monaco,MCO,1803,Legal
Monaco,MCO,1804,Legal
Monaco,MCO,1805,Legal
Monaco,MCO,1806,Legal
Monaco,MCO,1807,Legal
Monaco,MCO,1808,Legal
Monaco,MCO,1809,Legal
Monaco,MCO,1810,Legal
Monaco,MCO,1811,Legal
Monaco,MCO,1812,Legal
Monaco,MCO,1813,Legal
Monaco,MCO,1814,Legal
Monaco,MCO,1815,Legal
Monaco,MCO,1816,Legal
Monaco,MCO,1817,Legal
Monaco,MCO,1818,Legal
Monaco,MCO,1819,Legal
Monaco,MCO,1820,Legal
Monaco,MCO,1821,Legal
Monaco,MCO,1822,Legal
Monaco,MCO,1823,Legal
Monaco,MCO,1824,Legal
Monaco,MCO,1825,Legal
Monaco,MCO,1826,Legal
Monaco,MCO,1827,Legal
Monaco,MCO,1828,Legal
Monaco,MCO,1829,Legal
Monaco,MCO,1830,Legal
Monaco,MCO,1831,Legal
Monaco,MCO,1832,Legal
Monaco,MCO,1833,Legal
Monaco,MCO,1834,Legal
Monaco,MCO,1835,Legal
Monaco,MCO,1836,Legal
Monaco,MCO,1837,Legal
Monaco,MCO,1838,Legal
Monaco,MCO,1839,Legal
Monaco,MCO,1840,Legal
Monaco,MCO,1841,Legal
Monaco,MCO,1842,Legal
Monaco,MCO,1843,Legal
Monaco,MCO,1844,Legal
Monaco,MCO,1845,Legal
Monaco,MCO,1846,Legal
Monaco,MCO,1847,Legal
Monaco,MCO,1848,Legal
Monaco,MCO,1849,Legal
Monaco,MCO,1850,Legal
Monaco,MCO,1851,Legal
Monaco,MCO,1852,Legal
Monaco,MCO,1853,Legal
Monaco,MCO,1854,Legal
Monaco,MCO,1855,Legal
Monaco,MCO,1856,Legal
Monaco,MCO,1857,Legal
Monaco,MCO,1858,Legal
Monaco,MCO,1859,Legal
Monaco,MCO,1860,Legal
Monaco,MCO,1861,Legal
Monaco,MCO,1862,Legal
Monaco,MCO,1863,Legal
Monaco,MCO,1864,Legal
Monaco,MCO,1865,Legal
Monaco,MCO,1866,Legal
Monaco,MCO,1867,Legal
Monaco,MCO,1868,Legal
Monaco,MCO,1869,Legal
Monaco,MCO,1870,Legal
Monaco,MCO,1871,Legal
Monaco,MCO,1872,Legal
Monaco,MCO,1873,Legal
Monaco,MCO,1874,Legal
Monaco,MCO,1875,Legal
Monaco,MCO,1876,Legal
Monaco,MCO,1877,Legal
Monaco,MCO,1878,Legal
Monaco,MCO,1879,Legal
Monaco,MCO,1880,Legal
Monaco,MCO,1881,Legal
Monaco,MCO,1882,Legal
Monaco,MCO,1883,Legal
Monaco,MCO,1884,Legal
Monaco,MCO,1885,Legal
Monaco,MCO,1886,Legal
Monaco,MCO,1887,Legal
Monaco,MCO,1888,Legal
Monaco,MCO,1889,Legal
Monaco,MCO,1890,Legal
Monaco,MCO,1891,Legal
Monaco,MCO,1892,Legal
Monaco,MCO,1893,Legal
Monaco,MCO,1894,Legal
Monaco,MCO,1895,Legal
Monaco,MCO,1896,Legal
Monaco,MCO,1897,Legal
Monaco,MCO,1898,Legal
Monaco,MCO,1899,Legal
Monaco,MCO,1900,Legal
Monaco,MCO,1901,Legal
Monaco,MCO,1902,Legal
Monaco,MCO,1903,Legal
Monaco,MCO,1904,Legal
Monaco,MCO,1905,Legal
Monaco,MCO,1906,Legal
Monaco,MCO,1907,Legal
Monaco,MCO,1908,Legal
Monaco,MCO,1909,Legal
Monaco,MCO,1910,Legal
Monaco,MCO,1911,Legal
Monaco,MCO,1912,Legal
Monaco,MCO,1913,Legal
Monaco,MCO,1914,Legal
Monaco,MCO,1915,Legal
Monaco,MCO,1916,Legal
Monaco,MCO,1917,Legal
Monaco,MCO,1918,Legal
Monaco,MCO,1919,Legal
Monaco,MCO,1920,Legal
Monaco,MCO,1921,Legal
Monaco,MCO,1922,Legal
Monaco,MCO,1923,Legal
Monaco,MCO,1924,Legal
Monaco,MCO,1925,Legal
Monaco,MCO,1926,Legal
Monaco,MCO,1927,Legal
Monaco,MCO,1928,Legal
Monaco,MCO,1929,Legal
Monaco,MCO,1930,Legal
Monaco,MCO,1931,Legal
Monaco,MCO,1932,Legal
Monaco,MCO,1933,Legal
Monaco,MCO,1934,Legal
Monaco,MCO,1935,Legal
Monaco,MCO,1936,Legal
Monaco,MCO,1937,Legal
Monaco,MCO,1938,Legal
Monaco,MCO,1939,Legal
Monaco,MCO,1940,Legal
Monaco,MCO,1941,Legal
Monaco,MCO,1942,Legal
Monaco,MCO,1943,Legal
Monaco,MCO,1944,Legal
Monaco,MCO,1945,Legal
Monaco,MCO,1946,Legal
Monaco,MCO,1947,Legal
Monaco,MCO,1948,Legal
Monaco,MCO,1949,Legal
Monaco,MCO,1950,Legal
Monaco,MCO,1951,Legal
Monaco,MCO,1952,Legal
Monaco,MCO,1953,Legal
Monaco,MCO,1954,Legal
Monaco,MCO,1955,Legal
Monaco,MCO,1956,Legal
Monaco,MCO,1957,Legal
Monaco,MCO,1958,Legal
Monaco,MCO,1959,Legal
Monaco,MCO,1960,Legal
Monaco,MCO,1961,Legal
Monaco,MCO,1962,Legal
Monaco,MCO,1963,Legal
Monaco,MCO,1964,Legal
Monaco,MCO,1965,Legal
Monaco,MCO,1966,Legal
Monaco,MCO,1967,Legal
Monaco,MCO,1968,Legal
Monaco,MCO,1969,Legal
Monaco,MCO,1970,Legal
Monaco,MCO,1971,Legal
Monaco,MCO,1972,Legal
Monaco,MCO,1973,Legal
Monaco,MCO,1974,Legal
Monaco,MCO,1975,Legal
Monaco,MCO,1976,Legal
Monaco,MCO,1977,Legal
Monaco,MCO,1978,Legal
Monaco,MCO,1979,Legal
Monaco,MCO,1980,Legal
Monaco,MCO,1981,Legal
Monaco,MCO,1982,Legal
Monaco,MCO,1983,Legal
Monaco,MCO,1984,Legal
Monaco,MCO,1985,Legal
Monaco,MCO,1986,Legal
Monaco,MCO,1987,Legal
Monaco,MCO,1988,Legal
Monaco,MCO,1989,Legal
Monaco,MCO,1990,Legal
Monaco,MCO,1991,Legal
Monaco,MCO,1992,Legal
Monaco,MCO,1993,Legal
Monaco,MCO,1994,Legal
Monaco,MCO,1995,Legal
Monaco,MCO,1996,Legal
Monaco,MCO,1997,Legal
Monaco,MCO,1998,Legal
Monaco,MCO,1999,Legal
Monaco,MCO,2000,Legal
Monaco,MCO,2001,Legal
Monaco,MCO,2002,Legal
Monaco,MCO,2003,Legal
Monaco,MCO,2004,Legal
Monaco,MCO,2005,Legal
Monaco,MCO,2006,Legal
Monaco,MCO,2007,Legal
Monaco,MCO,2008,Legal
Monaco,MCO,2009,Legal
Monaco,MCO,2010,Legal
Monaco,MCO,2011,Legal
Monaco,MCO,2012,Legal
Monaco,MCO,2013,Legal
Monaco,MCO,2014,Legal
Monaco,MCO,2015,Legal
Monaco,MCO,2016,Legal
Monaco,MCO,2017,Legal
Monaco,MCO,2018,Legal
Monaco,MCO,2019,Legal
Monaco,MCO,2020,Legal
Monaco,MCO,2021,Legal
Monaco,MCO,2022,Legal
Monaco,MCO,2023,Legal
Monaco,MCO,2024,Legal
Monaco,MCO,2025,Legal
Mongolia,MNG,1961,Legal
Mongolia,MNG,1962,Legal
Mongolia,MNG,1963,Legal
Mongolia,MNG,1964,Legal
Mongolia,MNG,1965,Legal
Mongolia,MNG,1966,Legal
Mongolia,MNG,1967,Legal
Mongolia,MNG,1968,Legal
Mongolia,MNG,1969,Legal
Mongolia,MNG,1970,Legal
Mongolia,MNG,1971,Legal
Mongolia,MNG,1972,Legal
Mongolia,MNG,1973,Legal
Mongolia,MNG,1974,Legal
Mongolia,MNG,1975,Legal
Mongolia,MNG,1976,Legal
Mongolia,MNG,1977,Legal
Mongolia,MNG,1978,Legal
Mongolia,MNG,1979,Legal
Mongolia,MNG,1980,Legal
Mongolia,MNG,1981,Legal
Mongolia,MNG,1982,Legal
Mongolia,MNG,1983,Legal
Mongolia,MNG,1984,Legal
Mongolia,MNG,1985,Legal
Mongolia,MNG,1986,Legal
Mongolia,MNG,1987,Legal
Mongolia,MNG,1988,Legal
Mongolia,MNG,1989,Legal
Mongolia,MNG,1990,Legal
Mongolia,MNG,1991,Legal
Mongolia,MNG,1992,Legal
Mongolia,MNG,1993,Legal
Mongolia,MNG,1994,Legal
Mongolia,MNG,1995,Legal
Mongolia,MNG,1996,Legal
Mongolia,MNG,1997,Legal
Mongolia,MNG,1998,Legal
Mongolia,MNG,1999,Legal
Mongolia,MNG,2000,Legal
Mongolia,MNG,2001,Legal
Mongolia,MNG,2002,Legal
Mongolia,MNG,2003,Legal
Mongolia,MNG,2004,Legal
Mongolia,MNG,2005,Legal
Mongolia,MNG,2006,Legal
Mongolia,MNG,2007,Legal
Mongolia,MNG,2008,Legal
Mongolia,MNG,2009,Legal
Mongolia,MNG,2010,Legal
Mongolia,MNG,2011,Legal
Mongolia,MNG,2012,Legal
Mongolia,MNG,2013,Legal
Mongolia,MNG,2014,Legal
Mongolia,MNG,2015,Legal
Mongolia,MNG,2016,Legal
Mongolia,MNG,2017,Legal
Mongolia,MNG,2018,Legal
Mongolia,MNG,2019,Legal
Mongolia,MNG,2020,Legal
Mongolia,MNG,2021,Legal
Mongolia,MNG,2022,Legal
Mongolia,MNG,2023,Legal
Mongolia,MNG,2024,Legal
Mongolia,MNG,2025,Legal
Montenegro,MNE,1929,Illegal
Montenegro,MNE,1930,Illegal
Montenegro,MNE,1931,Illegal
Montenegro,MNE,1932,Illegal
Montenegro,MNE,1933,Illegal
Montenegro,MNE,1934,Illegal
Montenegro,MNE,1935,Illegal
Montenegro,MNE,1936,Illegal
Montenegro,MNE,1937,Illegal
Montenegro,MNE,1938,Illegal
Montenegro,MNE,1939,Illegal
Montenegro,MNE,1940,Illegal
Montenegro,MNE,1941,Illegal
Montenegro,MNE,1942,Illegal
Montenegro,MNE,1943,Illegal
Montenegro,MNE,1944,Illegal
Montenegro,MNE,1945,Illegal
Montenegro,MNE,1946,Illegal
Montenegro,MNE,1947,Illegal
Montenegro,MNE,1948,Illegal
Montenegro,MNE,1949,Illegal
Montenegro,MNE,1950,Illegal
Montenegro,MNE,1951,Illegal
Montenegro,MNE,1952,Illegal
Montenegro,MNE,1953,Illegal
Montenegro,MNE,1954,Illegal
Montenegro,MNE,1955,Illegal
Montenegro,MNE,1956,Illegal
Montenegro,MNE,1957,Illegal
Montenegro,MNE,1958,Illegal
Montenegro,MNE,1959,Illegal
Montenegro,MNE,1960,Illegal
Montenegro,MNE,1961,Illegal
Montenegro,MNE,1962,Illegal
Montenegro,MNE,1963,Illegal
Montenegro,MNE,1964,Illegal
Montenegro,MNE,1965,Illegal
Montenegro,MNE,1966,Illegal
Montenegro,MNE,1967,Illegal
Montenegro,MNE,1968,Illegal
Montenegro,MNE,1969,Illegal
Montenegro,MNE,1970,Illegal
Montenegro,MNE,1971,Illegal
Montenegro,MNE,1972,Illegal
Montenegro,MNE,1973,Illegal
Montenegro,MNE,1974,Illegal
Montenegro,MNE,1975,Illegal
Montenegro,MNE,1976,Illegal
Montenegro,MNE,1977,Legal
Montenegro,MNE,1978,Legal
Montenegro,MNE,1979,Legal
Montenegro,MNE,1980,Legal
Montenegro,MNE,1981,Legal
Montenegro,MNE,1982,Legal
Montenegro,MNE,1983,Legal
Montenegro,MNE,1984,Legal
Montenegro,MNE,1985,Legal
Montenegro,MNE,1986,Legal
Montenegro,MNE,1987,Legal
Montenegro,MNE,1988,Legal
Montenegro,MNE,1989,Legal
Montenegro,MNE,1990,Legal
Montenegro,MNE,1991,Legal
Montenegro,MNE,1992,Legal
Montenegro,MNE,1993,Legal
Montenegro,MNE,1994,Legal
Montenegro,MNE,1995,Legal
Montenegro,MNE,1996,Legal
Montenegro,MNE,1997,Legal
Montenegro,MNE,1998,Legal
Montenegro,MNE,1999,Legal
Montenegro,MNE,2000,Legal
Montenegro,MNE,2001,Legal
Montenegro,MNE,2002,Legal
Montenegro,MNE,2003,Legal
Montenegro,MNE,2004,Legal
Montenegro,MNE,2005,Legal
Montenegro,MNE,2006,Legal
Montenegro,MNE,2007,Legal
Montenegro,MNE,2008,Legal
Montenegro,MNE,2009,Legal
Montenegro,MNE,2010,Legal
Montenegro,MNE,2011,Legal
Montenegro,MNE,2012,Legal
Montenegro,MNE,2013,Legal
Montenegro,MNE,2014,Legal
Montenegro,MNE,2015,Legal
Montenegro,MNE,2016,Legal
Montenegro,MNE,2017,Legal
Montenegro,MNE,2018,Legal
Montenegro,MNE,2019,Legal
Montenegro,MNE,2020,Legal
Montenegro,MNE,2021,Legal
Montenegro,MNE,2022,Legal
Montenegro,MNE,2023,Legal
Montenegro,MNE,2024,Legal
Montenegro,MNE,2025,Legal
Morocco,MAR,1913,Illegal
Morocco,MAR,1914,Illegal
Morocco,MAR,1915,Illegal
Morocco,MAR,1916,Illegal
Morocco,MAR,1917,Illegal
Morocco,MAR,1918,Illegal
Morocco,MAR,1919,Illegal
Morocco,MAR,1920,Illegal
Morocco,MAR,1921,Illegal
Morocco,MAR,1922,Illegal
Morocco,MAR,1923,Illegal
Morocco,MAR,1924,Illegal
Morocco,MAR,1925,Illegal
Morocco,MAR,1926,Illegal
Morocco,MAR,1927,Illegal
Morocco,MAR,1928,Illegal
Morocco,MAR,1929,Illegal
Morocco,MAR,1930,Illegal
Morocco,MAR,1931,Illegal
Morocco,MAR,1932,Illegal
Morocco,MAR,1933,Illegal
Morocco,MAR,1934,Illegal
Morocco,MAR,1935,Illegal
Morocco,MAR,1936,Illegal
Morocco,MAR,1937,Illegal
Morocco,MAR,1938,Illegal
Morocco,MAR,1939,Illegal
Morocco,MAR,1940,Illegal
Morocco,MAR,1941,Illegal
Morocco,MAR,1942,Illegal
Morocco,MAR,1943,Illegal
Morocco,MAR,1944,Illegal
Morocco,MAR,1945,Illegal
Morocco,MAR,1946,Illegal
Morocco,MAR,1947,Illegal
Morocco,MAR,1948,Illegal
Morocco,MAR,1949,Illegal
Morocco,MAR,1950,Illegal
Morocco,MAR,1951,Illegal
Morocco,MAR,1952,Illegal
Morocco,MAR,1953,Illegal
Morocco,MAR,1954,Illegal
Morocco,MAR,1955,Illegal
Morocco,MAR,1956,Illegal
Morocco,MAR,1957,Illegal
Morocco,MAR,1958,Illegal
Morocco,MAR,1959,Illegal
Morocco,MAR,1960,Illegal
Morocco,MAR,1961,Illegal
Morocco,MAR,1962,Illegal
Morocco,MAR,1963,Illegal
Morocco,MAR,1964,Illegal
Morocco,MAR,1965,Illegal
Morocco,MAR,1966,Illegal
Morocco,MAR,1967,Illegal
Morocco,MAR,1968,Illegal
Morocco,MAR,1969,Illegal
Morocco,MAR,1970,Illegal
Morocco,MAR,1971,Illegal
Morocco,MAR,1972,Illegal
Morocco,MAR,1973,Illegal
Morocco,MAR,1974,Illegal
Morocco,MAR,1975,Illegal
Morocco,MAR,1976,Illegal
Morocco,MAR,1977,Illegal
Morocco,MAR,1978,Illegal
Morocco,MAR,1979,Illegal
Morocco,MAR,1980,Illegal
Morocco,MAR,1981,Illegal
Morocco,MAR,1982,Illegal
Morocco,MAR,1983,Illegal
Morocco,MAR,1984,Illegal
Morocco,MAR,1985,Illegal
Morocco,MAR,1986,Illegal
Morocco,MAR,1987,Illegal
Morocco,MAR,1988,Illegal
Morocco,MAR,1989,Illegal
Morocco,MAR,1990,Illegal
Morocco,MAR,1991,Illegal
Morocco,MAR,1992,Illegal
Morocco,MAR,1993,Illegal
Morocco,MAR,1994,Illegal
Morocco,MAR,1995,Illegal
Morocco,MAR,1996,Illegal
Morocco,MAR,1997,Illegal
Morocco,MAR,1998,Illegal
Morocco,MAR,1999,Illegal
Morocco,MAR,2000,Illegal
Morocco,MAR,2001,Illegal
Morocco,MAR,2002,Illegal
Morocco,MAR,2003,Illegal
Morocco,MAR,2004,Illegal
Morocco,MAR,2005,Illegal
Morocco,MAR,2006,Illegal
Morocco,MAR,2007,Illegal
Morocco,MAR,2008,Illegal
Morocco,MAR,2009,Illegal
Morocco,MAR,2010,Illegal
Morocco,MAR,2011,Illegal
Morocco,MAR,2012,Illegal
Morocco,MAR,2013,Illegal
Morocco,MAR,2014,Illegal
Morocco,MAR,2015,Illegal
Morocco,MAR,2016,Illegal
Morocco,MAR,2017,Illegal
Morocco,MAR,2018,Illegal
Morocco,MAR,2019,Illegal
Morocco,MAR,2020,Illegal
Morocco,MAR,2021,Illegal
Morocco,MAR,2022,Illegal
Morocco,MAR,2023,Illegal
Morocco,MAR,2024,Illegal
Morocco,MAR,2025,Illegal
Mozambique,MOZ,1886,Illegal
Mozambique,MOZ,1887,Illegal
Mozambique,MOZ,1888,Illegal
Mozambique,MOZ,1889,Illegal
Mozambique,MOZ,1890,Illegal
Mozambique,MOZ,1891,Illegal
Mozambique,MOZ,1892,Illegal
Mozambique,MOZ,1893,Illegal
Mozambique,MOZ,1894,Illegal
Mozambique,MOZ,1895,Illegal
Mozambique,MOZ,1896,Illegal
Mozambique,MOZ,1897,Illegal
Mozambique,MOZ,1898,Illegal
Mozambique,MOZ,1899,Illegal
Mozambique,MOZ,1900,Illegal
Mozambique,MOZ,1901,Illegal
Mozambique,MOZ,1902,Illegal
Mozambique,MOZ,1903,Illegal
Mozambique,MOZ,1904,Illegal
Mozambique,MOZ,1905,Illegal
Mozambique,MOZ,1906,Illegal
Mozambique,MOZ,1907,Illegal
Mozambique,MOZ,1908,Illegal
Mozambique,MOZ,1909,Illegal
Mozambique,MOZ,1910,Illegal
Mozambique,MOZ,1911,Illegal
Mozambique,MOZ,1912,Illegal
Mozambique,MOZ,1913,Illegal
Mozambique,MOZ,1914,Illegal
Mozambique,MOZ,1915,Illegal
Mozambique,MOZ,1916,Illegal
Mozambique,MOZ,1917,Illegal
Mozambique,MOZ,1918,Illegal
Mozambique,MOZ,1919,Illegal
Mozambique,MOZ,1920,Illegal
Mozambique,MOZ,1921,Illegal
Mozambique,MOZ,1922,Illegal
Mozambique,MOZ,1923,Illegal
Mozambique,MOZ,1924,Illegal
Mozambique,MOZ,1925,Illegal
Mozambique,MOZ,1926,Illegal
Mozambique,MOZ,1927,Illegal
Mozambique,MOZ,1928,Illegal
Mozambique,MOZ,1929,Illegal
Mozambique,MOZ,1930,Illegal
Mozambique,MOZ,1931,Illegal
Mozambique,MOZ,1932,Illegal
Mozambique,MOZ,1933,Illegal
Mozambique,MOZ,1934,Illegal
Mozambique,MOZ,1935,Illegal
Mozambique,MOZ,1936,Illegal
Mozambique,MOZ,1937,Illegal
Mozambique,MOZ,1938,Illegal
Mozambique,MOZ,1939,Illegal
Mozambique,MOZ,1940,Illegal
Mozambique,MOZ,1941,Illegal
Mozambique,MOZ,1942,Illegal
Mozambique,MOZ,1943,Illegal
Mozambique,MOZ,1944,Illegal
Mozambique,MOZ,1945,Illegal
Mozambique,MOZ,1946,Illegal
Mozambique,MOZ,1947,Illegal
Mozambique,MOZ,1948,Illegal
Mozambique,MOZ,1949,Illegal
Mozambique,MOZ,1950,Illegal
Mozambique,MOZ,1951,Illegal
Mozambique,MOZ,1952,Illegal
Mozambique,MOZ,1953,Illegal
Mozambique,MOZ,1954,Illegal
Mozambique,MOZ,1955,Illegal
Mozambique,MOZ,1956,Illegal
Mozambique,MOZ,1957,Illegal
Mozambique,MOZ,1958,Illegal
Mozambique,MOZ,1959,Illegal
Mozambique,MOZ,1960,Illegal
Mozambique,MOZ,1961,Illegal
Mozambique,MOZ,1962,Illegal
Mozambique,MOZ,1963,Illegal
Mozambique,MOZ,1964,Illegal
Mozambique,MOZ,1965,Illegal
Mozambique,MOZ,1966,Illegal
Mozambique,MOZ,1967,Illegal
Mozambique,MOZ,1968,Illegal
Mozambique,MOZ,1969,Illegal
Mozambique,MOZ,1970,Illegal
Mozambique,MOZ,1971,Illegal
Mozambique,MOZ,1972,Illegal
Mozambique,MOZ,1973,Illegal
Mozambique,MOZ,1974,Illegal
Mozambique,MOZ,1975,Illegal
Mozambique,MOZ,1976,Illegal
Mozambique,MOZ,1977,Illegal
Mozambique,MOZ,1978,Illegal
Mozambique,MOZ,1979,Illegal
Mozambique,MOZ,1980,Illegal
Mozambique,MOZ,1981,Illegal
Mozambique,MOZ,1982,Illegal
Mozambique,MOZ,1983,Illegal
Mozambique,MOZ,1984,Illegal
Mozambique,MOZ,1985,Illegal
Mozambique,MOZ,1986,Illegal
Mozambique,MOZ,1987,Illegal
Mozambique,MOZ,1988,Illegal
Mozambique,MOZ,1989,Illegal
Mozambique,MOZ,1990,Illegal
Mozambique,MOZ,1991,Illegal
Mozambique,MOZ,1992,Illegal
Mozambique,MOZ,1993,Illegal
Mozambique,MOZ,1994,Illegal
Mozambique,MOZ,1995,Illegal
Mozambique,MOZ,1996,Illegal
Mozambique,MOZ,1997,Illegal
Mozambique,MOZ,1998,Illegal
Mozambique,MOZ,1999,Illegal
Mozambique,MOZ,2000,Illegal
Mozambique,MOZ,2001,Illegal
Mozambique,MOZ,2002,Illegal
Mozambique,MOZ,2003,Illegal
Mozambique,MOZ,2004,Illegal
Mozambique,MOZ,2005,Illegal
Mozambique,MOZ,2006,Illegal
Mozambique,MOZ,2007,Illegal
Mozambique,MOZ,2008,Illegal
Mozambique,MOZ,2009,Illegal
Mozambique,MOZ,2010,Illegal
Mozambique,MOZ,2011,Illegal
Mozambique,MOZ,2012,Illegal
Mozambique,MOZ,2013,Illegal
Mozambique,MOZ,2014,Legal
Mozambique,MOZ,2015,Legal
Mozambique,MOZ,2016,Legal
Mozambique,MOZ,2017,Legal
Mozambique,MOZ,2018,Legal
Mozambique,MOZ,2019,Legal
Mozambique,MOZ,2020,Legal
Mozambique,MOZ,2021,Legal
Mozambique,MOZ,2022,Legal
Mozambique,MOZ,2023,Legal
Mozambique,MOZ,2024,Legal
Mozambique,MOZ,2025,Legal
Myanmar,MMR,1886,Illegal
Myanmar,MMR,1887,Illegal
Myanmar,MMR,1888,Illegal
Myanmar,MMR,1889,Illegal
Myanmar,MMR,1890,Illegal
Myanmar,MMR,1891,Illegal
Myanmar,MMR,1892,Illegal
Myanmar,MMR,1893,Illegal
Myanmar,MMR,1894,Illegal
Myanmar,MMR,1895,Illegal
Myanmar,MMR,1896,Illegal
Myanmar,MMR,1897,Illegal
Myanmar,MMR,1898,Illegal
Myanmar,MMR,1899,Illegal
Myanmar,MMR,1900,Illegal
Myanmar,MMR,1901,Illegal
Myanmar,MMR,1902,Illegal
Myanmar,MMR,1903,Illegal
Myanmar,MMR,1904,Illegal
Myanmar,MMR,1905,Illegal
Myanmar,MMR,1906,Illegal
Myanmar,MMR,1907,Illegal
Myanmar,MMR,1908,Illegal
Myanmar,MMR,1909,Illegal
Myanmar,MMR,1910,Illegal
Myanmar,MMR,1911,Illegal
Myanmar,MMR,1912,Illegal
Myanmar,MMR,1913,Illegal
Myanmar,MMR,1914,Illegal
Myanmar,MMR,1915,Illegal
Myanmar,MMR,1916,Illegal
Myanmar,MMR,1917,Illegal
Myanmar,MMR,1918,Illegal
Myanmar,MMR,1919,Illegal
Myanmar,MMR,1920,Illegal
Myanmar,MMR,1921,Illegal
Myanmar,MMR,1922,Illegal
Myanmar,MMR,1923,Illegal
Myanmar,MMR,1924,Illegal
Myanmar,MMR,1925,Illegal
Myanmar,MMR,1926,Illegal
Myanmar,MMR,1927,Illegal
Myanmar,MMR,1928,Illegal
Myanmar,MMR,1929,Illegal
Myanmar,MMR,1930,Illegal
Myanmar,MMR,1931,Illegal
Myanmar,MMR,1932,Illegal
Myanmar,MMR,1933,Illegal
Myanmar,MMR,1934,Illegal
Myanmar,MMR,1935,Illegal
Myanmar,MMR,1936,Illegal
Myanmar,MMR,1937,Illegal
Myanmar,MMR,1938,Illegal
Myanmar,MMR,1939,Illegal
Myanmar,MMR,1940,Illegal
Myanmar,MMR,1941,Illegal
Myanmar,MMR,1942,Illegal
Myanmar,MMR,1943,Illegal
Myanmar,MMR,1944,Illegal
Myanmar,MMR,1945,Illegal
Myanmar,MMR,1946,Illegal
Myanmar,MMR,1947,Illegal
Myanmar,MMR,1948,Illegal
Myanmar,MMR,1949,Illegal
Myanmar,MMR,1950,Illegal
Myanmar,MMR,1951,Illegal
Myanmar,MMR,1952,Illegal
Myanmar,MMR,1953,Illegal
Myanmar,MMR,1954,Illegal
Myanmar,MMR,1955,Illegal
Myanmar,MMR,1956,Illegal
Myanmar,MMR,1957,Illegal
Myanmar,MMR,1958,Illegal
Myanmar,MMR,1959,Illegal
Myanmar,MMR,1960,Illegal
Myanmar,MMR,1961,Illegal
Myanmar,MMR,1962,Illegal
Myanmar,MMR,1963,Illegal
Myanmar,MMR,1964,Illegal
Myanmar,MMR,1965,Illegal
Myanmar,MMR,1966,Illegal
Myanmar,MMR,1967,Illegal
Myanmar,MMR,1968,Illegal
Myanmar,MMR,1969,Illegal
Myanmar,MMR,1970,Illegal
Myanmar,MMR,1971,Illegal
Myanmar,MMR,1972,Illegal
Myanmar,MMR,1973,Illegal
Myanmar,MMR,1974,Illegal
Myanmar,MMR,1975,Illegal
Myanmar,MMR,1976,Illegal
Myanmar,MMR,1977,Illegal
Myanmar,MMR,1978,Illegal
Myanmar,MMR,1979,Illegal
Myanmar,MMR,1980,Illegal
Myanmar,MMR,1981,Illegal
Myanmar,MMR,1982,Illegal
Myanmar,MMR,1983,Illegal
Myanmar,MMR,1984,Illegal
Myanmar,MMR,1985,Illegal
Myanmar,MMR,1986,Illegal
Myanmar,MMR,1987,Illegal
Myanmar,MMR,1988,Illegal
Myanmar,MMR,1989,Illegal
Myanmar,MMR,1990,Illegal
Myanmar,MMR,1991,Illegal
Myanmar,MMR,1992,Illegal
Myanmar,MMR,1993,Illegal
Myanmar,MMR,1994,Illegal
Myanmar,MMR,1995,Illegal
Myanmar,MMR,1996,Illegal
Myanmar,MMR,1997,Illegal
Myanmar,MMR,1998,Illegal
Myanmar,MMR,1999,Illegal
Myanmar,MMR,2000,Illegal
Myanmar,MMR,2001,Illegal
Myanmar,MMR,2002,Illegal
Myanmar,MMR,2003,Illegal
Myanmar,MMR,2004,Illegal
Myanmar,MMR,2005,Illegal
Myanmar,MMR,2006,Illegal
Myanmar,MMR,2007,Illegal
Myanmar,MMR,2008,Illegal
Myanmar,MMR,2009,Illegal
Myanmar,MMR,2010,Illegal
Myanmar,MMR,2011,Illegal
Myanmar,MMR,2012,Illegal
Myanmar,MMR,2013,Illegal
Myanmar,MMR,2014,Illegal
Myanmar,MMR,2015,Illegal
Myanmar,MMR,2016,Illegal
Myanmar,MMR,2017,Illegal
Myanmar,MMR,2018,Illegal
Myanmar,MMR,2019,Illegal
Myanmar,MMR,2020,Illegal
Myanmar,MMR,2021,Illegal
Myanmar,MMR,2022,Illegal
Myanmar,MMR,2023,Illegal
Myanmar,MMR,2024,Illegal
Myanmar,MMR,2025,Illegal
Namibia,NAM,1920,Illegal
Namibia,NAM,1921,Illegal
Namibia,NAM,1922,Illegal
Namibia,NAM,1923,Illegal
Namibia,NAM,1924,Illegal
Namibia,NAM,1925,Illegal
Namibia,NAM,1926,Illegal
Namibia,NAM,1927,Illegal
Namibia,NAM,1928,Illegal
Namibia,NAM,1929,Illegal
Namibia,NAM,1930,Illegal
Namibia,NAM,1931,Illegal
Namibia,NAM,1932,Illegal
Namibia,NAM,1933,Illegal
Namibia,NAM,1934,Illegal
Namibia,NAM,1935,Illegal
Namibia,NAM,1936,Illegal
Namibia,NAM,1937,Illegal
Namibia,NAM,1938,Illegal
Namibia,NAM,1939,Illegal
Namibia,NAM,1940,Illegal
Namibia,NAM,1941,Illegal
Namibia,NAM,1942,Illegal
Namibia,NAM,1943,Illegal
Namibia,NAM,1944,Illegal
Namibia,NAM,1945,Illegal
Namibia,NAM,1946,Illegal
Namibia,NAM,1947,Illegal
Namibia,NAM,1948,Illegal
Namibia,NAM,1949,Illegal
Namibia,NAM,1950,Illegal
Namibia,NAM,1951,Illegal
Namibia,NAM,1952,Illegal
Namibia,NAM,1953,Illegal
Namibia,NAM,1954,Illegal
Namibia,NAM,1955,Illegal
Namibia,NAM,1956,Illegal
Namibia,NAM,1957,Illegal
Namibia,NAM,1958,Illegal
Namibia,NAM,1959,Illegal
Namibia,NAM,1960,Illegal
Namibia,NAM,1961,Illegal
Namibia,NAM,1962,Illegal
Namibia,NAM,1963,Illegal
Namibia,NAM,1964,Illegal
Namibia,NAM,1965,Illegal
Namibia,NAM,1966,Illegal
Namibia,NAM,1967,Illegal
Namibia,NAM,1968,Illegal
Namibia,NAM,1969,Illegal
Namibia,NAM,1970,Illegal
Namibia,NAM,1971,Illegal
Namibia,NAM,1972,Illegal
Namibia,NAM,1973,Illegal
Namibia,NAM,1974,Illegal
Namibia,NAM,1975,Illegal
Namibia,NAM,1976,Illegal
Namibia,NAM,1977,Illegal
Namibia,NAM,1978,Illegal
Namibia,NAM,1979,Illegal
Namibia,NAM,1980,Illegal
Namibia,NAM,1981,Illegal
Namibia,NAM,1982,Illegal
Namibia,NAM,1983,Illegal
Namibia,NAM,1984,Illegal
Namibia,NAM,1985,Illegal
Namibia,NAM,1986,Illegal
Namibia,NAM,1987,Illegal
Namibia,NAM,1988,Illegal
Namibia,NAM,1989,Illegal
Namibia,NAM,1990,Illegal
Namibia,NAM,1991,Illegal
Namibia,NAM,1992,Illegal
Namibia,NAM,1993,Illegal
Namibia,NAM,1994,Illegal
Namibia,NAM,1995,Illegal
Namibia,NAM,1996,Illegal
Namibia,NAM,1997,Illegal
Namibia,NAM,1998,Illegal
Namibia,NAM,1999,Illegal
Namibia,NAM,2000,Illegal
Namibia,NAM,2001,Illegal
Namibia,NAM,2002,Illegal
Namibia,NAM,2003,Illegal
Namibia,NAM,2004,Illegal
Namibia,NAM,2005,Illegal
Namibia,NAM,2006,Illegal
Namibia,NAM,2007,Illegal
Namibia,NAM,2008,Illegal
Namibia,NAM,2009,Illegal
Namibia,NAM,2010,Illegal
Namibia,NAM,2011,Illegal
Namibia,NAM,2012,Illegal
Namibia,NAM,2013,Illegal
Namibia,NAM,2014,Illegal
Namibia,NAM,2015,Illegal
Namibia,NAM,2016,Illegal
Namibia,NAM,2017,Illegal
Namibia,NAM,2018,Illegal
Namibia,NAM,2019,Illegal
Namibia,NAM,2020,Illegal
Namibia,NAM,2021,Illegal
Namibia,NAM,2022,Illegal
Namibia,NAM,2023,Illegal
Namibia,NAM,2024,Legal
Namibia,NAM,2025,Legal
Nauru,NRU,1921,Illegal
Nauru,NRU,1922,Illegal
Nauru,NRU,1923,Illegal
Nauru,NRU,1924,Illegal
Nauru,NRU,1925,Illegal
Nauru,NRU,1926,Illegal
Nauru,NRU,1927,Illegal
Nauru,NRU,1928,Illegal
Nauru,NRU,1929,Illegal
Nauru,NRU,1930,Illegal
Nauru,NRU,1931,Illegal
Nauru,NRU,1932,Illegal
Nauru,NRU,1933,Illegal
Nauru,NRU,1934,Illegal
Nauru,NRU,1935,Illegal
Nauru,NRU,1936,Illegal
Nauru,NRU,1937,Illegal
Nauru,NRU,1938,Illegal
Nauru,NRU,1939,Illegal
Nauru,NRU,1940,Illegal
Nauru,NRU,1941,Illegal
Nauru,NRU,1942,Illegal
Nauru,NRU,1943,Illegal
Nauru,NRU,1944,Illegal
Nauru,NRU,1945,Illegal
Nauru,NRU,1946,Illegal
Nauru,NRU,1947,Illegal
Nauru,NRU,1948,Illegal
Nauru,NRU,1949,Illegal
Nauru,NRU,1950,Illegal
Nauru,NRU,1951,Illegal
Nauru,NRU,1952,Illegal
Nauru,NRU,1953,Illegal
Nauru,NRU,1954,Illegal
Nauru,NRU,1955,Illegal
Nauru,NRU,1956,Illegal
Nauru,NRU,1957,Illegal
Nauru,NRU,1958,Illegal
Nauru,NRU,1959,Illegal
Nauru,NRU,1960,Illegal
Nauru,NRU,1961,Illegal
Nauru,NRU,1962,Illegal
Nauru,NRU,1963,Illegal
Nauru,NRU,1964,Illegal
Nauru,NRU,1965,Illegal
Nauru,NRU,1966,Illegal
Nauru,NRU,1967,Illegal
Nauru,NRU,1968,Illegal
Nauru,NRU,1969,Illegal
Nauru,NRU,1970,Illegal
Nauru,NRU,1971,Illegal
Nauru,NRU,1972,Illegal
Nauru,NRU,1973,Illegal
Nauru,NRU,1974,Illegal
Nauru,NRU,1975,Illegal
Nauru,NRU,1976,Illegal
Nauru,NRU,1977,Illegal
Nauru,NRU,1978,Illegal
Nauru,NRU,1979,Illegal
Nauru,NRU,1980,Illegal
Nauru,NRU,1981,Illegal
Nauru,NRU,1982,Illegal
Nauru,NRU,1983,Illegal
Nauru,NRU,1984,Illegal
Nauru,NRU,1985,Illegal
Nauru,NRU,1986,Illegal
Nauru,NRU,1987,Illegal
Nauru,NRU,1988,Illegal
Nauru,NRU,1989,Illegal
Nauru,NRU,1990,Illegal
Nauru,NRU,1991,Illegal
Nauru,NRU,1992,Illegal
Nauru,NRU,1993,Illegal
Nauru,NRU,1994,Illegal
Nauru,NRU,1995,Illegal
Nauru,NRU,1996,Illegal
Nauru,NRU,1997,Illegal
Nauru,NRU,1998,Illegal
Nauru,NRU,1999,Illegal
Nauru,NRU,2000,Illegal
Nauru,NRU,2001,Illegal
Nauru,NRU,2002,Illegal
Nauru,NRU,2003,Illegal
Nauru,NRU,2004,Illegal
Nauru,NRU,2005,Illegal
Nauru,NRU,2006,Illegal
Nauru,NRU,2007,Illegal
Nauru,NRU,2008,Illegal
Nauru,NRU,2009,Illegal
Nauru,NRU,2010,Illegal
Nauru,NRU,2011,Illegal
Nauru,NRU,2012,Illegal
Nauru,NRU,2013,Illegal
Nauru,NRU,2014,Illegal
Nauru,NRU,2015,Illegal
Nauru,NRU,2016,Legal
Nauru,NRU,2017,Legal
Nauru,NRU,2018,Legal
Nauru,NRU,2019,Legal
Nauru,NRU,2020,Legal
Nauru,NRU,2021,Legal
Nauru,NRU,2022,Legal
Nauru,NRU,2023,Legal
Nauru,NRU,2024,Legal
Nauru,NRU,2025,Legal
Nepal,NPL,2007,Legal
Nepal,NPL,2008,Legal
Nepal,NPL,2009,Legal
Nepal,NPL,2010,Legal
Nepal,NPL,2011,Legal
Nepal,NPL,2012,Legal
Nepal,NPL,2013,Legal
Nepal,NPL,2014,Legal
Nepal,NPL,2015,Legal
Nepal,NPL,2016,Legal
Nepal,NPL,2017,Legal
Nepal,NPL,2018,Legal
Nepal,NPL,2019,Legal
Nepal,NPL,2020,Legal
Nepal,NPL,2021,Legal
Nepal,NPL,2022,Legal
Nepal,NPL,2023,Legal
Nepal,NPL,2024,Legal
Nepal,NPL,2025,Legal
Netherlands,NLD,1760,Illegal
Netherlands,NLD,1761,Illegal
Netherlands,NLD,1762,Illegal
Netherlands,NLD,1763,Illegal
Netherlands,NLD,1764,Illegal
Netherlands,NLD,1765,Illegal
Netherlands,NLD,1766,Illegal
Netherlands,NLD,1767,Illegal
Netherlands,NLD,1768,Illegal
Netherlands,NLD,1769,Illegal
Netherlands,NLD,1770,Illegal
Netherlands,NLD,1771,Illegal
Netherlands,NLD,1772,Illegal
Netherlands,NLD,1773,Illegal
Netherlands,NLD,1774,Illegal
Netherlands,NLD,1775,Illegal
Netherlands,NLD,1776,Illegal
Netherlands,NLD,1777,Illegal
Netherlands,NLD,1778,Illegal
Netherlands,NLD,1779,Illegal
Netherlands,NLD,1780,Illegal
Netherlands,NLD,1781,Illegal
Netherlands,NLD,1782,Illegal
Netherlands,NLD,1783,Illegal
Netherlands,NLD,1784,Illegal
Netherlands,NLD,1785,Illegal
Netherlands,NLD,1786,Illegal
Netherlands,NLD,1787,Illegal
Netherlands,NLD,1788,Illegal
Netherlands,NLD,1789,Illegal
Netherlands,NLD,1790,Illegal
Netherlands,NLD,1791,Illegal
Netherlands,NLD,1792,Illegal
Netherlands,NLD,1793,Illegal
Netherlands,NLD,1794,Illegal
Netherlands,NLD,1795,Illegal
Netherlands,NLD,1796,Illegal
Netherlands,NLD,1797,Illegal
Netherlands,NLD,1798,Illegal
Netherlands,NLD,1799,Illegal
Netherlands,NLD,1800,Illegal
Netherlands,NLD,1801,Illegal
Netherlands,NLD,1802,Illegal
Netherlands,NLD,1803,Illegal
Netherlands,NLD,1804,Illegal
Netherlands,NLD,1805,Illegal
Netherlands,NLD,1806,Illegal
Netherlands,NLD,1807,Illegal
Netherlands,NLD,1808,Illegal
Netherlands,NLD,1809,Illegal
Netherlands,NLD,1810,Illegal
Netherlands,NLD,1811,Legal
Netherlands,NLD,1812,Legal
Netherlands,NLD,1813,Legal
Netherlands,NLD,1814,Legal
Netherlands,NLD,1815,Legal
Netherlands,NLD,1816,Legal
Netherlands,NLD,1817,Legal
Netherlands,NLD,1818,Legal
Netherlands,NLD,1819,Legal
Netherlands,NLD,1820,Legal
Netherlands,NLD,1821,Legal
Netherlands,NLD,1822,Legal
Netherlands,NLD,1823,Legal
Netherlands,NLD,1824,Legal
Netherlands,NLD,1825,Legal
Netherlands,NLD,1826,Legal
Netherlands,NLD,1827,Legal
Netherlands,NLD,1828,Legal
Netherlands,NLD,1829,Legal
Netherlands,NLD,1830,Legal
Netherlands,NLD,1831,Legal
Netherlands,NLD,1832,Legal
Netherlands,NLD,1833,Legal
Netherlands,NLD,1834,Legal
Netherlands,NLD,1835,Legal
Netherlands,NLD,1836,Legal
Netherlands,NLD,1837,Legal
Netherlands,NLD,1838,Legal
Netherlands,NLD,1839,Legal
Netherlands,NLD,1840,Legal
Netherlands,NLD,1841,Legal
Netherlands,NLD,1842,Legal
Netherlands,NLD,1843,Legal
Netherlands,NLD,1844,Legal
Netherlands,NLD,1845,Legal
Netherlands,NLD,1846,Legal
Netherlands,NLD,1847,Legal
Netherlands,NLD,1848,Legal
Netherlands,NLD,1849,Legal
Netherlands,NLD,1850,Legal
Netherlands,NLD,1851,Legal
Netherlands,NLD,1852,Legal
Netherlands,NLD,1853,Legal
Netherlands,NLD,1854,Legal
Netherlands,NLD,1855,Legal
Netherlands,NLD,1856,Legal
Netherlands,NLD,1857,Legal
Netherlands,NLD,1858,Legal
Netherlands,NLD,1859,Legal
Netherlands,NLD,1860,Legal
Netherlands,NLD,1861,Legal
Netherlands,NLD,1862,Legal
Netherlands,NLD,1863,Legal
Netherlands,NLD,1864,Legal
Netherlands,NLD,1865,Legal
Netherlands,NLD,1866,Legal
Netherlands,NLD,1867,Legal
Netherlands,NLD,1868,Legal
Netherlands,NLD,1869,Legal
Netherlands,NLD,1870,Legal
Netherlands,NLD,1871,Legal
Netherlands,NLD,1872,Legal
Netherlands,NLD,1873,Legal
Netherlands,NLD,1874,Legal
Netherlands,NLD,1875,Legal
Netherlands,NLD,1876,Legal
Netherlands,NLD,1877,Legal
Netherlands,NLD,1878,Legal
Netherlands,NLD,1879,Legal
Netherlands,NLD,1880,Legal
Netherlands,NLD,1881,Legal
Netherlands,NLD,1882,Legal
Netherlands,NLD,1883,Legal
Netherlands,NLD,1884,Legal
Netherlands,NLD,1885,Legal
Netherlands,NLD,1886,Legal
Netherlands,NLD,1887,Legal
Netherlands,NLD,1888,Legal
Netherlands,NLD,1889,Legal
Netherlands,NLD,1890,Legal
Netherlands,NLD,1891,Legal
Netherlands,NLD,1892,Legal
Netherlands,NLD,1893,Legal
Netherlands,NLD,1894,Legal
Netherlands,NLD,1895,Legal
Netherlands,NLD,1896,Legal
Netherlands,NLD,1897,Legal
Netherlands,NLD,1898,Legal
Netherlands,NLD,1899,Legal
Netherlands,NLD,1900,Legal
Netherlands,NLD,1901,Legal
Netherlands,NLD,1902,Legal
Netherlands,NLD,1903,Legal
Netherlands,NLD,1904,Legal
Netherlands,NLD,1905,Legal
Netherlands,NLD,1906,Legal
Netherlands,NLD,1907,Legal
Netherlands,NLD,1908,Legal
Netherlands,NLD,1909,Legal
Netherlands,NLD,1910,Legal
Netherlands,NLD,1911,Legal
Netherlands,NLD,1912,Legal
Netherlands,NLD,1913,Legal
Netherlands,NLD,1914,Legal
Netherlands,NLD,1915,Legal
Netherlands,NLD,1916,Legal
Netherlands,NLD,1917,Legal
Netherlands,NLD,1918,Legal
Netherlands,NLD,1919,Legal
Netherlands,NLD,1920,Legal
Netherlands,NLD,1921,Legal
Netherlands,NLD,1922,Legal
Netherlands,NLD,1923,Legal
Netherlands,NLD,1924,Legal
Netherlands,NLD,1925,Legal
Netherlands,NLD,1926,Legal
Netherlands,NLD,1927,Legal
Netherlands,NLD,1928,Legal
Netherlands,NLD,1929,Legal
Netherlands,NLD,1930,Legal
Netherlands,NLD,1931,Legal
Netherlands,NLD,1932,Legal
Netherlands,NLD,1933,Legal
Netherlands,NLD,1934,Legal
Netherlands,NLD,1935,Legal
Netherlands,NLD,1936,Legal
Netherlands,NLD,1937,Legal
Netherlands,NLD,1938,Legal
Netherlands,NLD,1939,Legal
Netherlands,NLD,1940,Legal
Netherlands,NLD,1941,Legal
Netherlands,NLD,1942,Legal
Netherlands,NLD,1943,Legal
Netherlands,NLD,1944,Legal
Netherlands,NLD,1945,Legal
Netherlands,NLD,1946,Legal
Netherlands,NLD,1947,Legal
Netherlands,NLD,1948,Legal
Netherlands,NLD,1949,Legal
Netherlands,NLD,1950,Legal
Netherlands,NLD,1951,Legal
Netherlands,NLD,1952,Legal
Netherlands,NLD,1953,Legal
Netherlands,NLD,1954,Legal
Netherlands,NLD,1955,Legal
Netherlands,NLD,1956,Legal
Netherlands,NLD,1957,Legal
Netherlands,NLD,1958,Legal
Netherlands,NLD,1959,Legal
Netherlands,NLD,1960,Legal
Netherlands,NLD,1961,Legal
Netherlands,NLD,1962,Legal
Netherlands,NLD,1963,Legal
Netherlands,NLD,1964,Legal
Netherlands,NLD,1965,Legal
Netherlands,NLD,1966,Legal
Netherlands,NLD,1967,Legal
Netherlands,NLD,1968,Legal
Netherlands,NLD,1969,Legal
Netherlands,NLD,1970,Legal
Netherlands,NLD,1971,Legal
Netherlands,NLD,1972,Legal
Netherlands,NLD,1973,Legal
Netherlands,NLD,1974,Legal
Netherlands,NLD,1975,Legal
Netherlands,NLD,1976,Legal
Netherlands,NLD,1977,Legal
Netherlands,NLD,1978,Legal
Netherlands,NLD,1979,Legal
Netherlands,NLD,1980,Legal
Netherlands,NLD,1981,Legal
Netherlands,NLD,1982,Legal
Netherlands,NLD,1983,Legal
Netherlands,NLD,1984,Legal
Netherlands,NLD,1985,Legal
Netherlands,NLD,1986,Legal
Netherlands,NLD,1987,Legal
Netherlands,NLD,1988,Legal
Netherlands,NLD,1989,Legal
Netherlands,NLD,1990,Legal
Netherlands,NLD,1991,Legal
Netherlands,NLD,1992,Legal
Netherlands,NLD,1993,Legal
Netherlands,NLD,1994,Legal
Netherlands,NLD,1995,Legal
Netherlands,NLD,1996,Legal
Netherlands,NLD,1997,Legal
Netherlands,NLD,1998,Legal
Netherlands,NLD,1999,Legal
Netherlands,NLD,2000,Legal
Netherlands,NLD,2001,Legal
Netherlands,NLD,2002,Legal
Netherlands,NLD,2003,Legal
Netherlands,NLD,2004,Legal
Netherlands,NLD,2005,Legal
Netherlands,NLD,2006,Legal
Netherlands,NLD,2007,Legal
Netherlands,NLD,2008,Legal
Netherlands,NLD,2009,Legal
Netherlands,NLD,2010,Legal
Netherlands,NLD,2011,Legal
Netherlands,NLD,2012,Legal
Netherlands,NLD,2013,Legal
Netherlands,NLD,2014,Legal
Netherlands,NLD,2015,Legal
Netherlands,NLD,2016,Legal
Netherlands,NLD,2017,Legal
Netherlands,NLD,2018,Legal
Netherlands,NLD,2019,Legal
Netherlands,NLD,2020,Legal
Netherlands,NLD,2021,Legal
Netherlands,NLD,2022,Legal
Netherlands,NLD,2023,Legal
Netherlands,NLD,2024,Legal
Netherlands,NLD,2025,Legal
New Zealand,NZL,1840,Illegal
New Zealand,NZL,1841,Illegal
New Zealand,NZL,1842,Illegal
New Zealand,NZL,1843,Illegal
New Zealand,NZL,1844,Illegal
New Zealand,NZL,1845,Illegal
New Zealand,NZL,1846,Illegal
New Zealand,NZL,1847,Illegal
New Zealand,NZL,1848,Illegal
New Zealand,NZL,1849,Illegal
New Zealand,NZL,1850,Illegal
New Zealand,NZL,1851,Illegal
New Zealand,NZL,1852,Illegal
New Zealand,NZL,1853,Illegal
New Zealand,NZL,1854,Illegal
New Zealand,NZL,1855,Illegal
New Zealand,NZL,1856,Illegal
New Zealand,NZL,1857,Illegal
New Zealand,NZL,1858,Illegal
New Zealand,NZL,1859,Illegal
New Zealand,NZL,1860,Illegal
New Zealand,NZL,1861,Illegal
New Zealand,NZL,1862,Illegal
New Zealand,NZL,1863,Illegal
New Zealand,NZL,1864,Illegal
New Zealand,NZL,1865,Illegal
New Zealand,NZL,1866,Illegal
New Zealand,NZL,1867,Illegal
New Zealand,NZL,1868,Illegal
New Zealand,NZL,1869,Illegal
New Zealand,NZL,1870,Illegal
New Zealand,NZL,1871,Illegal
New Zealand,NZL,1872,Illegal
New Zealand,NZL,1873,Illegal
New Zealand,NZL,1874,Illegal
New Zealand,NZL,1875,Illegal
New Zealand,NZL,1876,Illegal
New Zealand,NZL,1877,Illegal
New Zealand,NZL,1878,Illegal
New Zealand,NZL,1879,Illegal
New Zealand,NZL,1880,Illegal
New Zealand,NZL,1881,Illegal
New Zealand,NZL,1882,Illegal
New Zealand,NZL,1883,Illegal
New Zealand,NZL,1884,Illegal
New Zealand,NZL,1885,Illegal
New Zealand,NZL,1886,Illegal
New Zealand,NZL,1887,Illegal
New Zealand,NZL,1888,Illegal
New Zealand,NZL,1889,Illegal
New Zealand,NZL,1890,Illegal
New Zealand,NZL,1891,Illegal
New Zealand,NZL,1892,Illegal
New Zealand,NZL,1893,Illegal
New Zealand,NZL,1894,Illegal
New Zealand,NZL,1895,Illegal
New Zealand,NZL,1896,Illegal
New Zealand,NZL,1897,Illegal
New Zealand,NZL,1898,Illegal
New Zealand,NZL,1899,Illegal
New Zealand,NZL,1900,Illegal
New Zealand,NZL,1901,Illegal
New Zealand,NZL,1902,Illegal
New Zealand,NZL,1903,Illegal
New Zealand,NZL,1904,Illegal
New Zealand,NZL,1905,Illegal
New Zealand,NZL,1906,Illegal
New Zealand,NZL,1907,Illegal
New Zealand,NZL,1908,Illegal
New Zealand,NZL,1909,Illegal
New Zealand,NZL,1910,Illegal
New Zealand,NZL,1911,Illegal
New Zealand,NZL,1912,Illegal
New Zealand,NZL,1913,Illegal
New Zealand,NZL,1914,Illegal
New Zealand,NZL,1915,Illegal
New Zealand,NZL,1916,Illegal
New Zealand,NZL,1917,Illegal
New Zealand,NZL,1918,Illegal
New Zealand,NZL,1919,Illegal
New Zealand,NZL,1920,Illegal
New Zealand,NZL,1921,Illegal
New Zealand,NZL,1922,Illegal
New Zealand,NZL,1923,Illegal
New Zealand,NZL,1924,Illegal
New Zealand,NZL,1925,Illegal
New Zealand,NZL,1926,Illegal
New Zealand,NZL,1927,Illegal
New Zealand,NZL,1928,Illegal
New Zealand,NZL,1929,Illegal
New Zealand,NZL,1930,Illegal
New Zealand,NZL,1931,Illegal
New Zealand,NZL,1932,Illegal
New Zealand,NZL,1933,Illegal
New Zealand,NZL,1934,Illegal
New Zealand,NZL,1935,Illegal
New Zealand,NZL,1936,Illegal
New Zealand,NZL,1937,Illegal
New Zealand,NZL,1938,Illegal
New Zealand,NZL,1939,Illegal
New Zealand,NZL,1940,Illegal
New Zealand,NZL,1941,Illegal
New Zealand,NZL,1942,Illegal
New Zealand,NZL,1943,Illegal
New Zealand,NZL,1944,Illegal
New Zealand,NZL,1945,Illegal
New Zealand,NZL,1946,Illegal
New Zealand,NZL,1947,Illegal
New Zealand,NZL,1948,Illegal
New Zealand,NZL,1949,Illegal
New Zealand,NZL,1950,Illegal
New Zealand,NZL,1951,Illegal
New Zealand,NZL,1952,Illegal
New Zealand,NZL,1953,Illegal
New Zealand,NZL,1954,Illegal
New Zealand,NZL,1955,Illegal
New Zealand,NZL,1956,Illegal
New Zealand,NZL,1957,Illegal
New Zealand,NZL,1958,Illegal
New Zealand,NZL,1959,Illegal
New Zealand,NZL,1960,Illegal
New Zealand,NZL,1961,Illegal
New Zealand,NZL,1962,Illegal
New Zealand,NZL,1963,Illegal
New Zealand,NZL,1964,Illegal
New Zealand,NZL,1965,Illegal
New Zealand,NZL,1966,Illegal
New Zealand,NZL,1967,Illegal
New Zealand,NZL,1968,Illegal
New Zealand,NZL,1969,Illegal
New Zealand,NZL,1970,Illegal
New Zealand,NZL,1971,Illegal
New Zealand,NZL,1972,Illegal
New Zealand,NZL,1973,Illegal
New Zealand,NZL,1974,Illegal
New Zealand,NZL,1975,Illegal
New Zealand,NZL,1976,Illegal
New Zealand,NZL,1977,Illegal
New Zealand,NZL,1978,Illegal
New Zealand,NZL,1979,Illegal
New Zealand,NZL,1980,Illegal
New Zealand,NZL,1981,Illegal
New Zealand,NZL,1982,Illegal
New Zealand,NZL,1983,Illegal
New Zealand,NZL,1984,Illegal
New Zealand,NZL,1985,Illegal
New Zealand,NZL,1986,Legal
New Zealand,NZL,1987,Legal
New Zealand,NZL,1988,Legal
New Zealand,NZL,1989,Legal
New Zealand,NZL,1990,Legal
New Zealand,NZL,1991,Legal
New Zealand,NZL,1992,Legal
New Zealand,NZL,1993,Legal
New Zealand,NZL,1994,Legal
New Zealand,NZL,1995,Legal
New Zealand,NZL,1996,Legal
New Zealand,NZL,1997,Legal
New Zealand,NZL,1998,Legal
New Zealand,NZL,1999,Legal
New Zealand,NZL,2000,Legal
New Zealand,NZL,2001,Legal
New Zealand,NZL,2002,Legal
New Zealand,NZL,2003,Legal
New Zealand,NZL,2004,Legal
New Zealand,NZL,2005,Legal
New Zealand,NZL,2006,Legal
New Zealand,NZL,2007,Legal
New Zealand,NZL,2008,Legal
New Zealand,NZL,2009,Legal
New Zealand,NZL,2010,Legal
New Zealand,NZL,2011,Legal
New Zealand,NZL,2012,Legal
New Zealand,NZL,2013,Legal
New Zealand,NZL,2014,Legal
New Zealand,NZL,2015,Legal
New Zealand,NZL,2016,Legal
New Zealand,NZL,2017,Legal
New Zealand,NZL,2018,Legal
New Zealand,NZL,2019,Legal
New Zealand,NZL,2020,Legal
New Zealand,NZL,2021,Legal
New Zealand,NZL,2022,Legal
New Zealand,NZL,2023,Legal
New Zealand,NZL,2024,Legal
New Zealand,NZL,2025,Legal
Nicaragua,NIC,1760,Illegal
Nicaragua,NIC,1761,Illegal
Nicaragua,NIC,1762,Illegal
Nicaragua,NIC,1763,Illegal
Nicaragua,NIC,1764,Illegal
Nicaragua,NIC,1765,Illegal
Nicaragua,NIC,1766,Illegal
Nicaragua,NIC,1767,Illegal
Nicaragua,NIC,1768,Illegal
Nicaragua,NIC,1769,Illegal
Nicaragua,NIC,1770,Illegal
Nicaragua,NIC,1771,Illegal
Nicaragua,NIC,1772,Illegal
Nicaragua,NIC,1773,Illegal
Nicaragua,NIC,1774,Illegal
Nicaragua,NIC,1775,Illegal
Nicaragua,NIC,1776,Illegal
Nicaragua,NIC,1777,Illegal
Nicaragua,NIC,1778,Illegal
Nicaragua,NIC,1779,Illegal
Nicaragua,NIC,1780,Illegal
Nicaragua,NIC,1781,Illegal
Nicaragua,NIC,1782,Illegal
Nicaragua,NIC,1783,Illegal
Nicaragua,NIC,1784,Illegal
Nicaragua,NIC,1785,Illegal
Nicaragua,NIC,1786,Illegal
Nicaragua,NIC,1787,Illegal
Nicaragua,NIC,1788,Illegal
Nicaragua,NIC,1789,Illegal
Nicaragua,NIC,1790,Illegal
Nicaragua,NIC,1791,Illegal
Nicaragua,NIC,1792,Illegal
Nicaragua,NIC,1793,Illegal
Nicaragua,NIC,1794,Illegal
Nicaragua,NIC,1795,Illegal
Nicaragua,NIC,1796,Illegal
Nicaragua,NIC,1797,Illegal
Nicaragua,NIC,1798,Illegal
Nicaragua,NIC,1799,Illegal
Nicaragua,NIC,1800,Illegal
Nicaragua,NIC,1801,Illegal
Nicaragua,NIC,1802,Illegal
Nicaragua,NIC,1803,Illegal
Nicaragua,NIC,1804,Illegal
Nicaragua,NIC,1805,Illegal
Nicaragua,NIC,1806,Illegal
Nicaragua,NIC,1807,Illegal
Nicaragua,NIC,1808,Illegal
Nicaragua,NIC,1809,Illegal
Nicaragua,NIC,1810,Illegal
Nicaragua,NIC,1811,Illegal
Nicaragua,NIC,1812,Illegal
Nicaragua,NIC,1813,Illegal
Nicaragua,NIC,1814,Illegal
Nicaragua,NIC,1815,Illegal
Nicaragua,NIC,1816,Illegal
Nicaragua,NIC,1817,Illegal
Nicaragua,NIC,1818,Illegal
Nicaragua,NIC,1819,Illegal
Nicaragua,NIC,1820,Illegal
Nicaragua,NIC,1821,Illegal
Nicaragua,NIC,1822,Illegal
Nicaragua,NIC,1823,Illegal
Nicaragua,NIC,1824,Illegal
Nicaragua,NIC,1825,Illegal
Nicaragua,NIC,1826,Illegal
Nicaragua,NIC,1827,Illegal
Nicaragua,NIC,1828,Illegal
Nicaragua,NIC,1829,Illegal
Nicaragua,NIC,1830,Illegal
Nicaragua,NIC,1831,Illegal
Nicaragua,NIC,1832,Illegal
Nicaragua,NIC,1833,Illegal
Nicaragua,NIC,1834,Illegal
Nicaragua,NIC,1835,Illegal
Nicaragua,NIC,1836,Illegal
Nicaragua,NIC,1837,Illegal
Nicaragua,NIC,1838,Illegal
Nicaragua,NIC,1839,Illegal
Nicaragua,NIC,1840,Illegal
Nicaragua,NIC,1841,Illegal
Nicaragua,NIC,1842,Illegal
Nicaragua,NIC,1843,Illegal
Nicaragua,NIC,1844,Illegal
Nicaragua,NIC,1845,Illegal
Nicaragua,NIC,1846,Illegal
Nicaragua,NIC,1847,Illegal
Nicaragua,NIC,1848,Illegal
Nicaragua,NIC,1849,Illegal
Nicaragua,NIC,1850,Illegal
Nicaragua,NIC,1851,Illegal
Nicaragua,NIC,1852,Illegal
Nicaragua,NIC,1853,Illegal
Nicaragua,NIC,1854,Illegal
Nicaragua,NIC,1855,Illegal
Nicaragua,NIC,1856,Illegal
Nicaragua,NIC,1857,Illegal
Nicaragua,NIC,1858,Illegal
Nicaragua,NIC,1859,Illegal
Nicaragua,NIC,1860,Illegal
Nicaragua,NIC,1861,Illegal
Nicaragua,NIC,1862,Illegal
Nicaragua,NIC,1863,Illegal
Nicaragua,NIC,1864,Illegal
Nicaragua,NIC,1865,Illegal
Nicaragua,NIC,1866,Illegal
Nicaragua,NIC,1867,Illegal
Nicaragua,NIC,1868,Illegal
Nicaragua,NIC,1869,Illegal
Nicaragua,NIC,1870,Illegal
Nicaragua,NIC,1871,Illegal
Nicaragua,NIC,1872,Illegal
Nicaragua,NIC,1873,Illegal
Nicaragua,NIC,1874,Illegal
Nicaragua,NIC,1875,Illegal
Nicaragua,NIC,1876,Illegal
Nicaragua,NIC,1877,Illegal
Nicaragua,NIC,1878,Illegal
Nicaragua,NIC,1879,Illegal
Nicaragua,NIC,1880,Illegal
Nicaragua,NIC,1881,Illegal
Nicaragua,NIC,1882,Illegal
Nicaragua,NIC,1883,Illegal
Nicaragua,NIC,1884,Illegal
Nicaragua,NIC,1885,Illegal
Nicaragua,NIC,1886,Illegal
Nicaragua,NIC,1887,Illegal
Nicaragua,NIC,1888,Illegal
Nicaragua,NIC,1889,Illegal
Nicaragua,NIC,1890,Illegal
Nicaragua,NIC,1891,Illegal
Nicaragua,NIC,1892,Illegal
Nicaragua,NIC,1893,Illegal
Nicaragua,NIC,1894,Illegal
Nicaragua,NIC,1895,Illegal
Nicaragua,NIC,1896,Illegal
Nicaragua,NIC,1897,Illegal
Nicaragua,NIC,1898,Illegal
Nicaragua,NIC,1899,Illegal
Nicaragua,NIC,1900,Illegal
Nicaragua,NIC,1901,Illegal
Nicaragua,NIC,1902,Illegal
Nicaragua,NIC,1903,Illegal
Nicaragua,NIC,1904,Illegal
Nicaragua,NIC,1905,Illegal
Nicaragua,NIC,1906,Illegal
Nicaragua,NIC,1907,Illegal
Nicaragua,NIC,1908,Illegal
Nicaragua,NIC,1909,Illegal
Nicaragua,NIC,1910,Illegal
Nicaragua,NIC,1911,Illegal
Nicaragua,NIC,1912,Illegal
Nicaragua,NIC,1913,Illegal
Nicaragua,NIC,1914,Illegal
Nicaragua,NIC,1915,Illegal
Nicaragua,NIC,1916,Illegal
Nicaragua,NIC,1917,Illegal
Nicaragua,NIC,1918,Illegal
Nicaragua,NIC,1919,Illegal
Nicaragua,NIC,1920,Illegal
Nicaragua,NIC,1921,Illegal
Nicaragua,NIC,1922,Illegal
Nicaragua,NIC,1923,Illegal
Nicaragua,NIC,1924,Illegal
Nicaragua,NIC,1925,Illegal
Nicaragua,NIC,1926,Illegal
Nicaragua,NIC,1927,Illegal
Nicaragua,NIC,1928,Illegal
Nicaragua,NIC,1929,Illegal
Nicaragua,NIC,1930,Illegal
Nicaragua,NIC,1931,Illegal
Nicaragua,NIC,1932,Illegal
Nicaragua,NIC,1933,Illegal
Nicaragua,NIC,1934,Illegal
Nicaragua,NIC,1935,Illegal
Nicaragua,NIC,1936,Illegal
Nicaragua,NIC,1937,Illegal
Nicaragua,NIC,1938,Illegal
Nicaragua,NIC,1939,Illegal
Nicaragua,NIC,1940,Illegal
Nicaragua,NIC,1941,Illegal
Nicaragua,NIC,1942,Illegal
Nicaragua,NIC,1943,Illegal
Nicaragua,NIC,1944,Illegal
Nicaragua,NIC,1945,Illegal
Nicaragua,NIC,1946,Illegal
Nicaragua,NIC,1947,Illegal
Nicaragua,NIC,1948,Illegal
Nicaragua,NIC,1949,Illegal
Nicaragua,NIC,1950,Illegal
Nicaragua,NIC,1951,Illegal
Nicaragua,NIC,1952,Illegal
Nicaragua,NIC,1953,Illegal
Nicaragua,NIC,1954,Illegal
Nicaragua,NIC,1955,Illegal
Nicaragua,NIC,1956,Illegal
Nicaragua,NIC,1957,Illegal
Nicaragua,NIC,1958,Illegal
Nicaragua,NIC,1959,Illegal
Nicaragua,NIC,1960,Illegal
Nicaragua,NIC,1961,Illegal
Nicaragua,NIC,1962,Illegal
Nicaragua,NIC,1963,Illegal
Nicaragua,NIC,1964,Illegal
Nicaragua,NIC,1965,Illegal
Nicaragua,NIC,1966,Illegal
Nicaragua,NIC,1967,Illegal
Nicaragua,NIC,1968,Illegal
Nicaragua,NIC,1969,Illegal
Nicaragua,NIC,1970,Illegal
Nicaragua,NIC,1971,Illegal
Nicaragua,NIC,1972,Illegal
Nicaragua,NIC,1973,Illegal
Nicaragua,NIC,1974,Illegal
Nicaragua,NIC,1975,Illegal
Nicaragua,NIC,1976,Illegal
Nicaragua,NIC,1977,Illegal
Nicaragua,NIC,1978,Illegal
Nicaragua,NIC,1979,Illegal
Nicaragua,NIC,1980,Illegal
Nicaragua,NIC,1981,Illegal
Nicaragua,NIC,1982,Illegal
Nicaragua,NIC,1983,Illegal
Nicaragua,NIC,1984,Illegal
Nicaragua,NIC,1985,Illegal
Nicaragua,NIC,1986,Illegal
Nicaragua,NIC,1987,Illegal
Nicaragua,NIC,1988,Illegal
Nicaragua,NIC,1989,Illegal
Nicaragua,NIC,1990,Illegal
Nicaragua,NIC,1991,Illegal
Nicaragua,NIC,1992,Illegal
Nicaragua,NIC,1993,Illegal
Nicaragua,NIC,1994,Illegal
Nicaragua,NIC,1995,Illegal
Nicaragua,NIC,1996,Illegal
Nicaragua,NIC,1997,Illegal
Nicaragua,NIC,1998,Illegal
Nicaragua,NIC,1999,Illegal
Nicaragua,NIC,2000,Illegal
Nicaragua,NIC,2001,Illegal
Nicaragua,NIC,2002,Illegal
Nicaragua,NIC,2003,Illegal
Nicaragua,NIC,2004,Illegal
Nicaragua,NIC,2005,Illegal
Nicaragua,NIC,2006,Illegal
Nicaragua,NIC,2007,Illegal
Nicaragua,NIC,2008,Legal
Nicaragua,NIC,2009,Legal
Nicaragua,NIC,2010,Legal
Nicaragua,NIC,2011,Legal
Nicaragua,NIC,2012,Legal
Nicaragua,NIC,2013,Legal
Nicaragua,NIC,2014,Legal
Nicaragua,NIC,2015,Legal
Nicaragua,NIC,2016,Legal
Nicaragua,NIC,2017,Legal
Nicaragua,NIC,2018,Legal
Nicaragua,NIC,2019,Legal
Nicaragua,NIC,2020,Legal
Nicaragua,NIC,2021,Legal
Nicaragua,NIC,2022,Legal
Nicaragua,NIC,2023,Legal
Nicaragua,NIC,2024,Legal
Nicaragua,NIC,2025,Legal
Niger,NER,1900,Legal
Niger,NER,1901,Legal
Niger,NER,1902,Legal
Niger,NER,1903,Legal
Niger,NER,1904,Legal
Niger,NER,1905,Legal
Niger,NER,1906,Legal
Niger,NER,1907,Legal
Niger,NER,1908,Legal
Niger,NER,1909,Legal
Niger,NER,1910,Legal
Niger,NER,1911,Legal
Niger,NER,1912,Legal
Niger,NER,1913,Legal
Niger,NER,1914,Legal
Niger,NER,1915,Legal
Niger,NER,1916,Legal
Niger,NER,1917,Legal
Niger,NER,1918,Legal
Niger,NER,1919,Legal
Niger,NER,1920,Legal
Niger,NER,1921,Legal
Niger,NER,1922,Legal
Niger,NER,1923,Legal
Niger,NER,1924,Legal
Niger,NER,1925,Legal
Niger,NER,1926,Legal
Niger,NER,1927,Legal
Niger,NER,1928,Legal
Niger,NER,1929,Legal
Niger,NER,1930,Legal
Niger,NER,1931,Legal
Niger,NER,1932,Legal
Niger,NER,1933,Legal
Niger,NER,1934,Legal
Niger,NER,1935,Legal
Niger,NER,1936,Legal
Niger,NER,1937,Legal
Niger,NER,1938,Legal
Niger,NER,1939,Legal
Niger,NER,1940,Legal
Niger,NER,1941,Legal
Niger,NER,1942,Legal
Niger,NER,1943,Legal
Niger,NER,1944,Legal
Niger,NER,1945,Legal
Niger,NER,1946,Legal
Niger,NER,1947,Legal
Niger,NER,1948,Legal
Niger,NER,1949,Legal
Niger,NER,1950,Legal
Niger,NER,1951,Legal
Niger,NER,1952,Legal
Niger,NER,1953,Legal
Niger,NER,1954,Legal
Niger,NER,1955,Legal
Niger,NER,1956,Legal
Niger,NER,1957,Legal
Niger,NER,1958,Legal
Niger,NER,1959,Legal
Niger,NER,1960,Legal
Niger,NER,1961,Legal
Niger,NER,1962,Legal
Niger,NER,1963,Legal
Niger,NER,1964,Legal
Niger,NER,1965,Legal
Niger,NER,1966,Legal
Niger,NER,1967,Legal
Niger,NER,1968,Legal
Niger,NER,1969,Legal
Niger,NER,1970,Legal
Niger,NER,1971,Legal
Niger,NER,1972,Legal
Niger,NER,1973,Legal
Niger,NER,1974,Legal
Niger,NER,1975,Legal
Niger,NER,1976,Legal
Niger,NER,1977,Legal
Niger,NER,1978,Legal
Niger,NER,1979,Legal
Niger,NER,1980,Legal
Niger,NER,1981,Legal
Niger,NER,1982,Legal
Niger,NER,1983,Legal
Niger,NER,1984,Legal
Niger,NER,1985,Legal
Niger,NER,1986,Legal
Niger,NER,1987,Legal
Niger,NER,1988,Legal
Niger,NER,1989,Legal
Niger,NER,1990,Legal
Niger,NER,1991,Legal
Niger,NER,1992,Legal
Niger,NER,1993,Legal
Niger,NER,1994,Legal
Niger,NER,1995,Legal
Niger,NER,1996,Legal
Niger,NER,1997,Legal
Niger,NER,1998,Legal
Niger,NER,1999,Legal
Niger,NER,2000,Legal
Niger,NER,2001,Legal
Niger,NER,2002,Legal
Niger,NER,2003,Legal
Niger,NER,2004,Legal
Niger,NER,2005,Legal
Niger,NER,2006,Legal
Niger,NER,2007,Legal
Niger,NER,2008,Legal
Niger,NER,2009,Legal
Niger,NER,2010,Legal
Niger,NER,2011,Legal
Niger,NER,2012,Legal
Niger,NER,2013,Legal
Niger,NER,2014,Legal
Niger,NER,2015,Legal
Niger,NER,2016,Legal
Niger,NER,2017,Legal
Niger,NER,2018,Legal
Niger,NER,2019,Legal
Niger,NER,2020,Legal
Niger,NER,2021,Legal
Niger,NER,2022,Legal
Niger,NER,2023,Legal
Niger,NER,2024,Legal
Niger,NER,2025,Legal
Nigeria,NGA,1904,Illegal
Nigeria,NGA,1905,Illegal
Nigeria,NGA,1906,Illegal
Nigeria,NGA,1907,Illegal
Nigeria,NGA,1908,Illegal
Nigeria,NGA,1909,Illegal
Nigeria,NGA,1910,Illegal
Nigeria,NGA,1911,Illegal
Nigeria,NGA,1912,Illegal
Nigeria,NGA,1913,Illegal
Nigeria,NGA,1914,Illegal
Nigeria,NGA,1915,Illegal
Nigeria,NGA,1916,Illegal
Nigeria,NGA,1917,Illegal
Nigeria,NGA,1918,Illegal
Nigeria,NGA,1919,Illegal
Nigeria,NGA,1920,Illegal
Nigeria,NGA,1921,Illegal
Nigeria,NGA,1922,Illegal
Nigeria,NGA,1923,Illegal
Nigeria,NGA,1924,Illegal
Nigeria,NGA,1925,Illegal
Nigeria,NGA,1926,Illegal
Nigeria,NGA,1927,Illegal
Nigeria,NGA,1928,Illegal
Nigeria,NGA,1929,Illegal
Nigeria,NGA,1930,Illegal
Nigeria,NGA,1931,Illegal
Nigeria,NGA,1932,Illegal
Nigeria,NGA,1933,Illegal
Nigeria,NGA,1934,Illegal
Nigeria,NGA,1935,Illegal
Nigeria,NGA,1936,Illegal
Nigeria,NGA,1937,Illegal
Nigeria,NGA,1938,Illegal
Nigeria,NGA,1939,Illegal
Nigeria,NGA,1940,Illegal
Nigeria,NGA,1941,Illegal
Nigeria,NGA,1942,Illegal
Nigeria,NGA,1943,Illegal
Nigeria,NGA,1944,Illegal
Nigeria,NGA,1945,Illegal
Nigeria,NGA,1946,Illegal
Nigeria,NGA,1947,Illegal
Nigeria,NGA,1948,Illegal
Nigeria,NGA,1949,Illegal
Nigeria,NGA,1950,Illegal
Nigeria,NGA,1951,Illegal
Nigeria,NGA,1952,Illegal
Nigeria,NGA,1953,Illegal
Nigeria,NGA,1954,Illegal
Nigeria,NGA,1955,Illegal
Nigeria,NGA,1956,Illegal
Nigeria,NGA,1957,Illegal
Nigeria,NGA,1958,Illegal
Nigeria,NGA,1959,Illegal
Nigeria,NGA,1960,Illegal
Nigeria,NGA,1961,Illegal
Nigeria,NGA,1962,Illegal
Nigeria,NGA,1963,Illegal
Nigeria,NGA,1964,Illegal
Nigeria,NGA,1965,Illegal
Nigeria,NGA,1966,Illegal
Nigeria,NGA,1967,Illegal
Nigeria,NGA,1968,Illegal
Nigeria,NGA,1969,Illegal
Nigeria,NGA,1970,Illegal
Nigeria,NGA,1971,Illegal
Nigeria,NGA,1972,Illegal
Nigeria,NGA,1973,Illegal
Nigeria,NGA,1974,Illegal
Nigeria,NGA,1975,Illegal
Nigeria,NGA,1976,Illegal
Nigeria,NGA,1977,Illegal
Nigeria,NGA,1978,Illegal
Nigeria,NGA,1979,Illegal
Nigeria,NGA,1980,Illegal
Nigeria,NGA,1981,Illegal
Nigeria,NGA,1982,Illegal
Nigeria,NGA,1983,Illegal
Nigeria,NGA,1984,Illegal
Nigeria,NGA,1985,Illegal
Nigeria,NGA,1986,Illegal
Nigeria,NGA,1987,Illegal
Nigeria,NGA,1988,Illegal
Nigeria,NGA,1989,Illegal
Nigeria,NGA,1990,Illegal
Nigeria,NGA,1991,Illegal
Nigeria,NGA,1992,Illegal
Nigeria,NGA,1993,Illegal
Nigeria,NGA,1994,Illegal
Nigeria,NGA,1995,Illegal
Nigeria,NGA,1996,Illegal
Nigeria,NGA,1997,Illegal
Nigeria,NGA,1998,Illegal
Nigeria,NGA,1999,Illegal
Nigeria,NGA,2000,Illegal
Nigeria,NGA,2001,Illegal
Nigeria,NGA,2002,Illegal
Nigeria,NGA,2003,Illegal
Nigeria,NGA,2004,Illegal
Nigeria,NGA,2005,Illegal
Nigeria,NGA,2006,Illegal
Nigeria,NGA,2007,Illegal
Nigeria,NGA,2008,Illegal
Nigeria,NGA,2009,Illegal
Nigeria,NGA,2010,Illegal
Nigeria,NGA,2011,Illegal
Nigeria,NGA,2012,Illegal
Nigeria,NGA,2013,Illegal
Nigeria,NGA,2014,Illegal
Nigeria,NGA,2015,Illegal
Nigeria,NGA,2016,Illegal
Nigeria,NGA,2017,Illegal
Nigeria,NGA,2018,Illegal
Nigeria,NGA,2019,Illegal
Nigeria,NGA,2020,Illegal
Nigeria,NGA,2021,Illegal
Nigeria,NGA,2022,Illegal
Nigeria,NGA,2023,Illegal
Nigeria,NGA,2024,Illegal
Nigeria,NGA,2025,Illegal
Niue,NIU,2007,Legal
Niue,NIU,2008,Legal
Niue,NIU,2009,Legal
Niue,NIU,2010,Legal
Niue,NIU,2011,Legal
Niue,NIU,2012,Legal
Niue,NIU,2013,Legal
Niue,NIU,2014,Legal
Niue,NIU,2015,Legal
Niue,NIU,2016,Legal
Niue,NIU,2017,Legal
Niue,NIU,2018,Legal
Niue,NIU,2019,Legal
Niue,NIU,2020,Legal
Niue,NIU,2021,Legal
Niue,NIU,2022,Legal
Niue,NIU,2023,Legal
Niue,NIU,2024,Legal
Niue,NIU,2025,Legal
North Korea,PRK,1760,Legal
North Korea,PRK,1761,Legal
North Korea,PRK,1762,Legal
North Korea,PRK,1763,Legal
North Korea,PRK,1764,Legal
North Korea,PRK,1765,Legal
North Korea,PRK,1766,Legal
North Korea,PRK,1767,Legal
North Korea,PRK,1768,Legal
North Korea,PRK,1769,Legal
North Korea,PRK,1770,Legal
North Korea,PRK,1771,Legal
North Korea,PRK,1772,Legal
North Korea,PRK,1773,Legal
North Korea,PRK,1774,Legal
North Korea,PRK,1775,Legal
North Korea,PRK,1776,Legal
North Korea,PRK,1777,Legal
North Korea,PRK,1778,Legal
North Korea,PRK,1779,Legal
North Korea,PRK,1780,Legal
North Korea,PRK,1781,Legal
North Korea,PRK,1782,Legal
North Korea,PRK,1783,Legal
North Korea,PRK,1784,Legal
North Korea,PRK,1785,Legal
North Korea,PRK,1786,Legal
North Korea,PRK,1787,Legal
North Korea,PRK,1788,Legal
North Korea,PRK,1789,Legal
North Korea,PRK,1790,Legal
North Korea,PRK,1791,Legal
North Korea,PRK,1792,Legal
North Korea,PRK,1793,Legal
North Korea,PRK,1794,Legal
North Korea,PRK,1795,Legal
North Korea,PRK,1796,Legal
North Korea,PRK,1797,Legal
North Korea,PRK,1798,Legal
North Korea,PRK,1799,Legal
North Korea,PRK,1800,Legal
North Korea,PRK,1801,Legal
North Korea,PRK,1802,Legal
North Korea,PRK,1803,Legal
North Korea,PRK,1804,Legal
North Korea,PRK,1805,Legal
North Korea,PRK,1806,Legal
North Korea,PRK,1807,Legal
North Korea,PRK,1808,Legal
North Korea,PRK,1809,Legal
North Korea,PRK,1810,Legal
North Korea,PRK,1811,Legal
North Korea,PRK,1812,Legal
North Korea,PRK,1813,Legal
North Korea,PRK,1814,Legal
North Korea,PRK,1815,Legal
North Korea,PRK,1816,Legal
North Korea,PRK,1817,Legal
North Korea,PRK,1818,Legal
North Korea,PRK,1819,Legal
North Korea,PRK,1820,Legal
North Korea,PRK,1821,Legal
North Korea,PRK,1822,Legal
North Korea,PRK,1823,Legal
North Korea,PRK,1824,Legal
North Korea,PRK,1825,Legal
North Korea,PRK,1826,Legal
North Korea,PRK,1827,Legal
North Korea,PRK,1828,Legal
North Korea,PRK,1829,Legal
North Korea,PRK,1830,Legal
North Korea,PRK,1831,Legal
North Korea,PRK,1832,Legal
North Korea,PRK,1833,Legal
North Korea,PRK,1834,Legal
North Korea,PRK,1835,Legal
North Korea,PRK,1836,Legal
North Korea,PRK,1837,Legal
North Korea,PRK,1838,Legal
North Korea,PRK,1839,Legal
North Korea,PRK,1840,Legal
North Korea,PRK,1841,Legal
North Korea,PRK,1842,Legal
North Korea,PRK,1843,Legal
North Korea,PRK,1844,Legal
North Korea,PRK,1845,Legal
North Korea,PRK,1846,Legal
North Korea,PRK,1847,Legal
North Korea,PRK,1848,Legal
North Korea,PRK,1849,Legal
North Korea,PRK,1850,Legal
North Korea,PRK,1851,Legal
North Korea,PRK,1852,Legal
North Korea,PRK,1853,Legal
North Korea,PRK,1854,Legal
North Korea,PRK,1855,Legal
North Korea,PRK,1856,Legal
North Korea,PRK,1857,Legal
North Korea,PRK,1858,Legal
North Korea,PRK,1859,Legal
North Korea,PRK,1860,Legal
North Korea,PRK,1861,Legal
North Korea,PRK,1862,Legal
North Korea,PRK,1863,Legal
North Korea,PRK,1864,Legal
North Korea,PRK,1865,Legal
North Korea,PRK,1866,Legal
North Korea,PRK,1867,Legal
North Korea,PRK,1868,Legal
North Korea,PRK,1869,Legal
North Korea,PRK,1870,Legal
North Korea,PRK,1871,Legal
North Korea,PRK,1872,Legal
North Korea,PRK,1873,Legal
North Korea,PRK,1874,Legal
North Korea,PRK,1875,Legal
North Korea,PRK,1876,Legal
North Korea,PRK,1877,Legal
North Korea,PRK,1878,Legal
North Korea,PRK,1879,Legal
North Korea,PRK,1880,Legal
North Korea,PRK,1881,Legal
North Korea,PRK,1882,Legal
North Korea,PRK,1883,Legal
North Korea,PRK,1884,Legal
North Korea,PRK,1885,Legal
North Korea,PRK,1886,Legal
North Korea,PRK,1887,Legal
North Korea,PRK,1888,Legal
North Korea,PRK,1889,Legal
North Korea,PRK,1890,Legal
North Korea,PRK,1891,Legal
North Korea,PRK,1892,Legal
North Korea,PRK,1893,Legal
North Korea,PRK,1894,Legal
North Korea,PRK,1895,Legal
North Korea,PRK,1896,Legal
North Korea,PRK,1897,Legal
North Korea,PRK,1898,Legal
North Korea,PRK,1899,Legal
North Korea,PRK,1900,Legal
North Korea,PRK,1901,Legal
North Korea,PRK,1902,Legal
North Korea,PRK,1903,Legal
North Korea,PRK,1904,Legal
North Korea,PRK,1905,Legal
North Korea,PRK,1906,Legal
North Korea,PRK,1907,Legal
North Korea,PRK,1908,Legal
North Korea,PRK,1909,Legal
North Korea,PRK,1910,Legal
North Korea,PRK,1911,Legal
North Korea,PRK,1912,Legal
North Korea,PRK,1913,Legal
North Korea,PRK,1914,Legal
North Korea,PRK,1915,Legal
North Korea,PRK,1916,Legal
North Korea,PRK,1917,Legal
North Korea,PRK,1918,Legal
North Korea,PRK,1919,Legal
North Korea,PRK,1920,Legal
North Korea,PRK,1921,Legal
North Korea,PRK,1922,Legal
North Korea,PRK,1923,Legal
North Korea,PRK,1924,Legal
North Korea,PRK,1925,Legal
North Korea,PRK,1926,Legal
North Korea,PRK,1927,Legal
North Korea,PRK,1928,Legal
North Korea,PRK,1929,Legal
North Korea,PRK,1930,Legal
North Korea,PRK,1931,Legal
North Korea,PRK,1932,Legal
North Korea,PRK,1933,Legal
North Korea,PRK,1934,Legal
North Korea,PRK,1935,Legal
North Korea,PRK,1936,Legal
North Korea,PRK,1937,Legal
North Korea,PRK,1938,Legal
North Korea,PRK,1939,Legal
North Korea,PRK,1940,Legal
North Korea,PRK,1941,Legal
North Korea,PRK,1942,Legal
North Korea,PRK,1943,Legal
North Korea,PRK,1944,Legal
North Korea,PRK,1945,Legal
North Korea,PRK,1946,Legal
North Korea,PRK,1947,Legal
North Korea,PRK,1948,Legal
North Korea,PRK,1949,Legal
North Korea,PRK,1950,Legal
North Korea,PRK,1951,Legal
North Korea,PRK,1952,Legal
North Korea,PRK,1953,Legal
North Korea,PRK,1954,Legal
North Korea,PRK,1955,Legal
North Korea,PRK,1956,Legal
North Korea,PRK,1957,Legal
North Korea,PRK,1958,Legal
North Korea,PRK,1959,Legal
North Korea,PRK,1960,Legal
North Korea,PRK,1961,Legal
North Korea,PRK,1962,Legal
North Korea,PRK,1963,Legal
North Korea,PRK,1964,Legal
North Korea,PRK,1965,Legal
North Korea,PRK,1966,Legal
North Korea,PRK,1967,Legal
North Korea,PRK,1968,Legal
North Korea,PRK,1969,Legal
North Korea,PRK,1970,Legal
North Korea,PRK,1971,Legal
North Korea,PRK,1972,Legal
North Korea,PRK,1973,Legal
North Korea,PRK,1974,Legal
North Korea,PRK,1975,Legal
North Korea,PRK,1976,Legal
North Korea,PRK,1977,Legal
North Korea,PRK,1978,Legal
North Korea,PRK,1979,Legal
North Korea,PRK,1980,Legal
North Korea,PRK,1981,Legal
North Korea,PRK,1982,Legal
North Korea,PRK,1983,Legal
North Korea,PRK,1984,Legal
North Korea,PRK,1985,Legal
North Korea,PRK,1986,Legal
North Korea,PRK,1987,Legal
North Korea,PRK,1988,Legal
North Korea,PRK,1989,Legal
North Korea,PRK,1990,Legal
North Korea,PRK,1991,Legal
North Korea,PRK,1992,Legal
North Korea,PRK,1993,Legal
North Korea,PRK,1994,Legal
North Korea,PRK,1995,Legal
North Korea,PRK,1996,Legal
North Korea,PRK,1997,Legal
North Korea,PRK,1998,Legal
North Korea,PRK,1999,Legal
North Korea,PRK,2000,Legal
North Korea,PRK,2001,Legal
North Korea,PRK,2002,Legal
North Korea,PRK,2003,Legal
North Korea,PRK,2004,Legal
North Korea,PRK,2005,Legal
North Korea,PRK,2006,Legal
North Korea,PRK,2007,Legal
North Korea,PRK,2008,Legal
North Korea,PRK,2009,Legal
North Korea,PRK,2010,Legal
North Korea,PRK,2011,Legal
North Korea,PRK,2012,Legal
North Korea,PRK,2013,Legal
North Korea,PRK,2014,Legal
North Korea,PRK,2015,Legal
North Korea,PRK,2016,Legal
North Korea,PRK,2017,Legal
North Korea,PRK,2018,Legal
North Korea,PRK,2019,Legal
North Korea,PRK,2020,Legal
North Korea,PRK,2021,Legal
North Korea,PRK,2022,Legal
North Korea,PRK,2023,Legal
North Korea,PRK,2024,Legal
North Korea,PRK,2025,Legal
North Macedonia,MKD,1929,Illegal
North Macedonia,MKD,1930,Illegal
North Macedonia,MKD,1931,Illegal
North Macedonia,MKD,1932,Illegal
North Macedonia,MKD,1933,Illegal
North Macedonia,MKD,1934,Illegal
North Macedonia,MKD,1935,Illegal
North Macedonia,MKD,1936,Illegal
North Macedonia,MKD,1937,Illegal
North Macedonia,MKD,1938,Illegal
North Macedonia,MKD,1939,Illegal
North Macedonia,MKD,1940,Illegal
North Macedonia,MKD,1941,Illegal
North Macedonia,MKD,1942,Illegal
North Macedonia,MKD,1943,Illegal
North Macedonia,MKD,1944,Illegal
North Macedonia,MKD,1945,Illegal
North Macedonia,MKD,1946,Illegal
North Macedonia,MKD,1947,Illegal
North Macedonia,MKD,1948,Illegal
North Macedonia,MKD,1949,Illegal
North Macedonia,MKD,1950,Illegal
North Macedonia,MKD,1951,Illegal
North Macedonia,MKD,1952,Illegal
North Macedonia,MKD,1953,Illegal
North Macedonia,MKD,1954,Illegal
North Macedonia,MKD,1955,Illegal
North Macedonia,MKD,1956,Illegal
North Macedonia,MKD,1957,Illegal
North Macedonia,MKD,1958,Illegal
North Macedonia,MKD,1959,Illegal
North Macedonia,MKD,1960,Illegal
North Macedonia,MKD,1961,Illegal
North Macedonia,MKD,1962,Illegal
North Macedonia,MKD,1963,Illegal
North Macedonia,MKD,1964,Illegal
North Macedonia,MKD,1965,Illegal
North Macedonia,MKD,1966,Illegal
North Macedonia,MKD,1967,Illegal
North Macedonia,MKD,1968,Illegal
North Macedonia,MKD,1969,Illegal
North Macedonia,MKD,1970,Illegal
North Macedonia,MKD,1971,Illegal
North Macedonia,MKD,1972,Illegal
North Macedonia,MKD,1973,Illegal
North Macedonia,MKD,1974,Illegal
North Macedonia,MKD,1975,Illegal
North Macedonia,MKD,1976,Illegal
North Macedonia,MKD,1977,Illegal
North Macedonia,MKD,1978,Illegal
North Macedonia,MKD,1979,Illegal
North Macedonia,MKD,1980,Illegal
North Macedonia,MKD,1981,Illegal
North Macedonia,MKD,1982,Illegal
North Macedonia,MKD,1983,Illegal
North Macedonia,MKD,1984,Illegal
North Macedonia,MKD,1985,Illegal
North Macedonia,MKD,1986,Illegal
North Macedonia,MKD,1987,Illegal
North Macedonia,MKD,1988,Illegal
North Macedonia,MKD,1989,Illegal
North Macedonia,MKD,1990,Illegal
North Macedonia,MKD,1991,Illegal
North Macedonia,MKD,1992,Illegal
North Macedonia,MKD,1993,Illegal
North Macedonia,MKD,1994,Illegal
North Macedonia,MKD,1995,Illegal
North Macedonia,MKD,1996,Legal
North Macedonia,MKD,1997,Legal
North Macedonia,MKD,1998,Legal
North Macedonia,MKD,1999,Legal
North Macedonia,MKD,2000,Legal
North Macedonia,MKD,2001,Legal
North Macedonia,MKD,2002,Legal
North Macedonia,MKD,2003,Legal
North Macedonia,MKD,2004,Legal
North Macedonia,MKD,2005,Legal
North Macedonia,MKD,2006,Legal
North Macedonia,MKD,2007,Legal
North Macedonia,MKD,2008,Legal
North Macedonia,MKD,2009,Legal
North Macedonia,MKD,2010,Legal
North Macedonia,MKD,2011,Legal
North Macedonia,MKD,2012,Legal
North Macedonia,MKD,2013,Legal
North Macedonia,MKD,2014,Legal
North Macedonia,MKD,2015,Legal
North Macedonia,MKD,2016,Legal
North Macedonia,MKD,2017,Legal
North Macedonia,MKD,2018,Legal
North Macedonia,MKD,2019,Legal
North Macedonia,MKD,2020,Legal
North Macedonia,MKD,2021,Legal
North Macedonia,MKD,2022,Legal
North Macedonia,MKD,2023,Legal
North Macedonia,MKD,2024,Legal
North Macedonia,MKD,2025,Legal
Northern Cyprus,OWID_CYN,1760,Illegal
Northern Cyprus,OWID_CYN,1761,Illegal
Northern Cyprus,OWID_CYN,1762,Illegal
Northern Cyprus,OWID_CYN,1763,Illegal
Northern Cyprus,OWID_CYN,1764,Illegal
Northern Cyprus,OWID_CYN,1765,Illegal
Northern Cyprus,OWID_CYN,1766,Illegal
Northern Cyprus,OWID_CYN,1767,Illegal
Northern Cyprus,OWID_CYN,1768,Illegal
Northern Cyprus,OWID_CYN,1769,Illegal
Northern Cyprus,OWID_CYN,1770,Illegal
Northern Cyprus,OWID_CYN,1771,Illegal
Northern Cyprus,OWID_CYN,1772,Illegal
Northern Cyprus,OWID_CYN,1773,Illegal
Northern Cyprus,OWID_CYN,1774,Illegal
Northern Cyprus,OWID_CYN,1775,Illegal
Northern Cyprus,OWID_CYN,1776,Illegal
Northern Cyprus,OWID_CYN,1777,Illegal
Northern Cyprus,OWID_CYN,1778,Illegal
Northern Cyprus,OWID_CYN,1779,Illegal
Northern Cyprus,OWID_CYN,1780,Illegal
Northern Cyprus,OWID_CYN,1781,Illegal
Northern Cyprus,OWID_CYN,1782,Illegal
Northern Cyprus,OWID_CYN,1783,Illegal
Northern Cyprus,OWID_CYN,1784,Illegal
Northern Cyprus,OWID_CYN,1785,Illegal
Northern Cyprus,OWID_CYN,1786,Illegal
Northern Cyprus,OWID_CYN,1787,Illegal
Northern Cyprus,OWID_CYN,1788,Illegal
Northern Cyprus,OWID_CYN,1789,Illegal
Northern Cyprus,OWID_CYN,1790,Illegal
Northern Cyprus,OWID_CYN,1791,Illegal
Northern Cyprus,OWID_CYN,1792,Illegal
Northern Cyprus,OWID_CYN,1793,Illegal
Northern Cyprus,OWID_CYN,1794,Illegal
Northern Cyprus,OWID_CYN,1795,Illegal
Northern Cyprus,OWID_CYN,1796,Illegal
Northern Cyprus,OWID_CYN,1797,Illegal
Northern Cyprus,OWID_CYN,1798,Illegal
Northern Cyprus,OWID_CYN,1799,Illegal
Northern Cyprus,OWID_CYN,1800,Illegal
Northern Cyprus,OWID_CYN,1801,Illegal
Northern Cyprus,OWID_CYN,1802,Illegal
Northern Cyprus,OWID_CYN,1803,Illegal
Northern Cyprus,OWID_CYN,1804,Illegal
Northern Cyprus,OWID_CYN,1805,Illegal
Northern Cyprus,OWID_CYN,1806,Illegal
Northern Cyprus,OWID_CYN,1807,Illegal
Northern Cyprus,OWID_CYN,1808,Illegal
Northern Cyprus,OWID_CYN,1809,Illegal
Northern Cyprus,OWID_CYN,1810,Illegal
Northern Cyprus,OWID_CYN,1811,Illegal
Northern Cyprus,OWID_CYN,1812,Illegal
Northern Cyprus,OWID_CYN,1813,Illegal
Northern Cyprus,OWID_CYN,1814,Illegal
Northern Cyprus,OWID_CYN,1815,Illegal
Northern Cyprus,OWID_CYN,1816,Illegal
Northern Cyprus,OWID_CYN,1817,Illegal
Northern Cyprus,OWID_CYN,1818,Illegal
Northern Cyprus,OWID_CYN,1819,Illegal
Northern Cyprus,OWID_CYN,1820,Illegal
Northern Cyprus,OWID_CYN,1821,Illegal
Northern Cyprus,OWID_CYN,1822,Illegal
Northern Cyprus,OWID_CYN,1823,Illegal
Northern Cyprus,OWID_CYN,1824,Illegal
Northern Cyprus,OWID_CYN,1825,Illegal
Northern Cyprus,OWID_CYN,1826,Illegal
Northern Cyprus,OWID_CYN,1827,Illegal
Northern Cyprus,OWID_CYN,1828,Illegal
Northern Cyprus,OWID_CYN,1829,Illegal
Northern Cyprus,OWID_CYN,1830,Illegal
Northern Cyprus,OWID_CYN,1831,Illegal
Northern Cyprus,OWID_CYN,1832,Illegal
Northern Cyprus,OWID_CYN,1833,Illegal
Northern Cyprus,OWID_CYN,1834,Illegal
Northern Cyprus,OWID_CYN,1835,Illegal
Northern Cyprus,OWID_CYN,1836,Illegal
Northern Cyprus,OWID_CYN,1837,Illegal
Northern Cyprus,OWID_CYN,1838,Illegal
Northern Cyprus,OWID_CYN,1839,Illegal
Northern Cyprus,OWID_CYN,1840,Illegal
Northern Cyprus,OWID_CYN,1841,Illegal
Northern Cyprus,OWID_CYN,1842,Illegal
Northern Cyprus,OWID_CYN,1843,Illegal
Northern Cyprus,OWID_CYN,1844,Illegal
Northern Cyprus,OWID_CYN,1845,Illegal
Northern Cyprus,OWID_CYN,1846,Illegal
Northern Cyprus,OWID_CYN,1847,Illegal
Northern Cyprus,OWID_CYN,1848,Illegal
Northern Cyprus,OWID_CYN,1849,Illegal
Northern Cyprus,OWID_CYN,1850,Illegal
Northern Cyprus,OWID_CYN,1851,Illegal
Northern Cyprus,OWID_CYN,1852,Illegal
Northern Cyprus,OWID_CYN,1853,Illegal
Northern Cyprus,OWID_CYN,1854,Illegal
Northern Cyprus,OWID_CYN,1855,Illegal
Northern Cyprus,OWID_CYN,1856,Illegal
Northern Cyprus,OWID_CYN,1857,Illegal
Northern Cyprus,OWID_CYN,1858,Legal
Northern Cyprus,OWID_CYN,1859,Legal
Northern Cyprus,OWID_CYN,1860,Legal
Northern Cyprus,OWID_CYN,1861,Legal
Northern Cyprus,OWID_CYN,1862,Legal
Northern Cyprus,OWID_CYN,1863,Legal
Northern Cyprus,OWID_CYN,1864,Legal
Northern Cyprus,OWID_CYN,1865,Legal
Northern Cyprus,OWID_CYN,1866,Legal
Northern Cyprus,OWID_CYN,1867,Legal
Northern Cyprus,OWID_CYN,1868,Legal
Northern Cyprus,OWID_CYN,1869,Legal
Northern Cyprus,OWID_CYN,1870,Legal
Northern Cyprus,OWID_CYN,1871,Legal
Northern Cyprus,OWID_CYN,1872,Legal
Northern Cyprus,OWID_CYN,1873,Legal
Northern Cyprus,OWID_CYN,1874,Legal
Northern Cyprus,OWID_CYN,1875,Legal
Northern Cyprus,OWID_CYN,1876,Legal
Northern Cyprus,OWID_CYN,1877,Legal
Northern Cyprus,OWID_CYN,1878,Legal
Northern Cyprus,OWID_CYN,1879,Legal
Northern Cyprus,OWID_CYN,1880,Legal
Northern Cyprus,OWID_CYN,1881,Legal
Northern Cyprus,OWID_CYN,1882,Legal
Northern Cyprus,OWID_CYN,1883,Legal
Northern Cyprus,OWID_CYN,1884,Legal
Northern Cyprus,OWID_CYN,1885,Legal
Northern Cyprus,OWID_CYN,1886,Legal
Northern Cyprus,OWID_CYN,1887,Legal
Northern Cyprus,OWID_CYN,1888,Legal
Northern Cyprus,OWID_CYN,1889,Legal
Northern Cyprus,OWID_CYN,1890,Legal
Northern Cyprus,OWID_CYN,1891,Legal
Northern Cyprus,OWID_CYN,1892,Legal
Northern Cyprus,OWID_CYN,1893,Legal
Northern Cyprus,OWID_CYN,1894,Legal
Northern Cyprus,OWID_CYN,1895,Legal
Northern Cyprus,OWID_CYN,1896,Legal
Northern Cyprus,OWID_CYN,1897,Legal
Northern Cyprus,OWID_CYN,1898,Legal
Northern Cyprus,OWID_CYN,1899,Legal
Northern Cyprus,OWID_CYN,1900,Legal
Northern Cyprus,OWID_CYN,1901,Legal
Northern Cyprus,OWID_CYN,1902,Legal
Northern Cyprus,OWID_CYN,1903,Legal
Northern Cyprus,OWID_CYN,1904,Legal
Northern Cyprus,OWID_CYN,1905,Legal
Northern Cyprus,OWID_CYN,1906,Legal
Northern Cyprus,OWID_CYN,1907,Legal
Northern Cyprus,OWID_CYN,1908,Legal
Northern Cyprus,OWID_CYN,1909,Legal
Northern Cyprus,OWID_CYN,1910,Legal
Northern Cyprus,OWID_CYN,1911,Legal
Northern Cyprus,OWID_CYN,1912,Legal
Northern Cyprus,OWID_CYN,1913,Legal
Northern Cyprus,OWID_CYN,1914,Legal
Northern Cyprus,OWID_CYN,1915,Legal
Northern Cyprus,OWID_CYN,1916,Legal
Northern Cyprus,OWID_CYN,1917,Legal
Northern Cyprus,OWID_CYN,1918,Legal
Northern Cyprus,OWID_CYN,1919,Legal
Northern Cyprus,OWID_CYN,1920,Legal
Northern Cyprus,OWID_CYN,1921,Legal
Northern Cyprus,OWID_CYN,1922,Legal
Northern Cyprus,OWID_CYN,1923,Legal
Northern Cyprus,OWID_CYN,1924,Legal
Northern Cyprus,OWID_CYN,1925,Legal
Northern Cyprus,OWID_CYN,1926,Legal
Northern Cyprus,OWID_CYN,1927,Legal
Northern Cyprus,OWID_CYN,1928,Legal
Northern Cyprus,OWID_CYN,1929,Illegal
Northern Cyprus,OWID_CYN,1930,Illegal
Northern Cyprus,OWID_CYN,1931,Illegal
Northern Cyprus,OWID_CYN,1932,Illegal
Northern Cyprus,OWID_CYN,1933,Illegal
Northern Cyprus,OWID_CYN,1934,Illegal
Northern Cyprus,OWID_CYN,1935,Illegal
Northern Cyprus,OWID_CYN,1936,Illegal
Northern Cyprus,OWID_CYN,1937,Illegal
Northern Cyprus,OWID_CYN,1938,Illegal
Northern Cyprus,OWID_CYN,1939,Illegal
Northern Cyprus,OWID_CYN,1940,Illegal
Northern Cyprus,OWID_CYN,1941,Illegal
Northern Cyprus,OWID_CYN,1942,Illegal
Northern Cyprus,OWID_CYN,1943,Illegal
Northern Cyprus,OWID_CYN,1944,Illegal
Northern Cyprus,OWID_CYN,1945,Illegal
Northern Cyprus,OWID_CYN,1946,Illegal
Northern Cyprus,OWID_CYN,1947,Illegal
Northern Cyprus,OWID_CYN,1948,Illegal
Northern Cyprus,OWID_CYN,1949,Illegal
Northern Cyprus,OWID_CYN,1950,Illegal
Northern Cyprus,OWID_CYN,1951,Illegal
Northern Cyprus,OWID_CYN,1952,Illegal
Northern Cyprus,OWID_CYN,1953,Illegal
Northern Cyprus,OWID_CYN,1954,Illegal
Northern Cyprus,OWID_CYN,1955,Illegal
Northern Cyprus,OWID_CYN,1956,Illegal
Northern Cyprus,OWID_CYN,1957,Illegal
Northern Cyprus,OWID_CYN,1958,Illegal
Northern Cyprus,OWID_CYN,1959,Illegal
Northern Cyprus,OWID_CYN,1960,Illegal
Northern Cyprus,OWID_CYN,1961,Illegal
Northern Cyprus,OWID_CYN,1962,Illegal
Northern Cyprus,OWID_CYN,1963,Illegal
Northern Cyprus,OWID_CYN,1964,Illegal
Northern Cyprus,OWID_CYN,1965,Illegal
Northern Cyprus,OWID_CYN,1966,Illegal
Northern Cyprus,OWID_CYN,1967,Illegal
Northern Cyprus,OWID_CYN,1968,Illegal
Northern Cyprus,OWID_CYN,1969,Illegal
Northern Cyprus,OWID_CYN,1970,Illegal
Northern Cyprus,OWID_CYN,1971,Illegal
Northern Cyprus,OWID_CYN,1972,Illegal
Northern Cyprus,OWID_CYN,1973,Illegal
Northern Cyprus,OWID_CYN,1974,Illegal
Northern Cyprus,OWID_CYN,1975,Illegal
Northern Cyprus,OWID_CYN,1976,Illegal
Northern Cyprus,OWID_CYN,1977,Illegal
Northern Cyprus,OWID_CYN,1978,Illegal
Northern Cyprus,OWID_CYN,1979,Illegal
Northern Cyprus,OWID_CYN,1980,Illegal
Northern Cyprus,OWID_CYN,1981,Illegal
Northern Cyprus,OWID_CYN,1982,Illegal
Northern Cyprus,OWID_CYN,1983,Illegal
Northern Cyprus,OWID_CYN,1984,Illegal
Northern Cyprus,OWID_CYN,1985,Illegal
Northern Cyprus,OWID_CYN,1986,Illegal
Northern Cyprus,OWID_CYN,1987,Illegal
Northern Cyprus,OWID_CYN,1988,Illegal
Northern Cyprus,OWID_CYN,1989,Illegal
Northern Cyprus,OWID_CYN,1990,Illegal
Northern Cyprus,OWID_CYN,1991,Illegal
Northern Cyprus,OWID_CYN,1992,Illegal
Northern Cyprus,OWID_CYN,1993,Illegal
Northern Cyprus,OWID_CYN,1994,Illegal
Northern Cyprus,OWID_CYN,1995,Illegal
Northern Cyprus,OWID_CYN,1996,Illegal
Northern Cyprus,OWID_CYN,1997,Illegal
Northern Cyprus,OWID_CYN,1998,Illegal
Northern Cyprus,OWID_CYN,1999,Illegal
Northern Cyprus,OWID_CYN,2000,Illegal
Northern Cyprus,OWID_CYN,2001,Illegal
Northern Cyprus,OWID_CYN,2002,Illegal
Northern Cyprus,OWID_CYN,2003,Illegal
Northern Cyprus,OWID_CYN,2004,Illegal
Northern Cyprus,OWID_CYN,2005,Illegal
Northern Cyprus,OWID_CYN,2006,Illegal
Northern Cyprus,OWID_CYN,2007,Illegal
Northern Cyprus,OWID_CYN,2008,Illegal
Northern Cyprus,OWID_CYN,2009,Illegal
Northern Cyprus,OWID_CYN,2010,Illegal
Northern Cyprus,OWID_CYN,2011,Illegal
Northern Cyprus,OWID_CYN,2012,Illegal
Northern Cyprus,OWID_CYN,2013,Illegal
Northern Cyprus,OWID_CYN,2014,Legal
Northern Cyprus,OWID_CYN,2015,Legal
Northern Cyprus,OWID_CYN,2016,Legal
Northern Cyprus,OWID_CYN,2017,Legal
Northern Cyprus,OWID_CYN,2018,Legal
Northern Cyprus,OWID_CYN,2019,Legal
Northern Cyprus,OWID_CYN,2020,Legal
Northern Cyprus,OWID_CYN,2021,Legal
Northern Cyprus,OWID_CYN,2022,Legal
Northern Cyprus,OWID_CYN,2023,Legal
Northern Cyprus,OWID_CYN,2024,Legal
Northern Cyprus,OWID_CYN,2025,Legal
Norway,NOR,1902,Illegal
Norway,NOR,1903,Illegal
Norway,NOR,1904,Illegal
Norway,NOR,1905,Illegal
Norway,NOR,1906,Illegal
Norway,NOR,1907,Illegal
Norway,NOR,1908,Illegal
Norway,NOR,1909,Illegal
Norway,NOR,1910,Illegal
Norway,NOR,1911,Illegal
Norway,NOR,1912,Illegal
Norway,NOR,1913,Illegal
Norway,NOR,1914,Illegal
Norway,NOR,1915,Illegal
Norway,NOR,1916,Illegal
Norway,NOR,1917,Illegal
Norway,NOR,1918,Illegal
Norway,NOR,1919,Illegal
Norway,NOR,1920,Illegal
Norway,NOR,1921,Illegal
Norway,NOR,1922,Illegal
Norway,NOR,1923,Illegal
Norway,NOR,1924,Illegal
Norway,NOR,1925,Illegal
Norway,NOR,1926,Illegal
Norway,NOR,1927,Illegal
Norway,NOR,1928,Illegal
Norway,NOR,1929,Illegal
Norway,NOR,1930,Illegal
Norway,NOR,1931,Illegal
Norway,NOR,1932,Illegal
Norway,NOR,1933,Illegal
Norway,NOR,1934,Illegal
Norway,NOR,1935,Illegal
Norway,NOR,1936,Illegal
Norway,NOR,1937,Illegal
Norway,NOR,1938,Illegal
Norway,NOR,1939,Illegal
Norway,NOR,1940,Illegal
Norway,NOR,1941,Illegal
Norway,NOR,1942,Illegal
Norway,NOR,1943,Illegal
Norway,NOR,1944,Illegal
Norway,NOR,1945,Illegal
Norway,NOR,1946,Illegal
Norway,NOR,1947,Illegal
Norway,NOR,1948,Illegal
Norway,NOR,1949,Illegal
Norway,NOR,1950,Illegal
Norway,NOR,1951,Illegal
Norway,NOR,1952,Illegal
Norway,NOR,1953,Illegal
Norway,NOR,1954,Illegal
Norway,NOR,1955,Illegal
Norway,NOR,1956,Illegal
Norway,NOR,1957,Illegal
Norway,NOR,1958,Illegal
Norway,NOR,1959,Illegal
Norway,NOR,1960,Illegal
Norway,NOR,1961,Illegal
Norway,NOR,1962,Illegal
Norway,NOR,1963,Illegal
Norway,NOR,1964,Illegal
Norway,NOR,1965,Illegal
Norway,NOR,1966,Illegal
Norway,NOR,1967,Illegal
Norway,NOR,1968,Illegal
Norway,NOR,1969,Illegal
Norway,NOR,1970,Illegal
Norway,NOR,1971,Illegal
Norway,NOR,1972,Legal
Norway,NOR,1973,Legal
Norway,NOR,1974,Legal
Norway,NOR,1975,Legal
Norway,NOR,1976,Legal
Norway,NOR,1977,Legal
Norway,NOR,1978,Legal
Norway,NOR,1979,Legal
Norway,NOR,1980,Legal
Norway,NOR,1981,Legal
Norway,NOR,1982,Legal
Norway,NOR,1983,Legal
Norway,NOR,1984,Legal
Norway,NOR,1985,Legal
Norway,NOR,1986,Legal
Norway,NOR,1987,Legal
Norway,NOR,1988,Legal
Norway,NOR,1989,Legal
Norway,NOR,1990,Legal
Norway,NOR,1991,Legal
Norway,NOR,1992,Legal
Norway,NOR,1993,Legal
Norway,NOR,1994,Legal
Norway,NOR,1995,Legal
Norway,NOR,1996,Legal
Norway,NOR,1997,Legal
Norway,NOR,1998,Legal
Norway,NOR,1999,Legal
Norway,NOR,2000,Legal
Norway,NOR,2001,Legal
Norway,NOR,2002,Legal
Norway,NOR,2003,Legal
Norway,NOR,2004,Legal
Norway,NOR,2005,Legal
Norway,NOR,2006,Legal
Norway,NOR,2007,Legal
Norway,NOR,2008,Legal
Norway,NOR,2009,Legal
Norway,NOR,2010,Legal
Norway,NOR,2011,Legal
Norway,NOR,2012,Legal
Norway,NOR,2013,Legal
Norway,NOR,2014,Legal
Norway,NOR,2015,Legal
Norway,NOR,2016,Legal
Norway,NOR,2017,Legal
Norway,NOR,2018,Legal
Norway,NOR,2019,Legal
Norway,NOR,2020,Legal
Norway,NOR,2021,Legal
Norway,NOR,2022,Legal
Norway,NOR,2023,Legal
Norway,NOR,2024,Legal
Norway,NOR,2025,Legal
Oman,OMN,1956,Illegal
Oman,OMN,1957,Illegal
Oman,OMN,1958,Illegal
Oman,OMN,1959,Illegal
Oman,OMN,1960,Illegal
Oman,OMN,1961,Illegal
Oman,OMN,1962,Illegal
Oman,OMN,1963,Illegal
Oman,OMN,1964,Illegal
Oman,OMN,1965,Illegal
Oman,OMN,1966,Illegal
Oman,OMN,1967,Illegal
Oman,OMN,1968,Illegal
Oman,OMN,1969,Illegal
Oman,OMN,1970,Illegal
Oman,OMN,1971,Illegal
Oman,OMN,1972,Illegal
Oman,OMN,1973,Illegal
Oman,OMN,1974,Illegal
Oman,OMN,1975,Illegal
Oman,OMN,1976,Illegal
Oman,OMN,1977,Illegal
Oman,OMN,1978,Illegal
Oman,OMN,1979,Illegal
Oman,OMN,1980,Illegal
Oman,OMN,1981,Illegal
Oman,OMN,1982,Illegal
Oman,OMN,1983,Illegal
Oman,OMN,1984,Illegal
Oman,OMN,1985,Illegal
Oman,OMN,1986,Illegal
Oman,OMN,1987,Illegal
Oman,OMN,1988,Illegal
Oman,OMN,1989,Illegal
Oman,OMN,1990,Illegal
Oman,OMN,1991,Illegal
Oman,OMN,1992,Illegal
Oman,OMN,1993,Illegal
Oman,OMN,1994,Illegal
Oman,OMN,1995,Illegal
Oman,OMN,1996,Illegal
Oman,OMN,1997,Illegal
Oman,OMN,1998,Illegal
Oman,OMN,1999,Illegal
Oman,OMN,2000,Illegal
Oman,OMN,2001,Illegal
Oman,OMN,2002,Illegal
Oman,OMN,2003,Illegal
Oman,OMN,2004,Illegal
Oman,OMN,2005,Illegal
Oman,OMN,2006,Illegal
Oman,OMN,2007,Illegal
Oman,OMN,2008,Illegal
Oman,OMN,2009,Illegal
Oman,OMN,2010,Illegal
Oman,OMN,2011,Illegal
Oman,OMN,2012,Illegal
Oman,OMN,2013,Illegal
Oman,OMN,2014,Illegal
Oman,OMN,2015,Illegal
Oman,OMN,2016,Illegal
Oman,OMN,2017,Illegal
Oman,OMN,2018,Illegal
Oman,OMN,2019,Illegal
Oman,OMN,2020,Illegal
Oman,OMN,2021,Illegal
Oman,OMN,2022,Illegal
Oman,OMN,2023,Illegal
Oman,OMN,2024,Illegal
Oman,OMN,2025,Illegal
Pakistan,PAK,1760,Illegal
Pakistan,PAK,1761,Illegal
Pakistan,PAK,1762,Illegal
Pakistan,PAK,1763,Illegal
Pakistan,PAK,1764,Illegal
Pakistan,PAK,1765,Illegal
Pakistan,PAK,1766,Illegal
Pakistan,PAK,1767,Illegal
Pakistan,PAK,1768,Illegal
Pakistan,PAK,1769,Illegal
Pakistan,PAK,1770,Illegal
Pakistan,PAK,1771,Illegal
Pakistan,PAK,1772,Illegal
Pakistan,PAK,1773,Illegal
Pakistan,PAK,1774,Illegal
Pakistan,PAK,1775,Illegal
Pakistan,PAK,1776,Illegal
Pakistan,PAK,1777,Illegal
Pakistan,PAK,1778,Illegal
Pakistan,PAK,1779,Illegal
Pakistan,PAK,1780,Illegal
Pakistan,PAK,1781,Illegal
Pakistan,PAK,1782,Illegal
Pakistan,PAK,1783,Illegal
Pakistan,PAK,1784,Illegal
Pakistan,PAK,1785,Illegal
Pakistan,PAK,1786,Illegal
Pakistan,PAK,1787,Illegal
Pakistan,PAK,1788,Illegal
Pakistan,PAK,1789,Illegal
Pakistan,PAK,1790,Illegal
Pakistan,PAK,1791,Illegal
Pakistan,PAK,1792,Illegal
Pakistan,PAK,1793,Illegal
Pakistan,PAK,1794,Illegal
Pakistan,PAK,1795,Illegal
Pakistan,PAK,1796,Illegal
Pakistan,PAK,1797,Illegal
Pakistan,PAK,1798,Illegal
Pakistan,PAK,1799,Illegal
Pakistan,PAK,1800,Illegal
Pakistan,PAK,1801,Illegal
Pakistan,PAK,1802,Illegal
Pakistan,PAK,1803,Illegal
Pakistan,PAK,1804,Illegal
Pakistan,PAK,1805,Illegal
Pakistan,PAK,1806,Illegal
Pakistan,PAK,1807,Illegal
Pakistan,PAK,1808,Illegal
Pakistan,PAK,1809,Illegal
Pakistan,PAK,1810,Illegal
Pakistan,PAK,1811,Illegal
Pakistan,PAK,1812,Illegal
Pakistan,PAK,1813,Illegal
Pakistan,PAK,1814,Illegal
Pakistan,PAK,1815,Illegal
Pakistan,PAK,1816,Illegal
Pakistan,PAK,1817,Illegal
Pakistan,PAK,1818,Illegal
Pakistan,PAK,1819,Illegal
Pakistan,PAK,1820,Illegal
Pakistan,PAK,1821,Illegal
Pakistan,PAK,1822,Illegal
Pakistan,PAK,1823,Illegal
Pakistan,PAK,1824,Illegal
Pakistan,PAK,1825,Illegal
Pakistan,PAK,1826,Illegal
Pakistan,PAK,1827,Illegal
Pakistan,PAK,1828,Illegal
Pakistan,PAK,1829,Illegal
Pakistan,PAK,1830,Illegal
Pakistan,PAK,1831,Illegal
Pakistan,PAK,1832,Illegal
Pakistan,PAK,1833,Illegal
Pakistan,PAK,1834,Illegal
Pakistan,PAK,1835,Illegal
Pakistan,PAK,1836,Illegal
Pakistan,PAK,1837,Illegal
Pakistan,PAK,1838,Illegal
Pakistan,PAK,1839,Illegal
Pakistan,PAK,1840,Illegal
Pakistan,PAK,1841,Illegal
Pakistan,PAK,1842,Illegal
Pakistan,PAK,1843,Illegal
Pakistan,PAK,1844,Illegal
Pakistan,PAK,1845,Illegal
Pakistan,PAK,1846,Illegal
Pakistan,PAK,1847,Illegal
Pakistan,PAK,1848,Illegal
Pakistan,PAK,1849,Illegal
Pakistan,PAK,1850,Illegal
Pakistan,PAK,1851,Illegal
Pakistan,PAK,1852,Illegal
Pakistan,PAK,1853,Illegal
Pakistan,PAK,1854,Illegal
Pakistan,PAK,1855,Illegal
Pakistan,PAK,1856,Illegal
Pakistan,PAK,1857,Illegal
Pakistan,PAK,1858,Illegal
Pakistan,PAK,1859,Illegal
Pakistan,PAK,1860,Illegal
Pakistan,PAK,1861,Illegal
Pakistan,PAK,1862,Illegal
Pakistan,PAK,1863,Illegal
Pakistan,PAK,1864,Illegal
Pakistan,PAK,1865,Illegal
Pakistan,PAK,1866,Illegal
Pakistan,PAK,1867,Illegal
Pakistan,PAK,1868,Illegal
Pakistan,PAK,1869,Illegal
Pakistan,PAK,1870,Illegal
Pakistan,PAK,1871,Illegal
Pakistan,PAK,1872,Illegal
Pakistan,PAK,1873,Illegal
Pakistan,PAK,1874,Illegal
Pakistan,PAK,1875,Illegal
Pakistan,PAK,1876,Illegal
Pakistan,PAK,1877,Illegal
Pakistan,PAK,1878,Illegal
Pakistan,PAK,1879,Illegal
Pakistan,PAK,1880,Illegal
Pakistan,PAK,1881,Illegal
Pakistan,PAK,1882,Illegal
Pakistan,PAK,1883,Illegal
Pakistan,PAK,1884,Illegal
Pakistan,PAK,1885,Illegal
Pakistan,PAK,1886,Illegal
Pakistan,PAK,1887,Illegal
Pakistan,PAK,1888,Illegal
Pakistan,PAK,1889,Illegal
Pakistan,PAK,1890,Illegal
Pakistan,PAK,1891,Illegal
Pakistan,PAK,1892,Illegal
Pakistan,PAK,1893,Illegal
Pakistan,PAK,1894,Illegal
Pakistan,PAK,1895,Illegal
Pakistan,PAK,1896,Illegal
Pakistan,PAK,1897,Illegal
Pakistan,PAK,1898,Illegal
Pakistan,PAK,1899,Illegal
Pakistan,PAK,1900,Illegal
Pakistan,PAK,1901,Illegal
Pakistan,PAK,1902,Illegal
Pakistan,PAK,1903,Illegal
Pakistan,PAK,1904,Illegal
Pakistan,PAK,1905,Illegal
Pakistan,PAK,1906,Illegal
Pakistan,PAK,1907,Illegal
Pakistan,PAK,1908,Illegal
Pakistan,PAK,1909,Illegal
Pakistan,PAK,1910,Illegal
Pakistan,PAK,1911,Illegal
Pakistan,PAK,1912,Illegal
Pakistan,PAK,1913,Illegal
Pakistan,PAK,1914,Illegal
Pakistan,PAK,1915,Illegal
Pakistan,PAK,1916,Illegal
Pakistan,PAK,1917,Illegal
Pakistan,PAK,1918,Illegal
Pakistan,PAK,1919,Illegal
Pakistan,PAK,1920,Illegal
Pakistan,PAK,1921,Illegal
Pakistan,PAK,1922,Illegal
Pakistan,PAK,1923,Illegal
Pakistan,PAK,1924,Illegal
Pakistan,PAK,1925,Illegal
Pakistan,PAK,1926,Illegal
Pakistan,PAK,1927,Illegal
Pakistan,PAK,1928,Illegal
Pakistan,PAK,1929,Illegal
Pakistan,PAK,1930,Illegal
Pakistan,PAK,1931,Illegal
Pakistan,PAK,1932,Illegal
Pakistan,PAK,1933,Illegal
Pakistan,PAK,1934,Illegal
Pakistan,PAK,1935,Illegal
Pakistan,PAK,1936,Illegal
Pakistan,PAK,1937,Illegal
Pakistan,PAK,1938,Illegal
Pakistan,PAK,1939,Illegal
Pakistan,PAK,1940,Illegal
Pakistan,PAK,1941,Illegal
Pakistan,PAK,1942,Illegal
Pakistan,PAK,1943,Illegal
Pakistan,PAK,1944,Illegal
Pakistan,PAK,1945,Illegal
Pakistan,PAK,1946,Illegal
Pakistan,PAK,1947,Illegal
Pakistan,PAK,1948,Illegal
Pakistan,PAK,1949,Illegal
Pakistan,PAK,1950,Illegal
Pakistan,PAK,1951,Illegal
Pakistan,PAK,1952,Illegal
Pakistan,PAK,1953,Illegal
Pakistan,PAK,1954,Illegal
Pakistan,PAK,1955,Illegal
Pakistan,PAK,1956,Illegal
Pakistan,PAK,1957,Illegal
Pakistan,PAK,1958,Illegal
Pakistan,PAK,1959,Illegal
Pakistan,PAK,1960,Illegal
Pakistan,PAK,1961,Illegal
Pakistan,PAK,1962,Illegal
Pakistan,PAK,1963,Illegal
Pakistan,PAK,1964,Illegal
Pakistan,PAK,1965,Illegal
Pakistan,PAK,1966,Illegal
Pakistan,PAK,1967,Illegal
Pakistan,PAK,1968,Illegal
Pakistan,PAK,1969,Illegal
Pakistan,PAK,1970,Illegal
Pakistan,PAK,1971,Illegal
Pakistan,PAK,1972,Illegal
Pakistan,PAK,1973,Illegal
Pakistan,PAK,1974,Illegal
Pakistan,PAK,1975,Illegal
Pakistan,PAK,1976,Illegal
Pakistan,PAK,1977,Illegal
Pakistan,PAK,1978,Illegal
Pakistan,PAK,1979,Illegal
Pakistan,PAK,1980,Illegal
Pakistan,PAK,1981,Illegal
Pakistan,PAK,1982,Illegal
Pakistan,PAK,1983,Illegal
Pakistan,PAK,1984,Illegal
Pakistan,PAK,1985,Illegal
Pakistan,PAK,1986,Illegal
Pakistan,PAK,1987,Illegal
Pakistan,PAK,1988,Illegal
Pakistan,PAK,1989,Illegal
Pakistan,PAK,1990,Illegal
Pakistan,PAK,1991,Illegal
Pakistan,PAK,1992,Illegal
Pakistan,PAK,1993,Illegal
Pakistan,PAK,1994,Illegal
Pakistan,PAK,1995,Illegal
Pakistan,PAK,1996,Illegal
Pakistan,PAK,1997,Illegal
Pakistan,PAK,1998,Illegal
Pakistan,PAK,1999,Illegal
Pakistan,PAK,2000,Illegal
Pakistan,PAK,2001,Illegal
Pakistan,PAK,2002,Illegal
Pakistan,PAK,2003,Illegal
Pakistan,PAK,2004,Illegal
Pakistan,PAK,2005,Illegal
Pakistan,PAK,2006,Illegal
Pakistan,PAK,2007,Illegal
Pakistan,PAK,2008,Illegal
Pakistan,PAK,2009,Illegal
Pakistan,PAK,2010,Illegal
Pakistan,PAK,2011,Illegal
Pakistan,PAK,2012,Illegal
Pakistan,PAK,2013,Illegal
Pakistan,PAK,2014,Illegal
Pakistan,PAK,2015,Illegal
Pakistan,PAK,2016,Illegal
Pakistan,PAK,2017,Illegal
Pakistan,PAK,2018,Illegal
Pakistan,PAK,2019,Illegal
Pakistan,PAK,2020,Illegal
Pakistan,PAK,2021,Illegal
Pakistan,PAK,2022,Illegal
Pakistan,PAK,2023,Illegal
Pakistan,PAK,2024,Illegal
Pakistan,PAK,2025,Illegal
Palau,PLW,2014,Legal
Palau,PLW,2015,Legal
Palau,PLW,2016,Legal
Palau,PLW,2017,Legal
Palau,PLW,2018,Legal
Palau,PLW,2019,Legal
Palau,PLW,2020,Legal
Palau,PLW,2021,Legal
Palau,PLW,2022,Legal
Palau,PLW,2023,Legal
Palau,PLW,2024,Legal
Palau,PLW,2025,Legal
Palestine (Gaza Strip),,1858,Legal
Palestine (Gaza Strip),,1859,Legal
Palestine (Gaza Strip),,1860,Legal
Palestine (Gaza Strip),,1861,Legal
Palestine (Gaza Strip),,1862,Legal
Palestine (Gaza Strip),,1863,Legal
Palestine (Gaza Strip),,1864,Legal
Palestine (Gaza Strip),,1865,Legal
Palestine (Gaza Strip),,1866,Legal
Palestine (Gaza Strip),,1867,Legal
Palestine (Gaza Strip),,1868,Legal
Palestine (Gaza Strip),,1869,Legal
Palestine (Gaza Strip),,1870,Legal
Palestine (Gaza Strip),,1871,Legal
Palestine (Gaza Strip),,1872,Legal
Palestine (Gaza Strip),,1873,Legal
Palestine (Gaza Strip),,1874,Legal
Palestine (Gaza Strip),,1875,Legal
Palestine (Gaza Strip),,1876,Legal
Palestine (Gaza Strip),,1877,Legal
Palestine (Gaza Strip),,1878,Legal
Palestine (Gaza Strip),,1879,Legal
Palestine (Gaza Strip),,1880,Legal
Palestine (Gaza Strip),,1881,Legal
Palestine (Gaza Strip),,1882,Legal
Palestine (Gaza Strip),,1883,Legal
Palestine (Gaza Strip),,1884,Legal
Palestine (Gaza Strip),,1885,Legal
Palestine (Gaza Strip),,1886,Legal
Palestine (Gaza Strip),,1887,Legal
Palestine (Gaza Strip),,1888,Legal
Palestine (Gaza Strip),,1889,Legal
Palestine (Gaza Strip),,1890,Legal
Palestine (Gaza Strip),,1891,Legal
Palestine (Gaza Strip),,1892,Legal
Palestine (Gaza Strip),,1893,Legal
Palestine (Gaza Strip),,1894,Legal
Palestine (Gaza Strip),,1895,Legal
Palestine (Gaza Strip),,1896,Legal
Palestine (Gaza Strip),,1897,Legal
Palestine (Gaza Strip),,1898,Legal
Palestine (Gaza Strip),,1899,Legal
Palestine (Gaza Strip),,1900,Legal
Palestine (Gaza Strip),,1901,Legal
Palestine (Gaza Strip),,1902,Legal
Palestine (Gaza Strip),,1903,Legal
Palestine (Gaza Strip),,1904,Legal
Palestine (Gaza Strip),,1905,Legal
Palestine (Gaza Strip),,1906,Legal
Palestine (Gaza Strip),,1907,Legal
Palestine (Gaza Strip),,1908,Legal
Palestine (Gaza Strip),,1909,Legal
Palestine (Gaza Strip),,1910,Legal
Palestine (Gaza Strip),,1911,Legal
Palestine (Gaza Strip),,1912,Legal
Palestine (Gaza Strip),,1913,Legal
Palestine (Gaza Strip),,1914,Legal
Palestine (Gaza Strip),,1915,Legal
Palestine (Gaza Strip),,1916,Legal
Palestine (Gaza Strip),,1917,Legal
Palestine (Gaza Strip),,1918,Legal
Palestine (Gaza Strip),,1919,Legal
Palestine (Gaza Strip),,1920,Legal
Palestine (Gaza Strip),,1921,Legal
Palestine (Gaza Strip),,1922,Legal
Palestine (Gaza Strip),,1923,Legal
Palestine (Gaza Strip),,1924,Legal
Palestine (Gaza Strip),,1925,Legal
Palestine (Gaza Strip),,1926,Legal
Palestine (Gaza Strip),,1927,Legal
Palestine (Gaza Strip),,1928,Legal
Palestine (Gaza Strip),,1929,Legal
Palestine (Gaza Strip),,1930,Legal
Palestine (Gaza Strip),,1931,Legal
Palestine (Gaza Strip),,1932,Legal
Palestine (Gaza Strip),,1933,Legal
Palestine (Gaza Strip),,1934,Legal
Palestine (Gaza Strip),,1935,Legal
Palestine (Gaza Strip),,1936,Illegal
Palestine (Gaza Strip),,1937,Illegal
Palestine (Gaza Strip),,1938,Illegal
Palestine (Gaza Strip),,1939,Illegal
Palestine (Gaza Strip),,1940,Illegal
Palestine (Gaza Strip),,1941,Illegal
Palestine (Gaza Strip),,1942,Illegal
Palestine (Gaza Strip),,1943,Illegal
Palestine (Gaza Strip),,1944,Illegal
Palestine (Gaza Strip),,1945,Illegal
Palestine (Gaza Strip),,1946,Illegal
Palestine (Gaza Strip),,1947,Illegal
Palestine (Gaza Strip),,1948,Illegal
Palestine (Gaza Strip),,1949,Illegal
Palestine (Gaza Strip),,1950,Illegal
Palestine (Gaza Strip),,1951,Illegal
Palestine (Gaza Strip),,1952,Illegal
Palestine (Gaza Strip),,1953,Illegal
Palestine (Gaza Strip),,1954,Illegal
Palestine (Gaza Strip),,1955,Illegal
Palestine (Gaza Strip),,1956,Illegal
Palestine (Gaza Strip),,1957,Illegal
Palestine (Gaza Strip),,1958,Illegal
Palestine (Gaza Strip),,1959,Illegal
Palestine (Gaza Strip),,1960,Illegal
Palestine (Gaza Strip),,1961,Illegal
Palestine (Gaza Strip),,1962,Illegal
Palestine (Gaza Strip),,1963,Illegal
Palestine (Gaza Strip),,1964,Illegal
Palestine (Gaza Strip),,1965,Illegal
Palestine (Gaza Strip),,1966,Illegal
Palestine (Gaza Strip),,1967,Illegal
Palestine (Gaza Strip),,1968,Illegal
Palestine (Gaza Strip),,1969,Illegal
Palestine (Gaza Strip),,1970,Illegal
Palestine (Gaza Strip),,1971,Illegal
Palestine (Gaza Strip),,1972,Illegal
Palestine (Gaza Strip),,1973,Illegal
Palestine (Gaza Strip),,1974,Illegal
Palestine (Gaza Strip),,1975,Illegal
Palestine (Gaza Strip),,1976,Illegal
Palestine (Gaza Strip),,1977,Illegal
Palestine (Gaza Strip),,1978,Illegal
Palestine (Gaza Strip),,1979,Illegal
Palestine (Gaza Strip),,1980,Illegal
Palestine (Gaza Strip),,1981,Illegal
Palestine (Gaza Strip),,1982,Illegal
Palestine (Gaza Strip),,1983,Illegal
Palestine (Gaza Strip),,1984,Illegal
Palestine (Gaza Strip),,1985,Illegal
Palestine (Gaza Strip),,1986,Illegal
Palestine (Gaza Strip),,1987,Illegal
Palestine (Gaza Strip),,1988,Illegal
Palestine (Gaza Strip),,1989,Illegal
Palestine (Gaza Strip),,1990,Illegal
Palestine (Gaza Strip),,1991,Illegal
Palestine (Gaza Strip),,1992,Illegal
Palestine (Gaza Strip),,1993,Illegal
Palestine (Gaza Strip),,1994,Illegal
Palestine (Gaza Strip),,1995,Illegal
Palestine (Gaza Strip),,1996,Illegal
Palestine (Gaza Strip),,1997,Illegal
Palestine (Gaza Strip),,1998,Illegal
Palestine (Gaza Strip),,1999,Illegal
Palestine (Gaza Strip),,2000,Illegal
Palestine (Gaza Strip),,2001,Illegal
Palestine (Gaza Strip),,2002,Illegal
Palestine (Gaza Strip),,2003,Illegal
Palestine (Gaza Strip),,2004,Illegal
Palestine (Gaza Strip),,2005,Illegal
Palestine (Gaza Strip),,2006,Illegal
Palestine (Gaza Strip),,2007,Illegal
Palestine (Gaza Strip),,2008,Illegal
Palestine (Gaza Strip),,2009,Illegal
Palestine (Gaza Strip),,2010,Illegal
Palestine (Gaza Strip),,2011,Illegal
Palestine (Gaza Strip),,2012,Illegal
Palestine (Gaza Strip),,2013,Illegal
Palestine (Gaza Strip),,2014,Illegal
Palestine (Gaza Strip),,2015,Illegal
Palestine (Gaza Strip),,2016,Illegal
Palestine (Gaza Strip),,2017,Illegal
Palestine (Gaza Strip),,2018,Illegal
Palestine (Gaza Strip),,2019,Illegal
Palestine (Gaza Strip),,2020,Illegal
Palestine (Gaza Strip),,2021,Illegal
Palestine (Gaza Strip),,2022,Illegal
Palestine (Gaza Strip),,2023,Illegal
Palestine (Gaza Strip),,2024,Illegal
Palestine (Gaza Strip),,2025,Illegal
Palestine (West Bank),,1858,Legal
Palestine (West Bank),,1859,Legal
Palestine (West Bank),,1860,Legal
Palestine (West Bank),,1861,Legal
Palestine (West Bank),,1862,Legal
Palestine (West Bank),,1863,Legal
Palestine (West Bank),,1864,Legal
Palestine (West Bank),,1865,Legal
Palestine (West Bank),,1866,Legal
Palestine (West Bank),,1867,Legal
Palestine (West Bank),,1868,Legal
Palestine (West Bank),,1869,Legal
Palestine (West Bank),,1870,Legal
Palestine (West Bank),,1871,Legal
Palestine (West Bank),,1872,Legal
Palestine (West Bank),,1873,Legal
Palestine (West Bank),,1874,Legal
Palestine (West Bank),,1875,Legal
Palestine (West Bank),,1876,Legal
Palestine (West Bank),,1877,Legal
Palestine (West Bank),,1878,Legal
Palestine (West Bank),,1879,Legal
Palestine (West Bank),,1880,Legal
Palestine (West Bank),,1881,Legal
Palestine (West Bank),,1882,Legal
Palestine (West Bank),,1883,Legal
Palestine (West Bank),,1884,Legal
Palestine (West Bank),,1885,Legal
Palestine (West Bank),,1886,Legal
Palestine (West Bank),,1887,Legal
Palestine (West Bank),,1888,Legal
Palestine (West Bank),,1889,Legal
Palestine (West Bank),,1890,Legal
Palestine (West Bank),,1891,Legal
Palestine (West Bank),,1892,Legal
Palestine (West Bank),,1893,Legal
Palestine (West Bank),,1894,Legal
Palestine (West Bank),,1895,Legal
Palestine (West Bank),,1896,Legal
Palestine (West Bank),,1897,Legal
Palestine (West Bank),,1898,Legal
Palestine (West Bank),,1899,Legal
Palestine (West Bank),,1900,Legal
Palestine (West Bank),,1901,Legal
Palestine (West Bank),,1902,Legal
Palestine (West Bank),,1903,Legal
Palestine (West Bank),,1904,Legal
Palestine (West Bank),,1905,Legal
Palestine (West Bank),,1906,Legal
Palestine (West Bank),,1907,Legal
Palestine (West Bank),,1908,Legal
Palestine (West Bank),,1909,Legal
Palestine (West Bank),,1910,Legal
Palestine (West Bank),,1911,Legal
Palestine (West Bank),,1912,Legal
Palestine (West Bank),,1913,Legal
Palestine (West Bank),,1914,Legal
Palestine (West Bank),,1915,Legal
Palestine (West Bank),,1916,Legal
Palestine (West Bank),,1917,Legal
Palestine (West Bank),,1918,Legal
Palestine (West Bank),,1919,Legal
Palestine (West Bank),,1920,Legal
Palestine (West Bank),,1921,Legal
Palestine (West Bank),,1922,Legal
Palestine (West Bank),,1923,Legal
Palestine (West Bank),,1924,Legal
Palestine (West Bank),,1925,Legal
Palestine (West Bank),,1926,Legal
Palestine (West Bank),,1927,Legal
Palestine (West Bank),,1928,Legal
Palestine (West Bank),,1929,Legal
Palestine (West Bank),,1930,Legal
Palestine (West Bank),,1931,Legal
Palestine (West Bank),,1932,Legal
Palestine (West Bank),,1933,Legal
Palestine (West Bank),,1934,Legal
Palestine (West Bank),,1935,Legal
Palestine (West Bank),,1936,Illegal
Palestine (West Bank),,1937,Illegal
Palestine (West Bank),,1938,Illegal
Palestine (West Bank),,1939,Illegal
Palestine (West Bank),,1940,Illegal
Palestine (West Bank),,1941,Illegal
Palestine (West Bank),,1942,Illegal
Palestine (West Bank),,1943,Illegal
Palestine (West Bank),,1944,Illegal
Palestine (West Bank),,1945,Illegal
Palestine (West Bank),,1946,Illegal
Palestine (West Bank),,1947,Illegal
Palestine (West Bank),,1948,Illegal
Palestine (West Bank),,1949,Illegal
Palestine (West Bank),,1950,Illegal
Palestine (West Bank),,1951,Illegal
Palestine (West Bank),,1952,Illegal
Palestine (West Bank),,1953,Illegal
Palestine (West Bank),,1954,Illegal
Palestine (West Bank),,1955,Illegal
Palestine (West Bank),,1956,Illegal
Palestine (West Bank),,1957,Illegal
Palestine (West Bank),,1958,Illegal
Palestine (West Bank),,1959,Illegal
Palestine (West Bank),,1960,Legal
Palestine (West Bank),,1961,Legal
Palestine (West Bank),,1962,Legal
Palestine (West Bank),,1963,Legal
Palestine (West Bank),,1964,Legal
Palestine (West Bank),,1965,Legal
Palestine (West Bank),,1966,Legal
Palestine (West Bank),,1967,Legal
Palestine (West Bank),,1968,Legal
Palestine (West Bank),,1969,Legal
Palestine (West Bank),,1970,Legal
Palestine (West Bank),,1971,Legal
Palestine (West Bank),,1972,Legal
Palestine (West Bank),,1973,Legal
Palestine (West Bank),,1974,Legal
Palestine (West Bank),,1975,Legal
Palestine (West Bank),,1976,Legal
Palestine (West Bank),,1977,Legal
Palestine (West Bank),,1978,Legal
Palestine (West Bank),,1979,Legal
Palestine (West Bank),,1980,Legal
Palestine (West Bank),,1981,Legal
Palestine (West Bank),,1982,Legal
Palestine (West Bank),,1983,Legal
Palestine (West Bank),,1984,Legal
Palestine (West Bank),,1985,Legal
Palestine (West Bank),,1986,Legal
Palestine (West Bank),,1987,Legal
Palestine (West Bank),,1988,Legal
Palestine (West Bank),,1989,Legal
Palestine (West Bank),,1990,Legal
Palestine (West Bank),,1991,Legal
Palestine (West Bank),,1992,Legal
Palestine (West Bank),,1993,Legal
Palestine (West Bank),,1994,Legal
Palestine (West Bank),,1995,Legal
Palestine (West Bank),,1996,Legal
Palestine (West Bank),,1997,Legal
Palestine (West Bank),,1998,Legal
Palestine (West Bank),,1999,Legal
Palestine (West Bank),,2000,Legal
Palestine (West Bank),,2001,Legal
Palestine (West Bank),,2002,Legal
Palestine (West Bank),,2003,Legal
Palestine (West Bank),,2004,Legal
Palestine (West Bank),,2005,Legal
Palestine (West Bank),,2006,Legal
Palestine (West Bank),,2007,Legal
Palestine (West Bank),,2008,Legal
Palestine (West Bank),,2009,Legal
Palestine (West Bank),,2010,Legal
Palestine (West Bank),,2011,Legal
Palestine (West Bank),,2012,Legal
Palestine (West Bank),,2013,Legal
Palestine (West Bank),,2014,Legal
Palestine (West Bank),,2015,Legal
Palestine (West Bank),,2016,Legal
Palestine (West Bank),,2017,Legal
Palestine (West Bank),,2018,Legal
Palestine (West Bank),,2019,Legal
Palestine (West Bank),,2020,Legal
Palestine (West Bank),,2021,Legal
Palestine (West Bank),,2022,Legal
Palestine (West Bank),,2023,Legal
Palestine (West Bank),,2024,Legal
Palestine (West Bank),,2025,Legal
Panama,PAN,1949,Illegal
Panama,PAN,1950,Illegal
Panama,PAN,1951,Illegal
Panama,PAN,1952,Illegal
Panama,PAN,1953,Illegal
Panama,PAN,1954,Illegal
Panama,PAN,1955,Illegal
Panama,PAN,1956,Illegal
Panama,PAN,1957,Illegal
Panama,PAN,1958,Illegal
Panama,PAN,1959,Illegal
Panama,PAN,1960,Illegal
Panama,PAN,1961,Illegal
Panama,PAN,1962,Illegal
Panama,PAN,1963,Illegal
Panama,PAN,1964,Illegal
Panama,PAN,1965,Illegal
Panama,PAN,1966,Illegal
Panama,PAN,1967,Illegal
Panama,PAN,1968,Illegal
Panama,PAN,1969,Illegal
Panama,PAN,1970,Illegal
Panama,PAN,1971,Illegal
Panama,PAN,1972,Illegal
Panama,PAN,1973,Illegal
Panama,PAN,1974,Illegal
Panama,PAN,1975,Illegal
Panama,PAN,1976,Illegal
Panama,PAN,1977,Illegal
Panama,PAN,1978,Illegal
Panama,PAN,1979,Illegal
Panama,PAN,1980,Illegal
Panama,PAN,1981,Illegal
Panama,PAN,1982,Illegal
Panama,PAN,1983,Illegal
Panama,PAN,1984,Illegal
Panama,PAN,1985,Illegal
Panama,PAN,1986,Illegal
Panama,PAN,1987,Illegal
Panama,PAN,1988,Illegal
Panama,PAN,1989,Illegal
Panama,PAN,1990,Illegal
Panama,PAN,1991,Illegal
Panama,PAN,1992,Illegal
Panama,PAN,1993,Illegal
Panama,PAN,1994,Illegal
Panama,PAN,1995,Illegal
Panama,PAN,1996,Illegal
Panama,PAN,1997,Illegal
Panama,PAN,1998,Illegal
Panama,PAN,1999,Illegal
Panama,PAN,2000,Illegal
Panama,PAN,2001,Illegal
Panama,PAN,2002,Illegal
Panama,PAN,2003,Illegal
Panama,PAN,2004,Illegal
Panama,PAN,2005,Illegal
Panama,PAN,2006,Illegal
Panama,PAN,2007,Illegal
Panama,PAN,2008,Legal
Panama,PAN,2009,Legal
Panama,PAN,2010,Legal
Panama,PAN,2011,Legal
Panama,PAN,2012,Legal
Panama,PAN,2013,Legal
Panama,PAN,2014,Legal
Panama,PAN,2015,Legal
Panama,PAN,2016,Legal
Panama,PAN,2017,Legal
Panama,PAN,2018,Legal
Panama,PAN,2019,Legal
Panama,PAN,2020,Legal
Panama,PAN,2021,Legal
Panama,PAN,2022,Legal
Panama,PAN,2023,Legal
Panama,PAN,2024,Legal
Panama,PAN,2025,Legal
Papua New Guinea,PNG,1888,Illegal
Papua New Guinea,PNG,1889,Illegal
Papua New Guinea,PNG,1890,Illegal
Papua New Guinea,PNG,1891,Illegal
Papua New Guinea,PNG,1892,Illegal
Papua New Guinea,PNG,1893,Illegal
Papua New Guinea,PNG,1894,Illegal
Papua New Guinea,PNG,1895,Illegal
Papua New Guinea,PNG,1896,Illegal
Papua New Guinea,PNG,1897,Illegal
Papua New Guinea,PNG,1898,Illegal
Papua New Guinea,PNG,1899,Illegal
Papua New Guinea,PNG,1900,Illegal
Papua New Guinea,PNG,1901,Illegal
Papua New Guinea,PNG,1902,Illegal
Papua New Guinea,PNG,1903,Illegal
Papua New Guinea,PNG,1904,Illegal
Papua New Guinea,PNG,1905,Illegal
Papua New Guinea,PNG,1906,Illegal
Papua New Guinea,PNG,1907,Illegal
Papua New Guinea,PNG,1908,Illegal
Papua New Guinea,PNG,1909,Illegal
Papua New Guinea,PNG,1910,Illegal
Papua New Guinea,PNG,1911,Illegal
Papua New Guinea,PNG,1912,Illegal
Papua New Guinea,PNG,1913,Illegal
Papua New Guinea,PNG,1914,Illegal
Papua New Guinea,PNG,1915,Illegal
Papua New Guinea,PNG,1916,Illegal
Papua New Guinea,PNG,1917,Illegal
Papua New Guinea,PNG,1918,Illegal
Papua New Guinea,PNG,1919,Illegal
Papua New Guinea,PNG,1920,Illegal
Papua New Guinea,PNG,1921,Illegal
Papua New Guinea,PNG,1922,Illegal
Papua New Guinea,PNG,1923,Illegal
Papua New Guinea,PNG,1924,Illegal
Papua New Guinea,PNG,1925,Illegal
Papua New Guinea,PNG,1926,Illegal
Papua New Guinea,PNG,1927,Illegal
Papua New Guinea,PNG,1928,Illegal
Papua New Guinea,PNG,1929,Illegal
Papua New Guinea,PNG,1930,Illegal
Papua New Guinea,PNG,1931,Illegal
Papua New Guinea,PNG,1932,Illegal
Papua New Guinea,PNG,1933,Illegal
Papua New Guinea,PNG,1934,Illegal
Papua New Guinea,PNG,1935,Illegal
Papua New Guinea,PNG,1936,Illegal
Papua New Guinea,PNG,1937,Illegal
Papua New Guinea,PNG,1938,Illegal
Papua New Guinea,PNG,1939,Illegal
Papua New Guinea,PNG,1940,Illegal
Papua New Guinea,PNG,1941,Illegal
Papua New Guinea,PNG,1942,Illegal
Papua New Guinea,PNG,1943,Illegal
Papua New Guinea,PNG,1944,Illegal
Papua New Guinea,PNG,1945,Illegal
Papua New Guinea,PNG,1946,Illegal
Papua New Guinea,PNG,1947,Illegal
Papua New Guinea,PNG,1948,Illegal
Papua New Guinea,PNG,1949,Illegal
Papua New Guinea,PNG,1950,Illegal
Papua New Guinea,PNG,1951,Illegal
Papua New Guinea,PNG,1952,Illegal
Papua New Guinea,PNG,1953,Illegal
Papua New Guinea,PNG,1954,Illegal
Papua New Guinea,PNG,1955,Illegal
Papua New Guinea,PNG,1956,Illegal
Papua New Guinea,PNG,1957,Illegal
Papua New Guinea,PNG,1958,Illegal
Papua New Guinea,PNG,1959,Illegal
Papua New Guinea,PNG,1960,Illegal
Papua New Guinea,PNG,1961,Illegal
Papua New Guinea,PNG,1962,Illegal
Papua New Guinea,PNG,1963,Illegal
Papua New Guinea,PNG,1964,Illegal
Papua New Guinea,PNG,1965,Illegal
Papua New Guinea,PNG,1966,Illegal
Papua New Guinea,PNG,1967,Illegal
Papua New Guinea,PNG,1968,Illegal
Papua New Guinea,PNG,1969,Illegal
Papua New Guinea,PNG,1970,Illegal
Papua New Guinea,PNG,1971,Illegal
Papua New Guinea,PNG,1972,Illegal
Papua New Guinea,PNG,1973,Illegal
Papua New Guinea,PNG,1974,Illegal
Papua New Guinea,PNG,1975,Illegal
Papua New Guinea,PNG,1976,Illegal
Papua New Guinea,PNG,1977,Illegal
Papua New Guinea,PNG,1978,Illegal
Papua New Guinea,PNG,1979,Illegal
Papua New Guinea,PNG,1980,Illegal
Papua New Guinea,PNG,1981,Illegal
Papua New Guinea,PNG,1982,Illegal
Papua New Guinea,PNG,1983,Illegal
Papua New Guinea,PNG,1984,Illegal
Papua New Guinea,PNG,1985,Illegal
Papua New Guinea,PNG,1986,Illegal
Papua New Guinea,PNG,1987,Illegal
Papua New Guinea,PNG,1988,Illegal
Papua New Guinea,PNG,1989,Illegal
Papua New Guinea,PNG,1990,Illegal
Papua New Guinea,PNG,1991,Illegal
Papua New Guinea,PNG,1992,Illegal
Papua New Guinea,PNG,1993,Illegal
Papua New Guinea,PNG,1994,Illegal
Papua New Guinea,PNG,1995,Illegal
Papua New Guinea,PNG,1996,Illegal
Papua New Guinea,PNG,1997,Illegal
Papua New Guinea,PNG,1998,Illegal
Papua New Guinea,PNG,1999,Illegal
Papua New Guinea,PNG,2000,Illegal
Papua New Guinea,PNG,2001,Illegal
Papua New Guinea,PNG,2002,Illegal
Papua New Guinea,PNG,2003,Illegal
Papua New Guinea,PNG,2004,Illegal
Papua New Guinea,PNG,2005,Illegal
Papua New Guinea,PNG,2006,Illegal
Papua New Guinea,PNG,2007,Illegal
Papua New Guinea,PNG,2008,Illegal
Papua New Guinea,PNG,2009,Illegal
Papua New Guinea,PNG,2010,Illegal
Papua New Guinea,PNG,2011,Illegal
Papua New Guinea,PNG,2012,Illegal
Papua New Guinea,PNG,2013,Illegal
Papua New Guinea,PNG,2014,Illegal
Papua New Guinea,PNG,2015,Illegal
Papua New Guinea,PNG,2016,Illegal
Papua New Guinea,PNG,2017,Illegal
Papua New Guinea,PNG,2018,Illegal
Papua New Guinea,PNG,2019,Illegal
Papua New Guinea,PNG,2020,Illegal
Papua New Guinea,PNG,2021,Illegal
Papua New Guinea,PNG,2022,Illegal
Papua New Guinea,PNG,2023,Illegal
Papua New Guinea,PNG,2024,Illegal
Papua New Guinea,PNG,2025,Illegal
Paraguay,PRY,1760,Illegal
Paraguay,PRY,1761,Illegal
Paraguay,PRY,1762,Illegal
Paraguay,PRY,1763,Illegal
Paraguay,PRY,1764,Illegal
Paraguay,PRY,1765,Illegal
Paraguay,PRY,1766,Illegal
Paraguay,PRY,1767,Illegal
Paraguay,PRY,1768,Illegal
Paraguay,PRY,1769,Illegal
Paraguay,PRY,1770,Illegal
Paraguay,PRY,1771,Illegal
Paraguay,PRY,1772,Illegal
Paraguay,PRY,1773,Illegal
Paraguay,PRY,1774,Illegal
Paraguay,PRY,1775,Illegal
Paraguay,PRY,1776,Illegal
Paraguay,PRY,1777,Illegal
Paraguay,PRY,1778,Illegal
Paraguay,PRY,1779,Illegal
Paraguay,PRY,1780,Illegal
Paraguay,PRY,1781,Illegal
Paraguay,PRY,1782,Illegal
Paraguay,PRY,1783,Illegal
Paraguay,PRY,1784,Illegal
Paraguay,PRY,1785,Illegal
Paraguay,PRY,1786,Illegal
Paraguay,PRY,1787,Illegal
Paraguay,PRY,1788,Illegal
Paraguay,PRY,1789,Illegal
Paraguay,PRY,1790,Illegal
Paraguay,PRY,1791,Illegal
Paraguay,PRY,1792,Illegal
Paraguay,PRY,1793,Illegal
Paraguay,PRY,1794,Illegal
Paraguay,PRY,1795,Illegal
Paraguay,PRY,1796,Illegal
Paraguay,PRY,1797,Illegal
Paraguay,PRY,1798,Illegal
Paraguay,PRY,1799,Illegal
Paraguay,PRY,1800,Illegal
Paraguay,PRY,1801,Illegal
Paraguay,PRY,1802,Illegal
Paraguay,PRY,1803,Illegal
Paraguay,PRY,1804,Illegal
Paraguay,PRY,1805,Illegal
Paraguay,PRY,1806,Illegal
Paraguay,PRY,1807,Illegal
Paraguay,PRY,1808,Illegal
Paraguay,PRY,1809,Illegal
Paraguay,PRY,1810,Illegal
Paraguay,PRY,1811,Illegal
Paraguay,PRY,1812,Illegal
Paraguay,PRY,1813,Illegal
Paraguay,PRY,1814,Illegal
Paraguay,PRY,1815,Illegal
Paraguay,PRY,1816,Illegal
Paraguay,PRY,1817,Illegal
Paraguay,PRY,1818,Illegal
Paraguay,PRY,1819,Illegal
Paraguay,PRY,1820,Illegal
Paraguay,PRY,1821,Illegal
Paraguay,PRY,1822,Illegal
Paraguay,PRY,1823,Illegal
Paraguay,PRY,1824,Illegal
Paraguay,PRY,1825,Illegal
Paraguay,PRY,1826,Illegal
Paraguay,PRY,1827,Illegal
Paraguay,PRY,1828,Illegal
Paraguay,PRY,1829,Illegal
Paraguay,PRY,1830,Illegal
Paraguay,PRY,1831,Illegal
Paraguay,PRY,1832,Illegal
Paraguay,PRY,1833,Illegal
Paraguay,PRY,1834,Illegal
Paraguay,PRY,1835,Illegal
Paraguay,PRY,1836,Illegal
Paraguay,PRY,1837,Illegal
Paraguay,PRY,1838,Illegal
Paraguay,PRY,1839,Illegal
Paraguay,PRY,1840,Illegal
Paraguay,PRY,1841,Illegal
Paraguay,PRY,1842,Illegal
Paraguay,PRY,1843,Illegal
Paraguay,PRY,1844,Illegal
Paraguay,PRY,1845,Illegal
Paraguay,PRY,1846,Illegal
Paraguay,PRY,1847,Illegal
Paraguay,PRY,1848,Illegal
Paraguay,PRY,1849,Illegal
Paraguay,PRY,1850,Illegal
Paraguay,PRY,1851,Illegal
Paraguay,PRY,1852,Illegal
Paraguay,PRY,1853,Illegal
Paraguay,PRY,1854,Illegal
Paraguay,PRY,1855,Illegal
Paraguay,PRY,1856,Illegal
Paraguay,PRY,1857,Illegal
Paraguay,PRY,1858,Illegal
Paraguay,PRY,1859,Illegal
Paraguay,PRY,1860,Illegal
Paraguay,PRY,1861,Illegal
Paraguay,PRY,1862,Illegal
Paraguay,PRY,1863,Illegal
Paraguay,PRY,1864,Illegal
Paraguay,PRY,1865,Illegal
Paraguay,PRY,1866,Illegal
Paraguay,PRY,1867,Illegal
Paraguay,PRY,1868,Illegal
Paraguay,PRY,1869,Illegal
Paraguay,PRY,1870,Illegal
Paraguay,PRY,1871,Illegal
Paraguay,PRY,1872,Illegal
Paraguay,PRY,1873,Illegal
Paraguay,PRY,1874,Illegal
Paraguay,PRY,1875,Illegal
Paraguay,PRY,1876,Illegal
Paraguay,PRY,1877,Illegal
Paraguay,PRY,1878,Illegal
Paraguay,PRY,1879,Illegal
Paraguay,PRY,1880,Legal
Paraguay,PRY,1881,Legal
Paraguay,PRY,1882,Legal
Paraguay,PRY,1883,Legal
Paraguay,PRY,1884,Legal
Paraguay,PRY,1885,Legal
Paraguay,PRY,1886,Legal
Paraguay,PRY,1887,Legal
Paraguay,PRY,1888,Legal
Paraguay,PRY,1889,Legal
Paraguay,PRY,1890,Legal
Paraguay,PRY,1891,Legal
Paraguay,PRY,1892,Legal
Paraguay,PRY,1893,Legal
Paraguay,PRY,1894,Legal
Paraguay,PRY,1895,Legal
Paraguay,PRY,1896,Legal
Paraguay,PRY,1897,Legal
Paraguay,PRY,1898,Legal
Paraguay,PRY,1899,Legal
Paraguay,PRY,1900,Legal
Paraguay,PRY,1901,Legal
Paraguay,PRY,1902,Legal
Paraguay,PRY,1903,Legal
Paraguay,PRY,1904,Legal
Paraguay,PRY,1905,Legal
Paraguay,PRY,1906,Legal
Paraguay,PRY,1907,Legal
Paraguay,PRY,1908,Legal
Paraguay,PRY,1909,Legal
Paraguay,PRY,1910,Legal
Paraguay,PRY,1911,Legal
Paraguay,PRY,1912,Legal
Paraguay,PRY,1913,Legal
Paraguay,PRY,1914,Legal
Paraguay,PRY,1915,Legal
Paraguay,PRY,1916,Legal
Paraguay,PRY,1917,Legal
Paraguay,PRY,1918,Legal
Paraguay,PRY,1919,Legal
Paraguay,PRY,1920,Legal
Paraguay,PRY,1921,Legal
Paraguay,PRY,1922,Legal
Paraguay,PRY,1923,Legal
Paraguay,PRY,1924,Legal
Paraguay,PRY,1925,Legal
Paraguay,PRY,1926,Legal
Paraguay,PRY,1927,Legal
Paraguay,PRY,1928,Legal
Paraguay,PRY,1929,Legal
Paraguay,PRY,1930,Legal
Paraguay,PRY,1931,Legal
Paraguay,PRY,1932,Legal
Paraguay,PRY,1933,Legal
Paraguay,PRY,1934,Legal
Paraguay,PRY,1935,Legal
Paraguay,PRY,1936,Legal
Paraguay,PRY,1937,Legal
Paraguay,PRY,1938,Legal
Paraguay,PRY,1939,Legal
Paraguay,PRY,1940,Legal
Paraguay,PRY,1941,Legal
Paraguay,PRY,1942,Legal
Paraguay,PRY,1943,Legal
Paraguay,PRY,1944,Legal
Paraguay,PRY,1945,Legal
Paraguay,PRY,1946,Legal
Paraguay,PRY,1947,Legal
Paraguay,PRY,1948,Legal
Paraguay,PRY,1949,Legal
Paraguay,PRY,1950,Legal
Paraguay,PRY,1951,Legal
Paraguay,PRY,1952,Legal
Paraguay,PRY,1953,Legal
Paraguay,PRY,1954,Legal
Paraguay,PRY,1955,Legal
Paraguay,PRY,1956,Legal
Paraguay,PRY,1957,Legal
Paraguay,PRY,1958,Legal
Paraguay,PRY,1959,Legal
Paraguay,PRY,1960,Legal
Paraguay,PRY,1961,Legal
Paraguay,PRY,1962,Legal
Paraguay,PRY,1963,Legal
Paraguay,PRY,1964,Legal
Paraguay,PRY,1965,Legal
Paraguay,PRY,1966,Legal
Paraguay,PRY,1967,Legal
Paraguay,PRY,1968,Legal
Paraguay,PRY,1969,Legal
Paraguay,PRY,1970,Legal
Paraguay,PRY,1971,Legal
Paraguay,PRY,1972,Legal
Paraguay,PRY,1973,Legal
Paraguay,PRY,1974,Legal
Paraguay,PRY,1975,Legal
Paraguay,PRY,1976,Legal
Paraguay,PRY,1977,Legal
Paraguay,PRY,1978,Legal
Paraguay,PRY,1979,Legal
Paraguay,PRY,1980,Legal
Paraguay,PRY,1981,Legal
Paraguay,PRY,1982,Legal
Paraguay,PRY,1983,Legal
Paraguay,PRY,1984,Legal
Paraguay,PRY,1985,Legal
Paraguay,PRY,1986,Legal
Paraguay,PRY,1987,Legal
Paraguay,PRY,1988,Legal
Paraguay,PRY,1989,Legal
Paraguay,PRY,1990,Legal
Paraguay,PRY,1991,Legal
Paraguay,PRY,1992,Legal
Paraguay,PRY,1993,Legal
Paraguay,PRY,1994,Legal
Paraguay,PRY,1995,Legal
Paraguay,PRY,1996,Legal
Paraguay,PRY,1997,Legal
Paraguay,PRY,1998,Legal
Paraguay,PRY,1999,Legal
Paraguay,PRY,2000,Legal
Paraguay,PRY,2001,Legal
Paraguay,PRY,2002,Legal
Paraguay,PRY,2003,Legal
Paraguay,PRY,2004,Legal
Paraguay,PRY,2005,Legal
Paraguay,PRY,2006,Legal
Paraguay,PRY,2007,Legal
Paraguay,PRY,2008,Legal
Paraguay,PRY,2009,Legal
Paraguay,PRY,2010,Legal
Paraguay,PRY,2011,Legal
Paraguay,PRY,2012,Legal
Paraguay,PRY,2013,Legal
Paraguay,PRY,2014,Legal
Paraguay,PRY,2015,Legal
Paraguay,PRY,2016,Legal
Paraguay,PRY,2017,Legal
Paraguay,PRY,2018,Legal
Paraguay,PRY,2019,Legal
Paraguay,PRY,2020,Legal
Paraguay,PRY,2021,Legal
Paraguay,PRY,2022,Legal
Paraguay,PRY,2023,Legal
Paraguay,PRY,2024,Legal
Paraguay,PRY,2025,Legal
Peru,PER,1760,Illegal
Peru,PER,1761,Illegal
Peru,PER,1762,Illegal
Peru,PER,1763,Illegal
Peru,PER,1764,Illegal
Peru,PER,1765,Illegal
Peru,PER,1766,Illegal
Peru,PER,1767,Illegal
Peru,PER,1768,Illegal
Peru,PER,1769,Illegal
Peru,PER,1770,Illegal
Peru,PER,1771,Illegal
Peru,PER,1772,Illegal
Peru,PER,1773,Illegal
Peru,PER,1774,Illegal
Peru,PER,1775,Illegal
Peru,PER,1776,Illegal
Peru,PER,1777,Illegal
Peru,PER,1778,Illegal
Peru,PER,1779,Illegal
Peru,PER,1780,Illegal
Peru,PER,1781,Illegal
Peru,PER,1782,Illegal
Peru,PER,1783,Illegal
Peru,PER,1784,Illegal
Peru,PER,1785,Illegal
Peru,PER,1786,Illegal
Peru,PER,1787,Illegal
Peru,PER,1788,Illegal
Peru,PER,1789,Illegal
Peru,PER,1790,Illegal
Peru,PER,1791,Illegal
Peru,PER,1792,Illegal
Peru,PER,1793,Illegal
Peru,PER,1794,Illegal
Peru,PER,1795,Illegal
Peru,PER,1796,Illegal
Peru,PER,1797,Illegal
Peru,PER,1798,Illegal
Peru,PER,1799,Illegal
Peru,PER,1800,Illegal
Peru,PER,1801,Illegal
Peru,PER,1802,Illegal
Peru,PER,1803,Illegal
Peru,PER,1804,Illegal
Peru,PER,1805,Illegal
Peru,PER,1806,Illegal
Peru,PER,1807,Illegal
Peru,PER,1808,Illegal
Peru,PER,1809,Illegal
Peru,PER,1810,Illegal
Peru,PER,1811,Illegal
Peru,PER,1812,Illegal
Peru,PER,1813,Illegal
Peru,PER,1814,Illegal
Peru,PER,1815,Illegal
Peru,PER,1816,Illegal
Peru,PER,1817,Illegal
Peru,PER,1818,Illegal
Peru,PER,1819,Illegal
Peru,PER,1820,Illegal
Peru,PER,1821,Illegal
Peru,PER,1822,Illegal
Peru,PER,1823,Illegal
Peru,PER,1824,Illegal
Peru,PER,1825,Illegal
Peru,PER,1826,Illegal
Peru,PER,1827,Illegal
Peru,PER,1828,Illegal
Peru,PER,1829,Illegal
Peru,PER,1830,Illegal
Peru,PER,1831,Illegal
Peru,PER,1832,Illegal
Peru,PER,1833,Illegal
Peru,PER,1834,Illegal
Peru,PER,1835,Illegal
Peru,PER,1836,Illegal
Peru,PER,1837,Legal
Peru,PER,1838,Legal
Peru,PER,1839,Legal
Peru,PER,1840,Legal
Peru,PER,1841,Legal
Peru,PER,1842,Legal
Peru,PER,1843,Legal
Peru,PER,1844,Legal
Peru,PER,1845,Legal
Peru,PER,1846,Legal
Peru,PER,1847,Legal
Peru,PER,1848,Legal
Peru,PER,1849,Legal
Peru,PER,1850,Legal
Peru,PER,1851,Legal
Peru,PER,1852,Legal
Peru,PER,1853,Legal
Peru,PER,1854,Legal
Peru,PER,1855,Legal
Peru,PER,1856,Legal
Peru,PER,1857,Legal
Peru,PER,1858,Legal
Peru,PER,1859,Legal
Peru,PER,1860,Legal
Peru,PER,1861,Legal
Peru,PER,1862,Legal
Peru,PER,1863,Illegal
Peru,PER,1864,Illegal
Peru,PER,1865,Illegal
Peru,PER,1866,Illegal
Peru,PER,1867,Illegal
Peru,PER,1868,Illegal
Peru,PER,1869,Illegal
Peru,PER,1870,Illegal
Peru,PER,1871,Illegal
Peru,PER,1872,Illegal
Peru,PER,1873,Illegal
Peru,PER,1874,Illegal
Peru,PER,1875,Illegal
Peru,PER,1876,Illegal
Peru,PER,1877,Illegal
Peru,PER,1878,Illegal
Peru,PER,1879,Illegal
Peru,PER,1880,Illegal
Peru,PER,1881,Illegal
Peru,PER,1882,Illegal
Peru,PER,1883,Illegal
Peru,PER,1884,Illegal
Peru,PER,1885,Illegal
Peru,PER,1886,Illegal
Peru,PER,1887,Illegal
Peru,PER,1888,Illegal
Peru,PER,1889,Illegal
Peru,PER,1890,Illegal
Peru,PER,1891,Illegal
Peru,PER,1892,Illegal
Peru,PER,1893,Illegal
Peru,PER,1894,Illegal
Peru,PER,1895,Illegal
Peru,PER,1896,Illegal
Peru,PER,1897,Illegal
Peru,PER,1898,Illegal
Peru,PER,1899,Illegal
Peru,PER,1900,Illegal
Peru,PER,1901,Illegal
Peru,PER,1902,Illegal
Peru,PER,1903,Illegal
Peru,PER,1904,Illegal
Peru,PER,1905,Illegal
Peru,PER,1906,Illegal
Peru,PER,1907,Illegal
Peru,PER,1908,Illegal
Peru,PER,1909,Illegal
Peru,PER,1910,Illegal
Peru,PER,1911,Illegal
Peru,PER,1912,Illegal
Peru,PER,1913,Illegal
Peru,PER,1914,Illegal
Peru,PER,1915,Illegal
Peru,PER,1916,Illegal
Peru,PER,1917,Illegal
Peru,PER,1918,Illegal
Peru,PER,1919,Illegal
Peru,PER,1920,Illegal
Peru,PER,1921,Illegal
Peru,PER,1922,Illegal
Peru,PER,1923,Illegal
Peru,PER,1924,Legal
Peru,PER,1925,Legal
Peru,PER,1926,Legal
Peru,PER,1927,Legal
Peru,PER,1928,Legal
Peru,PER,1929,Legal
Peru,PER,1930,Legal
Peru,PER,1931,Legal
Peru,PER,1932,Legal
Peru,PER,1933,Legal
Peru,PER,1934,Legal
Peru,PER,1935,Legal
Peru,PER,1936,Legal
Peru,PER,1937,Legal
Peru,PER,1938,Legal
Peru,PER,1939,Legal
Peru,PER,1940,Legal
Peru,PER,1941,Legal
Peru,PER,1942,Legal
Peru,PER,1943,Legal
Peru,PER,1944,Legal
Peru,PER,1945,Legal
Peru,PER,1946,Legal
Peru,PER,1947,Legal
Peru,PER,1948,Legal
Peru,PER,1949,Legal
Peru,PER,1950,Legal
Peru,PER,1951,Legal
Peru,PER,1952,Legal
Peru,PER,1953,Legal
Peru,PER,1954,Legal
Peru,PER,1955,Legal
Peru,PER,1956,Legal
Peru,PER,1957,Legal
Peru,PER,1958,Legal
Peru,PER,1959,Legal
Peru,PER,1960,Legal
Peru,PER,1961,Legal
Peru,PER,1962,Legal
Peru,PER,1963,Legal
Peru,PER,1964,Legal
Peru,PER,1965,Legal
Peru,PER,1966,Legal
Peru,PER,1967,Legal
Peru,PER,1968,Legal
Peru,PER,1969,Legal
Peru,PER,1970,Legal
Peru,PER,1971,Legal
Peru,PER,1972,Legal
Peru,PER,1973,Legal
Peru,PER,1974,Legal
Peru,PER,1975,Legal
Peru,PER,1976,Legal
Peru,PER,1977,Legal
Peru,PER,1978,Legal
Peru,PER,1979,Legal
Peru,PER,1980,Legal
Peru,PER,1981,Legal
Peru,PER,1982,Legal
Peru,PER,1983,Legal
Peru,PER,1984,Legal
Peru,PER,1985,Legal
Peru,PER,1986,Legal
Peru,PER,1987,Legal
Peru,PER,1988,Legal
Peru,PER,1989,Legal
Peru,PER,1990,Legal
Peru,PER,1991,Legal
Peru,PER,1992,Legal
Peru,PER,1993,Legal
Peru,PER,1994,Legal
Peru,PER,1995,Legal
Peru,PER,1996,Legal
Peru,PER,1997,Legal
Peru,PER,1998,Legal
Peru,PER,1999,Legal
Peru,PER,2000,Legal
Peru,PER,2001,Legal
Peru,PER,2002,Legal
Peru,PER,2003,Legal
Peru,PER,2004,Legal
Peru,PER,2005,Legal
Peru,PER,2006,Legal
Peru,PER,2007,Legal
Peru,PER,2008,Legal
Peru,PER,2009,Legal
Peru,PER,2010,Legal
Peru,PER,2011,Legal
Peru,PER,2012,Legal
Peru,PER,2013,Legal
Peru,PER,2014,Legal
Peru,PER,2015,Legal
Peru,PER,2016,Legal
Peru,PER,2017,Legal
Peru,PER,2018,Legal
Peru,PER,2019,Legal
Peru,PER,2020,Legal
Peru,PER,2021,Legal
Peru,PER,2022,Legal
Peru,PER,2023,Legal
Peru,PER,2024,Legal
Peru,PER,2025,Legal
Philippines,PHL,1760,Illegal
Philippines,PHL,1761,Illegal
Philippines,PHL,1762,Illegal
Philippines,PHL,1763,Illegal
Philippines,PHL,1764,Illegal
Philippines,PHL,1765,Illegal
Philippines,PHL,1766,Illegal
Philippines,PHL,1767,Illegal
Philippines,PHL,1768,Illegal
Philippines,PHL,1769,Illegal
Philippines,PHL,1770,Illegal
Philippines,PHL,1771,Illegal
Philippines,PHL,1772,Illegal
Philippines,PHL,1773,Illegal
Philippines,PHL,1774,Illegal
Philippines,PHL,1775,Illegal
Philippines,PHL,1776,Illegal
Philippines,PHL,1777,Illegal
Philippines,PHL,1778,Illegal
Philippines,PHL,1779,Illegal
Philippines,PHL,1780,Illegal
Philippines,PHL,1781,Illegal
Philippines,PHL,1782,Illegal
Philippines,PHL,1783,Illegal
Philippines,PHL,1784,Illegal
Philippines,PHL,1785,Illegal
Philippines,PHL,1786,Illegal
Philippines,PHL,1787,Illegal
Philippines,PHL,1788,Illegal
Philippines,PHL,1789,Illegal
Philippines,PHL,1790,Illegal
Philippines,PHL,1791,Illegal
Philippines,PHL,1792,Illegal
Philippines,PHL,1793,Illegal
Philippines,PHL,1794,Illegal
Philippines,PHL,1795,Illegal
Philippines,PHL,1796,Illegal
Philippines,PHL,1797,Illegal
Philippines,PHL,1798,Illegal
Philippines,PHL,1799,Illegal
Philippines,PHL,1800,Illegal
Philippines,PHL,1801,Illegal
Philippines,PHL,1802,Illegal
Philippines,PHL,1803,Illegal
Philippines,PHL,1804,Illegal
Philippines,PHL,1805,Illegal
Philippines,PHL,1806,Illegal
Philippines,PHL,1807,Illegal
Philippines,PHL,1808,Illegal
Philippines,PHL,1809,Illegal
Philippines,PHL,1810,Illegal
Philippines,PHL,1811,Illegal
Philippines,PHL,1812,Illegal
Philippines,PHL,1813,Illegal
Philippines,PHL,1814,Illegal
Philippines,PHL,1815,Illegal
Philippines,PHL,1816,Illegal
Philippines,PHL,1817,Illegal
Philippines,PHL,1818,Illegal
Philippines,PHL,1819,Illegal
Philippines,PHL,1820,Illegal
Philippines,PHL,1821,Illegal
Philippines,PHL,1822,Legal
Philippines,PHL,1823,Legal
Philippines,PHL,1824,Legal
Philippines,PHL,1825,Legal
Philippines,PHL,1826,Legal
Philippines,PHL,1827,Legal
Philippines,PHL,1828,Legal
Philippines,PHL,1829,Legal
Philippines,PHL,1830,Legal
Philippines,PHL,1831,Legal
Philippines,PHL,1832,Legal
Philippines,PHL,1833,Legal
Philippines,PHL,1834,Legal
Philippines,PHL,1835,Legal
Philippines,PHL,1836,Legal
Philippines,PHL,1837,Legal
Philippines,PHL,1838,Legal
Philippines,PHL,1839,Legal
Philippines,PHL,1840,Legal
Philippines,PHL,1841,Legal
Philippines,PHL,1842,Legal
Philippines,PHL,1843,Legal
Philippines,PHL,1844,Legal
Philippines,PHL,1845,Legal
Philippines,PHL,1846,Legal
Philippines,PHL,1847,Legal
Philippines,PHL,1848,Legal
Philippines,PHL,1849,Legal
Philippines,PHL,1850,Legal
Philippines,PHL,1851,Legal
Philippines,PHL,1852,Legal
Philippines,PHL,1853,Legal
Philippines,PHL,1854,Legal
Philippines,PHL,1855,Legal
Philippines,PHL,1856,Legal
Philippines,PHL,1857,Legal
Philippines,PHL,1858,Legal
Philippines,PHL,1859,Legal
Philippines,PHL,1860,Legal
Philippines,PHL,1861,Legal
Philippines,PHL,1862,Legal
Philippines,PHL,1863,Legal
Philippines,PHL,1864,Legal
Philippines,PHL,1865,Legal
Philippines,PHL,1866,Legal
Philippines,PHL,1867,Legal
Philippines,PHL,1868,Legal
Philippines,PHL,1869,Legal
Philippines,PHL,1870,Legal
Philippines,PHL,1871,Legal
Philippines,PHL,1872,Legal
Philippines,PHL,1873,Legal
Philippines,PHL,1874,Legal
Philippines,PHL,1875,Legal
Philippines,PHL,1876,Legal
Philippines,PHL,1877,Legal
Philippines,PHL,1878,Legal
Philippines,PHL,1879,Legal
Philippines,PHL,1880,Legal
Philippines,PHL,1881,Legal
Philippines,PHL,1882,Legal
Philippines,PHL,1883,Legal
Philippines,PHL,1884,Legal
Philippines,PHL,1885,Legal
Philippines,PHL,1886,Legal
Philippines,PHL,1887,Legal
Philippines,PHL,1888,Legal
Philippines,PHL,1889,Legal
Philippines,PHL,1890,Legal
Philippines,PHL,1891,Legal
Philippines,PHL,1892,Legal
Philippines,PHL,1893,Legal
Philippines,PHL,1894,Legal
Philippines,PHL,1895,Legal
Philippines,PHL,1896,Legal
Philippines,PHL,1897,Legal
Philippines,PHL,1898,Legal
Philippines,PHL,1899,Legal
Philippines,PHL,1900,Legal
Philippines,PHL,1901,Legal
Philippines,PHL,1902,Legal
Philippines,PHL,1903,Legal
Philippines,PHL,1904,Legal
Philippines,PHL,1905,Legal
Philippines,PHL,1906,Legal
Philippines,PHL,1907,Legal
Philippines,PHL,1908,Legal
Philippines,PHL,1909,Legal
Philippines,PHL,1910,Legal
Philippines,PHL,1911,Legal
Philippines,PHL,1912,Legal
Philippines,PHL,1913,Legal
Philippines,PHL,1914,Legal
Philippines,PHL,1915,Legal
Philippines,PHL,1916,Legal
Philippines,PHL,1917,Legal
Philippines,PHL,1918,Legal
Philippines,PHL,1919,Legal
Philippines,PHL,1920,Legal
Philippines,PHL,1921,Legal
Philippines,PHL,1922,Legal
Philippines,PHL,1923,Legal
Philippines,PHL,1924,Legal
Philippines,PHL,1925,Legal
Philippines,PHL,1926,Legal
Philippines,PHL,1927,Legal
Philippines,PHL,1928,Legal
Philippines,PHL,1929,Legal
Philippines,PHL,1930,Legal
Philippines,PHL,1931,Legal
Philippines,PHL,1932,Legal
Philippines,PHL,1933,Legal
Philippines,PHL,1934,Legal
Philippines,PHL,1935,Legal
Philippines,PHL,1936,Legal
Philippines,PHL,1937,Legal
Philippines,PHL,1938,Legal
Philippines,PHL,1939,Legal
Philippines,PHL,1940,Legal
Philippines,PHL,1941,Legal
Philippines,PHL,1942,Legal
Philippines,PHL,1943,Legal
Philippines,PHL,1944,Legal
Philippines,PHL,1945,Legal
Philippines,PHL,1946,Legal
Philippines,PHL,1947,Legal
Philippines,PHL,1948,Legal
Philippines,PHL,1949,Legal
Philippines,PHL,1950,Legal
Philippines,PHL,1951,Legal
Philippines,PHL,1952,Legal
Philippines,PHL,1953,Legal
Philippines,PHL,1954,Legal
Philippines,PHL,1955,Legal
Philippines,PHL,1956,Legal
Philippines,PHL,1957,Legal
Philippines,PHL,1958,Legal
Philippines,PHL,1959,Legal
Philippines,PHL,1960,Legal
Philippines,PHL,1961,Legal
Philippines,PHL,1962,Legal
Philippines,PHL,1963,Legal
Philippines,PHL,1964,Legal
Philippines,PHL,1965,Legal
Philippines,PHL,1966,Legal
Philippines,PHL,1967,Legal
Philippines,PHL,1968,Legal
Philippines,PHL,1969,Legal
Philippines,PHL,1970,Legal
Philippines,PHL,1971,Legal
Philippines,PHL,1972,Legal
Philippines,PHL,1973,Legal
Philippines,PHL,1974,Legal
Philippines,PHL,1975,Legal
Philippines,PHL,1976,Legal
Philippines,PHL,1977,Legal
Philippines,PHL,1978,Legal
Philippines,PHL,1979,Legal
Philippines,PHL,1980,Legal
Philippines,PHL,1981,Legal
Philippines,PHL,1982,Legal
Philippines,PHL,1983,Legal
Philippines,PHL,1984,Legal
Philippines,PHL,1985,Legal
Philippines,PHL,1986,Legal
Philippines,PHL,1987,Legal
Philippines,PHL,1988,Legal
Philippines,PHL,1989,Legal
Philippines,PHL,1990,Legal
Philippines,PHL,1991,Legal
Philippines,PHL,1992,Legal
Philippines,PHL,1993,Legal
Philippines,PHL,1994,Legal
Philippines,PHL,1995,Legal
Philippines,PHL,1996,Legal
Philippines,PHL,1997,Legal
Philippines,PHL,1998,Legal
Philippines,PHL,1999,Legal
Philippines,PHL,2000,Legal
Philippines,PHL,2001,Legal
Philippines,PHL,2002,Legal
Philippines,PHL,2003,Legal
Philippines,PHL,2004,Legal
Philippines,PHL,2005,Legal
Philippines,PHL,2006,Legal
Philippines,PHL,2007,Legal
Philippines,PHL,2008,Legal
Philippines,PHL,2009,Legal
Philippines,PHL,2010,Legal
Philippines,PHL,2011,Legal
Philippines,PHL,2012,Legal
Philippines,PHL,2013,Legal
Philippines,PHL,2014,Legal
Philippines,PHL,2015,Legal
Philippines,PHL,2016,Legal
Philippines,PHL,2017,Legal
Philippines,PHL,2018,Legal
Philippines,PHL,2019,Legal
Philippines,PHL,2020,Legal
Philippines,PHL,2021,Legal
Philippines,PHL,2022,Legal
Philippines,PHL,2023,Legal
Philippines,PHL,2024,Legal
Philippines,PHL,2025,Legal
Poland,POL,1815,Illegal
Poland,POL,1816,Illegal
Poland,POL,1817,Illegal
Poland,POL,1818,Illegal
Poland,POL,1819,Illegal
Poland,POL,1820,Illegal
Poland,POL,1821,Illegal
Poland,POL,1822,Illegal
Poland,POL,1823,Illegal
Poland,POL,1824,Illegal
Poland,POL,1825,Illegal
Poland,POL,1826,Illegal
Poland,POL,1827,Illegal
Poland,POL,1828,Illegal
Poland,POL,1829,Illegal
Poland,POL,1830,Illegal
Poland,POL,1831,Illegal
Poland,POL,1832,Illegal
Poland,POL,1833,Illegal
Poland,POL,1834,Illegal
Poland,POL,1835,Illegal
Poland,POL,1836,Illegal
Poland,POL,1837,Illegal
Poland,POL,1838,Illegal
Poland,POL,1839,Illegal
Poland,POL,1840,Illegal
Poland,POL,1841,Illegal
Poland,POL,1842,Illegal
Poland,POL,1843,Illegal
Poland,POL,1844,Illegal
Poland,POL,1845,Illegal
Poland,POL,1846,Illegal
Poland,POL,1847,Illegal
Poland,POL,1848,Illegal
Poland,POL,1849,Illegal
Poland,POL,1850,Illegal
Poland,POL,1851,Illegal
Poland,POL,1852,Illegal
Poland,POL,1853,Illegal
Poland,POL,1854,Illegal
Poland,POL,1855,Illegal
Poland,POL,1856,Illegal
Poland,POL,1857,Illegal
Poland,POL,1858,Illegal
Poland,POL,1859,Illegal
Poland,POL,1860,Illegal
Poland,POL,1861,Illegal
Poland,POL,1862,Illegal
Poland,POL,1863,Illegal
Poland,POL,1864,Illegal
Poland,POL,1865,Illegal
Poland,POL,1866,Illegal
Poland,POL,1867,Illegal
Poland,POL,1868,Illegal
Poland,POL,1869,Illegal
Poland,POL,1870,Illegal
Poland,POL,1871,Illegal
Poland,POL,1872,Illegal
Poland,POL,1873,Illegal
Poland,POL,1874,Illegal
Poland,POL,1875,Illegal
Poland,POL,1876,Illegal
Poland,POL,1877,Illegal
Poland,POL,1878,Illegal
Poland,POL,1879,Illegal
Poland,POL,1880,Illegal
Poland,POL,1881,Illegal
Poland,POL,1882,Illegal
Poland,POL,1883,Illegal
Poland,POL,1884,Illegal
Poland,POL,1885,Illegal
Poland,POL,1886,Illegal
Poland,POL,1887,Illegal
Poland,POL,1888,Illegal
Poland,POL,1889,Illegal
Poland,POL,1890,Illegal
Poland,POL,1891,Illegal
Poland,POL,1892,Illegal
Poland,POL,1893,Illegal
Poland,POL,1894,Illegal
Poland,POL,1895,Illegal
Poland,POL,1896,Illegal
Poland,POL,1897,Illegal
Poland,POL,1898,Illegal
Poland,POL,1899,Illegal
Poland,POL,1900,Illegal
Poland,POL,1901,Illegal
Poland,POL,1902,Illegal
Poland,POL,1903,Illegal
Poland,POL,1904,Illegal
Poland,POL,1905,Illegal
Poland,POL,1906,Illegal
Poland,POL,1907,Illegal
Poland,POL,1908,Illegal
Poland,POL,1909,Illegal
Poland,POL,1910,Illegal
Poland,POL,1911,Illegal
Poland,POL,1912,Illegal
Poland,POL,1913,Illegal
Poland,POL,1914,Illegal
Poland,POL,1915,Illegal
Poland,POL,1916,Illegal
Poland,POL,1917,Illegal
Poland,POL,1918,Illegal
Poland,POL,1919,Illegal
Poland,POL,1920,Illegal
Poland,POL,1921,Illegal
Poland,POL,1922,Illegal
Poland,POL,1923,Illegal
Poland,POL,1924,Illegal
Poland,POL,1925,Illegal
Poland,POL,1926,Illegal
Poland,POL,1927,Illegal
Poland,POL,1928,Illegal
Poland,POL,1929,Illegal
Poland,POL,1930,Illegal
Poland,POL,1931,Illegal
Poland,POL,1932,Legal
Poland,POL,1933,Legal
Poland,POL,1934,Legal
Poland,POL,1935,Legal
Poland,POL,1936,Legal
Poland,POL,1937,Legal
Poland,POL,1938,Legal
Poland,POL,1939,Legal
Poland,POL,1940,Legal
Poland,POL,1941,Legal
Poland,POL,1942,Legal
Poland,POL,1943,Legal
Poland,POL,1944,Legal
Poland,POL,1945,Legal
Poland,POL,1946,Legal
Poland,POL,1947,Legal
Poland,POL,1948,Legal
Poland,POL,1949,Legal
Poland,POL,1950,Legal
Poland,POL,1951,Legal
Poland,POL,1952,Legal
Poland,POL,1953,Legal
Poland,POL,1954,Legal
Poland,POL,1955,Legal
Poland,POL,1956,Legal
Poland,POL,1957,Legal
Poland,POL,1958,Legal
Poland,POL,1959,Legal
Poland,POL,1960,Legal
Poland,POL,1961,Legal
Poland,POL,1962,Legal
Poland,POL,1963,Legal
Poland,POL,1964,Legal
Poland,POL,1965,Legal
Poland,POL,1966,Legal
Poland,POL,1967,Legal
Poland,POL,1968,Legal
Poland,POL,1969,Legal
Poland,POL,1970,Legal
Poland,POL,1971,Legal
Poland,POL,1972,Legal
Poland,POL,1973,Legal
Poland,POL,1974,Legal
Poland,POL,1975,Legal
Poland,POL,1976,Legal
Poland,POL,1977,Legal
Poland,POL,1978,Legal
Poland,POL,1979,Legal
Poland,POL,1980,Legal
Poland,POL,1981,Legal
Poland,POL,1982,Legal
Poland,POL,1983,Legal
Poland,POL,1984,Legal
Poland,POL,1985,Legal
Poland,POL,1986,Legal
Poland,POL,1987,Legal
Poland,POL,1988,Legal
Poland,POL,1989,Legal
Poland,POL,1990,Legal
Poland,POL,1991,Legal
Poland,POL,1992,Legal
Poland,POL,1993,Legal
Poland,POL,1994,Legal
Poland,POL,1995,Legal
Poland,POL,1996,Legal
Poland,POL,1997,Legal
Poland,POL,1998,Legal
Poland,POL,1999,Legal
Poland,POL,2000,Legal
Poland,POL,2001,Legal
Poland,POL,2002,Legal
Poland,POL,2003,Legal
Poland,POL,2004,Legal
Poland,POL,2005,Legal
Poland,POL,2006,Legal
Poland,POL,2007,Legal
Poland,POL,2008,Legal
Poland,POL,2009,Legal
Poland,POL,2010,Legal
Poland,POL,2011,Legal
Poland,POL,2012,Legal
Poland,POL,2013,Legal
Poland,POL,2014,Legal
Poland,POL,2015,Legal
Poland,POL,2016,Legal
Poland,POL,2017,Legal
Poland,POL,2018,Legal
Poland,POL,2019,Legal
Poland,POL,2020,Legal
Poland,POL,2021,Legal
Poland,POL,2022,Legal
Poland,POL,2023,Legal
Poland,POL,2024,Legal
Poland,POL,2025,Legal
Portugal,PRT,1760,Illegal
Portugal,PRT,1761,Illegal
Portugal,PRT,1762,Illegal
Portugal,PRT,1763,Illegal
Portugal,PRT,1764,Illegal
Portugal,PRT,1765,Illegal
Portugal,PRT,1766,Illegal
Portugal,PRT,1767,Illegal
Portugal,PRT,1768,Illegal
Portugal,PRT,1769,Illegal
Portugal,PRT,1770,Illegal
Portugal,PRT,1771,Illegal
Portugal,PRT,1772,Illegal
Portugal,PRT,1773,Illegal
Portugal,PRT,1774,Illegal
Portugal,PRT,1775,Illegal
Portugal,PRT,1776,Illegal
Portugal,PRT,1777,Illegal
Portugal,PRT,1778,Illegal
Portugal,PRT,1779,Illegal
Portugal,PRT,1780,Illegal
Portugal,PRT,1781,Illegal
Portugal,PRT,1782,Illegal
Portugal,PRT,1783,Illegal
Portugal,PRT,1784,Illegal
Portugal,PRT,1785,Illegal
Portugal,PRT,1786,Illegal
Portugal,PRT,1787,Illegal
Portugal,PRT,1788,Illegal
Portugal,PRT,1789,Illegal
Portugal,PRT,1790,Illegal
Portugal,PRT,1791,Illegal
Portugal,PRT,1792,Illegal
Portugal,PRT,1793,Illegal
Portugal,PRT,1794,Illegal
Portugal,PRT,1795,Illegal
Portugal,PRT,1796,Illegal
Portugal,PRT,1797,Illegal
Portugal,PRT,1798,Illegal
Portugal,PRT,1799,Illegal
Portugal,PRT,1800,Illegal
Portugal,PRT,1801,Illegal
Portugal,PRT,1802,Illegal
Portugal,PRT,1803,Illegal
Portugal,PRT,1804,Illegal
Portugal,PRT,1805,Illegal
Portugal,PRT,1806,Illegal
Portugal,PRT,1807,Illegal
Portugal,PRT,1808,Illegal
Portugal,PRT,1809,Illegal
Portugal,PRT,1810,Illegal
Portugal,PRT,1811,Illegal
Portugal,PRT,1812,Illegal
Portugal,PRT,1813,Illegal
Portugal,PRT,1814,Illegal
Portugal,PRT,1815,Illegal
Portugal,PRT,1816,Illegal
Portugal,PRT,1817,Illegal
Portugal,PRT,1818,Illegal
Portugal,PRT,1819,Illegal
Portugal,PRT,1820,Illegal
Portugal,PRT,1821,Illegal
Portugal,PRT,1822,Illegal
Portugal,PRT,1823,Illegal
Portugal,PRT,1824,Illegal
Portugal,PRT,1825,Illegal
Portugal,PRT,1826,Illegal
Portugal,PRT,1827,Illegal
Portugal,PRT,1828,Illegal
Portugal,PRT,1829,Illegal
Portugal,PRT,1830,Illegal
Portugal,PRT,1831,Illegal
Portugal,PRT,1832,Illegal
Portugal,PRT,1833,Illegal
Portugal,PRT,1834,Illegal
Portugal,PRT,1835,Illegal
Portugal,PRT,1836,Illegal
Portugal,PRT,1837,Illegal
Portugal,PRT,1838,Illegal
Portugal,PRT,1839,Illegal
Portugal,PRT,1840,Illegal
Portugal,PRT,1841,Illegal
Portugal,PRT,1842,Illegal
Portugal,PRT,1843,Illegal
Portugal,PRT,1844,Illegal
Portugal,PRT,1845,Illegal
Portugal,PRT,1846,Illegal
Portugal,PRT,1847,Illegal
Portugal,PRT,1848,Illegal
Portugal,PRT,1849,Illegal
Portugal,PRT,1850,Illegal
Portugal,PRT,1851,Illegal
Portugal,PRT,1852,Legal
Portugal,PRT,1853,Legal
Portugal,PRT,1854,Legal
Portugal,PRT,1855,Legal
Portugal,PRT,1856,Legal
Portugal,PRT,1857,Legal
Portugal,PRT,1858,Legal
Portugal,PRT,1859,Legal
Portugal,PRT,1860,Legal
Portugal,PRT,1861,Legal
Portugal,PRT,1862,Legal
Portugal,PRT,1863,Legal
Portugal,PRT,1864,Legal
Portugal,PRT,1865,Legal
Portugal,PRT,1866,Legal
Portugal,PRT,1867,Legal
Portugal,PRT,1868,Legal
Portugal,PRT,1869,Legal
Portugal,PRT,1870,Legal
Portugal,PRT,1871,Legal
Portugal,PRT,1872,Legal
Portugal,PRT,1873,Legal
Portugal,PRT,1874,Legal
Portugal,PRT,1875,Legal
Portugal,PRT,1876,Legal
Portugal,PRT,1877,Legal
Portugal,PRT,1878,Legal
Portugal,PRT,1879,Legal
Portugal,PRT,1880,Legal
Portugal,PRT,1881,Legal
Portugal,PRT,1882,Legal
Portugal,PRT,1883,Legal
Portugal,PRT,1884,Legal
Portugal,PRT,1885,Legal
Portugal,PRT,1886,Illegal
Portugal,PRT,1887,Illegal
Portugal,PRT,1888,Illegal
Portugal,PRT,1889,Illegal
Portugal,PRT,1890,Illegal
Portugal,PRT,1891,Illegal
Portugal,PRT,1892,Illegal
Portugal,PRT,1893,Illegal
Portugal,PRT,1894,Illegal
Portugal,PRT,1895,Illegal
Portugal,PRT,1896,Illegal
Portugal,PRT,1897,Illegal
Portugal,PRT,1898,Illegal
Portugal,PRT,1899,Illegal
Portugal,PRT,1900,Illegal
Portugal,PRT,1901,Illegal
Portugal,PRT,1902,Illegal
Portugal,PRT,1903,Illegal
Portugal,PRT,1904,Illegal
Portugal,PRT,1905,Illegal
Portugal,PRT,1906,Illegal
Portugal,PRT,1907,Illegal
Portugal,PRT,1908,Illegal
Portugal,PRT,1909,Illegal
Portugal,PRT,1910,Illegal
Portugal,PRT,1911,Illegal
Portugal,PRT,1912,Illegal
Portugal,PRT,1913,Illegal
Portugal,PRT,1914,Illegal
Portugal,PRT,1915,Illegal
Portugal,PRT,1916,Illegal
Portugal,PRT,1917,Illegal
Portugal,PRT,1918,Illegal
Portugal,PRT,1919,Illegal
Portugal,PRT,1920,Illegal
Portugal,PRT,1921,Illegal
Portugal,PRT,1922,Illegal
Portugal,PRT,1923,Illegal
Portugal,PRT,1924,Illegal
Portugal,PRT,1925,Illegal
Portugal,PRT,1926,Illegal
Portugal,PRT,1927,Illegal
Portugal,PRT,1928,Illegal
Portugal,PRT,1929,Illegal
Portugal,PRT,1930,Illegal
Portugal,PRT,1931,Illegal
Portugal,PRT,1932,Illegal
Portugal,PRT,1933,Illegal
Portugal,PRT,1934,Illegal
Portugal,PRT,1935,Illegal
Portugal,PRT,1936,Illegal
Portugal,PRT,1937,Illegal
Portugal,PRT,1938,Illegal
Portugal,PRT,1939,Illegal
Portugal,PRT,1940,Illegal
Portugal,PRT,1941,Illegal
Portugal,PRT,1942,Illegal
Portugal,PRT,1943,Illegal
Portugal,PRT,1944,Illegal
Portugal,PRT,1945,Illegal
Portugal,PRT,1946,Illegal
Portugal,PRT,1947,Illegal
Portugal,PRT,1948,Illegal
Portugal,PRT,1949,Illegal
Portugal,PRT,1950,Illegal
Portugal,PRT,1951,Illegal
Portugal,PRT,1952,Illegal
Portugal,PRT,1953,Illegal
Portugal,PRT,1954,Illegal
Portugal,PRT,1955,Illegal
Portugal,PRT,1956,Illegal
Portugal,PRT,1957,Illegal
Portugal,PRT,1958,Illegal
Portugal,PRT,1959,Illegal
Portugal,PRT,1960,Illegal
Portugal,PRT,1961,Illegal
Portugal,PRT,1962,Illegal
Portugal,PRT,1963,Illegal
Portugal,PRT,1964,Illegal
Portugal,PRT,1965,Illegal
Portugal,PRT,1966,Illegal
Portugal,PRT,1967,Illegal
Portugal,PRT,1968,Illegal
Portugal,PRT,1969,Illegal
Portugal,PRT,1970,Illegal
Portugal,PRT,1971,Illegal
Portugal,PRT,1972,Illegal
Portugal,PRT,1973,Illegal
Portugal,PRT,1974,Illegal
Portugal,PRT,1975,Illegal
Portugal,PRT,1976,Illegal
Portugal,PRT,1977,Illegal
Portugal,PRT,1978,Illegal
Portugal,PRT,1979,Illegal
Portugal,PRT,1980,Illegal
Portugal,PRT,1981,Illegal
Portugal,PRT,1982,Illegal
Portugal,PRT,1983,Legal
Portugal,PRT,1984,Legal
Portugal,PRT,1985,Legal
Portugal,PRT,1986,Legal
Portugal,PRT,1987,Legal
Portugal,PRT,1988,Legal
Portugal,PRT,1989,Legal
Portugal,PRT,1990,Legal
Portugal,PRT,1991,Legal
Portugal,PRT,1992,Legal
Portugal,PRT,1993,Legal
Portugal,PRT,1994,Legal
Portugal,PRT,1995,Legal
Portugal,PRT,1996,Legal
Portugal,PRT,1997,Legal
Portugal,PRT,1998,Legal
Portugal,PRT,1999,Legal
Portugal,PRT,2000,Legal
Portugal,PRT,2001,Legal
Portugal,PRT,2002,Legal
Portugal,PRT,2003,Legal
Portugal,PRT,2004,Legal
Portugal,PRT,2005,Legal
Portugal,PRT,2006,Legal
Portugal,PRT,2007,Legal
Portugal,PRT,2008,Legal
Portugal,PRT,2009,Legal
Portugal,PRT,2010,Legal
Portugal,PRT,2011,Legal
Portugal,PRT,2012,Legal
Portugal,PRT,2013,Legal
Portugal,PRT,2014,Legal
Portugal,PRT,2015,Legal
Portugal,PRT,2016,Legal
Portugal,PRT,2017,Legal
Portugal,PRT,2018,Legal
Portugal,PRT,2019,Legal
Portugal,PRT,2020,Legal
Portugal,PRT,2021,Legal
Portugal,PRT,2022,Legal
Portugal,PRT,2023,Legal
Portugal,PRT,2024,Legal
Portugal,PRT,2025,Legal
Qatar,QAT,1971,Illegal
Qatar,QAT,1972,Illegal
Qatar,QAT,1973,Illegal
Qatar,QAT,1974,Illegal
Qatar,QAT,1975,Illegal
Qatar,QAT,1976,Illegal
Qatar,QAT,1977,Illegal
Qatar,QAT,1978,Illegal
Qatar,QAT,1979,Illegal
Qatar,QAT,1980,Illegal
Qatar,QAT,1981,Illegal
Qatar,QAT,1982,Illegal
Qatar,QAT,1983,Illegal
Qatar,QAT,1984,Illegal
Qatar,QAT,1985,Illegal
Qatar,QAT,1986,Illegal
Qatar,QAT,1987,Illegal
Qatar,QAT,1988,Illegal
Qatar,QAT,1989,Illegal
Qatar,QAT,1990,Illegal
Qatar,QAT,1991,Illegal
Qatar,QAT,1992,Illegal
Qatar,QAT,1993,Illegal
Qatar,QAT,1994,Illegal
Qatar,QAT,1995,Illegal
Qatar,QAT,1996,Illegal
Qatar,QAT,1997,Illegal
Qatar,QAT,1998,Illegal
Qatar,QAT,1999,Illegal
Qatar,QAT,2000,Illegal
Qatar,QAT,2001,Illegal
Qatar,QAT,2002,Illegal
Qatar,QAT,2003,Illegal
Qatar,QAT,2004,Illegal
Qatar,QAT,2005,Illegal
Qatar,QAT,2006,Illegal
Qatar,QAT,2007,Illegal
Qatar,QAT,2008,Illegal
Qatar,QAT,2009,Illegal
Qatar,QAT,2010,Illegal
Qatar,QAT,2011,Illegal
Qatar,QAT,2012,Illegal
Qatar,QAT,2013,Illegal
Qatar,QAT,2014,Illegal
Qatar,QAT,2015,Illegal
Qatar,QAT,2016,Illegal
Qatar,QAT,2017,Illegal
Qatar,QAT,2018,Illegal
Qatar,QAT,2019,Illegal
Qatar,QAT,2020,Illegal
Qatar,QAT,2021,Illegal
Qatar,QAT,2022,Illegal
Qatar,QAT,2023,Illegal
Qatar,QAT,2024,Illegal
Qatar,QAT,2025,Illegal
Romania,ROU,1864,Legal
Romania,ROU,1865,Legal
Romania,ROU,1866,Legal
Romania,ROU,1867,Legal
Romania,ROU,1868,Legal
Romania,ROU,1869,Legal
Romania,ROU,1870,Legal
Romania,ROU,1871,Legal
Romania,ROU,1872,Legal
Romania,ROU,1873,Legal
Romania,ROU,1874,Legal
Romania,ROU,1875,Legal
Romania,ROU,1876,Legal
Romania,ROU,1877,Legal
Romania,ROU,1878,Legal
Romania,ROU,1879,Legal
Romania,ROU,1880,Legal
Romania,ROU,1881,Legal
Romania,ROU,1882,Legal
Romania,ROU,1883,Legal
Romania,ROU,1884,Legal
Romania,ROU,1885,Legal
Romania,ROU,1886,Legal
Romania,ROU,1887,Legal
Romania,ROU,1888,Legal
Romania,ROU,1889,Legal
Romania,ROU,1890,Legal
Romania,ROU,1891,Legal
Romania,ROU,1892,Legal
Romania,ROU,1893,Legal
Romania,ROU,1894,Legal
Romania,ROU,1895,Legal
Romania,ROU,1896,Legal
Romania,ROU,1897,Legal
Romania,ROU,1898,Legal
Romania,ROU,1899,Legal
Romania,ROU,1900,Legal
Romania,ROU,1901,Legal
Romania,ROU,1902,Legal
Romania,ROU,1903,Legal
Romania,ROU,1904,Legal
Romania,ROU,1905,Legal
Romania,ROU,1906,Legal
Romania,ROU,1907,Legal
Romania,ROU,1908,Legal
Romania,ROU,1909,Legal
Romania,ROU,1910,Legal
Romania,ROU,1911,Legal
Romania,ROU,1912,Legal
Romania,ROU,1913,Legal
Romania,ROU,1914,Legal
Romania,ROU,1915,Legal
Romania,ROU,1916,Legal
Romania,ROU,1917,Legal
Romania,ROU,1918,Legal
Romania,ROU,1919,Legal
Romania,ROU,1920,Legal
Romania,ROU,1921,Legal
Romania,ROU,1922,Legal
Romania,ROU,1923,Legal
Romania,ROU,1924,Legal
Romania,ROU,1925,Legal
Romania,ROU,1926,Legal
Romania,ROU,1927,Legal
Romania,ROU,1928,Legal
Romania,ROU,1929,Legal
Romania,ROU,1930,Legal
Romania,ROU,1931,Legal
Romania,ROU,1932,Legal
Romania,ROU,1933,Legal
Romania,ROU,1934,Legal
Romania,ROU,1935,Legal
Romania,ROU,1936,Legal
Romania,ROU,1937,Illegal
Romania,ROU,1938,Illegal
Romania,ROU,1939,Illegal
Romania,ROU,1940,Illegal
Romania,ROU,1941,Illegal
Romania,ROU,1942,Illegal
Romania,ROU,1943,Illegal
Romania,ROU,1944,Illegal
Romania,ROU,1945,Illegal
Romania,ROU,1946,Illegal
Romania,ROU,1947,Illegal
Romania,ROU,1948,Illegal
Romania,ROU,1949,Illegal
Romania,ROU,1950,Illegal
Romania,ROU,1951,Illegal
Romania,ROU,1952,Illegal
Romania,ROU,1953,Illegal
Romania,ROU,1954,Illegal
Romania,ROU,1955,Illegal
Romania,ROU,1956,Illegal
Romania,ROU,1957,Illegal
Romania,ROU,1958,Illegal
Romania,ROU,1959,Illegal
Romania,ROU,1960,Illegal
Romania,ROU,1961,Illegal
Romania,ROU,1962,Illegal
Romania,ROU,1963,Illegal
Romania,ROU,1964,Illegal
Romania,ROU,1965,Illegal
Romania,ROU,1966,Illegal
Romania,ROU,1967,Illegal
Romania,ROU,1968,Illegal
Romania,ROU,1969,Illegal
Romania,ROU,1970,Illegal
Romania,ROU,1971,Illegal
Romania,ROU,1972,Illegal
Romania,ROU,1973,Illegal
Romania,ROU,1974,Illegal
Romania,ROU,1975,Illegal
Romania,ROU,1976,Illegal
Romania,ROU,1977,Illegal
Romania,ROU,1978,Illegal
Romania,ROU,1979,Illegal
Romania,ROU,1980,Illegal
Romania,ROU,1981,Illegal
Romania,ROU,1982,Illegal
Romania,ROU,1983,Illegal
Romania,ROU,1984,Illegal
Romania,ROU,1985,Illegal
Romania,ROU,1986,Illegal
Romania,ROU,1987,Illegal
Romania,ROU,1988,Illegal
Romania,ROU,1989,Illegal
Romania,ROU,1990,Illegal
Romania,ROU,1991,Illegal
Romania,ROU,1992,Illegal
Romania,ROU,1993,Illegal
Romania,ROU,1994,Illegal
Romania,ROU,1995,Illegal
Romania,ROU,1996,Legal
Romania,ROU,1997,Legal
Romania,ROU,1998,Legal
Romania,ROU,1999,Legal
Romania,ROU,2000,Legal
Romania,ROU,2001,Legal
Romania,ROU,2002,Legal
Romania,ROU,2003,Legal
Romania,ROU,2004,Legal
Romania,ROU,2005,Legal
Romania,ROU,2006,Legal
Romania,ROU,2007,Legal
Romania,ROU,2008,Legal
Romania,ROU,2009,Legal
Romania,ROU,2010,Legal
Romania,ROU,2011,Legal
Romania,ROU,2012,Legal
Romania,ROU,2013,Legal
Romania,ROU,2014,Legal
Romania,ROU,2015,Legal
Romania,ROU,2016,Legal
Romania,ROU,2017,Legal
Romania,ROU,2018,Legal
Romania,ROU,2019,Legal
Romania,ROU,2020,Legal
Romania,ROU,2021,Legal
Romania,ROU,2022,Legal
Romania,ROU,2023,Legal
Romania,ROU,2024,Legal
Romania,ROU,2025,Legal
Russia,RUS,1760,Legal
Russia,RUS,1761,Legal
Russia,RUS,1762,Legal
Russia,RUS,1763,Legal
Russia,RUS,1764,Legal
Russia,RUS,1765,Legal
Russia,RUS,1766,Legal
Russia,RUS,1767,Legal
Russia,RUS,1768,Legal
Russia,RUS,1769,Legal
Russia,RUS,1770,Legal
Russia,RUS,1771,Legal
Russia,RUS,1772,Legal
Russia,RUS,1773,Legal
Russia,RUS,1774,Legal
Russia,RUS,1775,Legal
Russia,RUS,1776,Legal
Russia,RUS,1777,Legal
Russia,RUS,1778,Legal
Russia,RUS,1779,Legal
Russia,RUS,1780,Legal
Russia,RUS,1781,Legal
Russia,RUS,1782,Legal
Russia,RUS,1783,Legal
Russia,RUS,1784,Legal
Russia,RUS,1785,Legal
Russia,RUS,1786,Legal
Russia,RUS,1787,Legal
Russia,RUS,1788,Legal
Russia,RUS,1789,Legal
Russia,RUS,1790,Legal
Russia,RUS,1791,Legal
Russia,RUS,1792,Legal
Russia,RUS,1793,Legal
Russia,RUS,1794,Legal
Russia,RUS,1795,Legal
Russia,RUS,1796,Legal
Russia,RUS,1797,Legal
Russia,RUS,1798,Legal
Russia,RUS,1799,Legal
Russia,RUS,1800,Legal
Russia,RUS,1801,Legal
Russia,RUS,1802,Legal
Russia,RUS,1803,Legal
Russia,RUS,1804,Legal
Russia,RUS,1805,Legal
Russia,RUS,1806,Legal
Russia,RUS,1807,Legal
Russia,RUS,1808,Legal
Russia,RUS,1809,Legal
Russia,RUS,1810,Legal
Russia,RUS,1811,Legal
Russia,RUS,1812,Legal
Russia,RUS,1813,Legal
Russia,RUS,1814,Legal
Russia,RUS,1815,Legal
Russia,RUS,1816,Legal
Russia,RUS,1817,Legal
Russia,RUS,1818,Legal
Russia,RUS,1819,Legal
Russia,RUS,1820,Legal
Russia,RUS,1821,Legal
Russia,RUS,1822,Legal
Russia,RUS,1823,Legal
Russia,RUS,1824,Legal
Russia,RUS,1825,Legal
Russia,RUS,1826,Legal
Russia,RUS,1827,Legal
Russia,RUS,1828,Legal
Russia,RUS,1829,Legal
Russia,RUS,1830,Legal
Russia,RUS,1831,Legal
Russia,RUS,1832,Illegal
Russia,RUS,1833,Illegal
Russia,RUS,1834,Illegal
Russia,RUS,1835,Illegal
Russia,RUS,1836,Illegal
Russia,RUS,1837,Illegal
Russia,RUS,1838,Illegal
Russia,RUS,1839,Illegal
Russia,RUS,1840,Illegal
Russia,RUS,1841,Illegal
Russia,RUS,1842,Illegal
Russia,RUS,1843,Illegal
Russia,RUS,1844,Illegal
Russia,RUS,1845,Illegal
Russia,RUS,1846,Illegal
Russia,RUS,1847,Illegal
Russia,RUS,1848,Illegal
Russia,RUS,1849,Illegal
Russia,RUS,1850,Illegal
Russia,RUS,1851,Illegal
Russia,RUS,1852,Illegal
Russia,RUS,1853,Illegal
Russia,RUS,1854,Illegal
Russia,RUS,1855,Illegal
Russia,RUS,1856,Illegal
Russia,RUS,1857,Illegal
Russia,RUS,1858,Illegal
Russia,RUS,1859,Illegal
Russia,RUS,1860,Illegal
Russia,RUS,1861,Illegal
Russia,RUS,1862,Illegal
Russia,RUS,1863,Illegal
Russia,RUS,1864,Illegal
Russia,RUS,1865,Illegal
Russia,RUS,1866,Illegal
Russia,RUS,1867,Illegal
Russia,RUS,1868,Illegal
Russia,RUS,1869,Illegal
Russia,RUS,1870,Illegal
Russia,RUS,1871,Illegal
Russia,RUS,1872,Illegal
Russia,RUS,1873,Illegal
Russia,RUS,1874,Illegal
Russia,RUS,1875,Illegal
Russia,RUS,1876,Illegal
Russia,RUS,1877,Illegal
Russia,RUS,1878,Illegal
Russia,RUS,1879,Illegal
Russia,RUS,1880,Illegal
Russia,RUS,1881,Illegal
Russia,RUS,1882,Illegal
Russia,RUS,1883,Illegal
Russia,RUS,1884,Illegal
Russia,RUS,1885,Illegal
Russia,RUS,1886,Illegal
Russia,RUS,1887,Illegal
Russia,RUS,1888,Illegal
Russia,RUS,1889,Illegal
Russia,RUS,1890,Illegal
Russia,RUS,1891,Illegal
Russia,RUS,1892,Illegal
Russia,RUS,1893,Illegal
Russia,RUS,1894,Illegal
Russia,RUS,1895,Illegal
Russia,RUS,1896,Illegal
Russia,RUS,1897,Illegal
Russia,RUS,1898,Illegal
Russia,RUS,1899,Illegal
Russia,RUS,1900,Illegal
Russia,RUS,1901,Illegal
Russia,RUS,1902,Illegal
Russia,RUS,1903,Illegal
Russia,RUS,1904,Illegal
Russia,RUS,1905,Illegal
Russia,RUS,1906,Illegal
Russia,RUS,1907,Illegal
Russia,RUS,1908,Illegal
Russia,RUS,1909,Illegal
Russia,RUS,1910,Illegal
Russia,RUS,1911,Illegal
Russia,RUS,1912,Illegal
Russia,RUS,1913,Illegal
Russia,RUS,1914,Illegal
Russia,RUS,1915,Illegal
Russia,RUS,1916,Illegal
Russia,RUS,1917,Legal
Russia,RUS,1918,Legal
Russia,RUS,1919,Legal
Russia,RUS,1920,Legal
Russia,RUS,1921,Legal
Russia,RUS,1922,Legal
Russia,RUS,1923,Legal
Russia,RUS,1924,Legal
Russia,RUS,1925,Legal
Russia,RUS,1926,Legal
Russia,RUS,1927,Legal
Russia,RUS,1928,Legal
Russia,RUS,1929,Legal
Russia,RUS,1930,Legal
Russia,RUS,1931,Legal
Russia,RUS,1932,Legal
Russia,RUS,1933,Legal
Russia,RUS,1934,Illegal
Russia,RUS,1935,Illegal
Russia,RUS,1936,Illegal
Russia,RUS,1937,Illegal
Russia,RUS,1938,Illegal
Russia,RUS,1939,Illegal
Russia,RUS,1940,Illegal
Russia,RUS,1941,Illegal
Russia,RUS,1942,Illegal
Russia,RUS,1943,Illegal
Russia,RUS,1944,Illegal
Russia,RUS,1945,Illegal
Russia,RUS,1946,Illegal
Russia,RUS,1947,Illegal
Russia,RUS,1948,Illegal
Russia,RUS,1949,Illegal
Russia,RUS,1950,Illegal
Russia,RUS,1951,Illegal
Russia,RUS,1952,Illegal
Russia,RUS,1953,Illegal
Russia,RUS,1954,Illegal
Russia,RUS,1955,Illegal
Russia,RUS,1956,Illegal
Russia,RUS,1957,Illegal
Russia,RUS,1958,Illegal
Russia,RUS,1959,Illegal
Russia,RUS,1960,Illegal
Russia,RUS,1961,Illegal
Russia,RUS,1962,Illegal
Russia,RUS,1963,Illegal
Russia,RUS,1964,Illegal
Russia,RUS,1965,Illegal
Russia,RUS,1966,Illegal
Russia,RUS,1967,Illegal
Russia,RUS,1968,Illegal
Russia,RUS,1969,Illegal
Russia,RUS,1970,Illegal
Russia,RUS,1971,Illegal
Russia,RUS,1972,Illegal
Russia,RUS,1973,Illegal
Russia,RUS,1974,Illegal
Russia,RUS,1975,Illegal
Russia,RUS,1976,Illegal
Russia,RUS,1977,Illegal
Russia,RUS,1978,Illegal
Russia,RUS,1979,Illegal
Russia,RUS,1980,Illegal
Russia,RUS,1981,Illegal
Russia,RUS,1982,Illegal
Russia,RUS,1983,Illegal
Russia,RUS,1984,Illegal
Russia,RUS,1985,Illegal
Russia,RUS,1986,Illegal
Russia,RUS,1987,Illegal
Russia,RUS,1988,Illegal
Russia,RUS,1989,Illegal
Russia,RUS,1990,Illegal
Russia,RUS,1991,Illegal
Russia,RUS,1992,Illegal
Russia,RUS,1993,Legal
Russia,RUS,1994,Legal
Russia,RUS,1995,Legal
Russia,RUS,1996,Legal
Russia,RUS,1997,Legal
Russia,RUS,1998,Legal
Russia,RUS,1999,Legal
Russia,RUS,2000,Legal
Russia,RUS,2001,Legal
Russia,RUS,2002,Legal
Russia,RUS,2003,Legal
Russia,RUS,2004,Legal
Russia,RUS,2005,Legal
Russia,RUS,2006,Legal
Russia,RUS,2007,Legal
Russia,RUS,2008,Legal
Russia,RUS,2009,Legal
Russia,RUS,2010,Legal
Russia,RUS,2011,Legal
Russia,RUS,2012,Legal
Russia,RUS,2013,Legal
Russia,RUS,2014,Legal
Russia,RUS,2015,Legal
Russia,RUS,2016,Legal
Russia,RUS,2017,Legal
Russia,RUS,2018,Legal
Russia,RUS,2019,Legal
Russia,RUS,2020,Legal
Russia,RUS,2021,Legal
Russia,RUS,2022,Legal
Russia,RUS,2023,Legal
Russia,RUS,2024,Legal
Russia,RUS,2025,Legal
Rwanda,RWA,1980,Legal
Rwanda,RWA,1981,Legal
Rwanda,RWA,1982,Legal
Rwanda,RWA,1983,Legal
Rwanda,RWA,1984,Legal
Rwanda,RWA,1985,Legal
Rwanda,RWA,1986,Legal
Rwanda,RWA,1987,Legal
Rwanda,RWA,1988,Legal
Rwanda,RWA,1989,Legal
Rwanda,RWA,1990,Legal
Rwanda,RWA,1991,Legal
Rwanda,RWA,1992,Legal
Rwanda,RWA,1993,Legal
Rwanda,RWA,1994,Legal
Rwanda,RWA,1995,Legal
Rwanda,RWA,1996,Legal
Rwanda,RWA,1997,Legal
Rwanda,RWA,1998,Legal
Rwanda,RWA,1999,Legal
Rwanda,RWA,2000,Legal
Rwanda,RWA,2001,Legal
Rwanda,RWA,2002,Legal
Rwanda,RWA,2003,Legal
Rwanda,RWA,2004,Legal
Rwanda,RWA,2005,Legal
Rwanda,RWA,2006,Legal
Rwanda,RWA,2007,Legal
Rwanda,RWA,2008,Legal
Rwanda,RWA,2009,Legal
Rwanda,RWA,2010,Legal
Rwanda,RWA,2011,Legal
Rwanda,RWA,2012,Legal
Rwanda,RWA,2013,Legal
Rwanda,RWA,2014,Legal
Rwanda,RWA,2015,Legal
Rwanda,RWA,2016,Legal
Rwanda,RWA,2017,Legal
Rwanda,RWA,2018,Legal
Rwanda,RWA,2019,Legal
Rwanda,RWA,2020,Legal
Rwanda,RWA,2021,Legal
Rwanda,RWA,2022,Legal
Rwanda,RWA,2023,Legal
Rwanda,RWA,2024,Legal
Rwanda,RWA,2025,Legal
Saint Kitts and Nevis,KNA,1873,Illegal
Saint Kitts and Nevis,KNA,1874,Illegal
Saint Kitts and Nevis,KNA,1875,Illegal
Saint Kitts and Nevis,KNA,1876,Illegal
Saint Kitts and Nevis,KNA,1877,Illegal
Saint Kitts and Nevis,KNA,1878,Illegal
Saint Kitts and Nevis,KNA,1879,Illegal
Saint Kitts and Nevis,KNA,1880,Illegal
Saint Kitts and Nevis,KNA,1881,Illegal
Saint Kitts and Nevis,KNA,1882,Illegal
Saint Kitts and Nevis,KNA,1883,Illegal
Saint Kitts and Nevis,KNA,1884,Illegal
Saint Kitts and Nevis,KNA,1885,Illegal
Saint Kitts and Nevis,KNA,1886,Illegal
Saint Kitts and Nevis,KNA,1887,Illegal
Saint Kitts and Nevis,KNA,1888,Illegal
Saint Kitts and Nevis,KNA,1889,Illegal
Saint Kitts and Nevis,KNA,1890,Illegal
Saint Kitts and Nevis,KNA,1891,Illegal
Saint Kitts and Nevis,KNA,1892,Illegal
Saint Kitts and Nevis,KNA,1893,Illegal
Saint Kitts and Nevis,KNA,1894,Illegal
Saint Kitts and Nevis,KNA,1895,Illegal
Saint Kitts and Nevis,KNA,1896,Illegal
Saint Kitts and Nevis,KNA,1897,Illegal
Saint Kitts and Nevis,KNA,1898,Illegal
Saint Kitts and Nevis,KNA,1899,Illegal
Saint Kitts and Nevis,KNA,1900,Illegal
Saint Kitts and Nevis,KNA,1901,Illegal
Saint Kitts and Nevis,KNA,1902,Illegal
Saint Kitts and Nevis,KNA,1903,Illegal
Saint Kitts and Nevis,KNA,1904,Illegal
Saint Kitts and Nevis,KNA,1905,Illegal
Saint Kitts and Nevis,KNA,1906,Illegal
Saint Kitts and Nevis,KNA,1907,Illegal
Saint Kitts and Nevis,KNA,1908,Illegal
Saint Kitts and Nevis,KNA,1909,Illegal
Saint Kitts and Nevis,KNA,1910,Illegal
Saint Kitts and Nevis,KNA,1911,Illegal
Saint Kitts and Nevis,KNA,1912,Illegal
Saint Kitts and Nevis,KNA,1913,Illegal
Saint Kitts and Nevis,KNA,1914,Illegal
Saint Kitts and Nevis,KNA,1915,Illegal
Saint Kitts and Nevis,KNA,1916,Illegal
Saint Kitts and Nevis,KNA,1917,Illegal
Saint Kitts and Nevis,KNA,1918,Illegal
Saint Kitts and Nevis,KNA,1919,Illegal
Saint Kitts and Nevis,KNA,1920,Illegal
Saint Kitts and Nevis,KNA,1921,Illegal
Saint Kitts and Nevis,KNA,1922,Illegal
Saint Kitts and Nevis,KNA,1923,Illegal
Saint Kitts and Nevis,KNA,1924,Illegal
Saint Kitts and Nevis,KNA,1925,Illegal
Saint Kitts and Nevis,KNA,1926,Illegal
Saint Kitts and Nevis,KNA,1927,Illegal
Saint Kitts and Nevis,KNA,1928,Illegal
Saint Kitts and Nevis,KNA,1929,Illegal
Saint Kitts and Nevis,KNA,1930,Illegal
Saint Kitts and Nevis,KNA,1931,Illegal
Saint Kitts and Nevis,KNA,1932,Illegal
Saint Kitts and Nevis,KNA,1933,Illegal
Saint Kitts and Nevis,KNA,1934,Illegal
Saint Kitts and Nevis,KNA,1935,Illegal
Saint Kitts and Nevis,KNA,1936,Illegal
Saint Kitts and Nevis,KNA,1937,Illegal
Saint Kitts and Nevis,KNA,1938,Illegal
Saint Kitts and Nevis,KNA,1939,Illegal
Saint Kitts and Nevis,KNA,1940,Illegal
Saint Kitts and Nevis,KNA,1941,Illegal
Saint Kitts and Nevis,KNA,1942,Illegal
Saint Kitts and Nevis,KNA,1943,Illegal
Saint Kitts and Nevis,KNA,1944,Illegal
Saint Kitts and Nevis,KNA,1945,Illegal
Saint Kitts and Nevis,KNA,1946,Illegal
Saint Kitts and Nevis,KNA,1947,Illegal
Saint Kitts and Nevis,KNA,1948,Illegal
Saint Kitts and Nevis,KNA,1949,Illegal
Saint Kitts and Nevis,KNA,1950,Illegal
Saint Kitts and Nevis,KNA,1951,Illegal
Saint Kitts and Nevis,KNA,1952,Illegal
Saint Kitts and Nevis,KNA,1953,Illegal
Saint Kitts and Nevis,KNA,1954,Illegal
Saint Kitts and Nevis,KNA,1955,Illegal
Saint Kitts and Nevis,KNA,1956,Illegal
Saint Kitts and Nevis,KNA,1957,Illegal
Saint Kitts and Nevis,KNA,1958,Illegal
Saint Kitts and Nevis,KNA,1959,Illegal
Saint Kitts and Nevis,KNA,1960,Illegal
Saint Kitts and Nevis,KNA,1961,Illegal
Saint Kitts and Nevis,KNA,1962,Illegal
Saint Kitts and Nevis,KNA,1963,Illegal
Saint Kitts and Nevis,KNA,1964,Illegal
Saint Kitts and Nevis,KNA,1965,Illegal
Saint Kitts and Nevis,KNA,1966,Illegal
Saint Kitts and Nevis,KNA,1967,Illegal
Saint Kitts and Nevis,KNA,1968,Illegal
Saint Kitts and Nevis,KNA,1969,Illegal
Saint Kitts and Nevis,KNA,1970,Illegal
Saint Kitts and Nevis,KNA,1971,Illegal
Saint Kitts and Nevis,KNA,1972,Illegal
Saint Kitts and Nevis,KNA,1973,Illegal
Saint Kitts and Nevis,KNA,1974,Illegal
Saint Kitts and Nevis,KNA,1975,Illegal
Saint Kitts and Nevis,KNA,1976,Illegal
Saint Kitts and Nevis,KNA,1977,Illegal
Saint Kitts and Nevis,KNA,1978,Illegal
Saint Kitts and Nevis,KNA,1979,Illegal
Saint Kitts and Nevis,KNA,1980,Illegal
Saint Kitts and Nevis,KNA,1981,Illegal
Saint Kitts and Nevis,KNA,1982,Illegal
Saint Kitts and Nevis,KNA,1983,Illegal
Saint Kitts and Nevis,KNA,1984,Illegal
Saint Kitts and Nevis,KNA,1985,Illegal
Saint Kitts and Nevis,KNA,1986,Illegal
Saint Kitts and Nevis,KNA,1987,Illegal
Saint Kitts and Nevis,KNA,1988,Illegal
Saint Kitts and Nevis,KNA,1989,Illegal
Saint Kitts and Nevis,KNA,1990,Illegal
Saint Kitts and Nevis,KNA,1991,Illegal
Saint Kitts and Nevis,KNA,1992,Illegal
Saint Kitts and Nevis,KNA,1993,Illegal
Saint Kitts and Nevis,KNA,1994,Illegal
Saint Kitts and Nevis,KNA,1995,Illegal
Saint Kitts and Nevis,KNA,1996,Illegal
Saint Kitts and Nevis,KNA,1997,Illegal
Saint Kitts and Nevis,KNA,1998,Illegal
Saint Kitts and Nevis,KNA,1999,Illegal
Saint Kitts and Nevis,KNA,2000,Illegal
Saint Kitts and Nevis,KNA,2001,Illegal
Saint Kitts and Nevis,KNA,2002,Illegal
Saint Kitts and Nevis,KNA,2003,Illegal
Saint Kitts and Nevis,KNA,2004,Illegal
Saint Kitts and Nevis,KNA,2005,Illegal
Saint Kitts and Nevis,KNA,2006,Illegal
Saint Kitts and Nevis,KNA,2007,Illegal
Saint Kitts and Nevis,KNA,2008,Illegal
Saint Kitts and Nevis,KNA,2009,Illegal
Saint Kitts and Nevis,KNA,2010,Illegal
Saint Kitts and Nevis,KNA,2011,Illegal
Saint Kitts and Nevis,KNA,2012,Illegal
Saint Kitts and Nevis,KNA,2013,Illegal
Saint Kitts and Nevis,KNA,2014,Illegal
Saint Kitts and Nevis,KNA,2015,Illegal
Saint Kitts and Nevis,KNA,2016,Illegal
Saint Kitts and Nevis,KNA,2017,Illegal
Saint Kitts and Nevis,KNA,2018,Illegal
Saint Kitts and Nevis,KNA,2019,Illegal
Saint Kitts and Nevis,KNA,2020,Illegal
Saint Kitts and Nevis,KNA,2021,Illegal
Saint Kitts and Nevis,KNA,2022,Illegal
Saint Kitts and Nevis,KNA,2023,Illegal
Saint Kitts and Nevis,KNA,2024,Illegal
Saint Kitts and Nevis,KNA,2025,Illegal
Saint Lucia,LCA,2005,Illegal
Saint Lucia,LCA,2006,Illegal
Saint Lucia,LCA,2007,Illegal
Saint Lucia,LCA,2008,Illegal
Saint Lucia,LCA,2009,Illegal
Saint Lucia,LCA,2010,Illegal
Saint Lucia,LCA,2011,Illegal
Saint Lucia,LCA,2012,Illegal
Saint Lucia,LCA,2013,Illegal
Saint Lucia,LCA,2014,Illegal
Saint Lucia,LCA,2015,Illegal
Saint Lucia,LCA,2016,Illegal
Saint Lucia,LCA,2017,Illegal
Saint Lucia,LCA,2018,Illegal
Saint Lucia,LCA,2019,Illegal
Saint Lucia,LCA,2020,Illegal
Saint Lucia,LCA,2021,Illegal
Saint Lucia,LCA,2022,Illegal
Saint Lucia,LCA,2023,Illegal
Saint Lucia,LCA,2024,Illegal
Saint Lucia,LCA,2025,Legal
Saint Vincent and the Grenadines,VCT,1988,Illegal
Saint Vincent and the Grenadines,VCT,1989,Illegal
Saint Vincent and the Grenadines,VCT,1990,Illegal
Saint Vincent and the Grenadines,VCT,1991,Illegal
Saint Vincent and the Grenadines,VCT,1992,Illegal
Saint Vincent and the Grenadines,VCT,1993,Illegal
Saint Vincent and the Grenadines,VCT,1994,Illegal
Saint Vincent and the Grenadines,VCT,1995,Illegal
Saint Vincent and the Grenadines,VCT,1996,Illegal
Saint Vincent and the Grenadines,VCT,1997,Illegal
Saint Vincent and the Grenadines,VCT,1998,Illegal
Saint Vincent and the Grenadines,VCT,1999,Illegal
Saint Vincent and the Grenadines,VCT,2000,Illegal
Saint Vincent and the Grenadines,VCT,2001,Illegal
Saint Vincent and the Grenadines,VCT,2002,Illegal
Saint Vincent and the Grenadines,VCT,2003,Illegal
Saint Vincent and the Grenadines,VCT,2004,Illegal
Saint Vincent and the Grenadines,VCT,2005,Illegal
Saint Vincent and the Grenadines,VCT,2006,Illegal
Saint Vincent and the Grenadines,VCT,2007,Illegal
Saint Vincent and the Grenadines,VCT,2008,Illegal
Saint Vincent and the Grenadines,VCT,2009,Illegal
Saint Vincent and the Grenadines,VCT,2010,Illegal
Saint Vincent and the Grenadines,VCT,2011,Illegal
Saint Vincent and the Grenadines,VCT,2012,Illegal
Saint Vincent and the Grenadines,VCT,2013,Illegal
Saint Vincent and the Grenadines,VCT,2014,Illegal
Saint Vincent and the Grenadines,VCT,2015,Illegal
Saint Vincent and the Grenadines,VCT,2016,Illegal
Saint Vincent and the Grenadines,VCT,2017,Illegal
Saint Vincent and the Grenadines,VCT,2018,Illegal
Saint Vincent and the Grenadines,VCT,2019,Illegal
Saint Vincent and the Grenadines,VCT,2020,Illegal
Saint Vincent and the Grenadines,VCT,2021,Illegal
Saint Vincent and the Grenadines,VCT,2022,Illegal
Saint Vincent and the Grenadines,VCT,2023,Illegal
Saint Vincent and the Grenadines,VCT,2024,Illegal
Saint Vincent and the Grenadines,VCT,2025,Illegal
Samoa,WSM,2013,Illegal
Samoa,WSM,2014,Illegal
Samoa,WSM,2015,Illegal
Samoa,WSM,2016,Illegal
Samoa,WSM,2017,Illegal
Samoa,WSM,2018,Illegal
Samoa,WSM,2019,Illegal
Samoa,WSM,2020,Illegal
Samoa,WSM,2021,Illegal
Samoa,WSM,2022,Illegal
Samoa,WSM,2023,Illegal
Samoa,WSM,2024,Illegal
Samoa,WSM,2025,Illegal
San Marino,SMR,1865,Legal
San Marino,SMR,1866,Legal
San Marino,SMR,1867,Legal
San Marino,SMR,1868,Legal
San Marino,SMR,1869,Legal
San Marino,SMR,1870,Legal
San Marino,SMR,1871,Legal
San Marino,SMR,1872,Legal
San Marino,SMR,1873,Legal
San Marino,SMR,1874,Legal
San Marino,SMR,1875,Legal
San Marino,SMR,1876,Legal
San Marino,SMR,1877,Legal
San Marino,SMR,1878,Legal
San Marino,SMR,1879,Legal
San Marino,SMR,1880,Legal
San Marino,SMR,1881,Legal
San Marino,SMR,1882,Legal
San Marino,SMR,1883,Legal
San Marino,SMR,1884,Legal
San Marino,SMR,1885,Legal
San Marino,SMR,1886,Legal
San Marino,SMR,1887,Legal
San Marino,SMR,1888,Legal
San Marino,SMR,1889,Legal
San Marino,SMR,1890,Legal
San Marino,SMR,1891,Legal
San Marino,SMR,1892,Legal
San Marino,SMR,1893,Legal
San Marino,SMR,1894,Legal
San Marino,SMR,1895,Legal
San Marino,SMR,1896,Legal
San Marino,SMR,1897,Legal
San Marino,SMR,1898,Legal
San Marino,SMR,1899,Legal
San Marino,SMR,1900,Legal
San Marino,SMR,1901,Legal
San Marino,SMR,1902,Legal
San Marino,SMR,1903,Legal
San Marino,SMR,1904,Legal
San Marino,SMR,1905,Legal
San Marino,SMR,1906,Legal
San Marino,SMR,1907,Legal
San Marino,SMR,1908,Legal
San Marino,SMR,1909,Legal
San Marino,SMR,1910,Legal
San Marino,SMR,1911,Legal
San Marino,SMR,1912,Legal
San Marino,SMR,1913,Legal
San Marino,SMR,1914,Legal
San Marino,SMR,1915,Legal
San Marino,SMR,1916,Legal
San Marino,SMR,1917,Legal
San Marino,SMR,1918,Legal
San Marino,SMR,1919,Legal
San Marino,SMR,1920,Legal
San Marino,SMR,1921,Legal
San Marino,SMR,1922,Legal
San Marino,SMR,1923,Legal
San Marino,SMR,1924,Legal
San Marino,SMR,1925,Legal
San Marino,SMR,1926,Legal
San Marino,SMR,1927,Legal
San Marino,SMR,1928,Legal
San Marino,SMR,1929,Legal
San Marino,SMR,1930,Legal
San Marino,SMR,1931,Legal
San Marino,SMR,1932,Legal
San Marino,SMR,1933,Legal
San Marino,SMR,1934,Legal
San Marino,SMR,1935,Legal
San Marino,SMR,1936,Legal
San Marino,SMR,1937,Legal
San Marino,SMR,1938,Legal
San Marino,SMR,1939,Legal
San Marino,SMR,1940,Legal
San Marino,SMR,1941,Legal
San Marino,SMR,1942,Legal
San Marino,SMR,1943,Legal
San Marino,SMR,1944,Legal
San Marino,SMR,1945,Legal
San Marino,SMR,1946,Legal
San Marino,SMR,1947,Legal
San Marino,SMR,1948,Legal
San Marino,SMR,1949,Legal
San Marino,SMR,1950,Legal
San Marino,SMR,1951,Legal
San Marino,SMR,1952,Legal
San Marino,SMR,1953,Legal
San Marino,SMR,1954,Legal
San Marino,SMR,1955,Legal
San Marino,SMR,1956,Legal
San Marino,SMR,1957,Legal
San Marino,SMR,1958,Legal
San Marino,SMR,1959,Legal
San Marino,SMR,1960,Legal
San Marino,SMR,1961,Legal
San Marino,SMR,1962,Legal
San Marino,SMR,1963,Legal
San Marino,SMR,1964,Legal
San Marino,SMR,1965,Legal
San Marino,SMR,1966,Legal
San Marino,SMR,1967,Legal
San Marino,SMR,1968,Legal
San Marino,SMR,1969,Legal
San Marino,SMR,1970,Legal
San Marino,SMR,1971,Legal
San Marino,SMR,1972,Legal
San Marino,SMR,1973,Legal
San Marino,SMR,1974,Legal
San Marino,SMR,1975,Illegal
San Marino,SMR,1976,Illegal
San Marino,SMR,1977,Illegal
San Marino,SMR,1978,Illegal
San Marino,SMR,1979,Illegal
San Marino,SMR,1980,Illegal
San Marino,SMR,1981,Illegal
San Marino,SMR,1982,Illegal
San Marino,SMR,1983,Illegal
San Marino,SMR,1984,Illegal
San Marino,SMR,1985,Illegal
San Marino,SMR,1986,Illegal
San Marino,SMR,1987,Illegal
San Marino,SMR,1988,Illegal
San Marino,SMR,1989,Illegal
San Marino,SMR,1990,Illegal
San Marino,SMR,1991,Illegal
San Marino,SMR,1992,Illegal
San Marino,SMR,1993,Illegal
San Marino,SMR,1994,Illegal
San Marino,SMR,1995,Illegal
San Marino,SMR,1996,Illegal
San Marino,SMR,1997,Illegal
San Marino,SMR,1998,Illegal
San Marino,SMR,1999,Illegal
San Marino,SMR,2000,Illegal
San Marino,SMR,2001,Illegal
San Marino,SMR,2002,Illegal
San Marino,SMR,2003,Illegal
San Marino,SMR,2004,Legal
San Marino,SMR,2005,Legal
San Marino,SMR,2006,Legal
San Marino,SMR,2007,Legal
San Marino,SMR,2008,Legal
San Marino,SMR,2009,Legal
San Marino,SMR,2010,Legal
San Marino,SMR,2011,Legal
San Marino,SMR,2012,Legal
San Marino,SMR,2013,Legal
San Marino,SMR,2014,Legal
San Marino,SMR,2015,Legal
San Marino,SMR,2016,Legal
San Marino,SMR,2017,Legal
San Marino,SMR,2018,Legal
San Marino,SMR,2019,Legal
San Marino,SMR,2020,Legal
San Marino,SMR,2021,Legal
San Marino,SMR,2022,Legal
San Marino,SMR,2023,Legal
San Marino,SMR,2024,Legal
San Marino,SMR,2025,Legal
Sao Tome and Principe,STP,1760,Illegal
Sao Tome and Principe,STP,1761,Illegal
Sao Tome and Principe,STP,1762,Illegal
Sao Tome and Principe,STP,1763,Illegal
Sao Tome and Principe,STP,1764,Illegal
Sao Tome and Principe,STP,1765,Illegal
Sao Tome and Principe,STP,1766,Illegal
Sao Tome and Principe,STP,1767,Illegal
Sao Tome and Principe,STP,1768,Illegal
Sao Tome and Principe,STP,1769,Illegal
Sao Tome and Principe,STP,1770,Illegal
Sao Tome and Principe,STP,1771,Illegal
Sao Tome and Principe,STP,1772,Illegal
Sao Tome and Principe,STP,1773,Illegal
Sao Tome and Principe,STP,1774,Illegal
Sao Tome and Principe,STP,1775,Illegal
Sao Tome and Principe,STP,1776,Illegal
Sao Tome and Principe,STP,1777,Illegal
Sao Tome and Principe,STP,1778,Illegal
Sao Tome and Principe,STP,1779,Illegal
Sao Tome and Principe,STP,1780,Illegal
Sao Tome and Principe,STP,1781,Illegal
Sao Tome and Principe,STP,1782,Illegal
Sao Tome and Principe,STP,1783,Illegal
Sao Tome and Principe,STP,1784,Illegal
Sao Tome and Principe,STP,1785,Illegal
Sao Tome and Principe,STP,1786,Illegal
Sao Tome and Principe,STP,1787,Illegal
Sao Tome and Principe,STP,1788,Illegal
Sao Tome and Principe,STP,1789,Illegal
Sao Tome and Principe,STP,1790,Illegal
Sao Tome and Principe,STP,1791,Illegal
Sao Tome and Principe,STP,1792,Illegal
Sao Tome and Principe,STP,1793,Illegal
Sao Tome and Principe,STP,1794,Illegal
Sao Tome and Principe,STP,1795,Illegal
Sao Tome and Principe,STP,1796,Illegal
Sao Tome and Principe,STP,1797,Illegal
Sao Tome and Principe,STP,1798,Illegal
Sao Tome and Principe,STP,1799,Illegal
Sao Tome and Principe,STP,1800,Illegal
Sao Tome and Principe,STP,1801,Illegal
Sao Tome and Principe,STP,1802,Illegal
Sao Tome and Principe,STP,1803,Illegal
Sao Tome and Principe,STP,1804,Illegal
Sao Tome and Principe,STP,1805,Illegal
Sao Tome and Principe,STP,1806,Illegal
Sao Tome and Principe,STP,1807,Illegal
Sao Tome and Principe,STP,1808,Illegal
Sao Tome and Principe,STP,1809,Illegal
Sao Tome and Principe,STP,1810,Illegal
Sao Tome and Principe,STP,1811,Illegal
Sao Tome and Principe,STP,1812,Illegal
Sao Tome and Principe,STP,1813,Illegal
Sao Tome and Principe,STP,1814,Illegal
Sao Tome and Principe,STP,1815,Illegal
Sao Tome and Principe,STP,1816,Illegal
Sao Tome and Principe,STP,1817,Illegal
Sao Tome and Principe,STP,1818,Illegal
Sao Tome and Principe,STP,1819,Illegal
Sao Tome and Principe,STP,1820,Illegal
Sao Tome and Principe,STP,1821,Illegal
Sao Tome and Principe,STP,1822,Illegal
Sao Tome and Principe,STP,1823,Illegal
Sao Tome and Principe,STP,1824,Illegal
Sao Tome and Principe,STP,1825,Illegal
Sao Tome and Principe,STP,1826,Illegal
Sao Tome and Principe,STP,1827,Illegal
Sao Tome and Principe,STP,1828,Illegal
Sao Tome and Principe,STP,1829,Illegal
Sao Tome and Principe,STP,1830,Illegal
Sao Tome and Principe,STP,1831,Illegal
Sao Tome and Principe,STP,1832,Illegal
Sao Tome and Principe,STP,1833,Illegal
Sao Tome and Principe,STP,1834,Illegal
Sao Tome and Principe,STP,1835,Illegal
Sao Tome and Principe,STP,1836,Illegal
Sao Tome and Principe,STP,1837,Illegal
Sao Tome and Principe,STP,1838,Illegal
Sao Tome and Principe,STP,1839,Illegal
Sao Tome and Principe,STP,1840,Illegal
Sao Tome and Principe,STP,1841,Illegal
Sao Tome and Principe,STP,1842,Illegal
Sao Tome and Principe,STP,1843,Illegal
Sao Tome and Principe,STP,1844,Illegal
Sao Tome and Principe,STP,1845,Illegal
Sao Tome and Principe,STP,1846,Illegal
Sao Tome and Principe,STP,1847,Illegal
Sao Tome and Principe,STP,1848,Illegal
Sao Tome and Principe,STP,1849,Illegal
Sao Tome and Principe,STP,1850,Illegal
Sao Tome and Principe,STP,1851,Illegal
Sao Tome and Principe,STP,1852,Illegal
Sao Tome and Principe,STP,1853,Illegal
Sao Tome and Principe,STP,1854,Illegal
Sao Tome and Principe,STP,1855,Illegal
Sao Tome and Principe,STP,1856,Illegal
Sao Tome and Principe,STP,1857,Illegal
Sao Tome and Principe,STP,1858,Illegal
Sao Tome and Principe,STP,1859,Illegal
Sao Tome and Principe,STP,1860,Illegal
Sao Tome and Principe,STP,1861,Illegal
Sao Tome and Principe,STP,1862,Illegal
Sao Tome and Principe,STP,1863,Illegal
Sao Tome and Principe,STP,1864,Illegal
Sao Tome and Principe,STP,1865,Illegal
Sao Tome and Principe,STP,1866,Illegal
Sao Tome and Principe,STP,1867,Illegal
Sao Tome and Principe,STP,1868,Illegal
Sao Tome and Principe,STP,1869,Illegal
Sao Tome and Principe,STP,1870,Illegal
Sao Tome and Principe,STP,1871,Illegal
Sao Tome and Principe,STP,1872,Illegal
Sao Tome and Principe,STP,1873,Illegal
Sao Tome and Principe,STP,1874,Illegal
Sao Tome and Principe,STP,1875,Illegal
Sao Tome and Principe,STP,1876,Illegal
Sao Tome and Principe,STP,1877,Illegal
Sao Tome and Principe,STP,1878,Illegal
Sao Tome and Principe,STP,1879,Illegal
Sao Tome and Principe,STP,1880,Illegal
Sao Tome and Principe,STP,1881,Illegal
Sao Tome and Principe,STP,1882,Illegal
Sao Tome and Principe,STP,1883,Illegal
Sao Tome and Principe,STP,1884,Illegal
Sao Tome and Principe,STP,1885,Illegal
Sao Tome and Principe,STP,1886,Illegal
Sao Tome and Principe,STP,1887,Illegal
Sao Tome and Principe,STP,1888,Illegal
Sao Tome and Principe,STP,1889,Illegal
Sao Tome and Principe,STP,1890,Illegal
Sao Tome and Principe,STP,1891,Illegal
Sao Tome and Principe,STP,1892,Illegal
Sao Tome and Principe,STP,1893,Illegal
Sao Tome and Principe,STP,1894,Illegal
Sao Tome and Principe,STP,1895,Illegal
Sao Tome and Principe,STP,1896,Illegal
Sao Tome and Principe,STP,1897,Illegal
Sao Tome and Principe,STP,1898,Illegal
Sao Tome and Principe,STP,1899,Illegal
Sao Tome and Principe,STP,1900,Illegal
Sao Tome and Principe,STP,1901,Illegal
Sao Tome and Principe,STP,1902,Illegal
Sao Tome and Principe,STP,1903,Illegal
Sao Tome and Principe,STP,1904,Illegal
Sao Tome and Principe,STP,1905,Illegal
Sao Tome and Principe,STP,1906,Illegal
Sao Tome and Principe,STP,1907,Illegal
Sao Tome and Principe,STP,1908,Illegal
Sao Tome and Principe,STP,1909,Illegal
Sao Tome and Principe,STP,1910,Illegal
Sao Tome and Principe,STP,1911,Illegal
Sao Tome and Principe,STP,1912,Illegal
Sao Tome and Principe,STP,1913,Illegal
Sao Tome and Principe,STP,1914,Illegal
Sao Tome and Principe,STP,1915,Illegal
Sao Tome and Principe,STP,1916,Illegal
Sao Tome and Principe,STP,1917,Illegal
Sao Tome and Principe,STP,1918,Illegal
Sao Tome and Principe,STP,1919,Illegal
Sao Tome and Principe,STP,1920,Illegal
Sao Tome and Principe,STP,1921,Illegal
Sao Tome and Principe,STP,1922,Illegal
Sao Tome and Principe,STP,1923,Illegal
Sao Tome and Principe,STP,1924,Illegal
Sao Tome and Principe,STP,1925,Illegal
Sao Tome and Principe,STP,1926,Illegal
Sao Tome and Principe,STP,1927,Illegal
Sao Tome and Principe,STP,1928,Illegal
Sao Tome and Principe,STP,1929,Illegal
Sao Tome and Principe,STP,1930,Illegal
Sao Tome and Principe,STP,1931,Illegal
Sao Tome and Principe,STP,1932,Illegal
Sao Tome and Principe,STP,1933,Illegal
Sao Tome and Principe,STP,1934,Illegal
Sao Tome and Principe,STP,1935,Illegal
Sao Tome and Principe,STP,1936,Illegal
Sao Tome and Principe,STP,1937,Illegal
Sao Tome and Principe,STP,1938,Illegal
Sao Tome and Principe,STP,1939,Illegal
Sao Tome and Principe,STP,1940,Illegal
Sao Tome and Principe,STP,1941,Illegal
Sao Tome and Principe,STP,1942,Illegal
Sao Tome and Principe,STP,1943,Illegal
Sao Tome and Principe,STP,1944,Illegal
Sao Tome and Principe,STP,1945,Illegal
Sao Tome and Principe,STP,1946,Illegal
Sao Tome and Principe,STP,1947,Illegal
Sao Tome and Principe,STP,1948,Illegal
Sao Tome and Principe,STP,1949,Illegal
Sao Tome and Principe,STP,1950,Illegal
Sao Tome and Principe,STP,1951,Illegal
Sao Tome and Principe,STP,1952,Illegal
Sao Tome and Principe,STP,1953,Illegal
Sao Tome and Principe,STP,1954,Illegal
Sao Tome and Principe,STP,1955,Illegal
Sao Tome and Principe,STP,1956,Illegal
Sao Tome and Principe,STP,1957,Illegal
Sao Tome and Principe,STP,1958,Illegal
Sao Tome and Principe,STP,1959,Illegal
Sao Tome and Principe,STP,1960,Illegal
Sao Tome and Principe,STP,1961,Illegal
Sao Tome and Principe,STP,1962,Illegal
Sao Tome and Principe,STP,1963,Illegal
Sao Tome and Principe,STP,1964,Illegal
Sao Tome and Principe,STP,1965,Illegal
Sao Tome and Principe,STP,1966,Illegal
Sao Tome and Principe,STP,1967,Illegal
Sao Tome and Principe,STP,1968,Illegal
Sao Tome and Principe,STP,1969,Illegal
Sao Tome and Principe,STP,1970,Illegal
Sao Tome and Principe,STP,1971,Illegal
Sao Tome and Principe,STP,1972,Illegal
Sao Tome and Principe,STP,1973,Illegal
Sao Tome and Principe,STP,1974,Illegal
Sao Tome and Principe,STP,1975,Illegal
Sao Tome and Principe,STP,1976,Illegal
Sao Tome and Principe,STP,1977,Illegal
Sao Tome and Principe,STP,1978,Illegal
Sao Tome and Principe,STP,1979,Illegal
Sao Tome and Principe,STP,1980,Illegal
Sao Tome and Principe,STP,1981,Illegal
Sao Tome and Principe,STP,1982,Illegal
Sao Tome and Principe,STP,1983,Illegal
Sao Tome and Principe,STP,1984,Illegal
Sao Tome and Principe,STP,1985,Illegal
Sao Tome and Principe,STP,1986,Illegal
Sao Tome and Principe,STP,1987,Illegal
Sao Tome and Principe,STP,1988,Illegal
Sao Tome and Principe,STP,1989,Illegal
Sao Tome and Principe,STP,1990,Illegal
Sao Tome and Principe,STP,1991,Illegal
Sao Tome and Principe,STP,1992,Illegal
Sao Tome and Principe,STP,1993,Illegal
Sao Tome and Principe,STP,1994,Illegal
Sao Tome and Principe,STP,1995,Illegal
Sao Tome and Principe,STP,1996,Illegal
Sao Tome and Principe,STP,1997,Illegal
Sao Tome and Principe,STP,1998,Illegal
Sao Tome and Principe,STP,1999,Illegal
Sao Tome and Principe,STP,2000,Illegal
Sao Tome and Principe,STP,2001,Illegal
Sao Tome and Principe,STP,2002,Illegal
Sao Tome and Principe,STP,2003,Illegal
Sao Tome and Principe,STP,2004,Illegal
Sao Tome and Principe,STP,2005,Illegal
Sao Tome and Principe,STP,2006,Illegal
Sao Tome and Principe,STP,2007,Illegal
Sao Tome and Principe,STP,2008,Illegal
Sao Tome and Principe,STP,2009,Illegal
Sao Tome and Principe,STP,2010,Illegal
Sao Tome and Principe,STP,2011,Illegal
Sao Tome and Principe,STP,2012,Legal
Sao Tome and Principe,STP,2013,Legal
Sao Tome and Principe,STP,2014,Legal
Sao Tome and Principe,STP,2015,Legal
Sao Tome and Principe,STP,2016,Legal
Sao Tome and Principe,STP,2017,Legal
Sao Tome and Principe,STP,2018,Legal
Sao Tome and Principe,STP,2019,Legal
Sao Tome and Principe,STP,2020,Legal
Sao Tome and Principe,STP,2021,Legal
Sao Tome and Principe,STP,2022,Legal
Sao Tome and Principe,STP,2023,Legal
Sao Tome and Principe,STP,2024,Legal
Sao Tome and Principe,STP,2025,Legal
Saudi Arabia,SAU,1928,Illegal
Saudi Arabia,SAU,1929,Illegal
Saudi Arabia,SAU,1930,Illegal
Saudi Arabia,SAU,1931,Illegal
Saudi Arabia,SAU,1932,Illegal
Saudi Arabia,SAU,1933,Illegal
Saudi Arabia,SAU,1934,Illegal
Saudi Arabia,SAU,1935,Illegal
Saudi Arabia,SAU,1936,Illegal
Saudi Arabia,SAU,1937,Illegal
Saudi Arabia,SAU,1938,Illegal
Saudi Arabia,SAU,1939,Illegal
Saudi Arabia,SAU,1940,Illegal
Saudi Arabia,SAU,1941,Illegal
Saudi Arabia,SAU,1942,Illegal
Saudi Arabia,SAU,1943,Illegal
Saudi Arabia,SAU,1944,Illegal
Saudi Arabia,SAU,1945,Illegal
Saudi Arabia,SAU,1946,Illegal
Saudi Arabia,SAU,1947,Illegal
Saudi Arabia,SAU,1948,Illegal
Saudi Arabia,SAU,1949,Illegal
Saudi Arabia,SAU,1950,Illegal
Saudi Arabia,SAU,1951,Illegal
Saudi Arabia,SAU,1952,Illegal
Saudi Arabia,SAU,1953,Illegal
Saudi Arabia,SAU,1954,Illegal
Saudi Arabia,SAU,1955,Illegal
Saudi Arabia,SAU,1956,Illegal
Saudi Arabia,SAU,1957,Illegal
Saudi Arabia,SAU,1958,Illegal
Saudi Arabia,SAU,1959,Illegal
Saudi Arabia,SAU,1960,Illegal
Saudi Arabia,SAU,1961,Illegal
Saudi Arabia,SAU,1962,Illegal
Saudi Arabia,SAU,1963,Illegal
Saudi Arabia,SAU,1964,Illegal
Saudi Arabia,SAU,1965,Illegal
Saudi Arabia,SAU,1966,Illegal
Saudi Arabia,SAU,1967,Illegal
Saudi Arabia,SAU,1968,Illegal
Saudi Arabia,SAU,1969,Illegal
Saudi Arabia,SAU,1970,Illegal
Saudi Arabia,SAU,1971,Illegal
Saudi Arabia,SAU,1972,Illegal
Saudi Arabia,SAU,1973,Illegal
Saudi Arabia,SAU,1974,Illegal
Saudi Arabia,SAU,1975,Illegal
Saudi Arabia,SAU,1976,Illegal
Saudi Arabia,SAU,1977,Illegal
Saudi Arabia,SAU,1978,Illegal
Saudi Arabia,SAU,1979,Illegal
Saudi Arabia,SAU,1980,Illegal
Saudi Arabia,SAU,1981,Illegal
Saudi Arabia,SAU,1982,Illegal
Saudi Arabia,SAU,1983,Illegal
Saudi Arabia,SAU,1984,Illegal
Saudi Arabia,SAU,1985,Illegal
Saudi Arabia,SAU,1986,Illegal
Saudi Arabia,SAU,1987,Illegal
Saudi Arabia,SAU,1988,Illegal
Saudi Arabia,SAU,1989,Illegal
Saudi Arabia,SAU,1990,Illegal
Saudi Arabia,SAU,1991,Illegal
Saudi Arabia,SAU,1992,Illegal
Saudi Arabia,SAU,1993,Illegal
Saudi Arabia,SAU,1994,Illegal
Saudi Arabia,SAU,1995,Illegal
Saudi Arabia,SAU,1996,Illegal
Saudi Arabia,SAU,1997,Illegal
Saudi Arabia,SAU,1998,Illegal
Saudi Arabia,SAU,1999,Illegal
Saudi Arabia,SAU,2000,Illegal
Saudi Arabia,SAU,2001,Illegal
Saudi Arabia,SAU,2002,Illegal
Saudi Arabia,SAU,2003,Illegal
Saudi Arabia,SAU,2004,Illegal
Saudi Arabia,SAU,2005,Illegal
Saudi Arabia,SAU,2006,Illegal
Saudi Arabia,SAU,2007,Illegal
Saudi Arabia,SAU,2008,Illegal
Saudi Arabia,SAU,2009,Illegal
Saudi Arabia,SAU,2010,Illegal
Saudi Arabia,SAU,2011,Illegal
Saudi Arabia,SAU,2012,Illegal
Saudi Arabia,SAU,2013,Illegal
Saudi Arabia,SAU,2014,Illegal
Saudi Arabia,SAU,2015,Illegal
Saudi Arabia,SAU,2016,Illegal
Saudi Arabia,SAU,2017,Illegal
Saudi Arabia,SAU,2018,Illegal
Saudi Arabia,SAU,2019,Illegal
Saudi Arabia,SAU,2020,Illegal
Saudi Arabia,SAU,2021,Illegal
Saudi Arabia,SAU,2022,Illegal
Saudi Arabia,SAU,2023,Illegal
Saudi Arabia,SAU,2024,Illegal
Saudi Arabia,SAU,2025,Illegal
Senegal,SEN,1877,Legal
Senegal,SEN,1878,Legal
Senegal,SEN,1879,Legal
Senegal,SEN,1880,Legal
Senegal,SEN,1881,Legal
Senegal,SEN,1882,Legal
Senegal,SEN,1883,Legal
Senegal,SEN,1884,Legal
Senegal,SEN,1885,Legal
Senegal,SEN,1886,Legal
Senegal,SEN,1887,Legal
Senegal,SEN,1888,Legal
Senegal,SEN,1889,Legal
Senegal,SEN,1890,Legal
Senegal,SEN,1891,Legal
Senegal,SEN,1892,Legal
Senegal,SEN,1893,Legal
Senegal,SEN,1894,Legal
Senegal,SEN,1895,Legal
Senegal,SEN,1896,Legal
Senegal,SEN,1897,Legal
Senegal,SEN,1898,Legal
Senegal,SEN,1899,Legal
Senegal,SEN,1900,Legal
Senegal,SEN,1901,Legal
Senegal,SEN,1902,Legal
Senegal,SEN,1903,Legal
Senegal,SEN,1904,Legal
Senegal,SEN,1905,Legal
Senegal,SEN,1906,Legal
Senegal,SEN,1907,Legal
Senegal,SEN,1908,Legal
Senegal,SEN,1909,Legal
Senegal,SEN,1910,Legal
Senegal,SEN,1911,Legal
Senegal,SEN,1912,Legal
Senegal,SEN,1913,Legal
Senegal,SEN,1914,Legal
Senegal,SEN,1915,Legal
Senegal,SEN,1916,Legal
Senegal,SEN,1917,Legal
Senegal,SEN,1918,Legal
Senegal,SEN,1919,Legal
Senegal,SEN,1920,Legal
Senegal,SEN,1921,Legal
Senegal,SEN,1922,Legal
Senegal,SEN,1923,Legal
Senegal,SEN,1924,Legal
Senegal,SEN,1925,Legal
Senegal,SEN,1926,Legal
Senegal,SEN,1927,Legal
Senegal,SEN,1928,Legal
Senegal,SEN,1929,Legal
Senegal,SEN,1930,Legal
Senegal,SEN,1931,Legal
Senegal,SEN,1932,Legal
Senegal,SEN,1933,Legal
Senegal,SEN,1934,Legal
Senegal,SEN,1935,Legal
Senegal,SEN,1936,Legal
Senegal,SEN,1937,Legal
Senegal,SEN,1938,Legal
Senegal,SEN,1939,Legal
Senegal,SEN,1940,Legal
Senegal,SEN,1941,Legal
Senegal,SEN,1942,Legal
Senegal,SEN,1943,Legal
Senegal,SEN,1944,Legal
Senegal,SEN,1945,Legal
Senegal,SEN,1946,Legal
Senegal,SEN,1947,Legal
Senegal,SEN,1948,Legal
Senegal,SEN,1949,Legal
Senegal,SEN,1950,Legal
Senegal,SEN,1951,Legal
Senegal,SEN,1952,Legal
Senegal,SEN,1953,Legal
Senegal,SEN,1954,Legal
Senegal,SEN,1955,Legal
Senegal,SEN,1956,Legal
Senegal,SEN,1957,Legal
Senegal,SEN,1958,Legal
Senegal,SEN,1959,Legal
Senegal,SEN,1960,Legal
Senegal,SEN,1961,Legal
Senegal,SEN,1962,Legal
Senegal,SEN,1963,Legal
Senegal,SEN,1964,Legal
Senegal,SEN,1965,Legal
Senegal,SEN,1966,Illegal
Senegal,SEN,1967,Illegal
Senegal,SEN,1968,Illegal
Senegal,SEN,1969,Illegal
Senegal,SEN,1970,Illegal
Senegal,SEN,1971,Illegal
Senegal,SEN,1972,Illegal
Senegal,SEN,1973,Illegal
Senegal,SEN,1974,Illegal
Senegal,SEN,1975,Illegal
Senegal,SEN,1976,Illegal
Senegal,SEN,1977,Illegal
Senegal,SEN,1978,Illegal
Senegal,SEN,1979,Illegal
Senegal,SEN,1980,Illegal
Senegal,SEN,1981,Illegal
Senegal,SEN,1982,Illegal
Senegal,SEN,1983,Illegal
Senegal,SEN,1984,Illegal
Senegal,SEN,1985,Illegal
Senegal,SEN,1986,Illegal
Senegal,SEN,1987,Illegal
Senegal,SEN,1988,Illegal
Senegal,SEN,1989,Illegal
Senegal,SEN,1990,Illegal
Senegal,SEN,1991,Illegal
Senegal,SEN,1992,Illegal
Senegal,SEN,1993,Illegal
Senegal,SEN,1994,Illegal
Senegal,SEN,1995,Illegal
Senegal,SEN,1996,Illegal
Senegal,SEN,1997,Illegal
Senegal,SEN,1998,Illegal
Senegal,SEN,1999,Illegal
Senegal,SEN,2000,Illegal
Senegal,SEN,2001,Illegal
Senegal,SEN,2002,Illegal
Senegal,SEN,2003,Illegal
Senegal,SEN,2004,Illegal
Senegal,SEN,2005,Illegal
Senegal,SEN,2006,Illegal
Senegal,SEN,2007,Illegal
Senegal,SEN,2008,Illegal
Senegal,SEN,2009,Illegal
Senegal,SEN,2010,Illegal
Senegal,SEN,2011,Illegal
Senegal,SEN,2012,Illegal
Senegal,SEN,2013,Illegal
Senegal,SEN,2014,Illegal
Senegal,SEN,2015,Illegal
Senegal,SEN,2016,Illegal
Senegal,SEN,2017,Illegal
Senegal,SEN,2018,Illegal
Senegal,SEN,2019,Illegal
Senegal,SEN,2020,Illegal
Senegal,SEN,2021,Illegal
Senegal,SEN,2022,Illegal
Senegal,SEN,2023,Illegal
Senegal,SEN,2024,Illegal
Senegal,SEN,2025,Illegal
Serbia,SRB,1760,Illegal
Serbia,SRB,1761,Illegal
Serbia,SRB,1762,Illegal
Serbia,SRB,1763,Illegal
Serbia,SRB,1764,Illegal
Serbia,SRB,1765,Illegal
Serbia,SRB,1766,Illegal
Serbia,SRB,1767,Illegal
Serbia,SRB,1768,Illegal
Serbia,SRB,1769,Illegal
Serbia,SRB,1770,Illegal
Serbia,SRB,1771,Illegal
Serbia,SRB,1772,Illegal
Serbia,SRB,1773,Illegal
Serbia,SRB,1774,Illegal
Serbia,SRB,1775,Illegal
Serbia,SRB,1776,Illegal
Serbia,SRB,1777,Illegal
Serbia,SRB,1778,Illegal
Serbia,SRB,1779,Illegal
Serbia,SRB,1780,Illegal
Serbia,SRB,1781,Illegal
Serbia,SRB,1782,Illegal
Serbia,SRB,1783,Illegal
Serbia,SRB,1784,Illegal
Serbia,SRB,1785,Illegal
Serbia,SRB,1786,Illegal
Serbia,SRB,1787,Illegal
Serbia,SRB,1788,Illegal
Serbia,SRB,1789,Illegal
Serbia,SRB,1790,Illegal
Serbia,SRB,1791,Illegal
Serbia,SRB,1792,Illegal
Serbia,SRB,1793,Illegal
Serbia,SRB,1794,Illegal
Serbia,SRB,1795,Illegal
Serbia,SRB,1796,Illegal
Serbia,SRB,1797,Illegal
Serbia,SRB,1798,Illegal
Serbia,SRB,1799,Illegal
Serbia,SRB,1800,Illegal
Serbia,SRB,1801,Illegal
Serbia,SRB,1802,Illegal
Serbia,SRB,1803,Illegal
Serbia,SRB,1804,Illegal
Serbia,SRB,1805,Illegal
Serbia,SRB,1806,Illegal
Serbia,SRB,1807,Illegal
Serbia,SRB,1808,Illegal
Serbia,SRB,1809,Illegal
Serbia,SRB,1810,Illegal
Serbia,SRB,1811,Illegal
Serbia,SRB,1812,Illegal
Serbia,SRB,1813,Illegal
Serbia,SRB,1814,Illegal
Serbia,SRB,1815,Illegal
Serbia,SRB,1816,Illegal
Serbia,SRB,1817,Illegal
Serbia,SRB,1818,Illegal
Serbia,SRB,1819,Illegal
Serbia,SRB,1820,Illegal
Serbia,SRB,1821,Illegal
Serbia,SRB,1822,Illegal
Serbia,SRB,1823,Illegal
Serbia,SRB,1824,Illegal
Serbia,SRB,1825,Illegal
Serbia,SRB,1826,Illegal
Serbia,SRB,1827,Illegal
Serbia,SRB,1828,Illegal
Serbia,SRB,1829,Illegal
Serbia,SRB,1830,Illegal
Serbia,SRB,1831,Illegal
Serbia,SRB,1832,Illegal
Serbia,SRB,1833,Illegal
Serbia,SRB,1834,Illegal
Serbia,SRB,1835,Illegal
Serbia,SRB,1836,Illegal
Serbia,SRB,1837,Illegal
Serbia,SRB,1838,Illegal
Serbia,SRB,1839,Illegal
Serbia,SRB,1840,Illegal
Serbia,SRB,1841,Illegal
Serbia,SRB,1842,Illegal
Serbia,SRB,1843,Illegal
Serbia,SRB,1844,Illegal
Serbia,SRB,1845,Illegal
Serbia,SRB,1846,Illegal
Serbia,SRB,1847,Illegal
Serbia,SRB,1848,Illegal
Serbia,SRB,1849,Illegal
Serbia,SRB,1850,Illegal
Serbia,SRB,1851,Illegal
Serbia,SRB,1852,Illegal
Serbia,SRB,1853,Illegal
Serbia,SRB,1854,Illegal
Serbia,SRB,1855,Illegal
Serbia,SRB,1856,Illegal
Serbia,SRB,1857,Illegal
Serbia,SRB,1858,Legal
Serbia,SRB,1859,Legal
Serbia,SRB,1860,Illegal
Serbia,SRB,1861,Illegal
Serbia,SRB,1862,Illegal
Serbia,SRB,1863,Illegal
Serbia,SRB,1864,Illegal
Serbia,SRB,1865,Illegal
Serbia,SRB,1866,Illegal
Serbia,SRB,1867,Illegal
Serbia,SRB,1868,Illegal
Serbia,SRB,1869,Illegal
Serbia,SRB,1870,Illegal
Serbia,SRB,1871,Illegal
Serbia,SRB,1872,Illegal
Serbia,SRB,1873,Illegal
Serbia,SRB,1874,Illegal
Serbia,SRB,1875,Illegal
Serbia,SRB,1876,Illegal
Serbia,SRB,1877,Illegal
Serbia,SRB,1878,Illegal
Serbia,SRB,1879,Illegal
Serbia,SRB,1880,Illegal
Serbia,SRB,1881,Illegal
Serbia,SRB,1882,Illegal
Serbia,SRB,1883,Illegal
Serbia,SRB,1884,Illegal
Serbia,SRB,1885,Illegal
Serbia,SRB,1886,Illegal
Serbia,SRB,1887,Illegal
Serbia,SRB,1888,Illegal
Serbia,SRB,1889,Illegal
Serbia,SRB,1890,Illegal
Serbia,SRB,1891,Illegal
Serbia,SRB,1892,Illegal
Serbia,SRB,1893,Illegal
Serbia,SRB,1894,Illegal
Serbia,SRB,1895,Illegal
Serbia,SRB,1896,Illegal
Serbia,SRB,1897,Illegal
Serbia,SRB,1898,Illegal
Serbia,SRB,1899,Illegal
Serbia,SRB,1900,Illegal
Serbia,SRB,1901,Illegal
Serbia,SRB,1902,Illegal
Serbia,SRB,1903,Illegal
Serbia,SRB,1904,Illegal
Serbia,SRB,1905,Illegal
Serbia,SRB,1906,Illegal
Serbia,SRB,1907,Illegal
Serbia,SRB,1908,Illegal
Serbia,SRB,1909,Illegal
Serbia,SRB,1910,Illegal
Serbia,SRB,1911,Illegal
Serbia,SRB,1912,Illegal
Serbia,SRB,1913,Illegal
Serbia,SRB,1914,Illegal
Serbia,SRB,1915,Illegal
Serbia,SRB,1916,Illegal
Serbia,SRB,1917,Illegal
Serbia,SRB,1918,Illegal
Serbia,SRB,1919,Illegal
Serbia,SRB,1920,Illegal
Serbia,SRB,1921,Illegal
Serbia,SRB,1922,Illegal
Serbia,SRB,1923,Illegal
Serbia,SRB,1924,Illegal
Serbia,SRB,1925,Illegal
Serbia,SRB,1926,Illegal
Serbia,SRB,1927,Illegal
Serbia,SRB,1928,Illegal
Serbia,SRB,1929,Illegal
Serbia,SRB,1930,Illegal
Serbia,SRB,1931,Illegal
Serbia,SRB,1932,Illegal
Serbia,SRB,1933,Illegal
Serbia,SRB,1934,Illegal
Serbia,SRB,1935,Illegal
Serbia,SRB,1936,Illegal
Serbia,SRB,1937,Illegal
Serbia,SRB,1938,Illegal
Serbia,SRB,1939,Illegal
Serbia,SRB,1940,Illegal
Serbia,SRB,1941,Illegal
Serbia,SRB,1942,Illegal
Serbia,SRB,1943,Illegal
Serbia,SRB,1944,Illegal
Serbia,SRB,1945,Illegal
Serbia,SRB,1946,Illegal
Serbia,SRB,1947,Illegal
Serbia,SRB,1948,Illegal
Serbia,SRB,1949,Illegal
Serbia,SRB,1950,Illegal
Serbia,SRB,1951,Illegal
Serbia,SRB,1952,Illegal
Serbia,SRB,1953,Illegal
Serbia,SRB,1954,Illegal
Serbia,SRB,1955,Illegal
Serbia,SRB,1956,Illegal
Serbia,SRB,1957,Illegal
Serbia,SRB,1958,Illegal
Serbia,SRB,1959,Illegal
Serbia,SRB,1960,Illegal
Serbia,SRB,1961,Illegal
Serbia,SRB,1962,Illegal
Serbia,SRB,1963,Illegal
Serbia,SRB,1964,Illegal
Serbia,SRB,1965,Illegal
Serbia,SRB,1966,Illegal
Serbia,SRB,1967,Illegal
Serbia,SRB,1968,Illegal
Serbia,SRB,1969,Illegal
Serbia,SRB,1970,Illegal
Serbia,SRB,1971,Illegal
Serbia,SRB,1972,Illegal
Serbia,SRB,1973,Illegal
Serbia,SRB,1974,Illegal
Serbia,SRB,1975,Illegal
Serbia,SRB,1976,Illegal
Serbia,SRB,1977,Illegal
Serbia,SRB,1978,Illegal
Serbia,SRB,1979,Illegal
Serbia,SRB,1980,Illegal
Serbia,SRB,1981,Illegal
Serbia,SRB,1982,Illegal
Serbia,SRB,1983,Illegal
Serbia,SRB,1984,Illegal
Serbia,SRB,1985,Illegal
Serbia,SRB,1986,Illegal
Serbia,SRB,1987,Illegal
Serbia,SRB,1988,Illegal
Serbia,SRB,1989,Illegal
Serbia,SRB,1990,Illegal
Serbia,SRB,1991,Illegal
Serbia,SRB,1992,Illegal
Serbia,SRB,1993,Illegal
Serbia,SRB,1994,Legal
Serbia,SRB,1995,Legal
Serbia,SRB,1996,Legal
Serbia,SRB,1997,Legal
Serbia,SRB,1998,Legal
Serbia,SRB,1999,Legal
Serbia,SRB,2000,Legal
Serbia,SRB,2001,Legal
Serbia,SRB,2002,Legal
Serbia,SRB,2003,Legal
Serbia,SRB,2004,Legal
Serbia,SRB,2005,Legal
Serbia,SRB,2006,Legal
Serbia,SRB,2007,Legal
Serbia,SRB,2008,Legal
Serbia,SRB,2009,Legal
Serbia,SRB,2010,Legal
Serbia,SRB,2011,Legal
Serbia,SRB,2012,Legal
Serbia,SRB,2013,Legal
Serbia,SRB,2014,Legal
Serbia,SRB,2015,Legal
Serbia,SRB,2016,Legal
Serbia,SRB,2017,Legal
Serbia,SRB,2018,Legal
Serbia,SRB,2019,Legal
Serbia,SRB,2020,Legal
Serbia,SRB,2021,Legal
Serbia,SRB,2022,Legal
Serbia,SRB,2023,Legal
Serbia,SRB,2024,Legal
Serbia,SRB,2025,Legal
Seychelles,SYC,1955,Illegal
Seychelles,SYC,1956,Illegal
Seychelles,SYC,1957,Illegal
Seychelles,SYC,1958,Illegal
Seychelles,SYC,1959,Illegal
Seychelles,SYC,1960,Illegal
Seychelles,SYC,1961,Illegal
Seychelles,SYC,1962,Illegal
Seychelles,SYC,1963,Illegal
Seychelles,SYC,1964,Illegal
Seychelles,SYC,1965,Illegal
Seychelles,SYC,1966,Illegal
Seychelles,SYC,1967,Illegal
Seychelles,SYC,1968,Illegal
Seychelles,SYC,1969,Illegal
Seychelles,SYC,1970,Illegal
Seychelles,SYC,1971,Illegal
Seychelles,SYC,1972,Illegal
Seychelles,SYC,1973,Illegal
Seychelles,SYC,1974,Illegal
Seychelles,SYC,1975,Illegal
Seychelles,SYC,1976,Illegal
Seychelles,SYC,1977,Illegal
Seychelles,SYC,1978,Illegal
Seychelles,SYC,1979,Illegal
Seychelles,SYC,1980,Illegal
Seychelles,SYC,1981,Illegal
Seychelles,SYC,1982,Illegal
Seychelles,SYC,1983,Illegal
Seychelles,SYC,1984,Illegal
Seychelles,SYC,1985,Illegal
Seychelles,SYC,1986,Illegal
Seychelles,SYC,1987,Illegal
Seychelles,SYC,1988,Illegal
Seychelles,SYC,1989,Illegal
Seychelles,SYC,1990,Illegal
Seychelles,SYC,1991,Illegal
Seychelles,SYC,1992,Illegal
Seychelles,SYC,1993,Illegal
Seychelles,SYC,1994,Illegal
Seychelles,SYC,1995,Illegal
Seychelles,SYC,1996,Illegal
Seychelles,SYC,1997,Illegal
Seychelles,SYC,1998,Illegal
Seychelles,SYC,1999,Illegal
Seychelles,SYC,2000,Illegal
Seychelles,SYC,2001,Illegal
Seychelles,SYC,2002,Illegal
Seychelles,SYC,2003,Illegal
Seychelles,SYC,2004,Illegal
Seychelles,SYC,2005,Illegal
Seychelles,SYC,2006,Illegal
Seychelles,SYC,2007,Illegal
Seychelles,SYC,2008,Illegal
Seychelles,SYC,2009,Illegal
Seychelles,SYC,2010,Illegal
Seychelles,SYC,2011,Illegal
Seychelles,SYC,2012,Illegal
Seychelles,SYC,2013,Illegal
Seychelles,SYC,2014,Illegal
Seychelles,SYC,2015,Illegal
Seychelles,SYC,2016,Legal
Seychelles,SYC,2017,Legal
Seychelles,SYC,2018,Legal
Seychelles,SYC,2019,Legal
Seychelles,SYC,2020,Legal
Seychelles,SYC,2021,Legal
Seychelles,SYC,2022,Legal
Seychelles,SYC,2023,Legal
Seychelles,SYC,2024,Legal
Seychelles,SYC,2025,Legal
Sierra Leone,SLE,1861,Illegal
Sierra Leone,SLE,1862,Illegal
Sierra Leone,SLE,1863,Illegal
Sierra Leone,SLE,1864,Illegal
Sierra Leone,SLE,1865,Illegal
Sierra Leone,SLE,1866,Illegal
Sierra Leone,SLE,1867,Illegal
Sierra Leone,SLE,1868,Illegal
Sierra Leone,SLE,1869,Illegal
Sierra Leone,SLE,1870,Illegal
Sierra Leone,SLE,1871,Illegal
Sierra Leone,SLE,1872,Illegal
Sierra Leone,SLE,1873,Illegal
Sierra Leone,SLE,1874,Illegal
Sierra Leone,SLE,1875,Illegal
Sierra Leone,SLE,1876,Illegal
Sierra Leone,SLE,1877,Illegal
Sierra Leone,SLE,1878,Illegal
Sierra Leone,SLE,1879,Illegal
Sierra Leone,SLE,1880,Illegal
Sierra Leone,SLE,1881,Illegal
Sierra Leone,SLE,1882,Illegal
Sierra Leone,SLE,1883,Illegal
Sierra Leone,SLE,1884,Illegal
Sierra Leone,SLE,1885,Illegal
Sierra Leone,SLE,1886,Illegal
Sierra Leone,SLE,1887,Illegal
Sierra Leone,SLE,1888,Illegal
Sierra Leone,SLE,1889,Illegal
Sierra Leone,SLE,1890,Illegal
Sierra Leone,SLE,1891,Illegal
Sierra Leone,SLE,1892,Illegal
Sierra Leone,SLE,1893,Illegal
Sierra Leone,SLE,1894,Illegal
Sierra Leone,SLE,1895,Illegal
Sierra Leone,SLE,1896,Illegal
Sierra Leone,SLE,1897,Illegal
Sierra Leone,SLE,1898,Illegal
Sierra Leone,SLE,1899,Illegal
Sierra Leone,SLE,1900,Illegal
Sierra Leone,SLE,1901,Illegal
Sierra Leone,SLE,1902,Illegal
Sierra Leone,SLE,1903,Illegal
Sierra Leone,SLE,1904,Illegal
Sierra Leone,SLE,1905,Illegal
Sierra Leone,SLE,1906,Illegal
Sierra Leone,SLE,1907,Illegal
Sierra Leone,SLE,1908,Illegal
Sierra Leone,SLE,1909,Illegal
Sierra Leone,SLE,1910,Illegal
Sierra Leone,SLE,1911,Illegal
Sierra Leone,SLE,1912,Illegal
Sierra Leone,SLE,1913,Illegal
Sierra Leone,SLE,1914,Illegal
Sierra Leone,SLE,1915,Illegal
Sierra Leone,SLE,1916,Illegal
Sierra Leone,SLE,1917,Illegal
Sierra Leone,SLE,1918,Illegal
Sierra Leone,SLE,1919,Illegal
Sierra Leone,SLE,1920,Illegal
Sierra Leone,SLE,1921,Illegal
Sierra Leone,SLE,1922,Illegal
Sierra Leone,SLE,1923,Illegal
Sierra Leone,SLE,1924,Illegal
Sierra Leone,SLE,1925,Illegal
Sierra Leone,SLE,1926,Illegal
Sierra Leone,SLE,1927,Illegal
Sierra Leone,SLE,1928,Illegal
Sierra Leone,SLE,1929,Illegal
Sierra Leone,SLE,1930,Illegal
Sierra Leone,SLE,1931,Illegal
Sierra Leone,SLE,1932,Illegal
Sierra Leone,SLE,1933,Illegal
Sierra Leone,SLE,1934,Illegal
Sierra Leone,SLE,1935,Illegal
Sierra Leone,SLE,1936,Illegal
Sierra Leone,SLE,1937,Illegal
Sierra Leone,SLE,1938,Illegal
Sierra Leone,SLE,1939,Illegal
Sierra Leone,SLE,1940,Illegal
Sierra Leone,SLE,1941,Illegal
Sierra Leone,SLE,1942,Illegal
Sierra Leone,SLE,1943,Illegal
Sierra Leone,SLE,1944,Illegal
Sierra Leone,SLE,1945,Illegal
Sierra Leone,SLE,1946,Illegal
Sierra Leone,SLE,1947,Illegal
Sierra Leone,SLE,1948,Illegal
Sierra Leone,SLE,1949,Illegal
Sierra Leone,SLE,1950,Illegal
Sierra Leone,SLE,1951,Illegal
Sierra Leone,SLE,1952,Illegal
Sierra Leone,SLE,1953,Illegal
Sierra Leone,SLE,1954,Illegal
Sierra Leone,SLE,1955,Illegal
Sierra Leone,SLE,1956,Illegal
Sierra Leone,SLE,1957,Illegal
Sierra Leone,SLE,1958,Illegal
Sierra Leone,SLE,1959,Illegal
Sierra Leone,SLE,1960,Illegal
Sierra Leone,SLE,1961,Illegal
Sierra Leone,SLE,1962,Illegal
Sierra Leone,SLE,1963,Illegal
Sierra Leone,SLE,1964,Illegal
Sierra Leone,SLE,1965,Illegal
Sierra Leone,SLE,1966,Illegal
Sierra Leone,SLE,1967,Illegal
Sierra Leone,SLE,1968,Illegal
Sierra Leone,SLE,1969,Illegal
Sierra Leone,SLE,1970,Illegal
Sierra Leone,SLE,1971,Illegal
Sierra Leone,SLE,1972,Illegal
Sierra Leone,SLE,1973,Illegal
Sierra Leone,SLE,1974,Illegal
Sierra Leone,SLE,1975,Illegal
Sierra Leone,SLE,1976,Illegal
Sierra Leone,SLE,1977,Illegal
Sierra Leone,SLE,1978,Illegal
Sierra Leone,SLE,1979,Illegal
Sierra Leone,SLE,1980,Illegal
Sierra Leone,SLE,1981,Illegal
Sierra Leone,SLE,1982,Illegal
Sierra Leone,SLE,1983,Illegal
Sierra Leone,SLE,1984,Illegal
Sierra Leone,SLE,1985,Illegal
Sierra Leone,SLE,1986,Illegal
Sierra Leone,SLE,1987,Illegal
Sierra Leone,SLE,1988,Illegal
Sierra Leone,SLE,1989,Illegal
Sierra Leone,SLE,1990,Illegal
Sierra Leone,SLE,1991,Illegal
Sierra Leone,SLE,1992,Illegal
Sierra Leone,SLE,1993,Illegal
Sierra Leone,SLE,1994,Illegal
Sierra Leone,SLE,1995,Illegal
Sierra Leone,SLE,1996,Illegal
Sierra Leone,SLE,1997,Illegal
Sierra Leone,SLE,1998,Illegal
Sierra Leone,SLE,1999,Illegal
Sierra Leone,SLE,2000,Illegal
Sierra Leone,SLE,2001,Illegal
Sierra Leone,SLE,2002,Illegal
Sierra Leone,SLE,2003,Illegal
Sierra Leone,SLE,2004,Illegal
Sierra Leone,SLE,2005,Illegal
Sierra Leone,SLE,2006,Illegal
Sierra Leone,SLE,2007,Illegal
Sierra Leone,SLE,2008,Illegal
Sierra Leone,SLE,2009,Illegal
Sierra Leone,SLE,2010,Illegal
Sierra Leone,SLE,2011,Illegal
Sierra Leone,SLE,2012,Illegal
Sierra Leone,SLE,2013,Illegal
Sierra Leone,SLE,2014,Illegal
Sierra Leone,SLE,2015,Illegal
Sierra Leone,SLE,2016,Illegal
Sierra Leone,SLE,2017,Illegal
Sierra Leone,SLE,2018,Illegal
Sierra Leone,SLE,2019,Illegal
Sierra Leone,SLE,2020,Illegal
Sierra Leone,SLE,2021,Illegal
Sierra Leone,SLE,2022,Illegal
Sierra Leone,SLE,2023,Illegal
Sierra Leone,SLE,2024,Illegal
Sierra Leone,SLE,2025,Illegal
Singapore,SGP,1871,Illegal
Singapore,SGP,1872,Illegal
Singapore,SGP,1873,Illegal
Singapore,SGP,1874,Illegal
Singapore,SGP,1875,Illegal
Singapore,SGP,1876,Illegal
Singapore,SGP,1877,Illegal
Singapore,SGP,1878,Illegal
Singapore,SGP,1879,Illegal
Singapore,SGP,1880,Illegal
Singapore,SGP,1881,Illegal
Singapore,SGP,1882,Illegal
Singapore,SGP,1883,Illegal
Singapore,SGP,1884,Illegal
Singapore,SGP,1885,Illegal
Singapore,SGP,1886,Illegal
Singapore,SGP,1887,Illegal
Singapore,SGP,1888,Illegal
Singapore,SGP,1889,Illegal
Singapore,SGP,1890,Illegal
Singapore,SGP,1891,Illegal
Singapore,SGP,1892,Illegal
Singapore,SGP,1893,Illegal
Singapore,SGP,1894,Illegal
Singapore,SGP,1895,Illegal
Singapore,SGP,1896,Illegal
Singapore,SGP,1897,Illegal
Singapore,SGP,1898,Illegal
Singapore,SGP,1899,Illegal
Singapore,SGP,1900,Illegal
Singapore,SGP,1901,Illegal
Singapore,SGP,1902,Illegal
Singapore,SGP,1903,Illegal
Singapore,SGP,1904,Illegal
Singapore,SGP,1905,Illegal
Singapore,SGP,1906,Illegal
Singapore,SGP,1907,Illegal
Singapore,SGP,1908,Illegal
Singapore,SGP,1909,Illegal
Singapore,SGP,1910,Illegal
Singapore,SGP,1911,Illegal
Singapore,SGP,1912,Illegal
Singapore,SGP,1913,Illegal
Singapore,SGP,1914,Illegal
Singapore,SGP,1915,Illegal
Singapore,SGP,1916,Illegal
Singapore,SGP,1917,Illegal
Singapore,SGP,1918,Illegal
Singapore,SGP,1919,Illegal
Singapore,SGP,1920,Illegal
Singapore,SGP,1921,Illegal
Singapore,SGP,1922,Illegal
Singapore,SGP,1923,Illegal
Singapore,SGP,1924,Illegal
Singapore,SGP,1925,Illegal
Singapore,SGP,1926,Illegal
Singapore,SGP,1927,Illegal
Singapore,SGP,1928,Illegal
Singapore,SGP,1929,Illegal
Singapore,SGP,1930,Illegal
Singapore,SGP,1931,Illegal
Singapore,SGP,1932,Illegal
Singapore,SGP,1933,Illegal
Singapore,SGP,1934,Illegal
Singapore,SGP,1935,Illegal
Singapore,SGP,1936,Illegal
Singapore,SGP,1937,Illegal
Singapore,SGP,1938,Illegal
Singapore,SGP,1939,Illegal
Singapore,SGP,1940,Illegal
Singapore,SGP,1941,Illegal
Singapore,SGP,1942,Illegal
Singapore,SGP,1943,Illegal
Singapore,SGP,1944,Illegal
Singapore,SGP,1945,Illegal
Singapore,SGP,1946,Illegal
Singapore,SGP,1947,Illegal
Singapore,SGP,1948,Illegal
Singapore,SGP,1949,Illegal
Singapore,SGP,1950,Illegal
Singapore,SGP,1951,Illegal
Singapore,SGP,1952,Illegal
Singapore,SGP,1953,Illegal
Singapore,SGP,1954,Illegal
Singapore,SGP,1955,Illegal
Singapore,SGP,1956,Illegal
Singapore,SGP,1957,Illegal
Singapore,SGP,1958,Illegal
Singapore,SGP,1959,Illegal
Singapore,SGP,1960,Illegal
Singapore,SGP,1961,Illegal
Singapore,SGP,1962,Illegal
Singapore,SGP,1963,Illegal
Singapore,SGP,1964,Illegal
Singapore,SGP,1965,Illegal
Singapore,SGP,1966,Illegal
Singapore,SGP,1967,Illegal
Singapore,SGP,1968,Illegal
Singapore,SGP,1969,Illegal
Singapore,SGP,1970,Illegal
Singapore,SGP,1971,Illegal
Singapore,SGP,1972,Illegal
Singapore,SGP,1973,Illegal
Singapore,SGP,1974,Illegal
Singapore,SGP,1975,Illegal
Singapore,SGP,1976,Illegal
Singapore,SGP,1977,Illegal
Singapore,SGP,1978,Illegal
Singapore,SGP,1979,Illegal
Singapore,SGP,1980,Illegal
Singapore,SGP,1981,Illegal
Singapore,SGP,1982,Illegal
Singapore,SGP,1983,Illegal
Singapore,SGP,1984,Illegal
Singapore,SGP,1985,Illegal
Singapore,SGP,1986,Illegal
Singapore,SGP,1987,Illegal
Singapore,SGP,1988,Illegal
Singapore,SGP,1989,Illegal
Singapore,SGP,1990,Illegal
Singapore,SGP,1991,Illegal
Singapore,SGP,1992,Illegal
Singapore,SGP,1993,Illegal
Singapore,SGP,1994,Illegal
Singapore,SGP,1995,Illegal
Singapore,SGP,1996,Illegal
Singapore,SGP,1997,Illegal
Singapore,SGP,1998,Illegal
Singapore,SGP,1999,Illegal
Singapore,SGP,2000,Illegal
Singapore,SGP,2001,Illegal
Singapore,SGP,2002,Illegal
Singapore,SGP,2003,Illegal
Singapore,SGP,2004,Illegal
Singapore,SGP,2005,Illegal
Singapore,SGP,2006,Illegal
Singapore,SGP,2007,Illegal
Singapore,SGP,2008,Illegal
Singapore,SGP,2009,Illegal
Singapore,SGP,2010,Illegal
Singapore,SGP,2011,Illegal
Singapore,SGP,2012,Illegal
Singapore,SGP,2013,Illegal
Singapore,SGP,2014,Illegal
Singapore,SGP,2015,Illegal
Singapore,SGP,2016,Illegal
Singapore,SGP,2017,Illegal
Singapore,SGP,2018,Illegal
Singapore,SGP,2019,Illegal
Singapore,SGP,2020,Illegal
Singapore,SGP,2021,Illegal
Singapore,SGP,2022,Illegal
Singapore,SGP,2023,Legal
Singapore,SGP,2024,Legal
Singapore,SGP,2025,Legal
Slovakia,SVK,1878,Illegal
Slovakia,SVK,1879,Illegal
Slovakia,SVK,1880,Illegal
Slovakia,SVK,1881,Illegal
Slovakia,SVK,1882,Illegal
Slovakia,SVK,1883,Illegal
Slovakia,SVK,1884,Illegal
Slovakia,SVK,1885,Illegal
Slovakia,SVK,1886,Illegal
Slovakia,SVK,1887,Illegal
Slovakia,SVK,1888,Illegal
Slovakia,SVK,1889,Illegal
Slovakia,SVK,1890,Illegal
Slovakia,SVK,1891,Illegal
Slovakia,SVK,1892,Illegal
Slovakia,SVK,1893,Illegal
Slovakia,SVK,1894,Illegal
Slovakia,SVK,1895,Illegal
Slovakia,SVK,1896,Illegal
Slovakia,SVK,1897,Illegal
Slovakia,SVK,1898,Illegal
Slovakia,SVK,1899,Illegal
Slovakia,SVK,1900,Illegal
Slovakia,SVK,1901,Illegal
Slovakia,SVK,1902,Illegal
Slovakia,SVK,1903,Illegal
Slovakia,SVK,1904,Illegal
Slovakia,SVK,1905,Illegal
Slovakia,SVK,1906,Illegal
Slovakia,SVK,1907,Illegal
Slovakia,SVK,1908,Illegal
Slovakia,SVK,1909,Illegal
Slovakia,SVK,1910,Illegal
Slovakia,SVK,1911,Illegal
Slovakia,SVK,1912,Illegal
Slovakia,SVK,1913,Illegal
Slovakia,SVK,1914,Illegal
Slovakia,SVK,1915,Illegal
Slovakia,SVK,1916,Illegal
Slovakia,SVK,1917,Illegal
Slovakia,SVK,1918,Illegal
Slovakia,SVK,1919,Illegal
Slovakia,SVK,1920,Illegal
Slovakia,SVK,1921,Illegal
Slovakia,SVK,1922,Illegal
Slovakia,SVK,1923,Illegal
Slovakia,SVK,1924,Illegal
Slovakia,SVK,1925,Illegal
Slovakia,SVK,1926,Illegal
Slovakia,SVK,1927,Illegal
Slovakia,SVK,1928,Illegal
Slovakia,SVK,1929,Illegal
Slovakia,SVK,1930,Illegal
Slovakia,SVK,1931,Illegal
Slovakia,SVK,1932,Illegal
Slovakia,SVK,1933,Illegal
Slovakia,SVK,1934,Illegal
Slovakia,SVK,1935,Illegal
Slovakia,SVK,1936,Illegal
Slovakia,SVK,1937,Illegal
Slovakia,SVK,1938,Illegal
Slovakia,SVK,1939,Illegal
Slovakia,SVK,1940,Illegal
Slovakia,SVK,1941,Illegal
Slovakia,SVK,1942,Illegal
Slovakia,SVK,1943,Illegal
Slovakia,SVK,1944,Illegal
Slovakia,SVK,1945,Illegal
Slovakia,SVK,1946,Illegal
Slovakia,SVK,1947,Illegal
Slovakia,SVK,1948,Illegal
Slovakia,SVK,1949,Illegal
Slovakia,SVK,1950,Illegal
Slovakia,SVK,1951,Illegal
Slovakia,SVK,1952,Illegal
Slovakia,SVK,1953,Illegal
Slovakia,SVK,1954,Illegal
Slovakia,SVK,1955,Illegal
Slovakia,SVK,1956,Illegal
Slovakia,SVK,1957,Illegal
Slovakia,SVK,1958,Illegal
Slovakia,SVK,1959,Illegal
Slovakia,SVK,1960,Illegal
Slovakia,SVK,1961,Illegal
Slovakia,SVK,1962,Legal
Slovakia,SVK,1963,Legal
Slovakia,SVK,1964,Legal
Slovakia,SVK,1965,Legal
Slovakia,SVK,1966,Legal
Slovakia,SVK,1967,Legal
Slovakia,SVK,1968,Legal
Slovakia,SVK,1969,Legal
Slovakia,SVK,1970,Legal
Slovakia,SVK,1971,Legal
Slovakia,SVK,1972,Legal
Slovakia,SVK,1973,Legal
Slovakia,SVK,1974,Legal
Slovakia,SVK,1975,Legal
Slovakia,SVK,1976,Legal
Slovakia,SVK,1977,Legal
Slovakia,SVK,1978,Legal
Slovakia,SVK,1979,Legal
Slovakia,SVK,1980,Legal
Slovakia,SVK,1981,Legal
Slovakia,SVK,1982,Legal
Slovakia,SVK,1983,Legal
Slovakia,SVK,1984,Legal
Slovakia,SVK,1985,Legal
Slovakia,SVK,1986,Legal
Slovakia,SVK,1987,Legal
Slovakia,SVK,1988,Legal
Slovakia,SVK,1989,Legal
Slovakia,SVK,1990,Legal
Slovakia,SVK,1991,Legal
Slovakia,SVK,1992,Legal
Slovakia,SVK,1993,Legal
Slovakia,SVK,1994,Legal
Slovakia,SVK,1995,Legal
Slovakia,SVK,1996,Legal
Slovakia,SVK,1997,Legal
Slovakia,SVK,1998,Legal
Slovakia,SVK,1999,Legal
Slovakia,SVK,2000,Legal
Slovakia,SVK,2001,Legal
Slovakia,SVK,2002,Legal
Slovakia,SVK,2003,Legal
Slovakia,SVK,2004,Legal
Slovakia,SVK,2005,Legal
Slovakia,SVK,2006,Legal
Slovakia,SVK,2007,Legal
Slovakia,SVK,2008,Legal
Slovakia,SVK,2009,Legal
Slovakia,SVK,2010,Legal
Slovakia,SVK,2011,Legal
Slovakia,SVK,2012,Legal
Slovakia,SVK,2013,Legal
Slovakia,SVK,2014,Legal
Slovakia,SVK,2015,Legal
Slovakia,SVK,2016,Legal
Slovakia,SVK,2017,Legal
Slovakia,SVK,2018,Legal
Slovakia,SVK,2019,Legal
Slovakia,SVK,2020,Legal
Slovakia,SVK,2021,Legal
Slovakia,SVK,2022,Legal
Slovakia,SVK,2023,Legal
Slovakia,SVK,2024,Legal
Slovakia,SVK,2025,Legal
Slovenia,SVN,1929,Illegal
Slovenia,SVN,1930,Illegal
Slovenia,SVN,1931,Illegal
Slovenia,SVN,1932,Illegal
Slovenia,SVN,1933,Illegal
Slovenia,SVN,1934,Illegal
Slovenia,SVN,1935,Illegal
Slovenia,SVN,1936,Illegal
Slovenia,SVN,1937,Illegal
Slovenia,SVN,1938,Illegal
Slovenia,SVN,1939,Illegal
Slovenia,SVN,1940,Illegal
Slovenia,SVN,1941,Illegal
Slovenia,SVN,1942,Illegal
Slovenia,SVN,1943,Illegal
Slovenia,SVN,1944,Illegal
Slovenia,SVN,1945,Illegal
Slovenia,SVN,1946,Illegal
Slovenia,SVN,1947,Illegal
Slovenia,SVN,1948,Illegal
Slovenia,SVN,1949,Illegal
Slovenia,SVN,1950,Illegal
Slovenia,SVN,1951,Illegal
Slovenia,SVN,1952,Illegal
Slovenia,SVN,1953,Illegal
Slovenia,SVN,1954,Illegal
Slovenia,SVN,1955,Illegal
Slovenia,SVN,1956,Illegal
Slovenia,SVN,1957,Illegal
Slovenia,SVN,1958,Illegal
Slovenia,SVN,1959,Illegal
Slovenia,SVN,1960,Illegal
Slovenia,SVN,1961,Illegal
Slovenia,SVN,1962,Illegal
Slovenia,SVN,1963,Illegal
Slovenia,SVN,1964,Illegal
Slovenia,SVN,1965,Illegal
Slovenia,SVN,1966,Illegal
Slovenia,SVN,1967,Illegal
Slovenia,SVN,1968,Illegal
Slovenia,SVN,1969,Illegal
Slovenia,SVN,1970,Illegal
Slovenia,SVN,1971,Illegal
Slovenia,SVN,1972,Illegal
Slovenia,SVN,1973,Illegal
Slovenia,SVN,1974,Illegal
Slovenia,SVN,1975,Illegal
Slovenia,SVN,1976,Illegal
Slovenia,SVN,1977,Legal
Slovenia,SVN,1978,Legal
Slovenia,SVN,1979,Legal
Slovenia,SVN,1980,Legal
Slovenia,SVN,1981,Legal
Slovenia,SVN,1982,Legal
Slovenia,SVN,1983,Legal
Slovenia,SVN,1984,Legal
Slovenia,SVN,1985,Legal
Slovenia,SVN,1986,Legal
Slovenia,SVN,1987,Legal
Slovenia,SVN,1988,Legal
Slovenia,SVN,1989,Legal
Slovenia,SVN,1990,Legal
Slovenia,SVN,1991,Legal
Slovenia,SVN,1992,Legal
Slovenia,SVN,1993,Legal
Slovenia,SVN,1994,Legal
Slovenia,SVN,1995,Legal
Slovenia,SVN,1996,Legal
Slovenia,SVN,1997,Legal
Slovenia,SVN,1998,Legal
Slovenia,SVN,1999,Legal
Slovenia,SVN,2000,Legal
Slovenia,SVN,2001,Legal
Slovenia,SVN,2002,Legal
Slovenia,SVN,2003,Legal
Slovenia,SVN,2004,Legal
Slovenia,SVN,2005,Legal
Slovenia,SVN,2006,Legal
Slovenia,SVN,2007,Legal
Slovenia,SVN,2008,Legal
Slovenia,SVN,2009,Legal
Slovenia,SVN,2010,Legal
Slovenia,SVN,2011,Legal
Slovenia,SVN,2012,Legal
Slovenia,SVN,2013,Legal
Slovenia,SVN,2014,Legal
Slovenia,SVN,2015,Legal
Slovenia,SVN,2016,Legal
Slovenia,SVN,2017,Legal
Slovenia,SVN,2018,Legal
Slovenia,SVN,2019,Legal
Slovenia,SVN,2020,Legal
Slovenia,SVN,2021,Legal
Slovenia,SVN,2022,Legal
Slovenia,SVN,2023,Legal
Slovenia,SVN,2024,Legal
Slovenia,SVN,2025,Legal
Solomon Islands,SLB,1963,Illegal
Solomon Islands,SLB,1964,Illegal
Solomon Islands,SLB,1965,Illegal
Solomon Islands,SLB,1966,Illegal
Solomon Islands,SLB,1967,Illegal
Solomon Islands,SLB,1968,Illegal
Solomon Islands,SLB,1969,Illegal
Solomon Islands,SLB,1970,Illegal
Solomon Islands,SLB,1971,Illegal
Solomon Islands,SLB,1972,Illegal
Solomon Islands,SLB,1973,Illegal
Solomon Islands,SLB,1974,Illegal
Solomon Islands,SLB,1975,Illegal
Solomon Islands,SLB,1976,Illegal
Solomon Islands,SLB,1977,Illegal
Solomon Islands,SLB,1978,Illegal
Solomon Islands,SLB,1979,Illegal
Solomon Islands,SLB,1980,Illegal
Solomon Islands,SLB,1981,Illegal
Solomon Islands,SLB,1982,Illegal
Solomon Islands,SLB,1983,Illegal
Solomon Islands,SLB,1984,Illegal
Solomon Islands,SLB,1985,Illegal
Solomon Islands,SLB,1986,Illegal
Solomon Islands,SLB,1987,Illegal
Solomon Islands,SLB,1988,Illegal
Solomon Islands,SLB,1989,Illegal
Solomon Islands,SLB,1990,Illegal
Solomon Islands,SLB,1991,Illegal
Solomon Islands,SLB,1992,Illegal
Solomon Islands,SLB,1993,Illegal
Solomon Islands,SLB,1994,Illegal
Solomon Islands,SLB,1995,Illegal
Solomon Islands,SLB,1996,Illegal
Solomon Islands,SLB,1997,Illegal
Solomon Islands,SLB,1998,Illegal
Solomon Islands,SLB,1999,Illegal
Solomon Islands,SLB,2000,Illegal
Solomon Islands,SLB,2001,Illegal
Solomon Islands,SLB,2002,Illegal
Solomon Islands,SLB,2003,Illegal
Solomon Islands,SLB,2004,Illegal
Solomon Islands,SLB,2005,Illegal
Solomon Islands,SLB,2006,Illegal
Solomon Islands,SLB,2007,Illegal
Solomon Islands,SLB,2008,Illegal
Solomon Islands,SLB,2009,Illegal
Solomon Islands,SLB,2010,Illegal
Solomon Islands,SLB,2011,Illegal
Solomon Islands,SLB,2012,Illegal
Solomon Islands,SLB,2013,Illegal
Solomon Islands,SLB,2014,Illegal
Solomon Islands,SLB,2015,Illegal
Solomon Islands,SLB,2016,Illegal
Solomon Islands,SLB,2017,Illegal
Solomon Islands,SLB,2018,Illegal
Solomon Islands,SLB,2019,Illegal
Solomon Islands,SLB,2020,Illegal
Solomon Islands,SLB,2021,Illegal
Solomon Islands,SLB,2022,Illegal
Solomon Islands,SLB,2023,Illegal
Solomon Islands,SLB,2024,Illegal
Solomon Islands,SLB,2025,Illegal
Somalia,SOM,1925,Illegal
Somalia,SOM,1926,Illegal
Somalia,SOM,1927,Illegal
Somalia,SOM,1928,Illegal
Somalia,SOM,1929,Illegal
Somalia,SOM,1930,Illegal
Somalia,SOM,1931,Illegal
Somalia,SOM,1932,Illegal
Somalia,SOM,1933,Illegal
Somalia,SOM,1934,Illegal
Somalia,SOM,1935,Illegal
Somalia,SOM,1936,Illegal
Somalia,SOM,1937,Illegal
Somalia,SOM,1938,Illegal
Somalia,SOM,1939,Illegal
Somalia,SOM,1940,Illegal
Somalia,SOM,1941,Illegal
Somalia,SOM,1942,Illegal
Somalia,SOM,1943,Illegal
Somalia,SOM,1944,Illegal
Somalia,SOM,1945,Illegal
Somalia,SOM,1946,Illegal
Somalia,SOM,1947,Illegal
Somalia,SOM,1948,Illegal
Somalia,SOM,1949,Illegal
Somalia,SOM,1950,Illegal
Somalia,SOM,1951,Illegal
Somalia,SOM,1952,Illegal
Somalia,SOM,1953,Illegal
Somalia,SOM,1954,Illegal
Somalia,SOM,1955,Illegal
Somalia,SOM,1956,Illegal
Somalia,SOM,1957,Illegal
Somalia,SOM,1958,Illegal
Somalia,SOM,1959,Illegal
Somalia,SOM,1960,Illegal
Somalia,SOM,1961,Illegal
Somalia,SOM,1962,Illegal
Somalia,SOM,1963,Illegal
Somalia,SOM,1964,Illegal
Somalia,SOM,1965,Illegal
Somalia,SOM,1966,Illegal
Somalia,SOM,1967,Illegal
Somalia,SOM,1968,Illegal
Somalia,SOM,1969,Illegal
Somalia,SOM,1970,Illegal
Somalia,SOM,1971,Illegal
Somalia,SOM,1972,Illegal
Somalia,SOM,1973,Illegal
Somalia,SOM,1974,Illegal
Somalia,SOM,1975,Illegal
Somalia,SOM,1976,Illegal
Somalia,SOM,1977,Illegal
Somalia,SOM,1978,Illegal
Somalia,SOM,1979,Illegal
Somalia,SOM,1980,Illegal
Somalia,SOM,1981,Illegal
Somalia,SOM,1982,Illegal
Somalia,SOM,1983,Illegal
Somalia,SOM,1984,Illegal
Somalia,SOM,1985,Illegal
Somalia,SOM,1986,Illegal
Somalia,SOM,1987,Illegal
Somalia,SOM,1988,Illegal
Somalia,SOM,1989,Illegal
Somalia,SOM,1990,Illegal
Somalia,SOM,1991,Illegal
Somalia,SOM,1992,Illegal
Somalia,SOM,1993,Illegal
Somalia,SOM,1994,Illegal
Somalia,SOM,1995,Illegal
Somalia,SOM,1996,Illegal
Somalia,SOM,1997,Illegal
Somalia,SOM,1998,Illegal
Somalia,SOM,1999,Illegal
Somalia,SOM,2000,Illegal
Somalia,SOM,2001,Illegal
Somalia,SOM,2002,Illegal
Somalia,SOM,2003,Illegal
Somalia,SOM,2004,Illegal
Somalia,SOM,2005,Illegal
Somalia,SOM,2006,Illegal
Somalia,SOM,2007,Illegal
Somalia,SOM,2008,Illegal
Somalia,SOM,2009,Illegal
Somalia,SOM,2010,Illegal
Somalia,SOM,2011,Illegal
Somalia,SOM,2012,Illegal
Somalia,SOM,2013,Illegal
Somalia,SOM,2014,Illegal
Somalia,SOM,2015,Illegal
Somalia,SOM,2016,Illegal
Somalia,SOM,2017,Illegal
Somalia,SOM,2018,Illegal
Somalia,SOM,2019,Illegal
Somalia,SOM,2020,Illegal
Somalia,SOM,2021,Illegal
Somalia,SOM,2022,Illegal
Somalia,SOM,2023,Illegal
Somalia,SOM,2024,Illegal
Somalia,SOM,2025,Illegal
South Africa,ZAF,1760,Illegal
South Africa,ZAF,1761,Illegal
South Africa,ZAF,1762,Illegal
South Africa,ZAF,1763,Illegal
South Africa,ZAF,1764,Illegal
South Africa,ZAF,1765,Illegal
South Africa,ZAF,1766,Illegal
South Africa,ZAF,1767,Illegal
South Africa,ZAF,1768,Illegal
South Africa,ZAF,1769,Illegal
South Africa,ZAF,1770,Illegal
South Africa,ZAF,1771,Illegal
South Africa,ZAF,1772,Illegal
South Africa,ZAF,1773,Illegal
South Africa,ZAF,1774,Illegal
South Africa,ZAF,1775,Illegal
South Africa,ZAF,1776,Illegal
South Africa,ZAF,1777,Illegal
South Africa,ZAF,1778,Illegal
South Africa,ZAF,1779,Illegal
South Africa,ZAF,1780,Illegal
South Africa,ZAF,1781,Illegal
South Africa,ZAF,1782,Illegal
South Africa,ZAF,1783,Illegal
South Africa,ZAF,1784,Illegal
South Africa,ZAF,1785,Illegal
South Africa,ZAF,1786,Illegal
South Africa,ZAF,1787,Illegal
South Africa,ZAF,1788,Illegal
South Africa,ZAF,1789,Illegal
South Africa,ZAF,1790,Illegal
South Africa,ZAF,1791,Illegal
South Africa,ZAF,1792,Illegal
South Africa,ZAF,1793,Illegal
South Africa,ZAF,1794,Illegal
South Africa,ZAF,1795,Illegal
South Africa,ZAF,1796,Illegal
South Africa,ZAF,1797,Illegal
South Africa,ZAF,1798,Illegal
South Africa,ZAF,1799,Illegal
South Africa,ZAF,1800,Illegal
South Africa,ZAF,1801,Illegal
South Africa,ZAF,1802,Illegal
South Africa,ZAF,1803,Illegal
South Africa,ZAF,1804,Illegal
South Africa,ZAF,1805,Illegal
South Africa,ZAF,1806,Illegal
South Africa,ZAF,1807,Illegal
South Africa,ZAF,1808,Illegal
South Africa,ZAF,1809,Illegal
South Africa,ZAF,1810,Illegal
South Africa,ZAF,1811,Illegal
South Africa,ZAF,1812,Illegal
South Africa,ZAF,1813,Illegal
South Africa,ZAF,1814,Illegal
South Africa,ZAF,1815,Illegal
South Africa,ZAF,1816,Illegal
South Africa,ZAF,1817,Illegal
South Africa,ZAF,1818,Illegal
South Africa,ZAF,1819,Illegal
South Africa,ZAF,1820,Illegal
South Africa,ZAF,1821,Illegal
South Africa,ZAF,1822,Illegal
South Africa,ZAF,1823,Illegal
South Africa,ZAF,1824,Illegal
South Africa,ZAF,1825,Illegal
South Africa,ZAF,1826,Illegal
South Africa,ZAF,1827,Illegal
South Africa,ZAF,1828,Illegal
South Africa,ZAF,1829,Illegal
South Africa,ZAF,1830,Illegal
South Africa,ZAF,1831,Illegal
South Africa,ZAF,1832,Illegal
South Africa,ZAF,1833,Illegal
South Africa,ZAF,1834,Illegal
South Africa,ZAF,1835,Illegal
South Africa,ZAF,1836,Illegal
South Africa,ZAF,1837,Illegal
South Africa,ZAF,1838,Illegal
South Africa,ZAF,1839,Illegal
South Africa,ZAF,1840,Illegal
South Africa,ZAF,1841,Illegal
South Africa,ZAF,1842,Illegal
South Africa,ZAF,1843,Illegal
South Africa,ZAF,1844,Illegal
South Africa,ZAF,1845,Illegal
South Africa,ZAF,1846,Illegal
South Africa,ZAF,1847,Illegal
South Africa,ZAF,1848,Illegal
South Africa,ZAF,1849,Illegal
South Africa,ZAF,1850,Illegal
South Africa,ZAF,1851,Illegal
South Africa,ZAF,1852,Illegal
South Africa,ZAF,1853,Illegal
South Africa,ZAF,1854,Illegal
South Africa,ZAF,1855,Illegal
South Africa,ZAF,1856,Illegal
South Africa,ZAF,1857,Illegal
South Africa,ZAF,1858,Illegal
South Africa,ZAF,1859,Illegal
South Africa,ZAF,1860,Illegal
South Africa,ZAF,1861,Illegal
South Africa,ZAF,1862,Illegal
South Africa,ZAF,1863,Illegal
South Africa,ZAF,1864,Illegal
South Africa,ZAF,1865,Illegal
South Africa,ZAF,1866,Illegal
South Africa,ZAF,1867,Illegal
South Africa,ZAF,1868,Illegal
South Africa,ZAF,1869,Illegal
South Africa,ZAF,1870,Illegal
South Africa,ZAF,1871,Illegal
South Africa,ZAF,1872,Illegal
South Africa,ZAF,1873,Illegal
South Africa,ZAF,1874,Illegal
South Africa,ZAF,1875,Illegal
South Africa,ZAF,1876,Illegal
South Africa,ZAF,1877,Illegal
South Africa,ZAF,1878,Illegal
South Africa,ZAF,1879,Illegal
South Africa,ZAF,1880,Illegal
South Africa,ZAF,1881,Illegal
South Africa,ZAF,1882,Illegal
South Africa,ZAF,1883,Illegal
South Africa,ZAF,1884,Illegal
South Africa,ZAF,1885,Illegal
South Africa,ZAF,1886,Illegal
South Africa,ZAF,1887,Illegal
South Africa,ZAF,1888,Illegal
South Africa,ZAF,1889,Illegal
South Africa,ZAF,1890,Illegal
South Africa,ZAF,1891,Illegal
South Africa,ZAF,1892,Illegal
South Africa,ZAF,1893,Illegal
South Africa,ZAF,1894,Illegal
South Africa,ZAF,1895,Illegal
South Africa,ZAF,1896,Illegal
South Africa,ZAF,1897,Illegal
South Africa,ZAF,1898,Illegal
South Africa,ZAF,1899,Illegal
South Africa,ZAF,1900,Illegal
South Africa,ZAF,1901,Illegal
South Africa,ZAF,1902,Illegal
South Africa,ZAF,1903,Illegal
South Africa,ZAF,1904,Illegal
South Africa,ZAF,1905,Illegal
South Africa,ZAF,1906,Illegal
South Africa,ZAF,1907,Illegal
South Africa,ZAF,1908,Illegal
South Africa,ZAF,1909,Illegal
South Africa,ZAF,1910,Illegal
South Africa,ZAF,1911,Illegal
South Africa,ZAF,1912,Illegal
South Africa,ZAF,1913,Illegal
South Africa,ZAF,1914,Illegal
South Africa,ZAF,1915,Illegal
South Africa,ZAF,1916,Illegal
South Africa,ZAF,1917,Illegal
South Africa,ZAF,1918,Illegal
South Africa,ZAF,1919,Illegal
South Africa,ZAF,1920,Illegal
South Africa,ZAF,1921,Illegal
South Africa,ZAF,1922,Illegal
South Africa,ZAF,1923,Illegal
South Africa,ZAF,1924,Illegal
South Africa,ZAF,1925,Illegal
South Africa,ZAF,1926,Illegal
South Africa,ZAF,1927,Illegal
South Africa,ZAF,1928,Illegal
South Africa,ZAF,1929,Illegal
South Africa,ZAF,1930,Illegal
South Africa,ZAF,1931,Illegal
South Africa,ZAF,1932,Illegal
South Africa,ZAF,1933,Illegal
South Africa,ZAF,1934,Illegal
South Africa,ZAF,1935,Illegal
South Africa,ZAF,1936,Illegal
South Africa,ZAF,1937,Illegal
South Africa,ZAF,1938,Illegal
South Africa,ZAF,1939,Illegal
South Africa,ZAF,1940,Illegal
South Africa,ZAF,1941,Illegal
South Africa,ZAF,1942,Illegal
South Africa,ZAF,1943,Illegal
South Africa,ZAF,1944,Illegal
South Africa,ZAF,1945,Illegal
South Africa,ZAF,1946,Illegal
South Africa,ZAF,1947,Illegal
South Africa,ZAF,1948,Illegal
South Africa,ZAF,1949,Illegal
South Africa,ZAF,1950,Illegal
South Africa,ZAF,1951,Illegal
South Africa,ZAF,1952,Illegal
South Africa,ZAF,1953,Illegal
South Africa,ZAF,1954,Illegal
South Africa,ZAF,1955,Illegal
South Africa,ZAF,1956,Illegal
South Africa,ZAF,1957,Illegal
South Africa,ZAF,1958,Illegal
South Africa,ZAF,1959,Illegal
South Africa,ZAF,1960,Illegal
South Africa,ZAF,1961,Illegal
South Africa,ZAF,1962,Illegal
South Africa,ZAF,1963,Illegal
South Africa,ZAF,1964,Illegal
South Africa,ZAF,1965,Illegal
South Africa,ZAF,1966,Illegal
South Africa,ZAF,1967,Illegal
South Africa,ZAF,1968,Illegal
South Africa,ZAF,1969,Illegal
South Africa,ZAF,1970,Illegal
South Africa,ZAF,1971,Illegal
South Africa,ZAF,1972,Illegal
South Africa,ZAF,1973,Illegal
South Africa,ZAF,1974,Illegal
South Africa,ZAF,1975,Illegal
South Africa,ZAF,1976,Illegal
South Africa,ZAF,1977,Illegal
South Africa,ZAF,1978,Illegal
South Africa,ZAF,1979,Illegal
South Africa,ZAF,1980,Illegal
South Africa,ZAF,1981,Illegal
South Africa,ZAF,1982,Illegal
South Africa,ZAF,1983,Illegal
South Africa,ZAF,1984,Illegal
South Africa,ZAF,1985,Illegal
South Africa,ZAF,1986,Illegal
South Africa,ZAF,1987,Illegal
South Africa,ZAF,1988,Illegal
South Africa,ZAF,1989,Illegal
South Africa,ZAF,1990,Illegal
South Africa,ZAF,1991,Illegal
South Africa,ZAF,1992,Illegal
South Africa,ZAF,1993,Illegal
South Africa,ZAF,1994,Illegal
South Africa,ZAF,1995,Illegal
South Africa,ZAF,1996,Illegal
South Africa,ZAF,1997,Illegal
South Africa,ZAF,1998,Legal
South Africa,ZAF,1999,Legal
South Africa,ZAF,2000,Legal
South Africa,ZAF,2001,Legal
South Africa,ZAF,2002,Legal
South Africa,ZAF,2003,Legal
South Africa,ZAF,2004,Legal
South Africa,ZAF,2005,Legal
South Africa,ZAF,2006,Legal
South Africa,ZAF,2007,Legal
South Africa,ZAF,2008,Legal
South Africa,ZAF,2009,Legal
South Africa,ZAF,2010,Legal
South Africa,ZAF,2011,Legal
South Africa,ZAF,2012,Legal
South Africa,ZAF,2013,Legal
South Africa,ZAF,2014,Legal
South Africa,ZAF,2015,Legal
South Africa,ZAF,2016,Legal
South Africa,ZAF,2017,Legal
South Africa,ZAF,2018,Legal
South Africa,ZAF,2019,Legal
South Africa,ZAF,2020,Legal
South Africa,ZAF,2021,Legal
South Africa,ZAF,2022,Legal
South Africa,ZAF,2023,Legal
South Africa,ZAF,2024,Legal
South Africa,ZAF,2025,Legal
South Korea,KOR,1760,Legal
South Korea,KOR,1761,Legal
South Korea,KOR,1762,Legal
South Korea,KOR,1763,Legal
South Korea,KOR,1764,Legal
South Korea,KOR,1765,Legal
South Korea,KOR,1766,Legal
South Korea,KOR,1767,Legal
South Korea,KOR,1768,Legal
South Korea,KOR,1769,Legal
South Korea,KOR,1770,Legal
South Korea,KOR,1771,Legal
South Korea,KOR,1772,Legal
South Korea,KOR,1773,Legal
South Korea,KOR,1774,Legal
South Korea,KOR,1775,Legal
South Korea,KOR,1776,Legal
South Korea,KOR,1777,Legal
South Korea,KOR,1778,Legal
South Korea,KOR,1779,Legal
South Korea,KOR,1780,Legal
South Korea,KOR,1781,Legal
South Korea,KOR,1782,Legal
South Korea,KOR,1783,Legal
South Korea,KOR,1784,Legal
South Korea,KOR,1785,Legal
South Korea,KOR,1786,Legal
South Korea,KOR,1787,Legal
South Korea,KOR,1788,Legal
South Korea,KOR,1789,Legal
South Korea,KOR,1790,Legal
South Korea,KOR,1791,Legal
South Korea,KOR,1792,Legal
South Korea,KOR,1793,Legal
South Korea,KOR,1794,Legal
South Korea,KOR,1795,Legal
South Korea,KOR,1796,Legal
South Korea,KOR,1797,Legal
South Korea,KOR,1798,Legal
South Korea,KOR,1799,Legal
South Korea,KOR,1800,Legal
South Korea,KOR,1801,Legal
South Korea,KOR,1802,Legal
South Korea,KOR,1803,Legal
South Korea,KOR,1804,Legal
South Korea,KOR,1805,Legal
South Korea,KOR,1806,Legal
South Korea,KOR,1807,Legal
South Korea,KOR,1808,Legal
South Korea,KOR,1809,Legal
South Korea,KOR,1810,Legal
South Korea,KOR,1811,Legal
South Korea,KOR,1812,Legal
South Korea,KOR,1813,Legal
South Korea,KOR,1814,Legal
South Korea,KOR,1815,Legal
South Korea,KOR,1816,Legal
South Korea,KOR,1817,Legal
South Korea,KOR,1818,Legal
South Korea,KOR,1819,Legal
South Korea,KOR,1820,Legal
South Korea,KOR,1821,Legal
South Korea,KOR,1822,Legal
South Korea,KOR,1823,Legal
South Korea,KOR,1824,Legal
South Korea,KOR,1825,Legal
South Korea,KOR,1826,Legal
South Korea,KOR,1827,Legal
South Korea,KOR,1828,Legal
South Korea,KOR,1829,Legal
South Korea,KOR,1830,Legal
South Korea,KOR,1831,Legal
South Korea,KOR,1832,Legal
South Korea,KOR,1833,Legal
South Korea,KOR,1834,Legal
South Korea,KOR,1835,Legal
South Korea,KOR,1836,Legal
South Korea,KOR,1837,Legal
South Korea,KOR,1838,Legal
South Korea,KOR,1839,Legal
South Korea,KOR,1840,Legal
South Korea,KOR,1841,Legal
South Korea,KOR,1842,Legal
South Korea,KOR,1843,Legal
South Korea,KOR,1844,Legal
South Korea,KOR,1845,Legal
South Korea,KOR,1846,Legal
South Korea,KOR,1847,Legal
South Korea,KOR,1848,Legal
South Korea,KOR,1849,Legal
South Korea,KOR,1850,Legal
South Korea,KOR,1851,Legal
South Korea,KOR,1852,Legal
South Korea,KOR,1853,Legal
South Korea,KOR,1854,Legal
South Korea,KOR,1855,Legal
South Korea,KOR,1856,Legal
South Korea,KOR,1857,Legal
South Korea,KOR,1858,Legal
South Korea,KOR,1859,Legal
South Korea,KOR,1860,Legal
South Korea,KOR,1861,Legal
South Korea,KOR,1862,Legal
South Korea,KOR,1863,Legal
South Korea,KOR,1864,Legal
South Korea,KOR,1865,Legal
South Korea,KOR,1866,Legal
South Korea,KOR,1867,Legal
South Korea,KOR,1868,Legal
South Korea,KOR,1869,Legal
South Korea,KOR,1870,Legal
South Korea,KOR,1871,Legal
South Korea,KOR,1872,Legal
South Korea,KOR,1873,Legal
South Korea,KOR,1874,Legal
South Korea,KOR,1875,Legal
South Korea,KOR,1876,Legal
South Korea,KOR,1877,Legal
South Korea,KOR,1878,Legal
South Korea,KOR,1879,Legal
South Korea,KOR,1880,Legal
South Korea,KOR,1881,Legal
South Korea,KOR,1882,Legal
South Korea,KOR,1883,Legal
South Korea,KOR,1884,Legal
South Korea,KOR,1885,Legal
South Korea,KOR,1886,Legal
South Korea,KOR,1887,Legal
South Korea,KOR,1888,Legal
South Korea,KOR,1889,Legal
South Korea,KOR,1890,Legal
South Korea,KOR,1891,Legal
South Korea,KOR,1892,Legal
South Korea,KOR,1893,Legal
South Korea,KOR,1894,Legal
South Korea,KOR,1895,Legal
South Korea,KOR,1896,Legal
South Korea,KOR,1897,Legal
South Korea,KOR,1898,Legal
South Korea,KOR,1899,Legal
South Korea,KOR,1900,Legal
South Korea,KOR,1901,Legal
South Korea,KOR,1902,Legal
South Korea,KOR,1903,Legal
South Korea,KOR,1904,Legal
South Korea,KOR,1905,Legal
South Korea,KOR,1906,Legal
South Korea,KOR,1907,Legal
South Korea,KOR,1908,Legal
South Korea,KOR,1909,Legal
South Korea,KOR,1910,Legal
South Korea,KOR,1911,Legal
South Korea,KOR,1912,Legal
South Korea,KOR,1913,Legal
South Korea,KOR,1914,Legal
South Korea,KOR,1915,Legal
South Korea,KOR,1916,Legal
South Korea,KOR,1917,Legal
South Korea,KOR,1918,Legal
South Korea,KOR,1919,Legal
South Korea,KOR,1920,Legal
South Korea,KOR,1921,Legal
South Korea,KOR,1922,Legal
South Korea,KOR,1923,Legal
South Korea,KOR,1924,Legal
South Korea,KOR,1925,Legal
South Korea,KOR,1926,Legal
South Korea,KOR,1927,Legal
South Korea,KOR,1928,Legal
South Korea,KOR,1929,Legal
South Korea,KOR,1930,Legal
South Korea,KOR,1931,Legal
South Korea,KOR,1932,Legal
South Korea,KOR,1933,Legal
South Korea,KOR,1934,Legal
South Korea,KOR,1935,Legal
South Korea,KOR,1936,Legal
South Korea,KOR,1937,Legal
South Korea,KOR,1938,Legal
South Korea,KOR,1939,Legal
South Korea,KOR,1940,Legal
South Korea,KOR,1941,Legal
South Korea,KOR,1942,Legal
South Korea,KOR,1943,Legal
South Korea,KOR,1944,Legal
South Korea,KOR,1945,Legal
South Korea,KOR,1946,Legal
South Korea,KOR,1947,Legal
South Korea,KOR,1948,Legal
South Korea,KOR,1949,Legal
South Korea,KOR,1950,Legal
South Korea,KOR,1951,Legal
South Korea,KOR,1952,Legal
South Korea,KOR,1953,Legal
South Korea,KOR,1954,Legal
South Korea,KOR,1955,Legal
South Korea,KOR,1956,Legal
South Korea,KOR,1957,Legal
South Korea,KOR,1958,Legal
South Korea,KOR,1959,Legal
South Korea,KOR,1960,Legal
South Korea,KOR,1961,Legal
South Korea,KOR,1962,Legal
South Korea,KOR,1963,Legal
South Korea,KOR,1964,Legal
South Korea,KOR,1965,Legal
South Korea,KOR,1966,Legal
South Korea,KOR,1967,Legal
South Korea,KOR,1968,Legal
South Korea,KOR,1969,Legal
South Korea,KOR,1970,Legal
South Korea,KOR,1971,Legal
South Korea,KOR,1972,Legal
South Korea,KOR,1973,Legal
South Korea,KOR,1974,Legal
South Korea,KOR,1975,Legal
South Korea,KOR,1976,Legal
South Korea,KOR,1977,Legal
South Korea,KOR,1978,Legal
South Korea,KOR,1979,Legal
South Korea,KOR,1980,Legal
South Korea,KOR,1981,Legal
South Korea,KOR,1982,Legal
South Korea,KOR,1983,Legal
South Korea,KOR,1984,Legal
South Korea,KOR,1985,Legal
South Korea,KOR,1986,Legal
South Korea,KOR,1987,Legal
South Korea,KOR,1988,Legal
South Korea,KOR,1989,Legal
South Korea,KOR,1990,Legal
South Korea,KOR,1991,Legal
South Korea,KOR,1992,Legal
South Korea,KOR,1993,Legal
South Korea,KOR,1994,Legal
South Korea,KOR,1995,Legal
South Korea,KOR,1996,Legal
South Korea,KOR,1997,Legal
South Korea,KOR,1998,Legal
South Korea,KOR,1999,Legal
South Korea,KOR,2000,Legal
South Korea,KOR,2001,Legal
South Korea,KOR,2002,Legal
South Korea,KOR,2003,Legal
South Korea,KOR,2004,Legal
South Korea,KOR,2005,Legal
South Korea,KOR,2006,Legal
South Korea,KOR,2007,Legal
South Korea,KOR,2008,Legal
South Korea,KOR,2009,Legal
South Korea,KOR,2010,Legal
South Korea,KOR,2011,Legal
South Korea,KOR,2012,Legal
South Korea,KOR,2013,Legal
South Korea,KOR,2014,Legal
South Korea,KOR,2015,Legal
South Korea,KOR,2016,Legal
South Korea,KOR,2017,Legal
South Korea,KOR,2018,Legal
South Korea,KOR,2019,Legal
South Korea,KOR,2020,Legal
South Korea,KOR,2021,Legal
South Korea,KOR,2022,Legal
South Korea,KOR,2023,Legal
South Korea,KOR,2024,Legal
South Korea,KOR,2025,Legal
South Sudan,SSD,1899,Legal
South Sudan,SSD,1900,Legal
South Sudan,SSD,1901,Legal
South Sudan,SSD,1902,Legal
South Sudan,SSD,1903,Legal
South Sudan,SSD,1904,Legal
South Sudan,SSD,1905,Legal
South Sudan,SSD,1906,Legal
South Sudan,SSD,1907,Legal
South Sudan,SSD,1908,Legal
South Sudan,SSD,1909,Legal
South Sudan,SSD,1910,Legal
South Sudan,SSD,1911,Legal
South Sudan,SSD,1912,Legal
South Sudan,SSD,1913,Legal
South Sudan,SSD,1914,Legal
South Sudan,SSD,1915,Legal
South Sudan,SSD,1916,Legal
South Sudan,SSD,1917,Legal
South Sudan,SSD,1918,Legal
South Sudan,SSD,1919,Legal
South Sudan,SSD,1920,Legal
South Sudan,SSD,1921,Legal
South Sudan,SSD,1922,Legal
South Sudan,SSD,1923,Legal
South Sudan,SSD,1924,Legal
South Sudan,SSD,1925,Legal
South Sudan,SSD,1926,Legal
South Sudan,SSD,1927,Legal
South Sudan,SSD,1928,Legal
South Sudan,SSD,1929,Legal
South Sudan,SSD,1930,Legal
South Sudan,SSD,1931,Legal
South Sudan,SSD,1932,Legal
South Sudan,SSD,1933,Legal
South Sudan,SSD,1934,Legal
South Sudan,SSD,1935,Legal
South Sudan,SSD,1936,Legal
South Sudan,SSD,1937,Legal
South Sudan,SSD,1938,Legal
South Sudan,SSD,1939,Legal
South Sudan,SSD,1940,Legal
South Sudan,SSD,1941,Legal
South Sudan,SSD,1942,Legal
South Sudan,SSD,1943,Legal
South Sudan,SSD,1944,Legal
South Sudan,SSD,1945,Legal
South Sudan,SSD,1946,Legal
South Sudan,SSD,1947,Legal
South Sudan,SSD,1948,Legal
South Sudan,SSD,1949,Legal
South Sudan,SSD,1950,Legal
South Sudan,SSD,1951,Legal
South Sudan,SSD,1952,Legal
South Sudan,SSD,1953,Legal
South Sudan,SSD,1954,Legal
South Sudan,SSD,1955,Legal
South Sudan,SSD,1956,Legal
South Sudan,SSD,1957,Legal
South Sudan,SSD,1958,Legal
South Sudan,SSD,1959,Legal
South Sudan,SSD,1960,Legal
South Sudan,SSD,1961,Legal
South Sudan,SSD,1962,Legal
South Sudan,SSD,1963,Legal
South Sudan,SSD,1964,Legal
South Sudan,SSD,1965,Legal
South Sudan,SSD,1966,Legal
South Sudan,SSD,1967,Legal
South Sudan,SSD,1968,Legal
South Sudan,SSD,1969,Legal
South Sudan,SSD,1970,Legal
South Sudan,SSD,1971,Legal
South Sudan,SSD,1972,Legal
South Sudan,SSD,1973,Legal
South Sudan,SSD,1974,Illegal
South Sudan,SSD,1975,Illegal
South Sudan,SSD,1976,Illegal
South Sudan,SSD,1977,Illegal
South Sudan,SSD,1978,Illegal
South Sudan,SSD,1979,Illegal
South Sudan,SSD,1980,Illegal
South Sudan,SSD,1981,Illegal
South Sudan,SSD,1982,Illegal
South Sudan,SSD,1983,Illegal
South Sudan,SSD,1984,Illegal
South Sudan,SSD,1985,Illegal
South Sudan,SSD,1986,Illegal
South Sudan,SSD,1987,Illegal
South Sudan,SSD,1988,Illegal
South Sudan,SSD,1989,Illegal
South Sudan,SSD,1990,Illegal
South Sudan,SSD,1991,Illegal
South Sudan,SSD,1992,Illegal
South Sudan,SSD,1993,Illegal
South Sudan,SSD,1994,Illegal
South Sudan,SSD,1995,Illegal
South Sudan,SSD,1996,Illegal
South Sudan,SSD,1997,Illegal
South Sudan,SSD,1998,Illegal
South Sudan,SSD,1999,Illegal
South Sudan,SSD,2000,Illegal
South Sudan,SSD,2001,Illegal
South Sudan,SSD,2002,Illegal
South Sudan,SSD,2003,Illegal
South Sudan,SSD,2004,Illegal
South Sudan,SSD,2005,Illegal
South Sudan,SSD,2006,Illegal
South Sudan,SSD,2007,Illegal
South Sudan,SSD,2008,Illegal
South Sudan,SSD,2009,Illegal
South Sudan,SSD,2010,Illegal
South Sudan,SSD,2011,Illegal
South Sudan,SSD,2012,Illegal
South Sudan,SSD,2013,Illegal
South Sudan,SSD,2014,Illegal
South Sudan,SSD,2015,Illegal
South Sudan,SSD,2016,Illegal
South Sudan,SSD,2017,Illegal
South Sudan,SSD,2018,Illegal
South Sudan,SSD,2019,Illegal
South Sudan,SSD,2020,Illegal
South Sudan,SSD,2021,Illegal
South Sudan,SSD,2022,Illegal
South Sudan,SSD,2023,Illegal
South Sudan,SSD,2024,Illegal
South Sudan,SSD,2025,Illegal
Spain,ESP,1760,Illegal
Spain,ESP,1761,Illegal
Spain,ESP,1762,Illegal
Spain,ESP,1763,Illegal
Spain,ESP,1764,Illegal
Spain,ESP,1765,Illegal
Spain,ESP,1766,Illegal
Spain,ESP,1767,Illegal
Spain,ESP,1768,Illegal
Spain,ESP,1769,Illegal
Spain,ESP,1770,Illegal
Spain,ESP,1771,Illegal
Spain,ESP,1772,Illegal
Spain,ESP,1773,Illegal
Spain,ESP,1774,Illegal
Spain,ESP,1775,Illegal
Spain,ESP,1776,Illegal
Spain,ESP,1777,Illegal
Spain,ESP,1778,Illegal
Spain,ESP,1779,Illegal
Spain,ESP,1780,Illegal
Spain,ESP,1781,Illegal
Spain,ESP,1782,Illegal
Spain,ESP,1783,Illegal
Spain,ESP,1784,Illegal
Spain,ESP,1785,Illegal
Spain,ESP,1786,Illegal
Spain,ESP,1787,Illegal
Spain,ESP,1788,Illegal
Spain,ESP,1789,Illegal
Spain,ESP,1790,Illegal
Spain,ESP,1791,Illegal
Spain,ESP,1792,Illegal
Spain,ESP,1793,Illegal
Spain,ESP,1794,Illegal
Spain,ESP,1795,Illegal
Spain,ESP,1796,Illegal
Spain,ESP,1797,Illegal
Spain,ESP,1798,Illegal
Spain,ESP,1799,Illegal
Spain,ESP,1800,Illegal
Spain,ESP,1801,Illegal
Spain,ESP,1802,Illegal
Spain,ESP,1803,Illegal
Spain,ESP,1804,Illegal
Spain,ESP,1805,Illegal
Spain,ESP,1806,Illegal
Spain,ESP,1807,Illegal
Spain,ESP,1808,Illegal
Spain,ESP,1809,Illegal
Spain,ESP,1810,Illegal
Spain,ESP,1811,Illegal
Spain,ESP,1812,Illegal
Spain,ESP,1813,Illegal
Spain,ESP,1814,Illegal
Spain,ESP,1815,Illegal
Spain,ESP,1816,Illegal
Spain,ESP,1817,Illegal
Spain,ESP,1818,Illegal
Spain,ESP,1819,Illegal
Spain,ESP,1820,Illegal
Spain,ESP,1821,Illegal
Spain,ESP,1822,Legal
Spain,ESP,1823,Legal
Spain,ESP,1824,Legal
Spain,ESP,1825,Legal
Spain,ESP,1826,Legal
Spain,ESP,1827,Legal
Spain,ESP,1828,Legal
Spain,ESP,1829,Legal
Spain,ESP,1830,Legal
Spain,ESP,1831,Legal
Spain,ESP,1832,Legal
Spain,ESP,1833,Legal
Spain,ESP,1834,Legal
Spain,ESP,1835,Legal
Spain,ESP,1836,Legal
Spain,ESP,1837,Legal
Spain,ESP,1838,Legal
Spain,ESP,1839,Legal
Spain,ESP,1840,Legal
Spain,ESP,1841,Legal
Spain,ESP,1842,Legal
Spain,ESP,1843,Legal
Spain,ESP,1844,Legal
Spain,ESP,1845,Legal
Spain,ESP,1846,Legal
Spain,ESP,1847,Legal
Spain,ESP,1848,Legal
Spain,ESP,1849,Legal
Spain,ESP,1850,Legal
Spain,ESP,1851,Legal
Spain,ESP,1852,Legal
Spain,ESP,1853,Legal
Spain,ESP,1854,Legal
Spain,ESP,1855,Legal
Spain,ESP,1856,Legal
Spain,ESP,1857,Legal
Spain,ESP,1858,Legal
Spain,ESP,1859,Legal
Spain,ESP,1860,Legal
Spain,ESP,1861,Legal
Spain,ESP,1862,Legal
Spain,ESP,1863,Legal
Spain,ESP,1864,Legal
Spain,ESP,1865,Legal
Spain,ESP,1866,Legal
Spain,ESP,1867,Legal
Spain,ESP,1868,Legal
Spain,ESP,1869,Legal
Spain,ESP,1870,Legal
Spain,ESP,1871,Legal
Spain,ESP,1872,Legal
Spain,ESP,1873,Legal
Spain,ESP,1874,Legal
Spain,ESP,1875,Legal
Spain,ESP,1876,Legal
Spain,ESP,1877,Legal
Spain,ESP,1878,Legal
Spain,ESP,1879,Legal
Spain,ESP,1880,Legal
Spain,ESP,1881,Legal
Spain,ESP,1882,Legal
Spain,ESP,1883,Legal
Spain,ESP,1884,Legal
Spain,ESP,1885,Legal
Spain,ESP,1886,Legal
Spain,ESP,1887,Legal
Spain,ESP,1888,Legal
Spain,ESP,1889,Legal
Spain,ESP,1890,Legal
Spain,ESP,1891,Legal
Spain,ESP,1892,Legal
Spain,ESP,1893,Legal
Spain,ESP,1894,Legal
Spain,ESP,1895,Legal
Spain,ESP,1896,Legal
Spain,ESP,1897,Legal
Spain,ESP,1898,Legal
Spain,ESP,1899,Legal
Spain,ESP,1900,Legal
Spain,ESP,1901,Legal
Spain,ESP,1902,Legal
Spain,ESP,1903,Legal
Spain,ESP,1904,Legal
Spain,ESP,1905,Legal
Spain,ESP,1906,Legal
Spain,ESP,1907,Legal
Spain,ESP,1908,Legal
Spain,ESP,1909,Legal
Spain,ESP,1910,Legal
Spain,ESP,1911,Legal
Spain,ESP,1912,Legal
Spain,ESP,1913,Legal
Spain,ESP,1914,Legal
Spain,ESP,1915,Legal
Spain,ESP,1916,Legal
Spain,ESP,1917,Legal
Spain,ESP,1918,Legal
Spain,ESP,1919,Legal
Spain,ESP,1920,Legal
Spain,ESP,1921,Legal
Spain,ESP,1922,Legal
Spain,ESP,1923,Legal
Spain,ESP,1924,Legal
Spain,ESP,1925,Legal
Spain,ESP,1926,Legal
Spain,ESP,1927,Legal
Spain,ESP,1928,Illegal
Spain,ESP,1929,Illegal
Spain,ESP,1930,Illegal
Spain,ESP,1931,Illegal
Spain,ESP,1932,Legal
Spain,ESP,1933,Legal
Spain,ESP,1934,Legal
Spain,ESP,1935,Legal
Spain,ESP,1936,Legal
Spain,ESP,1937,Legal
Spain,ESP,1938,Legal
Spain,ESP,1939,Illegal
Spain,ESP,1940,Illegal
Spain,ESP,1941,Illegal
Spain,ESP,1942,Illegal
Spain,ESP,1943,Illegal
Spain,ESP,1944,Illegal
Spain,ESP,1945,Illegal
Spain,ESP,1946,Illegal
Spain,ESP,1947,Illegal
Spain,ESP,1948,Illegal
Spain,ESP,1949,Illegal
Spain,ESP,1950,Illegal
Spain,ESP,1951,Illegal
Spain,ESP,1952,Illegal
Spain,ESP,1953,Illegal
Spain,ESP,1954,Illegal
Spain,ESP,1955,Illegal
Spain,ESP,1956,Illegal
Spain,ESP,1957,Illegal
Spain,ESP,1958,Illegal
Spain,ESP,1959,Illegal
Spain,ESP,1960,Illegal
Spain,ESP,1961,Illegal
Spain,ESP,1962,Illegal
Spain,ESP,1963,Illegal
Spain,ESP,1964,Illegal
Spain,ESP,1965,Illegal
Spain,ESP,1966,Illegal
Spain,ESP,1967,Illegal
Spain,ESP,1968,Illegal
Spain,ESP,1969,Illegal
Spain,ESP,1970,Illegal
Spain,ESP,1971,Illegal
Spain,ESP,1972,Illegal
Spain,ESP,1973,Illegal
Spain,ESP,1974,Illegal
Spain,ESP,1975,Illegal
Spain,ESP,1976,Illegal
Spain,ESP,1977,Illegal
Spain,ESP,1978,Illegal
Spain,ESP,1979,Legal
Spain,ESP,1980,Legal
Spain,ESP,1981,Legal
Spain,ESP,1982,Legal
Spain,ESP,1983,Legal
Spain,ESP,1984,Legal
Spain,ESP,1985,Legal
Spain,ESP,1986,Legal
Spain,ESP,1987,Legal
Spain,ESP,1988,Legal
Spain,ESP,1989,Legal
Spain,ESP,1990,Legal
Spain,ESP,1991,Legal
Spain,ESP,1992,Legal
Spain,ESP,1993,Legal
Spain,ESP,1994,Legal
Spain,ESP,1995,Legal
Spain,ESP,1996,Legal
Spain,ESP,1997,Legal
Spain,ESP,1998,Legal
Spain,ESP,1999,Legal
Spain,ESP,2000,Legal
Spain,ESP,2001,Legal
Spain,ESP,2002,Legal
Spain,ESP,2003,Legal
Spain,ESP,2004,Legal
Spain,ESP,2005,Legal
Spain,ESP,2006,Legal
Spain,ESP,2007,Legal
Spain,ESP,2008,Legal
Spain,ESP,2009,Legal
Spain,ESP,2010,Legal
Spain,ESP,2011,Legal
Spain,ESP,2012,Legal
Spain,ESP,2013,Legal
Spain,ESP,2014,Legal
Spain,ESP,2015,Legal
Spain,ESP,2016,Legal
Spain,ESP,2017,Legal
Spain,ESP,2018,Legal
Spain,ESP,2019,Legal
Spain,ESP,2020,Legal
Spain,ESP,2021,Legal
Spain,ESP,2022,Legal
Spain,ESP,2023,Legal
Spain,ESP,2024,Legal
Spain,ESP,2025,Legal
Sri Lanka,LKA,1885,Illegal
Sri Lanka,LKA,1886,Illegal
Sri Lanka,LKA,1887,Illegal
Sri Lanka,LKA,1888,Illegal
Sri Lanka,LKA,1889,Illegal
Sri Lanka,LKA,1890,Illegal
Sri Lanka,LKA,1891,Illegal
Sri Lanka,LKA,1892,Illegal
Sri Lanka,LKA,1893,Illegal
Sri Lanka,LKA,1894,Illegal
Sri Lanka,LKA,1895,Illegal
Sri Lanka,LKA,1896,Illegal
Sri Lanka,LKA,1897,Illegal
Sri Lanka,LKA,1898,Illegal
Sri Lanka,LKA,1899,Illegal
Sri Lanka,LKA,1900,Illegal
Sri Lanka,LKA,1901,Illegal
Sri Lanka,LKA,1902,Illegal
Sri Lanka,LKA,1903,Illegal
Sri Lanka,LKA,1904,Illegal
Sri Lanka,LKA,1905,Illegal
Sri Lanka,LKA,1906,Illegal
Sri Lanka,LKA,1907,Illegal
Sri Lanka,LKA,1908,Illegal
Sri Lanka,LKA,1909,Illegal
Sri Lanka,LKA,1910,Illegal
Sri Lanka,LKA,1911,Illegal
Sri Lanka,LKA,1912,Illegal
Sri Lanka,LKA,1913,Illegal
Sri Lanka,LKA,1914,Illegal
Sri Lanka,LKA,1915,Illegal
Sri Lanka,LKA,1916,Illegal
Sri Lanka,LKA,1917,Illegal
Sri Lanka,LKA,1918,Illegal
Sri Lanka,LKA,1919,Illegal
Sri Lanka,LKA,1920,Illegal
Sri Lanka,LKA,1921,Illegal
Sri Lanka,LKA,1922,Illegal
Sri Lanka,LKA,1923,Illegal
Sri Lanka,LKA,1924,Illegal
Sri Lanka,LKA,1925,Illegal
Sri Lanka,LKA,1926,Illegal
Sri Lanka,LKA,1927,Illegal
Sri Lanka,LKA,1928,Illegal
Sri Lanka,LKA,1929,Illegal
Sri Lanka,LKA,1930,Illegal
Sri Lanka,LKA,1931,Illegal
Sri Lanka,LKA,1932,Illegal
Sri Lanka,LKA,1933,Illegal
Sri Lanka,LKA,1934,Illegal
Sri Lanka,LKA,1935,Illegal
Sri Lanka,LKA,1936,Illegal
Sri Lanka,LKA,1937,Illegal
Sri Lanka,LKA,1938,Illegal
Sri Lanka,LKA,1939,Illegal
Sri Lanka,LKA,1940,Illegal
Sri Lanka,LKA,1941,Illegal
Sri Lanka,LKA,1942,Illegal
Sri Lanka,LKA,1943,Illegal
Sri Lanka,LKA,1944,Illegal
Sri Lanka,LKA,1945,Illegal
Sri Lanka,LKA,1946,Illegal
Sri Lanka,LKA,1947,Illegal
Sri Lanka,LKA,1948,Illegal
Sri Lanka,LKA,1949,Illegal
Sri Lanka,LKA,1950,Illegal
Sri Lanka,LKA,1951,Illegal
Sri Lanka,LKA,1952,Illegal
Sri Lanka,LKA,1953,Illegal
Sri Lanka,LKA,1954,Illegal
Sri Lanka,LKA,1955,Illegal
Sri Lanka,LKA,1956,Illegal
Sri Lanka,LKA,1957,Illegal
Sri Lanka,LKA,1958,Illegal
Sri Lanka,LKA,1959,Illegal
Sri Lanka,LKA,1960,Illegal
Sri Lanka,LKA,1961,Illegal
Sri Lanka,LKA,1962,Illegal
Sri Lanka,LKA,1963,Illegal
Sri Lanka,LKA,1964,Illegal
Sri Lanka,LKA,1965,Illegal
Sri Lanka,LKA,1966,Illegal
Sri Lanka,LKA,1967,Illegal
Sri Lanka,LKA,1968,Illegal
Sri Lanka,LKA,1969,Illegal
Sri Lanka,LKA,1970,Illegal
Sri Lanka,LKA,1971,Illegal
Sri Lanka,LKA,1972,Illegal
Sri Lanka,LKA,1973,Illegal
Sri Lanka,LKA,1974,Illegal
Sri Lanka,LKA,1975,Illegal
Sri Lanka,LKA,1976,Illegal
Sri Lanka,LKA,1977,Illegal
Sri Lanka,LKA,1978,Illegal
Sri Lanka,LKA,1979,Illegal
Sri Lanka,LKA,1980,Illegal
Sri Lanka,LKA,1981,Illegal
Sri Lanka,LKA,1982,Illegal
Sri Lanka,LKA,1983,Illegal
Sri Lanka,LKA,1984,Illegal
Sri Lanka,LKA,1985,Illegal
Sri Lanka,LKA,1986,Illegal
Sri Lanka,LKA,1987,Illegal
Sri Lanka,LKA,1988,Illegal
Sri Lanka,LKA,1989,Illegal
Sri Lanka,LKA,1990,Illegal
Sri Lanka,LKA,1991,Illegal
Sri Lanka,LKA,1992,Illegal
Sri Lanka,LKA,1993,Illegal
Sri Lanka,LKA,1994,Illegal
Sri Lanka,LKA,1995,Illegal
Sri Lanka,LKA,1996,Illegal
Sri Lanka,LKA,1997,Illegal
Sri Lanka,LKA,1998,Illegal
Sri Lanka,LKA,1999,Illegal
Sri Lanka,LKA,2000,Illegal
Sri Lanka,LKA,2001,Illegal
Sri Lanka,LKA,2002,Illegal
Sri Lanka,LKA,2003,Illegal
Sri Lanka,LKA,2004,Illegal
Sri Lanka,LKA,2005,Illegal
Sri Lanka,LKA,2006,Illegal
Sri Lanka,LKA,2007,Illegal
Sri Lanka,LKA,2008,Illegal
Sri Lanka,LKA,2009,Illegal
Sri Lanka,LKA,2010,Illegal
Sri Lanka,LKA,2011,Illegal
Sri Lanka,LKA,2012,Illegal
Sri Lanka,LKA,2013,Illegal
Sri Lanka,LKA,2014,Illegal
Sri Lanka,LKA,2015,Illegal
Sri Lanka,LKA,2016,Illegal
Sri Lanka,LKA,2017,Illegal
Sri Lanka,LKA,2018,Illegal
Sri Lanka,LKA,2019,Illegal
Sri Lanka,LKA,2020,Illegal
Sri Lanka,LKA,2021,Illegal
Sri Lanka,LKA,2022,Illegal
Sri Lanka,LKA,2023,Illegal
Sri Lanka,LKA,2024,Illegal
Sri Lanka,LKA,2025,Illegal
Sudan,SDN,1899,Legal
Sudan,SDN,1900,Legal
Sudan,SDN,1901,Legal
Sudan,SDN,1902,Legal
Sudan,SDN,1903,Legal
Sudan,SDN,1904,Legal
Sudan,SDN,1905,Legal
Sudan,SDN,1906,Legal
Sudan,SDN,1907,Legal
Sudan,SDN,1908,Legal
Sudan,SDN,1909,Legal
Sudan,SDN,1910,Legal
Sudan,SDN,1911,Legal
Sudan,SDN,1912,Legal
Sudan,SDN,1913,Legal
Sudan,SDN,1914,Legal
Sudan,SDN,1915,Legal
Sudan,SDN,1916,Legal
Sudan,SDN,1917,Legal
Sudan,SDN,1918,Legal
Sudan,SDN,1919,Legal
Sudan,SDN,1920,Legal
Sudan,SDN,1921,Legal
Sudan,SDN,1922,Legal
Sudan,SDN,1923,Legal
Sudan,SDN,1924,Legal
Sudan,SDN,1925,Legal
Sudan,SDN,1926,Legal
Sudan,SDN,1927,Legal
Sudan,SDN,1928,Legal
Sudan,SDN,1929,Legal
Sudan,SDN,1930,Legal
Sudan,SDN,1931,Legal
Sudan,SDN,1932,Legal
Sudan,SDN,1933,Legal
Sudan,SDN,1934,Legal
Sudan,SDN,1935,Legal
Sudan,SDN,1936,Legal
Sudan,SDN,1937,Legal
Sudan,SDN,1938,Legal
Sudan,SDN,1939,Legal
Sudan,SDN,1940,Legal
Sudan,SDN,1941,Legal
Sudan,SDN,1942,Legal
Sudan,SDN,1943,Legal
Sudan,SDN,1944,Legal
Sudan,SDN,1945,Legal
Sudan,SDN,1946,Legal
Sudan,SDN,1947,Legal
Sudan,SDN,1948,Legal
Sudan,SDN,1949,Legal
Sudan,SDN,1950,Legal
Sudan,SDN,1951,Legal
Sudan,SDN,1952,Legal
Sudan,SDN,1953,Legal
Sudan,SDN,1954,Legal
Sudan,SDN,1955,Legal
Sudan,SDN,1956,Legal
Sudan,SDN,1957,Legal
Sudan,SDN,1958,Legal
Sudan,SDN,1959,Legal
Sudan,SDN,1960,Legal
Sudan,SDN,1961,Legal
Sudan,SDN,1962,Legal
Sudan,SDN,1963,Legal
Sudan,SDN,1964,Legal
Sudan,SDN,1965,Legal
Sudan,SDN,1966,Legal
Sudan,SDN,1967,Legal
Sudan,SDN,1968,Legal
Sudan,SDN,1969,Legal
Sudan,SDN,1970,Legal
Sudan,SDN,1971,Legal
Sudan,SDN,1972,Legal
Sudan,SDN,1973,Legal
Sudan,SDN,1974,Illegal
Sudan,SDN,1975,Illegal
Sudan,SDN,1976,Illegal
Sudan,SDN,1977,Illegal
Sudan,SDN,1978,Illegal
Sudan,SDN,1979,Illegal
Sudan,SDN,1980,Illegal
Sudan,SDN,1981,Illegal
Sudan,SDN,1982,Illegal
Sudan,SDN,1983,Illegal
Sudan,SDN,1984,Illegal
Sudan,SDN,1985,Illegal
Sudan,SDN,1986,Illegal
Sudan,SDN,1987,Illegal
Sudan,SDN,1988,Illegal
Sudan,SDN,1989,Illegal
Sudan,SDN,1990,Illegal
Sudan,SDN,1991,Illegal
Sudan,SDN,1992,Illegal
Sudan,SDN,1993,Illegal
Sudan,SDN,1994,Illegal
Sudan,SDN,1995,Illegal
Sudan,SDN,1996,Illegal
Sudan,SDN,1997,Illegal
Sudan,SDN,1998,Illegal
Sudan,SDN,1999,Illegal
Sudan,SDN,2000,Illegal
Sudan,SDN,2001,Illegal
Sudan,SDN,2002,Illegal
Sudan,SDN,2003,Illegal
Sudan,SDN,2004,Illegal
Sudan,SDN,2005,Illegal
Sudan,SDN,2006,Illegal
Sudan,SDN,2007,Illegal
Sudan,SDN,2008,Illegal
Sudan,SDN,2009,Illegal
Sudan,SDN,2010,Illegal
Sudan,SDN,2011,Illegal
Sudan,SDN,2012,Illegal
Sudan,SDN,2013,Illegal
Sudan,SDN,2014,Illegal
Sudan,SDN,2015,Illegal
Sudan,SDN,2016,Illegal
Sudan,SDN,2017,Illegal
Sudan,SDN,2018,Illegal
Sudan,SDN,2019,Illegal
Sudan,SDN,2020,Illegal
Sudan,SDN,2021,Illegal
Sudan,SDN,2022,Illegal
Sudan,SDN,2023,Illegal
Sudan,SDN,2024,Illegal
Sudan,SDN,2025,Illegal
Suriname,SUR,1869,Legal
Suriname,SUR,1870,Legal
Suriname,SUR,1871,Legal
Suriname,SUR,1872,Legal
Suriname,SUR,1873,Legal
Suriname,SUR,1874,Legal
Suriname,SUR,1875,Legal
Suriname,SUR,1876,Legal
Suriname,SUR,1877,Legal
Suriname,SUR,1878,Legal
Suriname,SUR,1879,Legal
Suriname,SUR,1880,Legal
Suriname,SUR,1881,Legal
Suriname,SUR,1882,Legal
Suriname,SUR,1883,Legal
Suriname,SUR,1884,Legal
Suriname,SUR,1885,Legal
Suriname,SUR,1886,Legal
Suriname,SUR,1887,Legal
Suriname,SUR,1888,Legal
Suriname,SUR,1889,Legal
Suriname,SUR,1890,Legal
Suriname,SUR,1891,Legal
Suriname,SUR,1892,Legal
Suriname,SUR,1893,Legal
Suriname,SUR,1894,Legal
Suriname,SUR,1895,Legal
Suriname,SUR,1896,Legal
Suriname,SUR,1897,Legal
Suriname,SUR,1898,Legal
Suriname,SUR,1899,Legal
Suriname,SUR,1900,Legal
Suriname,SUR,1901,Legal
Suriname,SUR,1902,Legal
Suriname,SUR,1903,Legal
Suriname,SUR,1904,Legal
Suriname,SUR,1905,Legal
Suriname,SUR,1906,Legal
Suriname,SUR,1907,Legal
Suriname,SUR,1908,Legal
Suriname,SUR,1909,Legal
Suriname,SUR,1910,Legal
Suriname,SUR,1911,Legal
Suriname,SUR,1912,Legal
Suriname,SUR,1913,Legal
Suriname,SUR,1914,Legal
Suriname,SUR,1915,Legal
Suriname,SUR,1916,Legal
Suriname,SUR,1917,Legal
Suriname,SUR,1918,Legal
Suriname,SUR,1919,Legal
Suriname,SUR,1920,Legal
Suriname,SUR,1921,Legal
Suriname,SUR,1922,Legal
Suriname,SUR,1923,Legal
Suriname,SUR,1924,Legal
Suriname,SUR,1925,Legal
Suriname,SUR,1926,Legal
Suriname,SUR,1927,Legal
Suriname,SUR,1928,Legal
Suriname,SUR,1929,Legal
Suriname,SUR,1930,Legal
Suriname,SUR,1931,Legal
Suriname,SUR,1932,Legal
Suriname,SUR,1933,Legal
Suriname,SUR,1934,Legal
Suriname,SUR,1935,Legal
Suriname,SUR,1936,Legal
Suriname,SUR,1937,Legal
Suriname,SUR,1938,Legal
Suriname,SUR,1939,Legal
Suriname,SUR,1940,Legal
Suriname,SUR,1941,Legal
Suriname,SUR,1942,Legal
Suriname,SUR,1943,Legal
Suriname,SUR,1944,Legal
Suriname,SUR,1945,Legal
Suriname,SUR,1946,Legal
Suriname,SUR,1947,Legal
Suriname,SUR,1948,Legal
Suriname,SUR,1949,Legal
Suriname,SUR,1950,Legal
Suriname,SUR,1951,Legal
Suriname,SUR,1952,Legal
Suriname,SUR,1953,Legal
Suriname,SUR,1954,Legal
Suriname,SUR,1955,Legal
Suriname,SUR,1956,Legal
Suriname,SUR,1957,Legal
Suriname,SUR,1958,Legal
Suriname,SUR,1959,Legal
Suriname,SUR,1960,Legal
Suriname,SUR,1961,Legal
Suriname,SUR,1962,Legal
Suriname,SUR,1963,Legal
Suriname,SUR,1964,Legal
Suriname,SUR,1965,Legal
Suriname,SUR,1966,Legal
Suriname,SUR,1967,Legal
Suriname,SUR,1968,Legal
Suriname,SUR,1969,Legal
Suriname,SUR,1970,Legal
Suriname,SUR,1971,Legal
Suriname,SUR,1972,Legal
Suriname,SUR,1973,Legal
Suriname,SUR,1974,Legal
Suriname,SUR,1975,Legal
Suriname,SUR,1976,Legal
Suriname,SUR,1977,Legal
Suriname,SUR,1978,Legal
Suriname,SUR,1979,Legal
Suriname,SUR,1980,Legal
Suriname,SUR,1981,Legal
Suriname,SUR,1982,Legal
Suriname,SUR,1983,Legal
Suriname,SUR,1984,Legal
Suriname,SUR,1985,Legal
Suriname,SUR,1986,Legal
Suriname,SUR,1987,Legal
Suriname,SUR,1988,Legal
Suriname,SUR,1989,Legal
Suriname,SUR,1990,Legal
Suriname,SUR,1991,Legal
Suriname,SUR,1992,Legal
Suriname,SUR,1993,Legal
Suriname,SUR,1994,Legal
Suriname,SUR,1995,Legal
Suriname,SUR,1996,Legal
Suriname,SUR,1997,Legal
Suriname,SUR,1998,Legal
Suriname,SUR,1999,Legal
Suriname,SUR,2000,Legal
Suriname,SUR,2001,Legal
Suriname,SUR,2002,Legal
Suriname,SUR,2003,Legal
Suriname,SUR,2004,Legal
Suriname,SUR,2005,Legal
Suriname,SUR,2006,Legal
Suriname,SUR,2007,Legal
Suriname,SUR,2008,Legal
Suriname,SUR,2009,Legal
Suriname,SUR,2010,Legal
Suriname,SUR,2011,Legal
Suriname,SUR,2012,Legal
Suriname,SUR,2013,Legal
Suriname,SUR,2014,Legal
Suriname,SUR,2015,Legal
Suriname,SUR,2016,Legal
Suriname,SUR,2017,Legal
Suriname,SUR,2018,Legal
Suriname,SUR,2019,Legal
Suriname,SUR,2020,Legal
Suriname,SUR,2021,Legal
Suriname,SUR,2022,Legal
Suriname,SUR,2023,Legal
Suriname,SUR,2024,Legal
Suriname,SUR,2025,Legal
Sweden,SWE,1866,Illegal
Sweden,SWE,1867,Illegal
Sweden,SWE,1868,Illegal
Sweden,SWE,1869,Illegal
Sweden,SWE,1870,Illegal
Sweden,SWE,1871,Illegal
Sweden,SWE,1872,Illegal
Sweden,SWE,1873,Illegal
Sweden,SWE,1874,Illegal
Sweden,SWE,1875,Illegal
Sweden,SWE,1876,Illegal
Sweden,SWE,1877,Illegal
Sweden,SWE,1878,Illegal
Sweden,SWE,1879,Illegal
Sweden,SWE,1880,Illegal
Sweden,SWE,1881,Illegal
Sweden,SWE,1882,Illegal
Sweden,SWE,1883,Illegal
Sweden,SWE,1884,Illegal
Sweden,SWE,1885,Illegal
Sweden,SWE,1886,Illegal
Sweden,SWE,1887,Illegal
Sweden,SWE,1888,Illegal
Sweden,SWE,1889,Illegal
Sweden,SWE,1890,Illegal
Sweden,SWE,1891,Illegal
Sweden,SWE,1892,Illegal
Sweden,SWE,1893,Illegal
Sweden,SWE,1894,Illegal
Sweden,SWE,1895,Illegal
Sweden,SWE,1896,Illegal
Sweden,SWE,1897,Illegal
Sweden,SWE,1898,Illegal
Sweden,SWE,1899,Illegal
Sweden,SWE,1900,Illegal
Sweden,SWE,1901,Illegal
Sweden,SWE,1902,Illegal
Sweden,SWE,1903,Illegal
Sweden,SWE,1904,Illegal
Sweden,SWE,1905,Illegal
Sweden,SWE,1906,Illegal
Sweden,SWE,1907,Illegal
Sweden,SWE,1908,Illegal
Sweden,SWE,1909,Illegal
Sweden,SWE,1910,Illegal
Sweden,SWE,1911,Illegal
Sweden,SWE,1912,Illegal
Sweden,SWE,1913,Illegal
Sweden,SWE,1914,Illegal
Sweden,SWE,1915,Illegal
Sweden,SWE,1916,Illegal
Sweden,SWE,1917,Illegal
Sweden,SWE,1918,Illegal
Sweden,SWE,1919,Illegal
Sweden,SWE,1920,Illegal
Sweden,SWE,1921,Illegal
Sweden,SWE,1922,Illegal
Sweden,SWE,1923,Illegal
Sweden,SWE,1924,Illegal
Sweden,SWE,1925,Illegal
Sweden,SWE,1926,Illegal
Sweden,SWE,1927,Illegal
Sweden,SWE,1928,Illegal
Sweden,SWE,1929,Illegal
Sweden,SWE,1930,Illegal
Sweden,SWE,1931,Illegal
Sweden,SWE,1932,Illegal
Sweden,SWE,1933,Illegal
Sweden,SWE,1934,Illegal
Sweden,SWE,1935,Illegal
Sweden,SWE,1936,Illegal
Sweden,SWE,1937,Illegal
Sweden,SWE,1938,Illegal
Sweden,SWE,1939,Illegal
Sweden,SWE,1940,Illegal
Sweden,SWE,1941,Illegal
Sweden,SWE,1942,Illegal
Sweden,SWE,1943,Illegal
Sweden,SWE,1944,Legal
Sweden,SWE,1945,Legal
Sweden,SWE,1946,Legal
Sweden,SWE,1947,Legal
Sweden,SWE,1948,Legal
Sweden,SWE,1949,Legal
Sweden,SWE,1950,Legal
Sweden,SWE,1951,Legal
Sweden,SWE,1952,Legal
Sweden,SWE,1953,Legal
Sweden,SWE,1954,Legal
Sweden,SWE,1955,Legal
Sweden,SWE,1956,Legal
Sweden,SWE,1957,Legal
Sweden,SWE,1958,Legal
Sweden,SWE,1959,Legal
Sweden,SWE,1960,Legal
Sweden,SWE,1961,Legal
Sweden,SWE,1962,Legal
Sweden,SWE,1963,Legal
Sweden,SWE,1964,Legal
Sweden,SWE,1965,Legal
Sweden,SWE,1966,Legal
Sweden,SWE,1967,Legal
Sweden,SWE,1968,Legal
Sweden,SWE,1969,Legal
Sweden,SWE,1970,Legal
Sweden,SWE,1971,Legal
Sweden,SWE,1972,Legal
Sweden,SWE,1973,Legal
Sweden,SWE,1974,Legal
Sweden,SWE,1975,Legal
Sweden,SWE,1976,Legal
Sweden,SWE,1977,Legal
Sweden,SWE,1978,Legal
Sweden,SWE,1979,Legal
Sweden,SWE,1980,Legal
Sweden,SWE,1981,Legal
Sweden,SWE,1982,Legal
Sweden,SWE,1983,Legal
Sweden,SWE,1984,Legal
Sweden,SWE,1985,Legal
Sweden,SWE,1986,Legal
Sweden,SWE,1987,Legal
Sweden,SWE,1988,Legal
Sweden,SWE,1989,Legal
Sweden,SWE,1990,Legal
Sweden,SWE,1991,Legal
Sweden,SWE,1992,Legal
Sweden,SWE,1993,Legal
Sweden,SWE,1994,Legal
Sweden,SWE,1995,Legal
Sweden,SWE,1996,Legal
Sweden,SWE,1997,Legal
Sweden,SWE,1998,Legal
Sweden,SWE,1999,Legal
Sweden,SWE,2000,Legal
Sweden,SWE,2001,Legal
Sweden,SWE,2002,Legal
Sweden,SWE,2003,Legal
Sweden,SWE,2004,Legal
Sweden,SWE,2005,Legal
Sweden,SWE,2006,Legal
Sweden,SWE,2007,Legal
Sweden,SWE,2008,Legal
Sweden,SWE,2009,Legal
Sweden,SWE,2010,Legal
Sweden,SWE,2011,Legal
Sweden,SWE,2012,Legal
Sweden,SWE,2013,Legal
Sweden,SWE,2014,Legal
Sweden,SWE,2015,Legal
Sweden,SWE,2016,Legal
Sweden,SWE,2017,Legal
Sweden,SWE,2018,Legal
Sweden,SWE,2019,Legal
Sweden,SWE,2020,Legal
Sweden,SWE,2021,Legal
Sweden,SWE,2022,Legal
Sweden,SWE,2023,Legal
Sweden,SWE,2024,Legal
Sweden,SWE,2025,Legal
Switzerland,CHE,1760,Illegal
Switzerland,CHE,1761,Illegal
Switzerland,CHE,1762,Illegal
Switzerland,CHE,1763,Illegal
Switzerland,CHE,1764,Illegal
Switzerland,CHE,1765,Illegal
Switzerland,CHE,1766,Illegal
Switzerland,CHE,1767,Illegal
Switzerland,CHE,1768,Illegal
Switzerland,CHE,1769,Illegal
Switzerland,CHE,1770,Illegal
Switzerland,CHE,1771,Illegal
Switzerland,CHE,1772,Illegal
Switzerland,CHE,1773,Illegal
Switzerland,CHE,1774,Illegal
Switzerland,CHE,1775,Illegal
Switzerland,CHE,1776,Illegal
Switzerland,CHE,1777,Illegal
Switzerland,CHE,1778,Illegal
Switzerland,CHE,1779,Illegal
Switzerland,CHE,1780,Illegal
Switzerland,CHE,1781,Illegal
Switzerland,CHE,1782,Illegal
Switzerland,CHE,1783,Illegal
Switzerland,CHE,1784,Illegal
Switzerland,CHE,1785,Illegal
Switzerland,CHE,1786,Illegal
Switzerland,CHE,1787,Illegal
Switzerland,CHE,1788,Illegal
Switzerland,CHE,1789,Illegal
Switzerland,CHE,1790,Illegal
Switzerland,CHE,1791,Illegal
Switzerland,CHE,1792,Illegal
Switzerland,CHE,1793,Illegal
Switzerland,CHE,1794,Illegal
Switzerland,CHE,1795,Illegal
Switzerland,CHE,1796,Illegal
Switzerland,CHE,1797,Illegal
Switzerland,CHE,1798,Illegal
Switzerland,CHE,1799,Illegal
Switzerland,CHE,1800,Illegal
Switzerland,CHE,1801,Illegal
Switzerland,CHE,1802,Illegal
Switzerland,CHE,1803,Illegal
Switzerland,CHE,1804,Illegal
Switzerland,CHE,1805,Illegal
Switzerland,CHE,1806,Illegal
Switzerland,CHE,1807,Illegal
Switzerland,CHE,1808,Illegal
Switzerland,CHE,1809,Illegal
Switzerland,CHE,1810,Illegal
Switzerland,CHE,1811,Illegal
Switzerland,CHE,1812,Illegal
Switzerland,CHE,1813,Illegal
Switzerland,CHE,1814,Illegal
Switzerland,CHE,1815,Illegal
Switzerland,CHE,1816,Illegal
Switzerland,CHE,1817,Illegal
Switzerland,CHE,1818,Illegal
Switzerland,CHE,1819,Illegal
Switzerland,CHE,1820,Illegal
Switzerland,CHE,1821,Illegal
Switzerland,CHE,1822,Illegal
Switzerland,CHE,1823,Illegal
Switzerland,CHE,1824,Illegal
Switzerland,CHE,1825,Illegal
Switzerland,CHE,1826,Illegal
Switzerland,CHE,1827,Illegal
Switzerland,CHE,1828,Illegal
Switzerland,CHE,1829,Illegal
Switzerland,CHE,1830,Illegal
Switzerland,CHE,1831,Illegal
Switzerland,CHE,1832,Illegal
Switzerland,CHE,1833,Illegal
Switzerland,CHE,1834,Illegal
Switzerland,CHE,1835,Illegal
Switzerland,CHE,1836,Illegal
Switzerland,CHE,1837,Illegal
Switzerland,CHE,1838,Illegal
Switzerland,CHE,1839,Illegal
Switzerland,CHE,1840,Illegal
Switzerland,CHE,1841,Illegal
Switzerland,CHE,1842,Illegal
Switzerland,CHE,1843,Illegal
Switzerland,CHE,1844,Illegal
Switzerland,CHE,1845,Illegal
Switzerland,CHE,1846,Illegal
Switzerland,CHE,1847,Illegal
Switzerland,CHE,1848,Illegal
Switzerland,CHE,1849,Illegal
Switzerland,CHE,1850,Illegal
Switzerland,CHE,1851,Illegal
Switzerland,CHE,1852,Illegal
Switzerland,CHE,1853,Illegal
Switzerland,CHE,1854,Illegal
Switzerland,CHE,1855,Illegal
Switzerland,CHE,1856,Illegal
Switzerland,CHE,1857,Illegal
Switzerland,CHE,1858,Illegal
Switzerland,CHE,1859,Illegal
Switzerland,CHE,1860,Illegal
Switzerland,CHE,1861,Illegal
Switzerland,CHE,1862,Illegal
Switzerland,CHE,1863,Illegal
Switzerland,CHE,1864,Illegal
Switzerland,CHE,1865,Illegal
Switzerland,CHE,1866,Illegal
Switzerland,CHE,1867,Illegal
Switzerland,CHE,1868,Illegal
Switzerland,CHE,1869,Illegal
Switzerland,CHE,1870,Illegal
Switzerland,CHE,1871,Illegal
Switzerland,CHE,1872,Illegal
Switzerland,CHE,1873,Illegal
Switzerland,CHE,1874,Illegal
Switzerland,CHE,1875,Illegal
Switzerland,CHE,1876,Illegal
Switzerland,CHE,1877,Illegal
Switzerland,CHE,1878,Illegal
Switzerland,CHE,1879,Illegal
Switzerland,CHE,1880,Illegal
Switzerland,CHE,1881,Illegal
Switzerland,CHE,1882,Illegal
Switzerland,CHE,1883,Illegal
Switzerland,CHE,1884,Illegal
Switzerland,CHE,1885,Illegal
Switzerland,CHE,1886,Illegal
Switzerland,CHE,1887,Illegal
Switzerland,CHE,1888,Illegal
Switzerland,CHE,1889,Illegal
Switzerland,CHE,1890,Illegal
Switzerland,CHE,1891,Illegal
Switzerland,CHE,1892,Illegal
Switzerland,CHE,1893,Illegal
Switzerland,CHE,1894,Illegal
Switzerland,CHE,1895,Illegal
Switzerland,CHE,1896,Illegal
Switzerland,CHE,1897,Illegal
Switzerland,CHE,1898,Illegal
Switzerland,CHE,1899,Illegal
Switzerland,CHE,1900,Illegal
Switzerland,CHE,1901,Illegal
Switzerland,CHE,1902,Illegal
Switzerland,CHE,1903,Illegal
Switzerland,CHE,1904,Illegal
Switzerland,CHE,1905,Illegal
Switzerland,CHE,1906,Illegal
Switzerland,CHE,1907,Illegal
Switzerland,CHE,1908,Illegal
Switzerland,CHE,1909,Illegal
Switzerland,CHE,1910,Illegal
Switzerland,CHE,1911,Illegal
Switzerland,CHE,1912,Illegal
Switzerland,CHE,1913,Illegal
Switzerland,CHE,1914,Illegal
Switzerland,CHE,1915,Illegal
Switzerland,CHE,1916,Illegal
Switzerland,CHE,1917,Illegal
Switzerland,CHE,1918,Illegal
Switzerland,CHE,1919,Illegal
Switzerland,CHE,1920,Illegal
Switzerland,CHE,1921,Illegal
Switzerland,CHE,1922,Illegal
Switzerland,CHE,1923,Illegal
Switzerland,CHE,1924,Illegal
Switzerland,CHE,1925,Illegal
Switzerland,CHE,1926,Illegal
Switzerland,CHE,1927,Illegal
Switzerland,CHE,1928,Illegal
Switzerland,CHE,1929,Illegal
Switzerland,CHE,1930,Illegal
Switzerland,CHE,1931,Illegal
Switzerland,CHE,1932,Illegal
Switzerland,CHE,1933,Illegal
Switzerland,CHE,1934,Illegal
Switzerland,CHE,1935,Illegal
Switzerland,CHE,1936,Illegal
Switzerland,CHE,1937,Illegal
Switzerland,CHE,1938,Illegal
Switzerland,CHE,1939,Illegal
Switzerland,CHE,1940,Illegal
Switzerland,CHE,1941,Illegal
Switzerland,CHE,1942,Legal
Switzerland,CHE,1943,Legal
Switzerland,CHE,1944,Legal
Switzerland,CHE,1945,Legal
Switzerland,CHE,1946,Legal
Switzerland,CHE,1947,Legal
Switzerland,CHE,1948,Legal
Switzerland,CHE,1949,Legal
Switzerland,CHE,1950,Legal
Switzerland,CHE,1951,Legal
Switzerland,CHE,1952,Legal
Switzerland,CHE,1953,Legal
Switzerland,CHE,1954,Legal
Switzerland,CHE,1955,Legal
Switzerland,CHE,1956,Legal
Switzerland,CHE,1957,Legal
Switzerland,CHE,1958,Legal
Switzerland,CHE,1959,Legal
Switzerland,CHE,1960,Legal
Switzerland,CHE,1961,Legal
Switzerland,CHE,1962,Legal
Switzerland,CHE,1963,Legal
Switzerland,CHE,1964,Legal
Switzerland,CHE,1965,Legal
Switzerland,CHE,1966,Legal
Switzerland,CHE,1967,Legal
Switzerland,CHE,1968,Legal
Switzerland,CHE,1969,Legal
Switzerland,CHE,1970,Legal
Switzerland,CHE,1971,Legal
Switzerland,CHE,1972,Legal
Switzerland,CHE,1973,Legal
Switzerland,CHE,1974,Legal
Switzerland,CHE,1975,Legal
Switzerland,CHE,1976,Legal
Switzerland,CHE,1977,Legal
Switzerland,CHE,1978,Legal
Switzerland,CHE,1979,Legal
Switzerland,CHE,1980,Legal
Switzerland,CHE,1981,Legal
Switzerland,CHE,1982,Legal
Switzerland,CHE,1983,Legal
Switzerland,CHE,1984,Legal
Switzerland,CHE,1985,Legal
Switzerland,CHE,1986,Legal
Switzerland,CHE,1987,Legal
Switzerland,CHE,1988,Legal
Switzerland,CHE,1989,Legal
Switzerland,CHE,1990,Legal
Switzerland,CHE,1991,Legal
Switzerland,CHE,1992,Legal
Switzerland,CHE,1993,Legal
Switzerland,CHE,1994,Legal
Switzerland,CHE,1995,Legal
Switzerland,CHE,1996,Legal
Switzerland,CHE,1997,Legal
Switzerland,CHE,1998,Legal
Switzerland,CHE,1999,Legal
Switzerland,CHE,2000,Legal
Switzerland,CHE,2001,Legal
Switzerland,CHE,2002,Legal
Switzerland,CHE,2003,Legal
Switzerland,CHE,2004,Legal
Switzerland,CHE,2005,Legal
Switzerland,CHE,2006,Legal
Switzerland,CHE,2007,Legal
Switzerland,CHE,2008,Legal
Switzerland,CHE,2009,Legal
Switzerland,CHE,2010,Legal
Switzerland,CHE,2011,Legal
Switzerland,CHE,2012,Legal
Switzerland,CHE,2013,Legal
Switzerland,CHE,2014,Legal
Switzerland,CHE,2015,Legal
Switzerland,CHE,2016,Legal
Switzerland,CHE,2017,Legal
Switzerland,CHE,2018,Legal
Switzerland,CHE,2019,Legal
Switzerland,CHE,2020,Legal
Switzerland,CHE,2021,Legal
Switzerland,CHE,2022,Legal
Switzerland,CHE,2023,Legal
Switzerland,CHE,2024,Legal
Switzerland,CHE,2025,Legal
Syria,SYR,1858,Legal
Syria,SYR,1859,Legal
Syria,SYR,1860,Legal
Syria,SYR,1861,Legal
Syria,SYR,1862,Legal
Syria,SYR,1863,Legal
Syria,SYR,1864,Legal
Syria,SYR,1865,Legal
Syria,SYR,1866,Legal
Syria,SYR,1867,Legal
Syria,SYR,1868,Legal
Syria,SYR,1869,Legal
Syria,SYR,1870,Legal
Syria,SYR,1871,Legal
Syria,SYR,1872,Legal
Syria,SYR,1873,Legal
Syria,SYR,1874,Legal
Syria,SYR,1875,Legal
Syria,SYR,1876,Legal
Syria,SYR,1877,Legal
Syria,SYR,1878,Legal
Syria,SYR,1879,Legal
Syria,SYR,1880,Legal
Syria,SYR,1881,Legal
Syria,SYR,1882,Legal
Syria,SYR,1883,Legal
Syria,SYR,1884,Legal
Syria,SYR,1885,Legal
Syria,SYR,1886,Legal
Syria,SYR,1887,Legal
Syria,SYR,1888,Legal
Syria,SYR,1889,Legal
Syria,SYR,1890,Legal
Syria,SYR,1891,Legal
Syria,SYR,1892,Legal
Syria,SYR,1893,Legal
Syria,SYR,1894,Legal
Syria,SYR,1895,Legal
Syria,SYR,1896,Legal
Syria,SYR,1897,Legal
Syria,SYR,1898,Legal
Syria,SYR,1899,Legal
Syria,SYR,1900,Legal
Syria,SYR,1901,Legal
Syria,SYR,1902,Legal
Syria,SYR,1903,Legal
Syria,SYR,1904,Legal
Syria,SYR,1905,Legal
Syria,SYR,1906,Legal
Syria,SYR,1907,Legal
Syria,SYR,1908,Legal
Syria,SYR,1909,Legal
Syria,SYR,1910,Legal
Syria,SYR,1911,Legal
Syria,SYR,1912,Legal
Syria,SYR,1913,Legal
Syria,SYR,1914,Legal
Syria,SYR,1915,Legal
Syria,SYR,1916,Legal
Syria,SYR,1917,Legal
Syria,SYR,1918,Legal
Syria,SYR,1919,Legal
Syria,SYR,1920,Legal
Syria,SYR,1921,Legal
Syria,SYR,1922,Legal
Syria,SYR,1923,Legal
Syria,SYR,1924,Legal
Syria,SYR,1925,Legal
Syria,SYR,1926,Legal
Syria,SYR,1927,Legal
Syria,SYR,1928,Legal
Syria,SYR,1929,Legal
Syria,SYR,1930,Legal
Syria,SYR,1931,Legal
Syria,SYR,1932,Legal
Syria,SYR,1933,Legal
Syria,SYR,1934,Legal
Syria,SYR,1935,Legal
Syria,SYR,1936,Legal
Syria,SYR,1937,Legal
Syria,SYR,1938,Legal
Syria,SYR,1939,Legal
Syria,SYR,1940,Legal
Syria,SYR,1941,Legal
Syria,SYR,1942,Legal
Syria,SYR,1943,Legal
Syria,SYR,1944,Legal
Syria,SYR,1945,Legal
Syria,SYR,1946,Legal
Syria,SYR,1947,Legal
Syria,SYR,1948,Legal
Syria,SYR,1949,Illegal
Syria,SYR,1950,Illegal
Syria,SYR,1951,Illegal
Syria,SYR,1952,Illegal
Syria,SYR,1953,Illegal
Syria,SYR,1954,Illegal
Syria,SYR,1955,Illegal
Syria,SYR,1956,Illegal
Syria,SYR,1957,Illegal
Syria,SYR,1958,Illegal
Syria,SYR,1959,Illegal
Syria,SYR,1960,Illegal
Syria,SYR,1961,Illegal
Syria,SYR,1962,Illegal
Syria,SYR,1963,Illegal
Syria,SYR,1964,Illegal
Syria,SYR,1965,Illegal
Syria,SYR,1966,Illegal
Syria,SYR,1967,Illegal
Syria,SYR,1968,Illegal
Syria,SYR,1969,Illegal
Syria,SYR,1970,Illegal
Syria,SYR,1971,Illegal
Syria,SYR,1972,Illegal
Syria,SYR,1973,Illegal
Syria,SYR,1974,Illegal
Syria,SYR,1975,Illegal
Syria,SYR,1976,Illegal
Syria,SYR,1977,Illegal
Syria,SYR,1978,Illegal
Syria,SYR,1979,Illegal
Syria,SYR,1980,Illegal
Syria,SYR,1981,Illegal
Syria,SYR,1982,Illegal
Syria,SYR,1983,Illegal
Syria,SYR,1984,Illegal
Syria,SYR,1985,Illegal
Syria,SYR,1986,Illegal
Syria,SYR,1987,Illegal
Syria,SYR,1988,Illegal
Syria,SYR,1989,Illegal
Syria,SYR,1990,Illegal
Syria,SYR,1991,Illegal
Syria,SYR,1992,Illegal
Syria,SYR,1993,Illegal
Syria,SYR,1994,Illegal
Syria,SYR,1995,Illegal
Syria,SYR,1996,Illegal
Syria,SYR,1997,Illegal
Syria,SYR,1998,Illegal
Syria,SYR,1999,Illegal
Syria,SYR,2000,Illegal
Syria,SYR,2001,Illegal
Syria,SYR,2002,Illegal
Syria,SYR,2003,Illegal
Syria,SYR,2004,Illegal
Syria,SYR,2005,Illegal
Syria,SYR,2006,Illegal
Syria,SYR,2007,Illegal
Syria,SYR,2008,Illegal
Syria,SYR,2009,Illegal
Syria,SYR,2010,Illegal
Syria,SYR,2011,Illegal
Syria,SYR,2012,Illegal
Syria,SYR,2013,Illegal
Syria,SYR,2014,Illegal
Syria,SYR,2015,Illegal
Syria,SYR,2016,Illegal
Syria,SYR,2017,Illegal
Syria,SYR,2018,Illegal
Syria,SYR,2019,Illegal
Syria,SYR,2020,Illegal
Syria,SYR,2021,Illegal
Syria,SYR,2022,Illegal
Syria,SYR,2023,Illegal
Syria,SYR,2024,Illegal
Syria,SYR,2025,Illegal
Taiwan,TWN,1760,Illegal
Taiwan,TWN,1761,Illegal
Taiwan,TWN,1762,Illegal
Taiwan,TWN,1763,Illegal
Taiwan,TWN,1764,Illegal
Taiwan,TWN,1765,Illegal
Taiwan,TWN,1766,Illegal
Taiwan,TWN,1767,Illegal
Taiwan,TWN,1768,Illegal
Taiwan,TWN,1769,Illegal
Taiwan,TWN,1770,Illegal
Taiwan,TWN,1771,Illegal
Taiwan,TWN,1772,Illegal
Taiwan,TWN,1773,Illegal
Taiwan,TWN,1774,Illegal
Taiwan,TWN,1775,Illegal
Taiwan,TWN,1776,Illegal
Taiwan,TWN,1777,Illegal
Taiwan,TWN,1778,Illegal
Taiwan,TWN,1779,Illegal
Taiwan,TWN,1780,Illegal
Taiwan,TWN,1781,Illegal
Taiwan,TWN,1782,Illegal
Taiwan,TWN,1783,Illegal
Taiwan,TWN,1784,Illegal
Taiwan,TWN,1785,Illegal
Taiwan,TWN,1786,Illegal
Taiwan,TWN,1787,Illegal
Taiwan,TWN,1788,Illegal
Taiwan,TWN,1789,Illegal
Taiwan,TWN,1790,Illegal
Taiwan,TWN,1791,Illegal
Taiwan,TWN,1792,Illegal
Taiwan,TWN,1793,Illegal
Taiwan,TWN,1794,Illegal
Taiwan,TWN,1795,Illegal
Taiwan,TWN,1796,Illegal
Taiwan,TWN,1797,Illegal
Taiwan,TWN,1798,Illegal
Taiwan,TWN,1799,Illegal
Taiwan,TWN,1800,Illegal
Taiwan,TWN,1801,Illegal
Taiwan,TWN,1802,Illegal
Taiwan,TWN,1803,Illegal
Taiwan,TWN,1804,Illegal
Taiwan,TWN,1805,Illegal
Taiwan,TWN,1806,Illegal
Taiwan,TWN,1807,Illegal
Taiwan,TWN,1808,Illegal
Taiwan,TWN,1809,Illegal
Taiwan,TWN,1810,Illegal
Taiwan,TWN,1811,Illegal
Taiwan,TWN,1812,Illegal
Taiwan,TWN,1813,Illegal
Taiwan,TWN,1814,Illegal
Taiwan,TWN,1815,Illegal
Taiwan,TWN,1816,Illegal
Taiwan,TWN,1817,Illegal
Taiwan,TWN,1818,Illegal
Taiwan,TWN,1819,Illegal
Taiwan,TWN,1820,Illegal
Taiwan,TWN,1821,Illegal
Taiwan,TWN,1822,Illegal
Taiwan,TWN,1823,Illegal
Taiwan,TWN,1824,Illegal
Taiwan,TWN,1825,Illegal
Taiwan,TWN,1826,Illegal
Taiwan,TWN,1827,Illegal
Taiwan,TWN,1828,Illegal
Taiwan,TWN,1829,Illegal
Taiwan,TWN,1830,Illegal
Taiwan,TWN,1831,Illegal
Taiwan,TWN,1832,Illegal
Taiwan,TWN,1833,Illegal
Taiwan,TWN,1834,Illegal
Taiwan,TWN,1835,Illegal
Taiwan,TWN,1836,Illegal
Taiwan,TWN,1837,Illegal
Taiwan,TWN,1838,Illegal
Taiwan,TWN,1839,Illegal
Taiwan,TWN,1840,Illegal
Taiwan,TWN,1841,Illegal
Taiwan,TWN,1842,Illegal
Taiwan,TWN,1843,Illegal
Taiwan,TWN,1844,Illegal
Taiwan,TWN,1845,Illegal
Taiwan,TWN,1846,Illegal
Taiwan,TWN,1847,Illegal
Taiwan,TWN,1848,Illegal
Taiwan,TWN,1849,Illegal
Taiwan,TWN,1850,Illegal
Taiwan,TWN,1851,Illegal
Taiwan,TWN,1852,Illegal
Taiwan,TWN,1853,Illegal
Taiwan,TWN,1854,Illegal
Taiwan,TWN,1855,Illegal
Taiwan,TWN,1856,Illegal
Taiwan,TWN,1857,Illegal
Taiwan,TWN,1858,Illegal
Taiwan,TWN,1859,Illegal
Taiwan,TWN,1860,Illegal
Taiwan,TWN,1861,Illegal
Taiwan,TWN,1862,Illegal
Taiwan,TWN,1863,Illegal
Taiwan,TWN,1864,Illegal
Taiwan,TWN,1865,Illegal
Taiwan,TWN,1866,Illegal
Taiwan,TWN,1867,Illegal
Taiwan,TWN,1868,Illegal
Taiwan,TWN,1869,Illegal
Taiwan,TWN,1870,Illegal
Taiwan,TWN,1871,Illegal
Taiwan,TWN,1872,Illegal
Taiwan,TWN,1873,Illegal
Taiwan,TWN,1874,Illegal
Taiwan,TWN,1875,Illegal
Taiwan,TWN,1876,Illegal
Taiwan,TWN,1877,Illegal
Taiwan,TWN,1878,Illegal
Taiwan,TWN,1879,Illegal
Taiwan,TWN,1880,Illegal
Taiwan,TWN,1881,Illegal
Taiwan,TWN,1882,Illegal
Taiwan,TWN,1883,Illegal
Taiwan,TWN,1884,Illegal
Taiwan,TWN,1885,Illegal
Taiwan,TWN,1886,Illegal
Taiwan,TWN,1887,Illegal
Taiwan,TWN,1888,Illegal
Taiwan,TWN,1889,Illegal
Taiwan,TWN,1890,Illegal
Taiwan,TWN,1891,Illegal
Taiwan,TWN,1892,Illegal
Taiwan,TWN,1893,Illegal
Taiwan,TWN,1894,Illegal
Taiwan,TWN,1895,Illegal
Taiwan,TWN,1896,Legal
Taiwan,TWN,1897,Legal
Taiwan,TWN,1898,Legal
Taiwan,TWN,1899,Legal
Taiwan,TWN,1900,Legal
Taiwan,TWN,1901,Legal
Taiwan,TWN,1902,Legal
Taiwan,TWN,1903,Legal
Taiwan,TWN,1904,Legal
Taiwan,TWN,1905,Legal
Taiwan,TWN,1906,Legal
Taiwan,TWN,1907,Legal
Taiwan,TWN,1908,Legal
Taiwan,TWN,1909,Legal
Taiwan,TWN,1910,Legal
Taiwan,TWN,1911,Legal
Taiwan,TWN,1912,Legal
Taiwan,TWN,1913,Legal
Taiwan,TWN,1914,Legal
Taiwan,TWN,1915,Legal
Taiwan,TWN,1916,Legal
Taiwan,TWN,1917,Legal
Taiwan,TWN,1918,Legal
Taiwan,TWN,1919,Legal
Taiwan,TWN,1920,Legal
Taiwan,TWN,1921,Legal
Taiwan,TWN,1922,Legal
Taiwan,TWN,1923,Legal
Taiwan,TWN,1924,Legal
Taiwan,TWN,1925,Legal
Taiwan,TWN,1926,Legal
Taiwan,TWN,1927,Legal
Taiwan,TWN,1928,Legal
Taiwan,TWN,1929,Legal
Taiwan,TWN,1930,Legal
Taiwan,TWN,1931,Legal
Taiwan,TWN,1932,Legal
Taiwan,TWN,1933,Legal
Taiwan,TWN,1934,Legal
Taiwan,TWN,1935,Legal
Taiwan,TWN,1936,Legal
Taiwan,TWN,1937,Legal
Taiwan,TWN,1938,Legal
Taiwan,TWN,1939,Legal
Taiwan,TWN,1940,Legal
Taiwan,TWN,1941,Legal
Taiwan,TWN,1942,Legal
Taiwan,TWN,1943,Legal
Taiwan,TWN,1944,Legal
Taiwan,TWN,1945,Legal
Taiwan,TWN,1946,Legal
Taiwan,TWN,1947,Legal
Taiwan,TWN,1948,Legal
Taiwan,TWN,1949,Legal
Taiwan,TWN,1950,Legal
Taiwan,TWN,1951,Legal
Taiwan,TWN,1952,Legal
Taiwan,TWN,1953,Legal
Taiwan,TWN,1954,Legal
Taiwan,TWN,1955,Legal
Taiwan,TWN,1956,Legal
Taiwan,TWN,1957,Legal
Taiwan,TWN,1958,Legal
Taiwan,TWN,1959,Legal
Taiwan,TWN,1960,Legal
Taiwan,TWN,1961,Legal
Taiwan,TWN,1962,Legal
Taiwan,TWN,1963,Legal
Taiwan,TWN,1964,Legal
Taiwan,TWN,1965,Legal
Taiwan,TWN,1966,Legal
Taiwan,TWN,1967,Legal
Taiwan,TWN,1968,Legal
Taiwan,TWN,1969,Legal
Taiwan,TWN,1970,Legal
Taiwan,TWN,1971,Legal
Taiwan,TWN,1972,Legal
Taiwan,TWN,1973,Legal
Taiwan,TWN,1974,Legal
Taiwan,TWN,1975,Legal
Taiwan,TWN,1976,Legal
Taiwan,TWN,1977,Legal
Taiwan,TWN,1978,Legal
Taiwan,TWN,1979,Legal
Taiwan,TWN,1980,Legal
Taiwan,TWN,1981,Legal
Taiwan,TWN,1982,Legal
Taiwan,TWN,1983,Legal
Taiwan,TWN,1984,Legal
Taiwan,TWN,1985,Legal
Taiwan,TWN,1986,Legal
Taiwan,TWN,1987,Legal
Taiwan,TWN,1988,Legal
Taiwan,TWN,1989,Legal
Taiwan,TWN,1990,Legal
Taiwan,TWN,1991,Legal
Taiwan,TWN,1992,Legal
Taiwan,TWN,1993,Legal
Taiwan,TWN,1994,Legal
Taiwan,TWN,1995,Legal
Taiwan,TWN,1996,Legal
Taiwan,TWN,1997,Legal
Taiwan,TWN,1998,Legal
Taiwan,TWN,1999,Legal
Taiwan,TWN,2000,Legal
Taiwan,TWN,2001,Legal
Taiwan,TWN,2002,Legal
Taiwan,TWN,2003,Legal
Taiwan,TWN,2004,Legal
Taiwan,TWN,2005,Legal
Taiwan,TWN,2006,Legal
Taiwan,TWN,2007,Legal
Taiwan,TWN,2008,Legal
Taiwan,TWN,2009,Legal
Taiwan,TWN,2010,Legal
Taiwan,TWN,2011,Legal
Taiwan,TWN,2012,Legal
Taiwan,TWN,2013,Legal
Taiwan,TWN,2014,Legal
Taiwan,TWN,2015,Legal
Taiwan,TWN,2016,Legal
Taiwan,TWN,2017,Legal
Taiwan,TWN,2018,Legal
Taiwan,TWN,2019,Legal
Taiwan,TWN,2020,Legal
Taiwan,TWN,2021,Legal
Taiwan,TWN,2022,Legal
Taiwan,TWN,2023,Legal
Taiwan,TWN,2024,Legal
Taiwan,TWN,2025,Legal
Tajikistan,TJK,1760,Legal
Tajikistan,TJK,1761,Legal
Tajikistan,TJK,1762,Legal
Tajikistan,TJK,1763,Legal
Tajikistan,TJK,1764,Legal
Tajikistan,TJK,1765,Legal
Tajikistan,TJK,1766,Legal
Tajikistan,TJK,1767,Legal
Tajikistan,TJK,1768,Legal
Tajikistan,TJK,1769,Legal
Tajikistan,TJK,1770,Legal
Tajikistan,TJK,1771,Legal
Tajikistan,TJK,1772,Legal
Tajikistan,TJK,1773,Legal
Tajikistan,TJK,1774,Legal
Tajikistan,TJK,1775,Legal
Tajikistan,TJK,1776,Legal
Tajikistan,TJK,1777,Legal
Tajikistan,TJK,1778,Legal
Tajikistan,TJK,1779,Legal
Tajikistan,TJK,1780,Legal
Tajikistan,TJK,1781,Legal
Tajikistan,TJK,1782,Legal
Tajikistan,TJK,1783,Legal
Tajikistan,TJK,1784,Legal
Tajikistan,TJK,1785,Legal
Tajikistan,TJK,1786,Legal
Tajikistan,TJK,1787,Legal
Tajikistan,TJK,1788,Legal
Tajikistan,TJK,1789,Legal
Tajikistan,TJK,1790,Legal
Tajikistan,TJK,1791,Legal
Tajikistan,TJK,1792,Legal
Tajikistan,TJK,1793,Legal
Tajikistan,TJK,1794,Legal
Tajikistan,TJK,1795,Legal
Tajikistan,TJK,1796,Legal
Tajikistan,TJK,1797,Legal
Tajikistan,TJK,1798,Legal
Tajikistan,TJK,1799,Legal
Tajikistan,TJK,1800,Legal
Tajikistan,TJK,1801,Legal
Tajikistan,TJK,1802,Legal
Tajikistan,TJK,1803,Legal
Tajikistan,TJK,1804,Legal
Tajikistan,TJK,1805,Legal
Tajikistan,TJK,1806,Legal
Tajikistan,TJK,1807,Legal
Tajikistan,TJK,1808,Legal
Tajikistan,TJK,1809,Legal
Tajikistan,TJK,1810,Legal
Tajikistan,TJK,1811,Legal
Tajikistan,TJK,1812,Legal
Tajikistan,TJK,1813,Legal
Tajikistan,TJK,1814,Legal
Tajikistan,TJK,1815,Legal
Tajikistan,TJK,1816,Legal
Tajikistan,TJK,1817,Legal
Tajikistan,TJK,1818,Legal
Tajikistan,TJK,1819,Legal
Tajikistan,TJK,1820,Legal
Tajikistan,TJK,1821,Legal
Tajikistan,TJK,1822,Legal
Tajikistan,TJK,1823,Legal
Tajikistan,TJK,1824,Legal
Tajikistan,TJK,1825,Legal
Tajikistan,TJK,1826,Legal
Tajikistan,TJK,1827,Legal
Tajikistan,TJK,1828,Legal
Tajikistan,TJK,1829,Legal
Tajikistan,TJK,1830,Legal
Tajikistan,TJK,1831,Legal
Tajikistan,TJK,1832,Illegal
Tajikistan,TJK,1833,Illegal
Tajikistan,TJK,1834,Illegal
Tajikistan,TJK,1835,Illegal
Tajikistan,TJK,1836,Illegal
Tajikistan,TJK,1837,Illegal
Tajikistan,TJK,1838,Illegal
Tajikistan,TJK,1839,Illegal
Tajikistan,TJK,1840,Illegal
Tajikistan,TJK,1841,Illegal
Tajikistan,TJK,1842,Illegal
Tajikistan,TJK,1843,Illegal
Tajikistan,TJK,1844,Illegal
Tajikistan,TJK,1845,Illegal
Tajikistan,TJK,1846,Illegal
Tajikistan,TJK,1847,Illegal
Tajikistan,TJK,1848,Illegal
Tajikistan,TJK,1849,Illegal
Tajikistan,TJK,1850,Illegal
Tajikistan,TJK,1851,Illegal
Tajikistan,TJK,1852,Illegal
Tajikistan,TJK,1853,Illegal
Tajikistan,TJK,1854,Illegal
Tajikistan,TJK,1855,Illegal
Tajikistan,TJK,1856,Illegal
Tajikistan,TJK,1857,Illegal
Tajikistan,TJK,1858,Illegal
Tajikistan,TJK,1859,Illegal
Tajikistan,TJK,1860,Illegal
Tajikistan,TJK,1861,Illegal
Tajikistan,TJK,1862,Illegal
Tajikistan,TJK,1863,Illegal
Tajikistan,TJK,1864,Illegal
Tajikistan,TJK,1865,Illegal
Tajikistan,TJK,1866,Illegal
Tajikistan,TJK,1867,Illegal
Tajikistan,TJK,1868,Illegal
Tajikistan,TJK,1869,Illegal
Tajikistan,TJK,1870,Illegal
Tajikistan,TJK,1871,Illegal
Tajikistan,TJK,1872,Illegal
Tajikistan,TJK,1873,Illegal
Tajikistan,TJK,1874,Illegal
Tajikistan,TJK,1875,Illegal
Tajikistan,TJK,1876,Illegal
Tajikistan,TJK,1877,Illegal
Tajikistan,TJK,1878,Illegal
Tajikistan,TJK,1879,Illegal
Tajikistan,TJK,1880,Illegal
Tajikistan,TJK,1881,Illegal
Tajikistan,TJK,1882,Illegal
Tajikistan,TJK,1883,Illegal
Tajikistan,TJK,1884,Illegal
Tajikistan,TJK,1885,Illegal
Tajikistan,TJK,1886,Illegal
Tajikistan,TJK,1887,Illegal
Tajikistan,TJK,1888,Illegal
Tajikistan,TJK,1889,Illegal
Tajikistan,TJK,1890,Illegal
Tajikistan,TJK,1891,Illegal
Tajikistan,TJK,1892,Illegal
Tajikistan,TJK,1893,Illegal
Tajikistan,TJK,1894,Illegal
Tajikistan,TJK,1895,Illegal
Tajikistan,TJK,1896,Illegal
Tajikistan,TJK,1897,Illegal
Tajikistan,TJK,1898,Illegal
Tajikistan,TJK,1899,Illegal
Tajikistan,TJK,1900,Illegal
Tajikistan,TJK,1901,Illegal
Tajikistan,TJK,1902,Illegal
Tajikistan,TJK,1903,Illegal
Tajikistan,TJK,1904,Illegal
Tajikistan,TJK,1905,Illegal
Tajikistan,TJK,1906,Illegal
Tajikistan,TJK,1907,Illegal
Tajikistan,TJK,1908,Illegal
Tajikistan,TJK,1909,Illegal
Tajikistan,TJK,1910,Illegal
Tajikistan,TJK,1911,Illegal
Tajikistan,TJK,1912,Illegal
Tajikistan,TJK,1913,Illegal
Tajikistan,TJK,1914,Illegal
Tajikistan,TJK,1915,Illegal
Tajikistan,TJK,1916,Illegal
Tajikistan,TJK,1917,Illegal
Tajikistan,TJK,1918,Illegal
Tajikistan,TJK,1919,Illegal
Tajikistan,TJK,1920,Illegal
Tajikistan,TJK,1921,Illegal
Tajikistan,TJK,1922,Illegal
Tajikistan,TJK,1923,Illegal
Tajikistan,TJK,1924,Illegal
Tajikistan,TJK,1925,Illegal
Tajikistan,TJK,1926,Illegal
Tajikistan,TJK,1927,Illegal
Tajikistan,TJK,1928,Illegal
Tajikistan,TJK,1929,Illegal
Tajikistan,TJK,1930,Illegal
Tajikistan,TJK,1931,Illegal
Tajikistan,TJK,1932,Illegal
Tajikistan,TJK,1933,Illegal
Tajikistan,TJK,1934,Illegal
Tajikistan,TJK,1935,Illegal
Tajikistan,TJK,1936,Illegal
Tajikistan,TJK,1937,Illegal
Tajikistan,TJK,1938,Illegal
Tajikistan,TJK,1939,Illegal
Tajikistan,TJK,1940,Illegal
Tajikistan,TJK,1941,Illegal
Tajikistan,TJK,1942,Illegal
Tajikistan,TJK,1943,Illegal
Tajikistan,TJK,1944,Illegal
Tajikistan,TJK,1945,Illegal
Tajikistan,TJK,1946,Illegal
Tajikistan,TJK,1947,Illegal
Tajikistan,TJK,1948,Illegal
Tajikistan,TJK,1949,Illegal
Tajikistan,TJK,1950,Illegal
Tajikistan,TJK,1951,Illegal
Tajikistan,TJK,1952,Illegal
Tajikistan,TJK,1953,Illegal
Tajikistan,TJK,1954,Illegal
Tajikistan,TJK,1955,Illegal
Tajikistan,TJK,1956,Illegal
Tajikistan,TJK,1957,Illegal
Tajikistan,TJK,1958,Illegal
Tajikistan,TJK,1959,Illegal
Tajikistan,TJK,1960,Illegal
Tajikistan,TJK,1961,Illegal
Tajikistan,TJK,1962,Illegal
Tajikistan,TJK,1963,Illegal
Tajikistan,TJK,1964,Illegal
Tajikistan,TJK,1965,Illegal
Tajikistan,TJK,1966,Illegal
Tajikistan,TJK,1967,Illegal
Tajikistan,TJK,1968,Illegal
Tajikistan,TJK,1969,Illegal
Tajikistan,TJK,1970,Illegal
Tajikistan,TJK,1971,Illegal
Tajikistan,TJK,1972,Illegal
Tajikistan,TJK,1973,Illegal
Tajikistan,TJK,1974,Illegal
Tajikistan,TJK,1975,Illegal
Tajikistan,TJK,1976,Illegal
Tajikistan,TJK,1977,Illegal
Tajikistan,TJK,1978,Illegal
Tajikistan,TJK,1979,Illegal
Tajikistan,TJK,1980,Illegal
Tajikistan,TJK,1981,Illegal
Tajikistan,TJK,1982,Illegal
Tajikistan,TJK,1983,Illegal
Tajikistan,TJK,1984,Illegal
Tajikistan,TJK,1985,Illegal
Tajikistan,TJK,1986,Illegal
Tajikistan,TJK,1987,Illegal
Tajikistan,TJK,1988,Illegal
Tajikistan,TJK,1989,Illegal
Tajikistan,TJK,1990,Illegal
Tajikistan,TJK,1991,Illegal
Tajikistan,TJK,1992,Illegal
Tajikistan,TJK,1993,Illegal
Tajikistan,TJK,1994,Illegal
Tajikistan,TJK,1995,Illegal
Tajikistan,TJK,1996,Illegal
Tajikistan,TJK,1997,Illegal
Tajikistan,TJK,1998,Legal
Tajikistan,TJK,1999,Legal
Tajikistan,TJK,2000,Legal
Tajikistan,TJK,2001,Legal
Tajikistan,TJK,2002,Legal
Tajikistan,TJK,2003,Legal
Tajikistan,TJK,2004,Legal
Tajikistan,TJK,2005,Legal
Tajikistan,TJK,2006,Legal
Tajikistan,TJK,2007,Legal
Tajikistan,TJK,2008,Legal
Tajikistan,TJK,2009,Legal
Tajikistan,TJK,2010,Legal
Tajikistan,TJK,2011,Legal
Tajikistan,TJK,2012,Legal
Tajikistan,TJK,2013,Legal
Tajikistan,TJK,2014,Legal
Tajikistan,TJK,2015,Legal
Tajikistan,TJK,2016,Legal
Tajikistan,TJK,2017,Legal
Tajikistan,TJK,2018,Legal
Tajikistan,TJK,2019,Legal
Tajikistan,TJK,2020,Legal
Tajikistan,TJK,2021,Legal
Tajikistan,TJK,2022,Legal
Tajikistan,TJK,2023,Legal
Tajikistan,TJK,2024,Legal
Tajikistan,TJK,2025,Legal
Tanzania,TZA,1867,Illegal
Tanzania,TZA,1868,Illegal
Tanzania,TZA,1869,Illegal
Tanzania,TZA,1870,Illegal
Tanzania,TZA,1871,Illegal
Tanzania,TZA,1872,Illegal
Tanzania,TZA,1873,Illegal
Tanzania,TZA,1874,Illegal
Tanzania,TZA,1875,Illegal
Tanzania,TZA,1876,Illegal
Tanzania,TZA,1877,Illegal
Tanzania,TZA,1878,Illegal
Tanzania,TZA,1879,Illegal
Tanzania,TZA,1880,Illegal
Tanzania,TZA,1881,Illegal
Tanzania,TZA,1882,Illegal
Tanzania,TZA,1883,Illegal
Tanzania,TZA,1884,Illegal
Tanzania,TZA,1885,Illegal
Tanzania,TZA,1886,Illegal
Tanzania,TZA,1887,Illegal
Tanzania,TZA,1888,Illegal
Tanzania,TZA,1889,Illegal
Tanzania,TZA,1890,Illegal
Tanzania,TZA,1891,Illegal
Tanzania,TZA,1892,Illegal
Tanzania,TZA,1893,Illegal
Tanzania,TZA,1894,Illegal
Tanzania,TZA,1895,Illegal
Tanzania,TZA,1896,Illegal
Tanzania,TZA,1897,Illegal
Tanzania,TZA,1898,Illegal
Tanzania,TZA,1899,Illegal
Tanzania,TZA,1900,Illegal
Tanzania,TZA,1901,Illegal
Tanzania,TZA,1902,Illegal
Tanzania,TZA,1903,Illegal
Tanzania,TZA,1904,Illegal
Tanzania,TZA,1905,Illegal
Tanzania,TZA,1906,Illegal
Tanzania,TZA,1907,Illegal
Tanzania,TZA,1908,Illegal
Tanzania,TZA,1909,Illegal
Tanzania,TZA,1910,Illegal
Tanzania,TZA,1911,Illegal
Tanzania,TZA,1912,Illegal
Tanzania,TZA,1913,Illegal
Tanzania,TZA,1914,Illegal
Tanzania,TZA,1915,Illegal
Tanzania,TZA,1916,Illegal
Tanzania,TZA,1917,Illegal
Tanzania,TZA,1918,Illegal
Tanzania,TZA,1919,Illegal
Tanzania,TZA,1920,Illegal
Tanzania,TZA,1921,Illegal
Tanzania,TZA,1922,Illegal
Tanzania,TZA,1923,Illegal
Tanzania,TZA,1924,Illegal
Tanzania,TZA,1925,Illegal
Tanzania,TZA,1926,Illegal
Tanzania,TZA,1927,Illegal
Tanzania,TZA,1928,Illegal
Tanzania,TZA,1929,Illegal
Tanzania,TZA,1930,Illegal
Tanzania,TZA,1931,Illegal
Tanzania,TZA,1932,Illegal
Tanzania,TZA,1933,Illegal
Tanzania,TZA,1934,Illegal
Tanzania,TZA,1935,Illegal
Tanzania,TZA,1936,Illegal
Tanzania,TZA,1937,Illegal
Tanzania,TZA,1938,Illegal
Tanzania,TZA,1939,Illegal
Tanzania,TZA,1940,Illegal
Tanzania,TZA,1941,Illegal
Tanzania,TZA,1942,Illegal
Tanzania,TZA,1943,Illegal
Tanzania,TZA,1944,Illegal
Tanzania,TZA,1945,Illegal
Tanzania,TZA,1946,Illegal
Tanzania,TZA,1947,Illegal
Tanzania,TZA,1948,Illegal
Tanzania,TZA,1949,Illegal
Tanzania,TZA,1950,Illegal
Tanzania,TZA,1951,Illegal
Tanzania,TZA,1952,Illegal
Tanzania,TZA,1953,Illegal
Tanzania,TZA,1954,Illegal
Tanzania,TZA,1955,Illegal
Tanzania,TZA,1956,Illegal
Tanzania,TZA,1957,Illegal
Tanzania,TZA,1958,Illegal
Tanzania,TZA,1959,Illegal
Tanzania,TZA,1960,Illegal
Tanzania,TZA,1961,Illegal
Tanzania,TZA,1962,Illegal
Tanzania,TZA,1963,Illegal
Tanzania,TZA,1964,Illegal
Tanzania,TZA,1965,Illegal
Tanzania,TZA,1966,Illegal
Tanzania,TZA,1967,Illegal
Tanzania,TZA,1968,Illegal
Tanzania,TZA,1969,Illegal
Tanzania,TZA,1970,Illegal
Tanzania,TZA,1971,Illegal
Tanzania,TZA,1972,Illegal
Tanzania,TZA,1973,Illegal
Tanzania,TZA,1974,Illegal
Tanzania,TZA,1975,Illegal
Tanzania,TZA,1976,Illegal
Tanzania,TZA,1977,Illegal
Tanzania,TZA,1978,Illegal
Tanzania,TZA,1979,Illegal
Tanzania,TZA,1980,Illegal
Tanzania,TZA,1981,Illegal
Tanzania,TZA,1982,Illegal
Tanzania,TZA,1983,Illegal
Tanzania,TZA,1984,Illegal
Tanzania,TZA,1985,Illegal
Tanzania,TZA,1986,Illegal
Tanzania,TZA,1987,Illegal
Tanzania,TZA,1988,Illegal
Tanzania,TZA,1989,Illegal
Tanzania,TZA,1990,Illegal
Tanzania,TZA,1991,Illegal
Tanzania,TZA,1992,Illegal
Tanzania,TZA,1993,Illegal
Tanzania,TZA,1994,Illegal
Tanzania,TZA,1995,Illegal
Tanzania,TZA,1996,Illegal
Tanzania,TZA,1997,Illegal
Tanzania,TZA,1998,Illegal
Tanzania,TZA,1999,Illegal
Tanzania,TZA,2000,Illegal
Tanzania,TZA,2001,Illegal
Tanzania,TZA,2002,Illegal
Tanzania,TZA,2003,Illegal
Tanzania,TZA,2004,Illegal
Tanzania,TZA,2005,Illegal
Tanzania,TZA,2006,Illegal
Tanzania,TZA,2007,Illegal
Tanzania,TZA,2008,Illegal
Tanzania,TZA,2009,Illegal
Tanzania,TZA,2010,Illegal
Tanzania,TZA,2011,Illegal
Tanzania,TZA,2012,Illegal
Tanzania,TZA,2013,Illegal
Tanzania,TZA,2014,Illegal
Tanzania,TZA,2015,Illegal
Tanzania,TZA,2016,Illegal
Tanzania,TZA,2017,Illegal
Tanzania,TZA,2018,Illegal
Tanzania,TZA,2019,Illegal
Tanzania,TZA,2020,Illegal
Tanzania,TZA,2021,Illegal
Tanzania,TZA,2022,Illegal
Tanzania,TZA,2023,Illegal
Tanzania,TZA,2024,Illegal
Tanzania,TZA,2025,Illegal
Thailand,THA,1908,Illegal
Thailand,THA,1909,Illegal
Thailand,THA,1910,Illegal
Thailand,THA,1911,Illegal
Thailand,THA,1912,Illegal
Thailand,THA,1913,Illegal
Thailand,THA,1914,Illegal
Thailand,THA,1915,Illegal
Thailand,THA,1916,Illegal
Thailand,THA,1917,Illegal
Thailand,THA,1918,Illegal
Thailand,THA,1919,Illegal
Thailand,THA,1920,Illegal
Thailand,THA,1921,Illegal
Thailand,THA,1922,Illegal
Thailand,THA,1923,Illegal
Thailand,THA,1924,Illegal
Thailand,THA,1925,Illegal
Thailand,THA,1926,Illegal
Thailand,THA,1927,Illegal
Thailand,THA,1928,Illegal
Thailand,THA,1929,Illegal
Thailand,THA,1930,Illegal
Thailand,THA,1931,Illegal
Thailand,THA,1932,Illegal
Thailand,THA,1933,Illegal
Thailand,THA,1934,Illegal
Thailand,THA,1935,Illegal
Thailand,THA,1936,Illegal
Thailand,THA,1937,Illegal
Thailand,THA,1938,Illegal
Thailand,THA,1939,Illegal
Thailand,THA,1940,Illegal
Thailand,THA,1941,Illegal
Thailand,THA,1942,Illegal
Thailand,THA,1943,Illegal
Thailand,THA,1944,Illegal
Thailand,THA,1945,Illegal
Thailand,THA,1946,Illegal
Thailand,THA,1947,Illegal
Thailand,THA,1948,Illegal
Thailand,THA,1949,Illegal
Thailand,THA,1950,Illegal
Thailand,THA,1951,Illegal
Thailand,THA,1952,Illegal
Thailand,THA,1953,Illegal
Thailand,THA,1954,Illegal
Thailand,THA,1955,Illegal
Thailand,THA,1956,Illegal
Thailand,THA,1957,Legal
Thailand,THA,1958,Legal
Thailand,THA,1959,Legal
Thailand,THA,1960,Legal
Thailand,THA,1961,Legal
Thailand,THA,1962,Legal
Thailand,THA,1963,Legal
Thailand,THA,1964,Legal
Thailand,THA,1965,Legal
Thailand,THA,1966,Legal
Thailand,THA,1967,Legal
Thailand,THA,1968,Legal
Thailand,THA,1969,Legal
Thailand,THA,1970,Legal
Thailand,THA,1971,Legal
Thailand,THA,1972,Legal
Thailand,THA,1973,Legal
Thailand,THA,1974,Legal
Thailand,THA,1975,Legal
Thailand,THA,1976,Legal
Thailand,THA,1977,Legal
Thailand,THA,1978,Legal
Thailand,THA,1979,Legal
Thailand,THA,1980,Legal
Thailand,THA,1981,Legal
Thailand,THA,1982,Legal
Thailand,THA,1983,Legal
Thailand,THA,1984,Legal
Thailand,THA,1985,Legal
Thailand,THA,1986,Legal
Thailand,THA,1987,Legal
Thailand,THA,1988,Legal
Thailand,THA,1989,Legal
Thailand,THA,1990,Legal
Thailand,THA,1991,Legal
Thailand,THA,1992,Legal
Thailand,THA,1993,Legal
Thailand,THA,1994,Legal
Thailand,THA,1995,Legal
Thailand,THA,1996,Legal
Thailand,THA,1997,Legal
Thailand,THA,1998,Legal
Thailand,THA,1999,Legal
Thailand,THA,2000,Legal
Thailand,THA,2001,Legal
Thailand,THA,2002,Legal
Thailand,THA,2003,Legal
Thailand,THA,2004,Legal
Thailand,THA,2005,Legal
Thailand,THA,2006,Legal
Thailand,THA,2007,Legal
Thailand,THA,2008,Legal
Thailand,THA,2009,Legal
Thailand,THA,2010,Legal
Thailand,THA,2011,Legal
Thailand,THA,2012,Legal
Thailand,THA,2013,Legal
Thailand,THA,2014,Legal
Thailand,THA,2015,Legal
Thailand,THA,2016,Legal
Thailand,THA,2017,Legal
Thailand,THA,2018,Legal
Thailand,THA,2019,Legal
Thailand,THA,2020,Legal
Thailand,THA,2021,Legal
Thailand,THA,2022,Legal
Thailand,THA,2023,Legal
Thailand,THA,2024,Legal
Thailand,THA,2025,Legal
Togo,TGO,1884,Illegal
Togo,TGO,1885,Illegal
Togo,TGO,1886,Illegal
Togo,TGO,1887,Illegal
Togo,TGO,1888,Illegal
Togo,TGO,1889,Illegal
Togo,TGO,1890,Illegal
Togo,TGO,1891,Illegal
Togo,TGO,1892,Illegal
Togo,TGO,1893,Illegal
Togo,TGO,1894,Illegal
Togo,TGO,1895,Illegal
Togo,TGO,1896,Illegal
Togo,TGO,1897,Illegal
Togo,TGO,1898,Illegal
Togo,TGO,1899,Illegal
Togo,TGO,1900,Illegal
Togo,TGO,1901,Illegal
Togo,TGO,1902,Illegal
Togo,TGO,1903,Illegal
Togo,TGO,1904,Illegal
Togo,TGO,1905,Illegal
Togo,TGO,1906,Illegal
Togo,TGO,1907,Illegal
Togo,TGO,1908,Illegal
Togo,TGO,1909,Illegal
Togo,TGO,1910,Illegal
Togo,TGO,1911,Illegal
Togo,TGO,1912,Illegal
Togo,TGO,1913,Illegal
Togo,TGO,1914,Illegal
Togo,TGO,1915,Illegal
Togo,TGO,1916,Illegal
Togo,TGO,1917,Illegal
Togo,TGO,1918,Illegal
Togo,TGO,1919,Illegal
Togo,TGO,1920,Illegal
Togo,TGO,1921,Illegal
Togo,TGO,1922,Illegal
Togo,TGO,1923,Illegal
Togo,TGO,1924,Illegal
Togo,TGO,1925,Illegal
Togo,TGO,1926,Illegal
Togo,TGO,1927,Illegal
Togo,TGO,1928,Illegal
Togo,TGO,1929,Illegal
Togo,TGO,1930,Illegal
Togo,TGO,1931,Illegal
Togo,TGO,1932,Illegal
Togo,TGO,1933,Illegal
Togo,TGO,1934,Illegal
Togo,TGO,1935,Illegal
Togo,TGO,1936,Illegal
Togo,TGO,1937,Illegal
Togo,TGO,1938,Illegal
Togo,TGO,1939,Illegal
Togo,TGO,1940,Illegal
Togo,TGO,1941,Illegal
Togo,TGO,1942,Illegal
Togo,TGO,1943,Illegal
Togo,TGO,1944,Illegal
Togo,TGO,1945,Illegal
Togo,TGO,1946,Illegal
Togo,TGO,1947,Illegal
Togo,TGO,1948,Illegal
Togo,TGO,1949,Illegal
Togo,TGO,1950,Illegal
Togo,TGO,1951,Illegal
Togo,TGO,1952,Illegal
Togo,TGO,1953,Illegal
Togo,TGO,1954,Illegal
Togo,TGO,1955,Illegal
Togo,TGO,1956,Illegal
Togo,TGO,1957,Illegal
Togo,TGO,1958,Illegal
Togo,TGO,1959,Illegal
Togo,TGO,1960,Illegal
Togo,TGO,1961,Illegal
Togo,TGO,1962,Illegal
Togo,TGO,1963,Illegal
Togo,TGO,1964,Illegal
Togo,TGO,1965,Illegal
Togo,TGO,1966,Illegal
Togo,TGO,1967,Illegal
Togo,TGO,1968,Illegal
Togo,TGO,1969,Illegal
Togo,TGO,1970,Illegal
Togo,TGO,1971,Illegal
Togo,TGO,1972,Illegal
Togo,TGO,1973,Illegal
Togo,TGO,1974,Illegal
Togo,TGO,1975,Illegal
Togo,TGO,1976,Illegal
Togo,TGO,1977,Illegal
Togo,TGO,1978,Illegal
Togo,TGO,1979,Illegal
Togo,TGO,1980,Illegal
Togo,TGO,1981,Illegal
Togo,TGO,1982,Illegal
Togo,TGO,1983,Illegal
Togo,TGO,1984,Illegal
Togo,TGO,1985,Illegal
Togo,TGO,1986,Illegal
Togo,TGO,1987,Illegal
Togo,TGO,1988,Illegal
Togo,TGO,1989,Illegal
Togo,TGO,1990,Illegal
Togo,TGO,1991,Illegal
Togo,TGO,1992,Illegal
Togo,TGO,1993,Illegal
Togo,TGO,1994,Illegal
Togo,TGO,1995,Illegal
Togo,TGO,1996,Illegal
Togo,TGO,1997,Illegal
Togo,TGO,1998,Illegal
Togo,TGO,1999,Illegal
Togo,TGO,2000,Illegal
Togo,TGO,2001,Illegal
Togo,TGO,2002,Illegal
Togo,TGO,2003,Illegal
Togo,TGO,2004,Illegal
Togo,TGO,2005,Illegal
Togo,TGO,2006,Illegal
Togo,TGO,2007,Illegal
Togo,TGO,2008,Illegal
Togo,TGO,2009,Illegal
Togo,TGO,2010,Illegal
Togo,TGO,2011,Illegal
Togo,TGO,2012,Illegal
Togo,TGO,2013,Illegal
Togo,TGO,2014,Illegal
Togo,TGO,2015,Illegal
Togo,TGO,2016,Illegal
Togo,TGO,2017,Illegal
Togo,TGO,2018,Illegal
Togo,TGO,2019,Illegal
Togo,TGO,2020,Illegal
Togo,TGO,2021,Illegal
Togo,TGO,2022,Illegal
Togo,TGO,2023,Illegal
Togo,TGO,2024,Illegal
Togo,TGO,2025,Illegal
Tokelau,TKL,2007,Legal
Tokelau,TKL,2008,Legal
Tokelau,TKL,2009,Legal
Tokelau,TKL,2010,Legal
Tokelau,TKL,2011,Legal
Tokelau,TKL,2012,Legal
Tokelau,TKL,2013,Legal
Tokelau,TKL,2014,Legal
Tokelau,TKL,2015,Legal
Tokelau,TKL,2016,Legal
Tokelau,TKL,2017,Legal
Tokelau,TKL,2018,Legal
Tokelau,TKL,2019,Legal
Tokelau,TKL,2020,Legal
Tokelau,TKL,2021,Legal
Tokelau,TKL,2022,Legal
Tokelau,TKL,2023,Legal
Tokelau,TKL,2024,Legal
Tokelau,TKL,2025,Legal
Tonga,TON,1988,Illegal
Tonga,TON,1989,Illegal
Tonga,TON,1990,Illegal
Tonga,TON,1991,Illegal
Tonga,TON,1992,Illegal
Tonga,TON,1993,Illegal
Tonga,TON,1994,Illegal
Tonga,TON,1995,Illegal
Tonga,TON,1996,Illegal
Tonga,TON,1997,Illegal
Tonga,TON,1998,Illegal
Tonga,TON,1999,Illegal
Tonga,TON,2000,Illegal
Tonga,TON,2001,Illegal
Tonga,TON,2002,Illegal
Tonga,TON,2003,Illegal
Tonga,TON,2004,Illegal
Tonga,TON,2005,Illegal
Tonga,TON,2006,Illegal
Tonga,TON,2007,Illegal
Tonga,TON,2008,Illegal
Tonga,TON,2009,Illegal
Tonga,TON,2010,Illegal
Tonga,TON,2011,Illegal
Tonga,TON,2012,Illegal
Tonga,TON,2013,Illegal
Tonga,TON,2014,Illegal
Tonga,TON,2015,Illegal
Tonga,TON,2016,Illegal
Tonga,TON,2017,Illegal
Tonga,TON,2018,Illegal
Tonga,TON,2019,Illegal
Tonga,TON,2020,Illegal
Tonga,TON,2021,Illegal
Tonga,TON,2022,Illegal
Tonga,TON,2023,Illegal
Tonga,TON,2024,Illegal
Tonga,TON,2025,Illegal
Trinidad and Tobago,TTO,1861,Illegal
Trinidad and Tobago,TTO,1862,Illegal
Trinidad and Tobago,TTO,1863,Illegal
Trinidad and Tobago,TTO,1864,Illegal
Trinidad and Tobago,TTO,1865,Illegal
Trinidad and Tobago,TTO,1866,Illegal
Trinidad and Tobago,TTO,1867,Illegal
Trinidad and Tobago,TTO,1868,Illegal
Trinidad and Tobago,TTO,1869,Illegal
Trinidad and Tobago,TTO,1870,Illegal
Trinidad and Tobago,TTO,1871,Illegal
Trinidad and Tobago,TTO,1872,Illegal
Trinidad and Tobago,TTO,1873,Illegal
Trinidad and Tobago,TTO,1874,Illegal
Trinidad and Tobago,TTO,1875,Illegal
Trinidad and Tobago,TTO,1876,Illegal
Trinidad and Tobago,TTO,1877,Illegal
Trinidad and Tobago,TTO,1878,Illegal
Trinidad and Tobago,TTO,1879,Illegal
Trinidad and Tobago,TTO,1880,Illegal
Trinidad and Tobago,TTO,1881,Illegal
Trinidad and Tobago,TTO,1882,Illegal
Trinidad and Tobago,TTO,1883,Illegal
Trinidad and Tobago,TTO,1884,Illegal
Trinidad and Tobago,TTO,1885,Illegal
Trinidad and Tobago,TTO,1886,Illegal
Trinidad and Tobago,TTO,1887,Illegal
Trinidad and Tobago,TTO,1888,Illegal
Trinidad and Tobago,TTO,1889,Illegal
Trinidad and Tobago,TTO,1890,Illegal
Trinidad and Tobago,TTO,1891,Illegal
Trinidad and Tobago,TTO,1892,Illegal
Trinidad and Tobago,TTO,1893,Illegal
Trinidad and Tobago,TTO,1894,Illegal
Trinidad and Tobago,TTO,1895,Illegal
Trinidad and Tobago,TTO,1896,Illegal
Trinidad and Tobago,TTO,1897,Illegal
Trinidad and Tobago,TTO,1898,Illegal
Trinidad and Tobago,TTO,1899,Illegal
Trinidad and Tobago,TTO,1900,Illegal
Trinidad and Tobago,TTO,1901,Illegal
Trinidad and Tobago,TTO,1902,Illegal
Trinidad and Tobago,TTO,1903,Illegal
Trinidad and Tobago,TTO,1904,Illegal
Trinidad and Tobago,TTO,1905,Illegal
Trinidad and Tobago,TTO,1906,Illegal
Trinidad and Tobago,TTO,1907,Illegal
Trinidad and Tobago,TTO,1908,Illegal
Trinidad and Tobago,TTO,1909,Illegal
Trinidad and Tobago,TTO,1910,Illegal
Trinidad and Tobago,TTO,1911,Illegal
Trinidad and Tobago,TTO,1912,Illegal
Trinidad and Tobago,TTO,1913,Illegal
Trinidad and Tobago,TTO,1914,Illegal
Trinidad and Tobago,TTO,1915,Illegal
Trinidad and Tobago,TTO,1916,Illegal
Trinidad and Tobago,TTO,1917,Illegal
Trinidad and Tobago,TTO,1918,Illegal
Trinidad and Tobago,TTO,1919,Illegal
Trinidad and Tobago,TTO,1920,Illegal
Trinidad and Tobago,TTO,1921,Illegal
Trinidad and Tobago,TTO,1922,Illegal
Trinidad and Tobago,TTO,1923,Illegal
Trinidad and Tobago,TTO,1924,Illegal
Trinidad and Tobago,TTO,1925,Illegal
Trinidad and Tobago,TTO,1926,Illegal
Trinidad and Tobago,TTO,1927,Illegal
Trinidad and Tobago,TTO,1928,Illegal
Trinidad and Tobago,TTO,1929,Illegal
Trinidad and Tobago,TTO,1930,Illegal
Trinidad and Tobago,TTO,1931,Illegal
Trinidad and Tobago,TTO,1932,Illegal
Trinidad and Tobago,TTO,1933,Illegal
Trinidad and Tobago,TTO,1934,Illegal
Trinidad and Tobago,TTO,1935,Illegal
Trinidad and Tobago,TTO,1936,Illegal
Trinidad and Tobago,TTO,1937,Illegal
Trinidad and Tobago,TTO,1938,Illegal
Trinidad and Tobago,TTO,1939,Illegal
Trinidad and Tobago,TTO,1940,Illegal
Trinidad and Tobago,TTO,1941,Illegal
Trinidad and Tobago,TTO,1942,Illegal
Trinidad and Tobago,TTO,1943,Illegal
Trinidad and Tobago,TTO,1944,Illegal
Trinidad and Tobago,TTO,1945,Illegal
Trinidad and Tobago,TTO,1946,Illegal
Trinidad and Tobago,TTO,1947,Illegal
Trinidad and Tobago,TTO,1948,Illegal
Trinidad and Tobago,TTO,1949,Illegal
Trinidad and Tobago,TTO,1950,Illegal
Trinidad and Tobago,TTO,1951,Illegal
Trinidad and Tobago,TTO,1952,Illegal
Trinidad and Tobago,TTO,1953,Illegal
Trinidad and Tobago,TTO,1954,Illegal
Trinidad and Tobago,TTO,1955,Illegal
Trinidad and Tobago,TTO,1956,Illegal
Trinidad and Tobago,TTO,1957,Illegal
Trinidad and Tobago,TTO,1958,Illegal
Trinidad and Tobago,TTO,1959,Illegal
Trinidad and Tobago,TTO,1960,Illegal
Trinidad and Tobago,TTO,1961,Illegal
Trinidad and Tobago,TTO,1962,Illegal
Trinidad and Tobago,TTO,1963,Illegal
Trinidad and Tobago,TTO,1964,Illegal
Trinidad and Tobago,TTO,1965,Illegal
Trinidad and Tobago,TTO,1966,Illegal
Trinidad and Tobago,TTO,1967,Illegal
Trinidad and Tobago,TTO,1968,Illegal
Trinidad and Tobago,TTO,1969,Illegal
Trinidad and Tobago,TTO,1970,Illegal
Trinidad and Tobago,TTO,1971,Illegal
Trinidad and Tobago,TTO,1972,Illegal
Trinidad and Tobago,TTO,1973,Illegal
Trinidad and Tobago,TTO,1974,Illegal
Trinidad and Tobago,TTO,1975,Illegal
Trinidad and Tobago,TTO,1976,Illegal
Trinidad and Tobago,TTO,1977,Illegal
Trinidad and Tobago,TTO,1978,Illegal
Trinidad and Tobago,TTO,1979,Illegal
Trinidad and Tobago,TTO,1980,Illegal
Trinidad and Tobago,TTO,1981,Illegal
Trinidad and Tobago,TTO,1982,Illegal
Trinidad and Tobago,TTO,1983,Illegal
Trinidad and Tobago,TTO,1984,Illegal
Trinidad and Tobago,TTO,1985,Illegal
Trinidad and Tobago,TTO,1986,Illegal
Trinidad and Tobago,TTO,1987,Illegal
Trinidad and Tobago,TTO,1988,Illegal
Trinidad and Tobago,TTO,1989,Illegal
Trinidad and Tobago,TTO,1990,Illegal
Trinidad and Tobago,TTO,1991,Illegal
Trinidad and Tobago,TTO,1992,Illegal
Trinidad and Tobago,TTO,1993,Illegal
Trinidad and Tobago,TTO,1994,Illegal
Trinidad and Tobago,TTO,1995,Illegal
Trinidad and Tobago,TTO,1996,Illegal
Trinidad and Tobago,TTO,1997,Illegal
Trinidad and Tobago,TTO,1998,Illegal
Trinidad and Tobago,TTO,1999,Illegal
Trinidad and Tobago,TTO,2000,Illegal
Trinidad and Tobago,TTO,2001,Illegal
Trinidad and Tobago,TTO,2002,Illegal
Trinidad and Tobago,TTO,2003,Illegal
Trinidad and Tobago,TTO,2004,Illegal
Trinidad and Tobago,TTO,2005,Illegal
Trinidad and Tobago,TTO,2006,Illegal
Trinidad and Tobago,TTO,2007,Illegal
Trinidad and Tobago,TTO,2008,Illegal
Trinidad and Tobago,TTO,2009,Illegal
Trinidad and Tobago,TTO,2010,Illegal
Trinidad and Tobago,TTO,2011,Illegal
Trinidad and Tobago,TTO,2012,Illegal
Trinidad and Tobago,TTO,2013,Illegal
Trinidad and Tobago,TTO,2014,Illegal
Trinidad and Tobago,TTO,2015,Illegal
Trinidad and Tobago,TTO,2016,Illegal
Trinidad and Tobago,TTO,2017,Illegal
Trinidad and Tobago,TTO,2018,Legal
Trinidad and Tobago,TTO,2019,Legal
Trinidad and Tobago,TTO,2020,Legal
Trinidad and Tobago,TTO,2021,Legal
Trinidad and Tobago,TTO,2022,Legal
Trinidad and Tobago,TTO,2023,Legal
Trinidad and Tobago,TTO,2024,Legal
Trinidad and Tobago,TTO,2025,Illegal
Tunisia,TUN,1913,Illegal
Tunisia,TUN,1914,Illegal
Tunisia,TUN,1915,Illegal
Tunisia,TUN,1916,Illegal
Tunisia,TUN,1917,Illegal
Tunisia,TUN,1918,Illegal
Tunisia,TUN,1919,Illegal
Tunisia,TUN,1920,Illegal
Tunisia,TUN,1921,Illegal
Tunisia,TUN,1922,Illegal
Tunisia,TUN,1923,Illegal
Tunisia,TUN,1924,Illegal
Tunisia,TUN,1925,Illegal
Tunisia,TUN,1926,Illegal
Tunisia,TUN,1927,Illegal
Tunisia,TUN,1928,Illegal
Tunisia,TUN,1929,Illegal
Tunisia,TUN,1930,Illegal
Tunisia,TUN,1931,Illegal
Tunisia,TUN,1932,Illegal
Tunisia,TUN,1933,Illegal
Tunisia,TUN,1934,Illegal
Tunisia,TUN,1935,Illegal
Tunisia,TUN,1936,Illegal
Tunisia,TUN,1937,Illegal
Tunisia,TUN,1938,Illegal
Tunisia,TUN,1939,Illegal
Tunisia,TUN,1940,Illegal
Tunisia,TUN,1941,Illegal
Tunisia,TUN,1942,Illegal
Tunisia,TUN,1943,Illegal
Tunisia,TUN,1944,Illegal
Tunisia,TUN,1945,Illegal
Tunisia,TUN,1946,Illegal
Tunisia,TUN,1947,Illegal
Tunisia,TUN,1948,Illegal
Tunisia,TUN,1949,Illegal
Tunisia,TUN,1950,Illegal
Tunisia,TUN,1951,Illegal
Tunisia,TUN,1952,Illegal
Tunisia,TUN,1953,Illegal
Tunisia,TUN,1954,Illegal
Tunisia,TUN,1955,Illegal
Tunisia,TUN,1956,Illegal
Tunisia,TUN,1957,Illegal
Tunisia,TUN,1958,Illegal
Tunisia,TUN,1959,Illegal
Tunisia,TUN,1960,Illegal
Tunisia,TUN,1961,Illegal
Tunisia,TUN,1962,Illegal
Tunisia,TUN,1963,Illegal
Tunisia,TUN,1964,Illegal
Tunisia,TUN,1965,Illegal
Tunisia,TUN,1966,Illegal
Tunisia,TUN,1967,Illegal
Tunisia,TUN,1968,Illegal
Tunisia,TUN,1969,Illegal
Tunisia,TUN,1970,Illegal
Tunisia,TUN,1971,Illegal
Tunisia,TUN,1972,Illegal
Tunisia,TUN,1973,Illegal
Tunisia,TUN,1974,Illegal
Tunisia,TUN,1975,Illegal
Tunisia,TUN,1976,Illegal
Tunisia,TUN,1977,Illegal
Tunisia,TUN,1978,Illegal
Tunisia,TUN,1979,Illegal
Tunisia,TUN,1980,Illegal
Tunisia,TUN,1981,Illegal
Tunisia,TUN,1982,Illegal
Tunisia,TUN,1983,Illegal
Tunisia,TUN,1984,Illegal
Tunisia,TUN,1985,Illegal
Tunisia,TUN,1986,Illegal
Tunisia,TUN,1987,Illegal
Tunisia,TUN,1988,Illegal
Tunisia,TUN,1989,Illegal
Tunisia,TUN,1990,Illegal
Tunisia,TUN,1991,Illegal
Tunisia,TUN,1992,Illegal
Tunisia,TUN,1993,Illegal
Tunisia,TUN,1994,Illegal
Tunisia,TUN,1995,Illegal
Tunisia,TUN,1996,Illegal
Tunisia,TUN,1997,Illegal
Tunisia,TUN,1998,Illegal
Tunisia,TUN,1999,Illegal
Tunisia,TUN,2000,Illegal
Tunisia,TUN,2001,Illegal
Tunisia,TUN,2002,Illegal
Tunisia,TUN,2003,Illegal
Tunisia,TUN,2004,Illegal
Tunisia,TUN,2005,Illegal
Tunisia,TUN,2006,Illegal
Tunisia,TUN,2007,Illegal
Tunisia,TUN,2008,Illegal
Tunisia,TUN,2009,Illegal
Tunisia,TUN,2010,Illegal
Tunisia,TUN,2011,Illegal
Tunisia,TUN,2012,Illegal
Tunisia,TUN,2013,Illegal
Tunisia,TUN,2014,Illegal
Tunisia,TUN,2015,Illegal
Tunisia,TUN,2016,Illegal
Tunisia,TUN,2017,Illegal
Tunisia,TUN,2018,Illegal
Tunisia,TUN,2019,Illegal
Tunisia,TUN,2020,Illegal
Tunisia,TUN,2021,Illegal
Tunisia,TUN,2022,Illegal
Tunisia,TUN,2023,Illegal
Tunisia,TUN,2024,Illegal
Tunisia,TUN,2025,Illegal
Turkey,TUR,1760,Illegal
Turkey,TUR,1761,Illegal
Turkey,TUR,1762,Illegal
Turkey,TUR,1763,Illegal
Turkey,TUR,1764,Illegal
Turkey,TUR,1765,Illegal
Turkey,TUR,1766,Illegal
Turkey,TUR,1767,Illegal
Turkey,TUR,1768,Illegal
Turkey,TUR,1769,Illegal
Turkey,TUR,1770,Illegal
Turkey,TUR,1771,Illegal
Turkey,TUR,1772,Illegal
Turkey,TUR,1773,Illegal
Turkey,TUR,1774,Illegal
Turkey,TUR,1775,Illegal
Turkey,TUR,1776,Illegal
Turkey,TUR,1777,Illegal
Turkey,TUR,1778,Illegal
Turkey,TUR,1779,Illegal
Turkey,TUR,1780,Illegal
Turkey,TUR,1781,Illegal
Turkey,TUR,1782,Illegal
Turkey,TUR,1783,Illegal
Turkey,TUR,1784,Illegal
Turkey,TUR,1785,Illegal
Turkey,TUR,1786,Illegal
Turkey,TUR,1787,Illegal
Turkey,TUR,1788,Illegal
Turkey,TUR,1789,Illegal
Turkey,TUR,1790,Illegal
Turkey,TUR,1791,Illegal
Turkey,TUR,1792,Illegal
Turkey,TUR,1793,Illegal
Turkey,TUR,1794,Illegal
Turkey,TUR,1795,Illegal
Turkey,TUR,1796,Illegal
Turkey,TUR,1797,Illegal
Turkey,TUR,1798,Illegal
Turkey,TUR,1799,Illegal
Turkey,TUR,1800,Illegal
Turkey,TUR,1801,Illegal
Turkey,TUR,1802,Illegal
Turkey,TUR,1803,Illegal
Turkey,TUR,1804,Illegal
Turkey,TUR,1805,Illegal
Turkey,TUR,1806,Illegal
Turkey,TUR,1807,Illegal
Turkey,TUR,1808,Illegal
Turkey,TUR,1809,Illegal
Turkey,TUR,1810,Illegal
Turkey,TUR,1811,Illegal
Turkey,TUR,1812,Illegal
Turkey,TUR,1813,Illegal
Turkey,TUR,1814,Illegal
Turkey,TUR,1815,Illegal
Turkey,TUR,1816,Illegal
Turkey,TUR,1817,Illegal
Turkey,TUR,1818,Illegal
Turkey,TUR,1819,Illegal
Turkey,TUR,1820,Illegal
Turkey,TUR,1821,Illegal
Turkey,TUR,1822,Illegal
Turkey,TUR,1823,Illegal
Turkey,TUR,1824,Illegal
Turkey,TUR,1825,Illegal
Turkey,TUR,1826,Illegal
Turkey,TUR,1827,Illegal
Turkey,TUR,1828,Illegal
Turkey,TUR,1829,Illegal
Turkey,TUR,1830,Illegal
Turkey,TUR,1831,Illegal
Turkey,TUR,1832,Illegal
Turkey,TUR,1833,Illegal
Turkey,TUR,1834,Illegal
Turkey,TUR,1835,Illegal
Turkey,TUR,1836,Illegal
Turkey,TUR,1837,Illegal
Turkey,TUR,1838,Illegal
Turkey,TUR,1839,Illegal
Turkey,TUR,1840,Illegal
Turkey,TUR,1841,Illegal
Turkey,TUR,1842,Illegal
Turkey,TUR,1843,Illegal
Turkey,TUR,1844,Illegal
Turkey,TUR,1845,Illegal
Turkey,TUR,1846,Illegal
Turkey,TUR,1847,Illegal
Turkey,TUR,1848,Illegal
Turkey,TUR,1849,Illegal
Turkey,TUR,1850,Illegal
Turkey,TUR,1851,Illegal
Turkey,TUR,1852,Illegal
Turkey,TUR,1853,Illegal
Turkey,TUR,1854,Illegal
Turkey,TUR,1855,Illegal
Turkey,TUR,1856,Illegal
Turkey,TUR,1857,Illegal
Turkey,TUR,1858,Legal
Turkey,TUR,1859,Legal
Turkey,TUR,1860,Legal
Turkey,TUR,1861,Legal
Turkey,TUR,1862,Legal
Turkey,TUR,1863,Legal
Turkey,TUR,1864,Legal
Turkey,TUR,1865,Legal
Turkey,TUR,1866,Legal
Turkey,TUR,1867,Legal
Turkey,TUR,1868,Legal
Turkey,TUR,1869,Legal
Turkey,TUR,1870,Legal
Turkey,TUR,1871,Legal
Turkey,TUR,1872,Legal
Turkey,TUR,1873,Legal
Turkey,TUR,1874,Legal
Turkey,TUR,1875,Legal
Turkey,TUR,1876,Legal
Turkey,TUR,1877,Legal
Turkey,TUR,1878,Legal
Turkey,TUR,1879,Legal
Turkey,TUR,1880,Legal
Turkey,TUR,1881,Legal
Turkey,TUR,1882,Legal
Turkey,TUR,1883,Legal
Turkey,TUR,1884,Legal
Turkey,TUR,1885,Legal
Turkey,TUR,1886,Legal
Turkey,TUR,1887,Legal
Turkey,TUR,1888,Legal
Turkey,TUR,1889,Legal
Turkey,TUR,1890,Legal
Turkey,TUR,1891,Legal
Turkey,TUR,1892,Legal
Turkey,TUR,1893,Legal
Turkey,TUR,1894,Legal
Turkey,TUR,1895,Legal
Turkey,TUR,1896,Legal
Turkey,TUR,1897,Legal
Turkey,TUR,1898,Legal
Turkey,TUR,1899,Legal
Turkey,TUR,1900,Legal
Turkey,TUR,1901,Legal
Turkey,TUR,1902,Legal
Turkey,TUR,1903,Legal
Turkey,TUR,1904,Legal
Turkey,TUR,1905,Legal
Turkey,TUR,1906,Legal
Turkey,TUR,1907,Legal
Turkey,TUR,1908,Legal
Turkey,TUR,1909,Legal
Turkey,TUR,1910,Legal
Turkey,TUR,1911,Legal
Turkey,TUR,1912,Legal
Turkey,TUR,1913,Legal
Turkey,TUR,1914,Legal
Turkey,TUR,1915,Legal
Turkey,TUR,1916,Legal
Turkey,TUR,1917,Legal
Turkey,TUR,1918,Legal
Turkey,TUR,1919,Legal
Turkey,TUR,1920,Legal
Turkey,TUR,1921,Legal
Turkey,TUR,1922,Legal
Turkey,TUR,1923,Legal
Turkey,TUR,1924,Legal
Turkey,TUR,1925,Legal
Turkey,TUR,1926,Legal
Turkey,TUR,1927,Legal
Turkey,TUR,1928,Legal
Turkey,TUR,1929,Legal
Turkey,TUR,1930,Legal
Turkey,TUR,1931,Legal
Turkey,TUR,1932,Legal
Turkey,TUR,1933,Legal
Turkey,TUR,1934,Legal
Turkey,TUR,1935,Legal
Turkey,TUR,1936,Legal
Turkey,TUR,1937,Legal
Turkey,TUR,1938,Legal
Turkey,TUR,1939,Legal
Turkey,TUR,1940,Legal
Turkey,TUR,1941,Legal
Turkey,TUR,1942,Legal
Turkey,TUR,1943,Legal
Turkey,TUR,1944,Legal
Turkey,TUR,1945,Legal
Turkey,TUR,1946,Legal
Turkey,TUR,1947,Legal
Turkey,TUR,1948,Legal
Turkey,TUR,1949,Legal
Turkey,TUR,1950,Legal
Turkey,TUR,1951,Legal
Turkey,TUR,1952,Legal
Turkey,TUR,1953,Legal
Turkey,TUR,1954,Legal
Turkey,TUR,1955,Legal
Turkey,TUR,1956,Legal
Turkey,TUR,1957,Legal
Turkey,TUR,1958,Legal
Turkey,TUR,1959,Legal
Turkey,TUR,1960,Legal
Turkey,TUR,1961,Legal
Turkey,TUR,1962,Legal
Turkey,TUR,1963,Legal
Turkey,TUR,1964,Legal
Turkey,TUR,1965,Legal
Turkey,TUR,1966,Legal
Turkey,TUR,1967,Legal
Turkey,TUR,1968,Legal
Turkey,TUR,1969,Legal
Turkey,TUR,1970,Legal
Turkey,TUR,1971,Legal
Turkey,TUR,1972,Legal
Turkey,TUR,1973,Legal
Turkey,TUR,1974,Legal
Turkey,TUR,1975,Legal
Turkey,TUR,1976,Legal
Turkey,TUR,1977,Legal
Turkey,TUR,1978,Legal
Turkey,TUR,1979,Legal
Turkey,TUR,1980,Legal
Turkey,TUR,1981,Legal
Turkey,TUR,1982,Legal
Turkey,TUR,1983,Legal
Turkey,TUR,1984,Legal
Turkey,TUR,1985,Legal
Turkey,TUR,1986,Legal
Turkey,TUR,1987,Legal
Turkey,TUR,1988,Legal
Turkey,TUR,1989,Legal
Turkey,TUR,1990,Legal
Turkey,TUR,1991,Legal
Turkey,TUR,1992,Legal
Turkey,TUR,1993,Legal
Turkey,TUR,1994,Legal
Turkey,TUR,1995,Legal
Turkey,TUR,1996,Legal
Turkey,TUR,1997,Legal
Turkey,TUR,1998,Legal
Turkey,TUR,1999,Legal
Turkey,TUR,2000,Legal
Turkey,TUR,2001,Legal
Turkey,TUR,2002,Legal
Turkey,TUR,2003,Legal
Turkey,TUR,2004,Legal
Turkey,TUR,2005,Legal
Turkey,TUR,2006,Legal
Turkey,TUR,2007,Legal
Turkey,TUR,2008,Legal
Turkey,TUR,2009,Legal
Turkey,TUR,2010,Legal
Turkey,TUR,2011,Legal
Turkey,TUR,2012,Legal
Turkey,TUR,2013,Legal
Turkey,TUR,2014,Legal
Turkey,TUR,2015,Legal
Turkey,TUR,2016,Legal
Turkey,TUR,2017,Legal
Turkey,TUR,2018,Legal
Turkey,TUR,2019,Legal
Turkey,TUR,2020,Legal
Turkey,TUR,2021,Legal
Turkey,TUR,2022,Legal
Turkey,TUR,2023,Legal
Turkey,TUR,2024,Legal
Turkey,TUR,2025,Legal
Turkmenistan,TKM,1760,Legal
Turkmenistan,TKM,1761,Legal
Turkmenistan,TKM,1762,Legal
Turkmenistan,TKM,1763,Legal
Turkmenistan,TKM,1764,Legal
Turkmenistan,TKM,1765,Legal
Turkmenistan,TKM,1766,Legal
Turkmenistan,TKM,1767,Legal
Turkmenistan,TKM,1768,Legal
Turkmenistan,TKM,1769,Legal
Turkmenistan,TKM,1770,Legal
Turkmenistan,TKM,1771,Legal
Turkmenistan,TKM,1772,Legal
Turkmenistan,TKM,1773,Legal
Turkmenistan,TKM,1774,Legal
Turkmenistan,TKM,1775,Legal
Turkmenistan,TKM,1776,Legal
Turkmenistan,TKM,1777,Legal
Turkmenistan,TKM,1778,Legal
Turkmenistan,TKM,1779,Legal
Turkmenistan,TKM,1780,Legal
Turkmenistan,TKM,1781,Legal
Turkmenistan,TKM,1782,Legal
Turkmenistan,TKM,1783,Legal
Turkmenistan,TKM,1784,Legal
Turkmenistan,TKM,1785,Legal
Turkmenistan,TKM,1786,Legal
Turkmenistan,TKM,1787,Legal
Turkmenistan,TKM,1788,Legal
Turkmenistan,TKM,1789,Legal
Turkmenistan,TKM,1790,Legal
Turkmenistan,TKM,1791,Legal
Turkmenistan,TKM,1792,Legal
Turkmenistan,TKM,1793,Legal
Turkmenistan,TKM,1794,Legal
Turkmenistan,TKM,1795,Legal
Turkmenistan,TKM,1796,Legal
Turkmenistan,TKM,1797,Legal
Turkmenistan,TKM,1798,Legal
Turkmenistan,TKM,1799,Legal
Turkmenistan,TKM,1800,Legal
Turkmenistan,TKM,1801,Legal
Turkmenistan,TKM,1802,Legal
Turkmenistan,TKM,1803,Legal
Turkmenistan,TKM,1804,Legal
Turkmenistan,TKM,1805,Legal
Turkmenistan,TKM,1806,Legal
Turkmenistan,TKM,1807,Legal
Turkmenistan,TKM,1808,Legal
Turkmenistan,TKM,1809,Legal
Turkmenistan,TKM,1810,Legal
Turkmenistan,TKM,1811,Legal
Turkmenistan,TKM,1812,Legal
Turkmenistan,TKM,1813,Legal
Turkmenistan,TKM,1814,Legal
Turkmenistan,TKM,1815,Legal
Turkmenistan,TKM,1816,Legal
Turkmenistan,TKM,1817,Legal
Turkmenistan,TKM,1818,Legal
Turkmenistan,TKM,1819,Legal
Turkmenistan,TKM,1820,Legal
Turkmenistan,TKM,1821,Legal
Turkmenistan,TKM,1822,Legal
Turkmenistan,TKM,1823,Legal
Turkmenistan,TKM,1824,Legal
Turkmenistan,TKM,1825,Legal
Turkmenistan,TKM,1826,Legal
Turkmenistan,TKM,1827,Legal
Turkmenistan,TKM,1828,Legal
Turkmenistan,TKM,1829,Legal
Turkmenistan,TKM,1830,Legal
Turkmenistan,TKM,1831,Legal
Turkmenistan,TKM,1832,Illegal
Turkmenistan,TKM,1833,Illegal
Turkmenistan,TKM,1834,Illegal
Turkmenistan,TKM,1835,Illegal
Turkmenistan,TKM,1836,Illegal
Turkmenistan,TKM,1837,Illegal
Turkmenistan,TKM,1838,Illegal
Turkmenistan,TKM,1839,Illegal
Turkmenistan,TKM,1840,Illegal
Turkmenistan,TKM,1841,Illegal
Turkmenistan,TKM,1842,Illegal
Turkmenistan,TKM,1843,Illegal
Turkmenistan,TKM,1844,Illegal
Turkmenistan,TKM,1845,Illegal
Turkmenistan,TKM,1846,Illegal
Turkmenistan,TKM,1847,Illegal
Turkmenistan,TKM,1848,Illegal
Turkmenistan,TKM,1849,Illegal
Turkmenistan,TKM,1850,Illegal
Turkmenistan,TKM,1851,Illegal
Turkmenistan,TKM,1852,Illegal
Turkmenistan,TKM,1853,Illegal
Turkmenistan,TKM,1854,Illegal
Turkmenistan,TKM,1855,Illegal
Turkmenistan,TKM,1856,Illegal
Turkmenistan,TKM,1857,Illegal
Turkmenistan,TKM,1858,Illegal
Turkmenistan,TKM,1859,Illegal
Turkmenistan,TKM,1860,Illegal
Turkmenistan,TKM,1861,Illegal
Turkmenistan,TKM,1862,Illegal
Turkmenistan,TKM,1863,Illegal
Turkmenistan,TKM,1864,Illegal
Turkmenistan,TKM,1865,Illegal
Turkmenistan,TKM,1866,Illegal
Turkmenistan,TKM,1867,Illegal
Turkmenistan,TKM,1868,Illegal
Turkmenistan,TKM,1869,Illegal
Turkmenistan,TKM,1870,Illegal
Turkmenistan,TKM,1871,Illegal
Turkmenistan,TKM,1872,Illegal
Turkmenistan,TKM,1873,Illegal
Turkmenistan,TKM,1874,Illegal
Turkmenistan,TKM,1875,Illegal
Turkmenistan,TKM,1876,Illegal
Turkmenistan,TKM,1877,Illegal
Turkmenistan,TKM,1878,Illegal
Turkmenistan,TKM,1879,Illegal
Turkmenistan,TKM,1880,Illegal
Turkmenistan,TKM,1881,Illegal
Turkmenistan,TKM,1882,Illegal
Turkmenistan,TKM,1883,Illegal
Turkmenistan,TKM,1884,Illegal
Turkmenistan,TKM,1885,Illegal
Turkmenistan,TKM,1886,Illegal
Turkmenistan,TKM,1887,Illegal
Turkmenistan,TKM,1888,Illegal
Turkmenistan,TKM,1889,Illegal
Turkmenistan,TKM,1890,Illegal
Turkmenistan,TKM,1891,Illegal
Turkmenistan,TKM,1892,Illegal
Turkmenistan,TKM,1893,Illegal
Turkmenistan,TKM,1894,Illegal
Turkmenistan,TKM,1895,Illegal
Turkmenistan,TKM,1896,Illegal
Turkmenistan,TKM,1897,Illegal
Turkmenistan,TKM,1898,Illegal
Turkmenistan,TKM,1899,Illegal
Turkmenistan,TKM,1900,Illegal
Turkmenistan,TKM,1901,Illegal
Turkmenistan,TKM,1902,Illegal
Turkmenistan,TKM,1903,Illegal
Turkmenistan,TKM,1904,Illegal
Turkmenistan,TKM,1905,Illegal
Turkmenistan,TKM,1906,Illegal
Turkmenistan,TKM,1907,Illegal
Turkmenistan,TKM,1908,Illegal
Turkmenistan,TKM,1909,Illegal
Turkmenistan,TKM,1910,Illegal
Turkmenistan,TKM,1911,Illegal
Turkmenistan,TKM,1912,Illegal
Turkmenistan,TKM,1913,Illegal
Turkmenistan,TKM,1914,Illegal
Turkmenistan,TKM,1915,Illegal
Turkmenistan,TKM,1916,Illegal
Turkmenistan,TKM,1917,Illegal
Turkmenistan,TKM,1918,Illegal
Turkmenistan,TKM,1919,Illegal
Turkmenistan,TKM,1920,Illegal
Turkmenistan,TKM,1921,Illegal
Turkmenistan,TKM,1922,Illegal
Turkmenistan,TKM,1923,Illegal
Turkmenistan,TKM,1924,Illegal
Turkmenistan,TKM,1925,Illegal
Turkmenistan,TKM,1926,Illegal
Turkmenistan,TKM,1927,Illegal
Turkmenistan,TKM,1928,Illegal
Turkmenistan,TKM,1929,Illegal
Turkmenistan,TKM,1930,Illegal
Turkmenistan,TKM,1931,Illegal
Turkmenistan,TKM,1932,Illegal
Turkmenistan,TKM,1933,Illegal
Turkmenistan,TKM,1934,Illegal
Turkmenistan,TKM,1935,Illegal
Turkmenistan,TKM,1936,Illegal
Turkmenistan,TKM,1937,Illegal
Turkmenistan,TKM,1938,Illegal
Turkmenistan,TKM,1939,Illegal
Turkmenistan,TKM,1940,Illegal
Turkmenistan,TKM,1941,Illegal
Turkmenistan,TKM,1942,Illegal
Turkmenistan,TKM,1943,Illegal
Turkmenistan,TKM,1944,Illegal
Turkmenistan,TKM,1945,Illegal
Turkmenistan,TKM,1946,Illegal
Turkmenistan,TKM,1947,Illegal
Turkmenistan,TKM,1948,Illegal
Turkmenistan,TKM,1949,Illegal
Turkmenistan,TKM,1950,Illegal
Turkmenistan,TKM,1951,Illegal
Turkmenistan,TKM,1952,Illegal
Turkmenistan,TKM,1953,Illegal
Turkmenistan,TKM,1954,Illegal
Turkmenistan,TKM,1955,Illegal
Turkmenistan,TKM,1956,Illegal
Turkmenistan,TKM,1957,Illegal
Turkmenistan,TKM,1958,Illegal
Turkmenistan,TKM,1959,Illegal
Turkmenistan,TKM,1960,Illegal
Turkmenistan,TKM,1961,Illegal
Turkmenistan,TKM,1962,Illegal
Turkmenistan,TKM,1963,Illegal
Turkmenistan,TKM,1964,Illegal
Turkmenistan,TKM,1965,Illegal
Turkmenistan,TKM,1966,Illegal
Turkmenistan,TKM,1967,Illegal
Turkmenistan,TKM,1968,Illegal
Turkmenistan,TKM,1969,Illegal
Turkmenistan,TKM,1970,Illegal
Turkmenistan,TKM,1971,Illegal
Turkmenistan,TKM,1972,Illegal
Turkmenistan,TKM,1973,Illegal
Turkmenistan,TKM,1974,Illegal
Turkmenistan,TKM,1975,Illegal
Turkmenistan,TKM,1976,Illegal
Turkmenistan,TKM,1977,Illegal
Turkmenistan,TKM,1978,Illegal
Turkmenistan,TKM,1979,Illegal
Turkmenistan,TKM,1980,Illegal
Turkmenistan,TKM,1981,Illegal
Turkmenistan,TKM,1982,Illegal
Turkmenistan,TKM,1983,Illegal
Turkmenistan,TKM,1984,Illegal
Turkmenistan,TKM,1985,Illegal
Turkmenistan,TKM,1986,Illegal
Turkmenistan,TKM,1987,Illegal
Turkmenistan,TKM,1988,Illegal
Turkmenistan,TKM,1989,Illegal
Turkmenistan,TKM,1990,Illegal
Turkmenistan,TKM,1991,Illegal
Turkmenistan,TKM,1992,Illegal
Turkmenistan,TKM,1993,Illegal
Turkmenistan,TKM,1994,Illegal
Turkmenistan,TKM,1995,Illegal
Turkmenistan,TKM,1996,Illegal
Turkmenistan,TKM,1997,Illegal
Turkmenistan,TKM,1998,Illegal
Turkmenistan,TKM,1999,Illegal
Turkmenistan,TKM,2000,Illegal
Turkmenistan,TKM,2001,Illegal
Turkmenistan,TKM,2002,Illegal
Turkmenistan,TKM,2003,Illegal
Turkmenistan,TKM,2004,Illegal
Turkmenistan,TKM,2005,Illegal
Turkmenistan,TKM,2006,Illegal
Turkmenistan,TKM,2007,Illegal
Turkmenistan,TKM,2008,Illegal
Turkmenistan,TKM,2009,Illegal
Turkmenistan,TKM,2010,Illegal
Turkmenistan,TKM,2011,Illegal
Turkmenistan,TKM,2012,Illegal
Turkmenistan,TKM,2013,Illegal
Turkmenistan,TKM,2014,Illegal
Turkmenistan,TKM,2015,Illegal
Turkmenistan,TKM,2016,Illegal
Turkmenistan,TKM,2017,Illegal
Turkmenistan,TKM,2018,Illegal
Turkmenistan,TKM,2019,Illegal
Turkmenistan,TKM,2020,Illegal
Turkmenistan,TKM,2021,Illegal
Turkmenistan,TKM,2022,Illegal
Turkmenistan,TKM,2023,Illegal
Turkmenistan,TKM,2024,Illegal
Turkmenistan,TKM,2025,Illegal
Tuvalu,TUV,1978,Illegal
Tuvalu,TUV,1979,Illegal
Tuvalu,TUV,1980,Illegal
Tuvalu,TUV,1981,Illegal
Tuvalu,TUV,1982,Illegal
Tuvalu,TUV,1983,Illegal
Tuvalu,TUV,1984,Illegal
Tuvalu,TUV,1985,Illegal
Tuvalu,TUV,1986,Illegal
Tuvalu,TUV,1987,Illegal
Tuvalu,TUV,1988,Illegal
Tuvalu,TUV,1989,Illegal
Tuvalu,TUV,1990,Illegal
Tuvalu,TUV,1991,Illegal
Tuvalu,TUV,1992,Illegal
Tuvalu,TUV,1993,Illegal
Tuvalu,TUV,1994,Illegal
Tuvalu,TUV,1995,Illegal
Tuvalu,TUV,1996,Illegal
Tuvalu,TUV,1997,Illegal
Tuvalu,TUV,1998,Illegal
Tuvalu,TUV,1999,Illegal
Tuvalu,TUV,2000,Illegal
Tuvalu,TUV,2001,Illegal
Tuvalu,TUV,2002,Illegal
Tuvalu,TUV,2003,Illegal
Tuvalu,TUV,2004,Illegal
Tuvalu,TUV,2005,Illegal
Tuvalu,TUV,2006,Illegal
Tuvalu,TUV,2007,Illegal
Tuvalu,TUV,2008,Illegal
Tuvalu,TUV,2009,Illegal
Tuvalu,TUV,2010,Illegal
Tuvalu,TUV,2011,Illegal
Tuvalu,TUV,2012,Illegal
Tuvalu,TUV,2013,Illegal
Tuvalu,TUV,2014,Illegal
Tuvalu,TUV,2015,Illegal
Tuvalu,TUV,2016,Illegal
Tuvalu,TUV,2017,Illegal
Tuvalu,TUV,2018,Illegal
Tuvalu,TUV,2019,Illegal
Tuvalu,TUV,2020,Illegal
Tuvalu,TUV,2021,Illegal
Tuvalu,TUV,2022,Illegal
Tuvalu,TUV,2023,Illegal
Tuvalu,TUV,2024,Illegal
Tuvalu,TUV,2025,Illegal
Uganda,UGA,1894,Illegal
Uganda,UGA,1895,Illegal
Uganda,UGA,1896,Illegal
Uganda,UGA,1897,Illegal
Uganda,UGA,1898,Illegal
Uganda,UGA,1899,Illegal
Uganda,UGA,1900,Illegal
Uganda,UGA,1901,Illegal
Uganda,UGA,1902,Illegal
Uganda,UGA,1903,Illegal
Uganda,UGA,1904,Illegal
Uganda,UGA,1905,Illegal
Uganda,UGA,1906,Illegal
Uganda,UGA,1907,Illegal
Uganda,UGA,1908,Illegal
Uganda,UGA,1909,Illegal
Uganda,UGA,1910,Illegal
Uganda,UGA,1911,Illegal
Uganda,UGA,1912,Illegal
Uganda,UGA,1913,Illegal
Uganda,UGA,1914,Illegal
Uganda,UGA,1915,Illegal
Uganda,UGA,1916,Illegal
Uganda,UGA,1917,Illegal
Uganda,UGA,1918,Illegal
Uganda,UGA,1919,Illegal
Uganda,UGA,1920,Illegal
Uganda,UGA,1921,Illegal
Uganda,UGA,1922,Illegal
Uganda,UGA,1923,Illegal
Uganda,UGA,1924,Illegal
Uganda,UGA,1925,Illegal
Uganda,UGA,1926,Illegal
Uganda,UGA,1927,Illegal
Uganda,UGA,1928,Illegal
Uganda,UGA,1929,Illegal
Uganda,UGA,1930,Illegal
Uganda,UGA,1931,Illegal
Uganda,UGA,1932,Illegal
Uganda,UGA,1933,Illegal
Uganda,UGA,1934,Illegal
Uganda,UGA,1935,Illegal
Uganda,UGA,1936,Illegal
Uganda,UGA,1937,Illegal
Uganda,UGA,1938,Illegal
Uganda,UGA,1939,Illegal
Uganda,UGA,1940,Illegal
Uganda,UGA,1941,Illegal
Uganda,UGA,1942,Illegal
Uganda,UGA,1943,Illegal
Uganda,UGA,1944,Illegal
Uganda,UGA,1945,Illegal
Uganda,UGA,1946,Illegal
Uganda,UGA,1947,Illegal
Uganda,UGA,1948,Illegal
Uganda,UGA,1949,Illegal
Uganda,UGA,1950,Illegal
Uganda,UGA,1951,Illegal
Uganda,UGA,1952,Illegal
Uganda,UGA,1953,Illegal
Uganda,UGA,1954,Illegal
Uganda,UGA,1955,Illegal
Uganda,UGA,1956,Illegal
Uganda,UGA,1957,Illegal
Uganda,UGA,1958,Illegal
Uganda,UGA,1959,Illegal
Uganda,UGA,1960,Illegal
Uganda,UGA,1961,Illegal
Uganda,UGA,1962,Illegal
Uganda,UGA,1963,Illegal
Uganda,UGA,1964,Illegal
Uganda,UGA,1965,Illegal
Uganda,UGA,1966,Illegal
Uganda,UGA,1967,Illegal
Uganda,UGA,1968,Illegal
Uganda,UGA,1969,Illegal
Uganda,UGA,1970,Illegal
Uganda,UGA,1971,Illegal
Uganda,UGA,1972,Illegal
Uganda,UGA,1973,Illegal
Uganda,UGA,1974,Illegal
Uganda,UGA,1975,Illegal
Uganda,UGA,1976,Illegal
Uganda,UGA,1977,Illegal
Uganda,UGA,1978,Illegal
Uganda,UGA,1979,Illegal
Uganda,UGA,1980,Illegal
Uganda,UGA,1981,Illegal
Uganda,UGA,1982,Illegal
Uganda,UGA,1983,Illegal
Uganda,UGA,1984,Illegal
Uganda,UGA,1985,Illegal
Uganda,UGA,1986,Illegal
Uganda,UGA,1987,Illegal
Uganda,UGA,1988,Illegal
Uganda,UGA,1989,Illegal
Uganda,UGA,1990,Illegal
Uganda,UGA,1991,Illegal
Uganda,UGA,1992,Illegal
Uganda,UGA,1993,Illegal
Uganda,UGA,1994,Illegal
Uganda,UGA,1995,Illegal
Uganda,UGA,1996,Illegal
Uganda,UGA,1997,Illegal
Uganda,UGA,1998,Illegal
Uganda,UGA,1999,Illegal
Uganda,UGA,2000,Illegal
Uganda,UGA,2001,Illegal
Uganda,UGA,2002,Illegal
Uganda,UGA,2003,Illegal
Uganda,UGA,2004,Illegal
Uganda,UGA,2005,Illegal
Uganda,UGA,2006,Illegal
Uganda,UGA,2007,Illegal
Uganda,UGA,2008,Illegal
Uganda,UGA,2009,Illegal
Uganda,UGA,2010,Illegal
Uganda,UGA,2011,Illegal
Uganda,UGA,2012,Illegal
Uganda,UGA,2013,Illegal
Uganda,UGA,2014,Illegal
Uganda,UGA,2015,Illegal
Uganda,UGA,2016,Illegal
Uganda,UGA,2017,Illegal
Uganda,UGA,2018,Illegal
Uganda,UGA,2019,Illegal
Uganda,UGA,2020,Illegal
Uganda,UGA,2021,Illegal
Uganda,UGA,2022,Illegal
Uganda,UGA,2023,Illegal
Uganda,UGA,2024,Illegal
Uganda,UGA,2025,Illegal
Ukraine,UKR,1917,Legal
Ukraine,UKR,1918,Legal
Ukraine,UKR,1919,Legal
Ukraine,UKR,1920,Legal
Ukraine,UKR,1921,Legal
Ukraine,UKR,1922,Legal
Ukraine,UKR,1923,Legal
Ukraine,UKR,1924,Legal
Ukraine,UKR,1925,Legal
Ukraine,UKR,1926,Legal
Ukraine,UKR,1927,Legal
Ukraine,UKR,1928,Legal
Ukraine,UKR,1929,Legal
Ukraine,UKR,1930,Legal
Ukraine,UKR,1931,Legal
Ukraine,UKR,1932,Legal
Ukraine,UKR,1933,Legal
Ukraine,UKR,1934,Illegal
Ukraine,UKR,1935,Illegal
Ukraine,UKR,1936,Illegal
Ukraine,UKR,1937,Illegal
Ukraine,UKR,1938,Illegal
Ukraine,UKR,1939,Illegal
Ukraine,UKR,1940,Illegal
Ukraine,UKR,1941,Illegal
Ukraine,UKR,1942,Illegal
Ukraine,UKR,1943,Illegal
Ukraine,UKR,1944,Illegal
Ukraine,UKR,1945,Illegal
Ukraine,UKR,1946,Illegal
Ukraine,UKR,1947,Illegal
Ukraine,UKR,1948,Illegal
Ukraine,UKR,1949,Illegal
Ukraine,UKR,1950,Illegal
Ukraine,UKR,1951,Illegal
Ukraine,UKR,1952,Illegal
Ukraine,UKR,1953,Illegal
Ukraine,UKR,1954,Illegal
Ukraine,UKR,1955,Illegal
Ukraine,UKR,1956,Illegal
Ukraine,UKR,1957,Illegal
Ukraine,UKR,1958,Illegal
Ukraine,UKR,1959,Illegal
Ukraine,UKR,1960,Illegal
Ukraine,UKR,1961,Illegal
Ukraine,UKR,1962,Illegal
Ukraine,UKR,1963,Illegal
Ukraine,UKR,1964,Illegal
Ukraine,UKR,1965,Illegal
Ukraine,UKR,1966,Illegal
Ukraine,UKR,1967,Illegal
Ukraine,UKR,1968,Illegal
Ukraine,UKR,1969,Illegal
Ukraine,UKR,1970,Illegal
Ukraine,UKR,1971,Illegal
Ukraine,UKR,1972,Illegal
Ukraine,UKR,1973,Illegal
Ukraine,UKR,1974,Illegal
Ukraine,UKR,1975,Illegal
Ukraine,UKR,1976,Illegal
Ukraine,UKR,1977,Illegal
Ukraine,UKR,1978,Illegal
Ukraine,UKR,1979,Illegal
Ukraine,UKR,1980,Illegal
Ukraine,UKR,1981,Illegal
Ukraine,UKR,1982,Illegal
Ukraine,UKR,1983,Illegal
Ukraine,UKR,1984,Illegal
Ukraine,UKR,1985,Illegal
Ukraine,UKR,1986,Illegal
Ukraine,UKR,1987,Illegal
Ukraine,UKR,1988,Illegal
Ukraine,UKR,1989,Illegal
Ukraine,UKR,1990,Illegal
Ukraine,UKR,1991,Legal
Ukraine,UKR,1992,Legal
Ukraine,UKR,1993,Legal
Ukraine,UKR,1994,Legal
Ukraine,UKR,1995,Legal
Ukraine,UKR,1996,Legal
Ukraine,UKR,1997,Legal
Ukraine,UKR,1998,Legal
Ukraine,UKR,1999,Legal
Ukraine,UKR,2000,Legal
Ukraine,UKR,2001,Legal
Ukraine,UKR,2002,Legal
Ukraine,UKR,2003,Legal
Ukraine,UKR,2004,Legal
Ukraine,UKR,2005,Legal
Ukraine,UKR,2006,Legal
Ukraine,UKR,2007,Legal
Ukraine,UKR,2008,Legal
Ukraine,UKR,2009,Legal
Ukraine,UKR,2010,Legal
Ukraine,UKR,2011,Legal
Ukraine,UKR,2012,Legal
Ukraine,UKR,2013,Legal
Ukraine,UKR,2014,Legal
Ukraine,UKR,2015,Legal
Ukraine,UKR,2016,Legal
Ukraine,UKR,2017,Legal
Ukraine,UKR,2018,Legal
Ukraine,UKR,2019,Legal
Ukraine,UKR,2020,Legal
Ukraine,UKR,2021,Legal
Ukraine,UKR,2022,Legal
Ukraine,UKR,2023,Legal
Ukraine,UKR,2024,Legal
Ukraine,UKR,2025,Legal
United Arab Emirates,ARE,1956,Illegal
United Arab Emirates,ARE,1957,Illegal
United Arab Emirates,ARE,1958,Illegal
United Arab Emirates,ARE,1959,Illegal
United Arab Emirates,ARE,1960,Illegal
United Arab Emirates,ARE,1961,Illegal
United Arab Emirates,ARE,1962,Illegal
United Arab Emirates,ARE,1963,Illegal
United Arab Emirates,ARE,1964,Illegal
United Arab Emirates,ARE,1965,Illegal
United Arab Emirates,ARE,1966,Illegal
United Arab Emirates,ARE,1967,Illegal
United Arab Emirates,ARE,1968,Illegal
United Arab Emirates,ARE,1969,Illegal
United Arab Emirates,ARE,1970,Illegal
United Arab Emirates,ARE,1971,Illegal
United Arab Emirates,ARE,1972,Illegal
United Arab Emirates,ARE,1973,Illegal
United Arab Emirates,ARE,1974,Illegal
United Arab Emirates,ARE,1975,Illegal
United Arab Emirates,ARE,1976,Illegal
United Arab Emirates,ARE,1977,Illegal
United Arab Emirates,ARE,1978,Illegal
United Arab Emirates,ARE,1979,Illegal
United Arab Emirates,ARE,1980,Illegal
United Arab Emirates,ARE,1981,Illegal
United Arab Emirates,ARE,1982,Illegal
United Arab Emirates,ARE,1983,Illegal
United Arab Emirates,ARE,1984,Illegal
United Arab Emirates,ARE,1985,Illegal
United Arab Emirates,ARE,1986,Illegal
United Arab Emirates,ARE,1987,Illegal
United Arab Emirates,ARE,1988,Illegal
United Arab Emirates,ARE,1989,Illegal
United Arab Emirates,ARE,1990,Illegal
United Arab Emirates,ARE,1991,Illegal
United Arab Emirates,ARE,1992,Illegal
United Arab Emirates,ARE,1993,Illegal
United Arab Emirates,ARE,1994,Illegal
United Arab Emirates,ARE,1995,Illegal
United Arab Emirates,ARE,1996,Illegal
United Arab Emirates,ARE,1997,Illegal
United Arab Emirates,ARE,1998,Illegal
United Arab Emirates,ARE,1999,Illegal
United Arab Emirates,ARE,2000,Illegal
United Arab Emirates,ARE,2001,Illegal
United Arab Emirates,ARE,2002,Illegal
United Arab Emirates,ARE,2003,Illegal
United Arab Emirates,ARE,2004,Illegal
United Arab Emirates,ARE,2005,Illegal
United Arab Emirates,ARE,2006,Illegal
United Arab Emirates,ARE,2007,Illegal
United Arab Emirates,ARE,2008,Illegal
United Arab Emirates,ARE,2009,Illegal
United Arab Emirates,ARE,2010,Illegal
United Arab Emirates,ARE,2011,Illegal
United Arab Emirates,ARE,2012,Illegal
United Arab Emirates,ARE,2013,Illegal
United Arab Emirates,ARE,2014,Illegal
United Arab Emirates,ARE,2015,Illegal
United Arab Emirates,ARE,2016,Illegal
United Arab Emirates,ARE,2017,Illegal
United Arab Emirates,ARE,2018,Illegal
United Arab Emirates,ARE,2019,Illegal
United Arab Emirates,ARE,2020,Illegal
United Arab Emirates,ARE,2021,Illegal
United Arab Emirates,ARE,2022,Illegal
United Arab Emirates,ARE,2023,Illegal
United Arab Emirates,ARE,2024,Illegal
United Arab Emirates,ARE,2025,Illegal
United Kingdom,GBR,1760,Illegal
United Kingdom,GBR,1761,Illegal
United Kingdom,GBR,1762,Illegal
United Kingdom,GBR,1763,Illegal
United Kingdom,GBR,1764,Illegal
United Kingdom,GBR,1765,Illegal
United Kingdom,GBR,1766,Illegal
United Kingdom,GBR,1767,Illegal
United Kingdom,GBR,1768,Illegal
United Kingdom,GBR,1769,Illegal
United Kingdom,GBR,1770,Illegal
United Kingdom,GBR,1771,Illegal
United Kingdom,GBR,1772,Illegal
United Kingdom,GBR,1773,Illegal
United Kingdom,GBR,1774,Illegal
United Kingdom,GBR,1775,Illegal
United Kingdom,GBR,1776,Illegal
United Kingdom,GBR,1777,Illegal
United Kingdom,GBR,1778,Illegal
United Kingdom,GBR,1779,Illegal
United Kingdom,GBR,1780,Illegal
United Kingdom,GBR,1781,Illegal
United Kingdom,GBR,1782,Illegal
United Kingdom,GBR,1783,Illegal
United Kingdom,GBR,1784,Illegal
United Kingdom,GBR,1785,Illegal
United Kingdom,GBR,1786,Illegal
United Kingdom,GBR,1787,Illegal
United Kingdom,GBR,1788,Illegal
United Kingdom,GBR,1789,Illegal
United Kingdom,GBR,1790,Illegal
United Kingdom,GBR,1791,Illegal
United Kingdom,GBR,1792,Illegal
United Kingdom,GBR,1793,Illegal
United Kingdom,GBR,1794,Illegal
United Kingdom,GBR,1795,Illegal
United Kingdom,GBR,1796,Illegal
United Kingdom,GBR,1797,Illegal
United Kingdom,GBR,1798,Illegal
United Kingdom,GBR,1799,Illegal
United Kingdom,GBR,1800,Illegal
United Kingdom,GBR,1801,Illegal
United Kingdom,GBR,1802,Illegal
United Kingdom,GBR,1803,Illegal
United Kingdom,GBR,1804,Illegal
United Kingdom,GBR,1805,Illegal
United Kingdom,GBR,1806,Illegal
United Kingdom,GBR,1807,Illegal
United Kingdom,GBR,1808,Illegal
United Kingdom,GBR,1809,Illegal
United Kingdom,GBR,1810,Illegal
United Kingdom,GBR,1811,Illegal
United Kingdom,GBR,1812,Illegal
United Kingdom,GBR,1813,Illegal
United Kingdom,GBR,1814,Illegal
United Kingdom,GBR,1815,Illegal
United Kingdom,GBR,1816,Illegal
United Kingdom,GBR,1817,Illegal
United Kingdom,GBR,1818,Illegal
United Kingdom,GBR,1819,Illegal
United Kingdom,GBR,1820,Illegal
United Kingdom,GBR,1821,Illegal
United Kingdom,GBR,1822,Illegal
United Kingdom,GBR,1823,Illegal
United Kingdom,GBR,1824,Illegal
United Kingdom,GBR,1825,Illegal
United Kingdom,GBR,1826,Illegal
United Kingdom,GBR,1827,Illegal
United Kingdom,GBR,1828,Illegal
United Kingdom,GBR,1829,Illegal
United Kingdom,GBR,1830,Illegal
United Kingdom,GBR,1831,Illegal
United Kingdom,GBR,1832,Illegal
United Kingdom,GBR,1833,Illegal
United Kingdom,GBR,1834,Illegal
United Kingdom,GBR,1835,Illegal
United Kingdom,GBR,1836,Illegal
United Kingdom,GBR,1837,Illegal
United Kingdom,GBR,1838,Illegal
United Kingdom,GBR,1839,Illegal
United Kingdom,GBR,1840,Illegal
United Kingdom,GBR,1841,Illegal
United Kingdom,GBR,1842,Illegal
United Kingdom,GBR,1843,Illegal
United Kingdom,GBR,1844,Illegal
United Kingdom,GBR,1845,Illegal
United Kingdom,GBR,1846,Illegal
United Kingdom,GBR,1847,Illegal
United Kingdom,GBR,1848,Illegal
United Kingdom,GBR,1849,Illegal
United Kingdom,GBR,1850,Illegal
United Kingdom,GBR,1851,Illegal
United Kingdom,GBR,1852,Illegal
United Kingdom,GBR,1853,Illegal
United Kingdom,GBR,1854,Illegal
United Kingdom,GBR,1855,Illegal
United Kingdom,GBR,1856,Illegal
United Kingdom,GBR,1857,Illegal
United Kingdom,GBR,1858,Illegal
United Kingdom,GBR,1859,Illegal
United Kingdom,GBR,1860,Illegal
United Kingdom,GBR,1861,Illegal
United Kingdom,GBR,1862,Illegal
United Kingdom,GBR,1863,Illegal
United Kingdom,GBR,1864,Illegal
United Kingdom,GBR,1865,Illegal
United Kingdom,GBR,1866,Illegal
United Kingdom,GBR,1867,Illegal
United Kingdom,GBR,1868,Illegal
United Kingdom,GBR,1869,Illegal
United Kingdom,GBR,1870,Illegal
United Kingdom,GBR,1871,Illegal
United Kingdom,GBR,1872,Illegal
United Kingdom,GBR,1873,Illegal
United Kingdom,GBR,1874,Illegal
United Kingdom,GBR,1875,Illegal
United Kingdom,GBR,1876,Illegal
United Kingdom,GBR,1877,Illegal
United Kingdom,GBR,1878,Illegal
United Kingdom,GBR,1879,Illegal
United Kingdom,GBR,1880,Illegal
United Kingdom,GBR,1881,Illegal
United Kingdom,GBR,1882,Illegal
United Kingdom,GBR,1883,Illegal
United Kingdom,GBR,1884,Illegal
United Kingdom,GBR,1885,Illegal
United Kingdom,GBR,1886,Illegal
United Kingdom,GBR,1887,Illegal
United Kingdom,GBR,1888,Illegal
United Kingdom,GBR,1889,Illegal
United Kingdom,GBR,1890,Illegal
United Kingdom,GBR,1891,Illegal
United Kingdom,GBR,1892,Illegal
United Kingdom,GBR,1893,Illegal
United Kingdom,GBR,1894,Illegal
United Kingdom,GBR,1895,Illegal
United Kingdom,GBR,1896,Illegal
United Kingdom,GBR,1897,Illegal
United Kingdom,GBR,1898,Illegal
United Kingdom,GBR,1899,Illegal
United Kingdom,GBR,1900,Illegal
United Kingdom,GBR,1901,Illegal
United Kingdom,GBR,1902,Illegal
United Kingdom,GBR,1903,Illegal
United Kingdom,GBR,1904,Illegal
United Kingdom,GBR,1905,Illegal
United Kingdom,GBR,1906,Illegal
United Kingdom,GBR,1907,Illegal
United Kingdom,GBR,1908,Illegal
United Kingdom,GBR,1909,Illegal
United Kingdom,GBR,1910,Illegal
United Kingdom,GBR,1911,Illegal
United Kingdom,GBR,1912,Illegal
United Kingdom,GBR,1913,Illegal
United Kingdom,GBR,1914,Illegal
United Kingdom,GBR,1915,Illegal
United Kingdom,GBR,1916,Illegal
United Kingdom,GBR,1917,Illegal
United Kingdom,GBR,1918,Illegal
United Kingdom,GBR,1919,Illegal
United Kingdom,GBR,1920,Illegal
United Kingdom,GBR,1921,Illegal
United Kingdom,GBR,1922,Illegal
United Kingdom,GBR,1923,Illegal
United Kingdom,GBR,1924,Illegal
United Kingdom,GBR,1925,Illegal
United Kingdom,GBR,1926,Illegal
United Kingdom,GBR,1927,Illegal
United Kingdom,GBR,1928,Illegal
United Kingdom,GBR,1929,Illegal
United Kingdom,GBR,1930,Illegal
United Kingdom,GBR,1931,Illegal
United Kingdom,GBR,1932,Illegal
United Kingdom,GBR,1933,Illegal
United Kingdom,GBR,1934,Illegal
United Kingdom,GBR,1935,Illegal
United Kingdom,GBR,1936,Illegal
United Kingdom,GBR,1937,Illegal
United Kingdom,GBR,1938,Illegal
United Kingdom,GBR,1939,Illegal
United Kingdom,GBR,1940,Illegal
United Kingdom,GBR,1941,Illegal
United Kingdom,GBR,1942,Illegal
United Kingdom,GBR,1943,Illegal
United Kingdom,GBR,1944,Illegal
United Kingdom,GBR,1945,Illegal
United Kingdom,GBR,1946,Illegal
United Kingdom,GBR,1947,Illegal
United Kingdom,GBR,1948,Illegal
United Kingdom,GBR,1949,Illegal
United Kingdom,GBR,1950,Illegal
United Kingdom,GBR,1951,Illegal
United Kingdom,GBR,1952,Illegal
United Kingdom,GBR,1953,Illegal
United Kingdom,GBR,1954,Illegal
United Kingdom,GBR,1955,Illegal
United Kingdom,GBR,1956,Illegal
United Kingdom,GBR,1957,Illegal
United Kingdom,GBR,1958,Illegal
United Kingdom,GBR,1959,Illegal
United Kingdom,GBR,1960,Illegal
United Kingdom,GBR,1961,Illegal
United Kingdom,GBR,1962,Illegal
United Kingdom,GBR,1963,Illegal
United Kingdom,GBR,1964,Illegal
United Kingdom,GBR,1965,Illegal
United Kingdom,GBR,1966,Illegal
United Kingdom,GBR,1967,Illegal
United Kingdom,GBR,1968,Illegal
United Kingdom,GBR,1969,Illegal
United Kingdom,GBR,1970,Illegal
United Kingdom,GBR,1971,Illegal
United Kingdom,GBR,1972,Illegal
United Kingdom,GBR,1973,Illegal
United Kingdom,GBR,1974,Illegal
United Kingdom,GBR,1975,Illegal
United Kingdom,GBR,1976,Illegal
United Kingdom,GBR,1977,Illegal
United Kingdom,GBR,1978,Illegal
United Kingdom,GBR,1979,Illegal
United Kingdom,GBR,1980,Illegal
United Kingdom,GBR,1981,Illegal
United Kingdom,GBR,1982,Legal
United Kingdom,GBR,1983,Legal
United Kingdom,GBR,1984,Legal
United Kingdom,GBR,1985,Legal
United Kingdom,GBR,1986,Legal
United Kingdom,GBR,1987,Legal
United Kingdom,GBR,1988,Legal
United Kingdom,GBR,1989,Legal
United Kingdom,GBR,1990,Legal
United Kingdom,GBR,1991,Legal
United Kingdom,GBR,1992,Legal
United Kingdom,GBR,1993,Legal
United Kingdom,GBR,1994,Legal
United Kingdom,GBR,1995,Legal
United Kingdom,GBR,1996,Legal
United Kingdom,GBR,1997,Legal
United Kingdom,GBR,1998,Legal
United Kingdom,GBR,1999,Legal
United Kingdom,GBR,2000,Legal
United Kingdom,GBR,2001,Legal
United Kingdom,GBR,2002,Legal
United Kingdom,GBR,2003,Legal
United Kingdom,GBR,2004,Legal
United Kingdom,GBR,2005,Legal
United Kingdom,GBR,2006,Legal
United Kingdom,GBR,2007,Legal
United Kingdom,GBR,2008,Legal
United Kingdom,GBR,2009,Legal
United Kingdom,GBR,2010,Legal
United Kingdom,GBR,2011,Legal
United Kingdom,GBR,2012,Legal
United Kingdom,GBR,2013,Legal
United Kingdom,GBR,2014,Legal
United Kingdom,GBR,2015,Legal
United Kingdom,GBR,2016,Legal
United Kingdom,GBR,2017,Legal
United Kingdom,GBR,2018,Legal
United Kingdom,GBR,2019,Legal
United Kingdom,GBR,2020,Legal
United Kingdom,GBR,2021,Legal
United Kingdom,GBR,2022,Legal
United Kingdom,GBR,2023,Legal
United Kingdom,GBR,2024,Legal
United Kingdom,GBR,2025,Legal
United States,USA,1760,Illegal
United States,USA,1761,Illegal
United States,USA,1762,Illegal
United States,USA,1763,Illegal
United States,USA,1764,Illegal
United States,USA,1765,Illegal
United States,USA,1766,Illegal
United States,USA,1767,Illegal
United States,USA,1768,Illegal
United States,USA,1769,Illegal
United States,USA,1770,Illegal
United States,USA,1771,Illegal
United States,USA,1772,Illegal
United States,USA,1773,Illegal
United States,USA,1774,Illegal
United States,USA,1775,Illegal
United States,USA,1776,Illegal
United States,USA,1777,Illegal
United States,USA,1778,Illegal
United States,USA,1779,Illegal
United States,USA,1780,Illegal
United States,USA,1781,Illegal
United States,USA,1782,Illegal
United States,USA,1783,Illegal
United States,USA,1784,Illegal
United States,USA,1785,Illegal
United States,USA,1786,Illegal
United States,USA,1787,Illegal
United States,USA,1788,Illegal
United States,USA,1789,Illegal
United States,USA,1790,Illegal
United States,USA,1791,Illegal
United States,USA,1792,Illegal
United States,USA,1793,Illegal
United States,USA,1794,Illegal
United States,USA,1795,Illegal
United States,USA,1796,Illegal
United States,USA,1797,Illegal
United States,USA,1798,Illegal
United States,USA,1799,Illegal
United States,USA,1800,Illegal
United States,USA,1801,Illegal
United States,USA,1802,Illegal
United States,USA,1803,Illegal
United States,USA,1804,Illegal
United States,USA,1805,Illegal
United States,USA,1806,Illegal
United States,USA,1807,Illegal
United States,USA,1808,Illegal
United States,USA,1809,Illegal
United States,USA,1810,Illegal
United States,USA,1811,Illegal
United States,USA,1812,Illegal
United States,USA,1813,Illegal
United States,USA,1814,Illegal
United States,USA,1815,Illegal
United States,USA,1816,Illegal
United States,USA,1817,Illegal
United States,USA,1818,Illegal
United States,USA,1819,Illegal
United States,USA,1820,Illegal
United States,USA,1821,Illegal
United States,USA,1822,Illegal
United States,USA,1823,Illegal
United States,USA,1824,Illegal
United States,USA,1825,Illegal
United States,USA,1826,Illegal
United States,USA,1827,Illegal
United States,USA,1828,Illegal
United States,USA,1829,Illegal
United States,USA,1830,Illegal
United States,USA,1831,Illegal
United States,USA,1832,Illegal
United States,USA,1833,Illegal
United States,USA,1834,Illegal
United States,USA,1835,Illegal
United States,USA,1836,Illegal
United States,USA,1837,Illegal
United States,USA,1838,Illegal
United States,USA,1839,Illegal
United States,USA,1840,Illegal
United States,USA,1841,Illegal
United States,USA,1842,Illegal
United States,USA,1843,Illegal
United States,USA,1844,Illegal
United States,USA,1845,Illegal
United States,USA,1846,Illegal
United States,USA,1847,Illegal
United States,USA,1848,Illegal
United States,USA,1849,Illegal
United States,USA,1850,Illegal
United States,USA,1851,Illegal
United States,USA,1852,Illegal
United States,USA,1853,Illegal
United States,USA,1854,Illegal
United States,USA,1855,Illegal
United States,USA,1856,Illegal
United States,USA,1857,Illegal
United States,USA,1858,Illegal
United States,USA,1859,Illegal
United States,USA,1860,Illegal
United States,USA,1861,Illegal
United States,USA,1862,Illegal
United States,USA,1863,Illegal
United States,USA,1864,Illegal
United States,USA,1865,Illegal
United States,USA,1866,Illegal
United States,USA,1867,Illegal
United States,USA,1868,Illegal
United States,USA,1869,Illegal
United States,USA,1870,Illegal
United States,USA,1871,Illegal
United States,USA,1872,Illegal
United States,USA,1873,Illegal
United States,USA,1874,Illegal
United States,USA,1875,Illegal
United States,USA,1876,Illegal
United States,USA,1877,Illegal
United States,USA,1878,Illegal
United States,USA,1879,Illegal
United States,USA,1880,Illegal
United States,USA,1881,Illegal
United States,USA,1882,Illegal
United States,USA,1883,Illegal
United States,USA,1884,Illegal
United States,USA,1885,Illegal
United States,USA,1886,Illegal
United States,USA,1887,Illegal
United States,USA,1888,Illegal
United States,USA,1889,Illegal
United States,USA,1890,Illegal
United States,USA,1891,Illegal
United States,USA,1892,Illegal
United States,USA,1893,Illegal
United States,USA,1894,Illegal
United States,USA,1895,Illegal
United States,USA,1896,Illegal
United States,USA,1897,Illegal
United States,USA,1898,Illegal
United States,USA,1899,Illegal
United States,USA,1900,Illegal
United States,USA,1901,Illegal
United States,USA,1902,Illegal
United States,USA,1903,Illegal
United States,USA,1904,Illegal
United States,USA,1905,Illegal
United States,USA,1906,Illegal
United States,USA,1907,Illegal
United States,USA,1908,Illegal
United States,USA,1909,Illegal
United States,USA,1910,Illegal
United States,USA,1911,Illegal
United States,USA,1912,Illegal
United States,USA,1913,Illegal
United States,USA,1914,Illegal
United States,USA,1915,Illegal
United States,USA,1916,Illegal
United States,USA,1917,Illegal
United States,USA,1918,Illegal
United States,USA,1919,Illegal
United States,USA,1920,Illegal
United States,USA,1921,Illegal
United States,USA,1922,Illegal
United States,USA,1923,Illegal
United States,USA,1924,Illegal
United States,USA,1925,Illegal
United States,USA,1926,Illegal
United States,USA,1927,Illegal
United States,USA,1928,Illegal
United States,USA,1929,Illegal
United States,USA,1930,Illegal
United States,USA,1931,Illegal
United States,USA,1932,Illegal
United States,USA,1933,Illegal
United States,USA,1934,Illegal
United States,USA,1935,Illegal
United States,USA,1936,Illegal
United States,USA,1937,Illegal
United States,USA,1938,Illegal
United States,USA,1939,Illegal
United States,USA,1940,Illegal
United States,USA,1941,Illegal
United States,USA,1942,Illegal
United States,USA,1943,Illegal
United States,USA,1944,Illegal
United States,USA,1945,Illegal
United States,USA,1946,Illegal
United States,USA,1947,Illegal
United States,USA,1948,Illegal
United States,USA,1949,Illegal
United States,USA,1950,Illegal
United States,USA,1951,Illegal
United States,USA,1952,Illegal
United States,USA,1953,Illegal
United States,USA,1954,Illegal
United States,USA,1955,Illegal
United States,USA,1956,Illegal
United States,USA,1957,Illegal
United States,USA,1958,Illegal
United States,USA,1959,Illegal
United States,USA,1960,Illegal
United States,USA,1961,Illegal
United States,USA,1962,Illegal
United States,USA,1963,Illegal
United States,USA,1964,Illegal
United States,USA,1965,Illegal
United States,USA,1966,Illegal
United States,USA,1967,Illegal
United States,USA,1968,Illegal
United States,USA,1969,Illegal
United States,USA,1970,Illegal
United States,USA,1971,Illegal
United States,USA,1972,Illegal
United States,USA,1973,Illegal
United States,USA,1974,Illegal
United States,USA,1975,Illegal
United States,USA,1976,Illegal
United States,USA,1977,Illegal
United States,USA,1978,Illegal
United States,USA,1979,Illegal
United States,USA,1980,Illegal
United States,USA,1981,Illegal
United States,USA,1982,Illegal
United States,USA,1983,Illegal
United States,USA,1984,Illegal
United States,USA,1985,Illegal
United States,USA,1986,Illegal
United States,USA,1987,Illegal
United States,USA,1988,Illegal
United States,USA,1989,Illegal
United States,USA,1990,Illegal
United States,USA,1991,Illegal
United States,USA,1992,Illegal
United States,USA,1993,Illegal
United States,USA,1994,Illegal
United States,USA,1995,Illegal
United States,USA,1996,Illegal
United States,USA,1997,Illegal
United States,USA,1998,Illegal
United States,USA,1999,Illegal
United States,USA,2000,Illegal
United States,USA,2001,Illegal
United States,USA,2002,Illegal
United States,USA,2003,Legal
United States,USA,2004,Legal
United States,USA,2005,Legal
United States,USA,2006,Legal
United States,USA,2007,Legal
United States,USA,2008,Legal
United States,USA,2009,Legal
United States,USA,2010,Legal
United States,USA,2011,Legal
United States,USA,2012,Legal
United States,USA,2013,Legal
United States,USA,2014,Legal
United States,USA,2015,Legal
United States,USA,2016,Legal
United States,USA,2017,Legal
United States,USA,2018,Legal
United States,USA,2019,Legal
United States,USA,2020,Legal
United States,USA,2021,Legal
United States,USA,2022,Legal
United States,USA,2023,Legal
United States,USA,2024,Legal
United States,USA,2025,Legal
Uruguay,URY,1760,Illegal
Uruguay,URY,1761,Illegal
Uruguay,URY,1762,Illegal
Uruguay,URY,1763,Illegal
Uruguay,URY,1764,Illegal
Uruguay,URY,1765,Illegal
Uruguay,URY,1766,Illegal
Uruguay,URY,1767,Illegal
Uruguay,URY,1768,Illegal
Uruguay,URY,1769,Illegal
Uruguay,URY,1770,Illegal
Uruguay,URY,1771,Illegal
Uruguay,URY,1772,Illegal
Uruguay,URY,1773,Illegal
Uruguay,URY,1774,Illegal
Uruguay,URY,1775,Illegal
Uruguay,URY,1776,Illegal
Uruguay,URY,1777,Illegal
Uruguay,URY,1778,Illegal
Uruguay,URY,1779,Illegal
Uruguay,URY,1780,Illegal
Uruguay,URY,1781,Illegal
Uruguay,URY,1782,Illegal
Uruguay,URY,1783,Illegal
Uruguay,URY,1784,Illegal
Uruguay,URY,1785,Illegal
Uruguay,URY,1786,Illegal
Uruguay,URY,1787,Illegal
Uruguay,URY,1788,Illegal
Uruguay,URY,1789,Illegal
Uruguay,URY,1790,Illegal
Uruguay,URY,1791,Illegal
Uruguay,URY,1792,Illegal
Uruguay,URY,1793,Illegal
Uruguay,URY,1794,Illegal
Uruguay,URY,1795,Illegal
Uruguay,URY,1796,Illegal
Uruguay,URY,1797,Illegal
Uruguay,URY,1798,Illegal
Uruguay,URY,1799,Illegal
Uruguay,URY,1800,Illegal
Uruguay,URY,1801,Illegal
Uruguay,URY,1802,Illegal
Uruguay,URY,1803,Illegal
Uruguay,URY,1804,Illegal
Uruguay,URY,1805,Illegal
Uruguay,URY,1806,Illegal
Uruguay,URY,1807,Illegal
Uruguay,URY,1808,Illegal
Uruguay,URY,1809,Illegal
Uruguay,URY,1810,Illegal
Uruguay,URY,1811,Illegal
Uruguay,URY,1812,Illegal
Uruguay,URY,1813,Illegal
Uruguay,URY,1814,Illegal
Uruguay,URY,1815,Illegal
Uruguay,URY,1816,Illegal
Uruguay,URY,1817,Illegal
Uruguay,URY,1818,Illegal
Uruguay,URY,1819,Illegal
Uruguay,URY,1820,Illegal
Uruguay,URY,1821,Illegal
Uruguay,URY,1822,Illegal
Uruguay,URY,1823,Illegal
Uruguay,URY,1824,Illegal
Uruguay,URY,1825,Illegal
Uruguay,URY,1826,Illegal
Uruguay,URY,1827,Illegal
Uruguay,URY,1828,Illegal
Uruguay,URY,1829,Illegal
Uruguay,URY,1830,Illegal
Uruguay,URY,1831,Illegal
Uruguay,URY,1832,Illegal
Uruguay,URY,1833,Illegal
Uruguay,URY,1834,Illegal
Uruguay,URY,1835,Illegal
Uruguay,URY,1836,Illegal
Uruguay,URY,1837,Illegal
Uruguay,URY,1838,Illegal
Uruguay,URY,1839,Illegal
Uruguay,URY,1840,Illegal
Uruguay,URY,1841,Illegal
Uruguay,URY,1842,Illegal
Uruguay,URY,1843,Illegal
Uruguay,URY,1844,Illegal
Uruguay,URY,1845,Illegal
Uruguay,URY,1846,Illegal
Uruguay,URY,1847,Illegal
Uruguay,URY,1848,Illegal
Uruguay,URY,1849,Illegal
Uruguay,URY,1850,Illegal
Uruguay,URY,1851,Illegal
Uruguay,URY,1852,Illegal
Uruguay,URY,1853,Illegal
Uruguay,URY,1854,Illegal
Uruguay,URY,1855,Illegal
Uruguay,URY,1856,Illegal
Uruguay,URY,1857,Illegal
Uruguay,URY,1858,Illegal
Uruguay,URY,1859,Illegal
Uruguay,URY,1860,Illegal
Uruguay,URY,1861,Illegal
Uruguay,URY,1862,Illegal
Uruguay,URY,1863,Illegal
Uruguay,URY,1864,Illegal
Uruguay,URY,1865,Illegal
Uruguay,URY,1866,Illegal
Uruguay,URY,1867,Illegal
Uruguay,URY,1868,Illegal
Uruguay,URY,1869,Illegal
Uruguay,URY,1870,Illegal
Uruguay,URY,1871,Illegal
Uruguay,URY,1872,Illegal
Uruguay,URY,1873,Illegal
Uruguay,URY,1874,Illegal
Uruguay,URY,1875,Illegal
Uruguay,URY,1876,Illegal
Uruguay,URY,1877,Illegal
Uruguay,URY,1878,Illegal
Uruguay,URY,1879,Illegal
Uruguay,URY,1880,Illegal
Uruguay,URY,1881,Illegal
Uruguay,URY,1882,Illegal
Uruguay,URY,1883,Illegal
Uruguay,URY,1884,Illegal
Uruguay,URY,1885,Illegal
Uruguay,URY,1886,Illegal
Uruguay,URY,1887,Illegal
Uruguay,URY,1888,Illegal
Uruguay,URY,1889,Illegal
Uruguay,URY,1890,Illegal
Uruguay,URY,1891,Illegal
Uruguay,URY,1892,Illegal
Uruguay,URY,1893,Illegal
Uruguay,URY,1894,Illegal
Uruguay,URY,1895,Illegal
Uruguay,URY,1896,Illegal
Uruguay,URY,1897,Illegal
Uruguay,URY,1898,Illegal
Uruguay,URY,1899,Illegal
Uruguay,URY,1900,Illegal
Uruguay,URY,1901,Illegal
Uruguay,URY,1902,Illegal
Uruguay,URY,1903,Illegal
Uruguay,URY,1904,Illegal
Uruguay,URY,1905,Illegal
Uruguay,URY,1906,Illegal
Uruguay,URY,1907,Illegal
Uruguay,URY,1908,Illegal
Uruguay,URY,1909,Illegal
Uruguay,URY,1910,Illegal
Uruguay,URY,1911,Illegal
Uruguay,URY,1912,Illegal
Uruguay,URY,1913,Illegal
Uruguay,URY,1914,Illegal
Uruguay,URY,1915,Illegal
Uruguay,URY,1916,Illegal
Uruguay,URY,1917,Illegal
Uruguay,URY,1918,Illegal
Uruguay,URY,1919,Illegal
Uruguay,URY,1920,Illegal
Uruguay,URY,1921,Illegal
Uruguay,URY,1922,Illegal
Uruguay,URY,1923,Illegal
Uruguay,URY,1924,Illegal
Uruguay,URY,1925,Illegal
Uruguay,URY,1926,Illegal
Uruguay,URY,1927,Illegal
Uruguay,URY,1928,Illegal
Uruguay,URY,1929,Illegal
Uruguay,URY,1930,Illegal
Uruguay,URY,1931,Illegal
Uruguay,URY,1932,Illegal
Uruguay,URY,1933,Illegal
Uruguay,URY,1934,Legal
Uruguay,URY,1935,Legal
Uruguay,URY,1936,Legal
Uruguay,URY,1937,Legal
Uruguay,URY,1938,Legal
Uruguay,URY,1939,Legal
Uruguay,URY,1940,Legal
Uruguay,URY,1941,Legal
Uruguay,URY,1942,Legal
Uruguay,URY,1943,Legal
Uruguay,URY,1944,Legal
Uruguay,URY,1945,Legal
Uruguay,URY,1946,Legal
Uruguay,URY,1947,Legal
Uruguay,URY,1948,Legal
Uruguay,URY,1949,Legal
Uruguay,URY,1950,Legal
Uruguay,URY,1951,Legal
Uruguay,URY,1952,Legal
Uruguay,URY,1953,Legal
Uruguay,URY,1954,Legal
Uruguay,URY,1955,Legal
Uruguay,URY,1956,Legal
Uruguay,URY,1957,Legal
Uruguay,URY,1958,Legal
Uruguay,URY,1959,Legal
Uruguay,URY,1960,Legal
Uruguay,URY,1961,Legal
Uruguay,URY,1962,Legal
Uruguay,URY,1963,Legal
Uruguay,URY,1964,Legal
Uruguay,URY,1965,Legal
Uruguay,URY,1966,Legal
Uruguay,URY,1967,Legal
Uruguay,URY,1968,Legal
Uruguay,URY,1969,Legal
Uruguay,URY,1970,Legal
Uruguay,URY,1971,Legal
Uruguay,URY,1972,Legal
Uruguay,URY,1973,Legal
Uruguay,URY,1974,Legal
Uruguay,URY,1975,Legal
Uruguay,URY,1976,Legal
Uruguay,URY,1977,Legal
Uruguay,URY,1978,Legal
Uruguay,URY,1979,Legal
Uruguay,URY,1980,Legal
Uruguay,URY,1981,Legal
Uruguay,URY,1982,Legal
Uruguay,URY,1983,Legal
Uruguay,URY,1984,Legal
Uruguay,URY,1985,Legal
Uruguay,URY,1986,Legal
Uruguay,URY,1987,Legal
Uruguay,URY,1988,Legal
Uruguay,URY,1989,Legal
Uruguay,URY,1990,Legal
Uruguay,URY,1991,Legal
Uruguay,URY,1992,Legal
Uruguay,URY,1993,Legal
Uruguay,URY,1994,Legal
Uruguay,URY,1995,Legal
Uruguay,URY,1996,Legal
Uruguay,URY,1997,Legal
Uruguay,URY,1998,Legal
Uruguay,URY,1999,Legal
Uruguay,URY,2000,Legal
Uruguay,URY,2001,Legal
Uruguay,URY,2002,Legal
Uruguay,URY,2003,Legal
Uruguay,URY,2004,Legal
Uruguay,URY,2005,Legal
Uruguay,URY,2006,Legal
Uruguay,URY,2007,Legal
Uruguay,URY,2008,Legal
Uruguay,URY,2009,Legal
Uruguay,URY,2010,Legal
Uruguay,URY,2011,Legal
Uruguay,URY,2012,Legal
Uruguay,URY,2013,Legal
Uruguay,URY,2014,Legal
Uruguay,URY,2015,Legal
Uruguay,URY,2016,Legal
Uruguay,URY,2017,Legal
Uruguay,URY,2018,Legal
Uruguay,URY,2019,Legal
Uruguay,URY,2020,Legal
Uruguay,URY,2021,Legal
Uruguay,URY,2022,Legal
Uruguay,URY,2023,Legal
Uruguay,URY,2024,Legal
Uruguay,URY,2025,Legal
Uzbekistan,UZB,1760,Legal
Uzbekistan,UZB,1761,Legal
Uzbekistan,UZB,1762,Legal
Uzbekistan,UZB,1763,Legal
Uzbekistan,UZB,1764,Legal
Uzbekistan,UZB,1765,Legal
Uzbekistan,UZB,1766,Legal
Uzbekistan,UZB,1767,Legal
Uzbekistan,UZB,1768,Legal
Uzbekistan,UZB,1769,Legal
Uzbekistan,UZB,1770,Legal
Uzbekistan,UZB,1771,Legal
Uzbekistan,UZB,1772,Legal
Uzbekistan,UZB,1773,Legal
Uzbekistan,UZB,1774,Legal
Uzbekistan,UZB,1775,Legal
Uzbekistan,UZB,1776,Legal
Uzbekistan,UZB,1777,Legal
Uzbekistan,UZB,1778,Legal
Uzbekistan,UZB,1779,Legal
Uzbekistan,UZB,1780,Legal
Uzbekistan,UZB,1781,Legal
Uzbekistan,UZB,1782,Legal
Uzbekistan,UZB,1783,Legal
Uzbekistan,UZB,1784,Legal
Uzbekistan,UZB,1785,Legal
Uzbekistan,UZB,1786,Legal
Uzbekistan,UZB,1787,Legal
Uzbekistan,UZB,1788,Legal
Uzbekistan,UZB,1789,Legal
Uzbekistan,UZB,1790,Legal
Uzbekistan,UZB,1791,Legal
Uzbekistan,UZB,1792,Legal
Uzbekistan,UZB,1793,Legal
Uzbekistan,UZB,1794,Legal
Uzbekistan,UZB,1795,Legal
Uzbekistan,UZB,1796,Legal
Uzbekistan,UZB,1797,Legal
Uzbekistan,UZB,1798,Legal
Uzbekistan,UZB,1799,Legal
Uzbekistan,UZB,1800,Legal
Uzbekistan,UZB,1801,Legal
Uzbekistan,UZB,1802,Legal
Uzbekistan,UZB,1803,Legal
Uzbekistan,UZB,1804,Legal
Uzbekistan,UZB,1805,Legal
Uzbekistan,UZB,1806,Legal
Uzbekistan,UZB,1807,Legal
Uzbekistan,UZB,1808,Legal
Uzbekistan,UZB,1809,Legal
Uzbekistan,UZB,1810,Legal
Uzbekistan,UZB,1811,Legal
Uzbekistan,UZB,1812,Legal
Uzbekistan,UZB,1813,Legal
Uzbekistan,UZB,1814,Legal
Uzbekistan,UZB,1815,Legal
Uzbekistan,UZB,1816,Legal
Uzbekistan,UZB,1817,Legal
Uzbekistan,UZB,1818,Legal
Uzbekistan,UZB,1819,Legal
Uzbekistan,UZB,1820,Legal
Uzbekistan,UZB,1821,Legal
Uzbekistan,UZB,1822,Legal
Uzbekistan,UZB,1823,Legal
Uzbekistan,UZB,1824,Legal
Uzbekistan,UZB,1825,Legal
Uzbekistan,UZB,1826,Legal
Uzbekistan,UZB,1827,Legal
Uzbekistan,UZB,1828,Legal
Uzbekistan,UZB,1829,Legal
Uzbekistan,UZB,1830,Legal
Uzbekistan,UZB,1831,Legal
Uzbekistan,UZB,1832,Illegal
Uzbekistan,UZB,1833,Illegal
Uzbekistan,UZB,1834,Illegal
Uzbekistan,UZB,1835,Illegal
Uzbekistan,UZB,1836,Illegal
Uzbekistan,UZB,1837,Illegal
Uzbekistan,UZB,1838,Illegal
Uzbekistan,UZB,1839,Illegal
Uzbekistan,UZB,1840,Illegal
Uzbekistan,UZB,1841,Illegal
Uzbekistan,UZB,1842,Illegal
Uzbekistan,UZB,1843,Illegal
Uzbekistan,UZB,1844,Illegal
Uzbekistan,UZB,1845,Illegal
Uzbekistan,UZB,1846,Illegal
Uzbekistan,UZB,1847,Illegal
Uzbekistan,UZB,1848,Illegal
Uzbekistan,UZB,1849,Illegal
Uzbekistan,UZB,1850,Illegal
Uzbekistan,UZB,1851,Illegal
Uzbekistan,UZB,1852,Illegal
Uzbekistan,UZB,1853,Illegal
Uzbekistan,UZB,1854,Illegal
Uzbekistan,UZB,1855,Illegal
Uzbekistan,UZB,1856,Illegal
Uzbekistan,UZB,1857,Illegal
Uzbekistan,UZB,1858,Illegal
Uzbekistan,UZB,1859,Illegal
Uzbekistan,UZB,1860,Illegal
Uzbekistan,UZB,1861,Illegal
Uzbekistan,UZB,1862,Illegal
Uzbekistan,UZB,1863,Illegal
Uzbekistan,UZB,1864,Illegal
Uzbekistan,UZB,1865,Illegal
Uzbekistan,UZB,1866,Illegal
Uzbekistan,UZB,1867,Illegal
Uzbekistan,UZB,1868,Illegal
Uzbekistan,UZB,1869,Illegal
Uzbekistan,UZB,1870,Illegal
Uzbekistan,UZB,1871,Illegal
Uzbekistan,UZB,1872,Illegal
Uzbekistan,UZB,1873,Illegal
Uzbekistan,UZB,1874,Illegal
Uzbekistan,UZB,1875,Illegal
Uzbekistan,UZB,1876,Illegal
Uzbekistan,UZB,1877,Illegal
Uzbekistan,UZB,1878,Illegal
Uzbekistan,UZB,1879,Illegal
Uzbekistan,UZB,1880,Illegal
Uzbekistan,UZB,1881,Illegal
Uzbekistan,UZB,1882,Illegal
Uzbekistan,UZB,1883,Illegal
Uzbekistan,UZB,1884,Illegal
Uzbekistan,UZB,1885,Illegal
Uzbekistan,UZB,1886,Illegal
Uzbekistan,UZB,1887,Illegal
Uzbekistan,UZB,1888,Illegal
Uzbekistan,UZB,1889,Illegal
Uzbekistan,UZB,1890,Illegal
Uzbekistan,UZB,1891,Illegal
Uzbekistan,UZB,1892,Illegal
Uzbekistan,UZB,1893,Illegal
Uzbekistan,UZB,1894,Illegal
Uzbekistan,UZB,1895,Illegal
Uzbekistan,UZB,1896,Illegal
Uzbekistan,UZB,1897,Illegal
Uzbekistan,UZB,1898,Illegal
Uzbekistan,UZB,1899,Illegal
Uzbekistan,UZB,1900,Illegal
Uzbekistan,UZB,1901,Illegal
Uzbekistan,UZB,1902,Illegal
Uzbekistan,UZB,1903,Illegal
Uzbekistan,UZB,1904,Illegal
Uzbekistan,UZB,1905,Illegal
Uzbekistan,UZB,1906,Illegal
Uzbekistan,UZB,1907,Illegal
Uzbekistan,UZB,1908,Illegal
Uzbekistan,UZB,1909,Illegal
Uzbekistan,UZB,1910,Illegal
Uzbekistan,UZB,1911,Illegal
Uzbekistan,UZB,1912,Illegal
Uzbekistan,UZB,1913,Illegal
Uzbekistan,UZB,1914,Illegal
Uzbekistan,UZB,1915,Illegal
Uzbekistan,UZB,1916,Illegal
Uzbekistan,UZB,1917,Illegal
Uzbekistan,UZB,1918,Illegal
Uzbekistan,UZB,1919,Illegal
Uzbekistan,UZB,1920,Illegal
Uzbekistan,UZB,1921,Illegal
Uzbekistan,UZB,1922,Illegal
Uzbekistan,UZB,1923,Illegal
Uzbekistan,UZB,1924,Illegal
Uzbekistan,UZB,1925,Illegal
Uzbekistan,UZB,1926,Illegal
Uzbekistan,UZB,1927,Illegal
Uzbekistan,UZB,1928,Illegal
Uzbekistan,UZB,1929,Illegal
Uzbekistan,UZB,1930,Illegal
Uzbekistan,UZB,1931,Illegal
Uzbekistan,UZB,1932,Illegal
Uzbekistan,UZB,1933,Illegal
Uzbekistan,UZB,1934,Illegal
Uzbekistan,UZB,1935,Illegal
Uzbekistan,UZB,1936,Illegal
Uzbekistan,UZB,1937,Illegal
Uzbekistan,UZB,1938,Illegal
Uzbekistan,UZB,1939,Illegal
Uzbekistan,UZB,1940,Illegal
Uzbekistan,UZB,1941,Illegal
Uzbekistan,UZB,1942,Illegal
Uzbekistan,UZB,1943,Illegal
Uzbekistan,UZB,1944,Illegal
Uzbekistan,UZB,1945,Illegal
Uzbekistan,UZB,1946,Illegal
Uzbekistan,UZB,1947,Illegal
Uzbekistan,UZB,1948,Illegal
Uzbekistan,UZB,1949,Illegal
Uzbekistan,UZB,1950,Illegal
Uzbekistan,UZB,1951,Illegal
Uzbekistan,UZB,1952,Illegal
Uzbekistan,UZB,1953,Illegal
Uzbekistan,UZB,1954,Illegal
Uzbekistan,UZB,1955,Illegal
Uzbekistan,UZB,1956,Illegal
Uzbekistan,UZB,1957,Illegal
Uzbekistan,UZB,1958,Illegal
Uzbekistan,UZB,1959,Illegal
Uzbekistan,UZB,1960,Illegal
Uzbekistan,UZB,1961,Illegal
Uzbekistan,UZB,1962,Illegal
Uzbekistan,UZB,1963,Illegal
Uzbekistan,UZB,1964,Illegal
Uzbekistan,UZB,1965,Illegal
Uzbekistan,UZB,1966,Illegal
Uzbekistan,UZB,1967,Illegal
Uzbekistan,UZB,1968,Illegal
Uzbekistan,UZB,1969,Illegal
Uzbekistan,UZB,1970,Illegal
Uzbekistan,UZB,1971,Illegal
Uzbekistan,UZB,1972,Illegal
Uzbekistan,UZB,1973,Illegal
Uzbekistan,UZB,1974,Illegal
Uzbekistan,UZB,1975,Illegal
Uzbekistan,UZB,1976,Illegal
Uzbekistan,UZB,1977,Illegal
Uzbekistan,UZB,1978,Illegal
Uzbekistan,UZB,1979,Illegal
Uzbekistan,UZB,1980,Illegal
Uzbekistan,UZB,1981,Illegal
Uzbekistan,UZB,1982,Illegal
Uzbekistan,UZB,1983,Illegal
Uzbekistan,UZB,1984,Illegal
Uzbekistan,UZB,1985,Illegal
Uzbekistan,UZB,1986,Illegal
Uzbekistan,UZB,1987,Illegal
Uzbekistan,UZB,1988,Illegal
Uzbekistan,UZB,1989,Illegal
Uzbekistan,UZB,1990,Illegal
Uzbekistan,UZB,1991,Illegal
Uzbekistan,UZB,1992,Illegal
Uzbekistan,UZB,1993,Illegal
Uzbekistan,UZB,1994,Illegal
Uzbekistan,UZB,1995,Illegal
Uzbekistan,UZB,1996,Illegal
Uzbekistan,UZB,1997,Illegal
Uzbekistan,UZB,1998,Illegal
Uzbekistan,UZB,1999,Illegal
Uzbekistan,UZB,2000,Illegal
Uzbekistan,UZB,2001,Illegal
Uzbekistan,UZB,2002,Illegal
Uzbekistan,UZB,2003,Illegal
Uzbekistan,UZB,2004,Illegal
Uzbekistan,UZB,2005,Illegal
Uzbekistan,UZB,2006,Illegal
Uzbekistan,UZB,2007,Illegal
Uzbekistan,UZB,2008,Illegal
Uzbekistan,UZB,2009,Illegal
Uzbekistan,UZB,2010,Illegal
Uzbekistan,UZB,2011,Illegal
Uzbekistan,UZB,2012,Illegal
Uzbekistan,UZB,2013,Illegal
Uzbekistan,UZB,2014,Illegal
Uzbekistan,UZB,2015,Illegal
Uzbekistan,UZB,2016,Illegal
Uzbekistan,UZB,2017,Illegal
Uzbekistan,UZB,2018,Illegal
Uzbekistan,UZB,2019,Illegal
Uzbekistan,UZB,2020,Illegal
Uzbekistan,UZB,2021,Illegal
Uzbekistan,UZB,2022,Illegal
Uzbekistan,UZB,2023,Illegal
Uzbekistan,UZB,2024,Illegal
Uzbekistan,UZB,2025,Illegal
Vanuatu,VUT,1981,Legal
Vanuatu,VUT,1982,Legal
Vanuatu,VUT,1983,Legal
Vanuatu,VUT,1984,Legal
Vanuatu,VUT,1985,Legal
Vanuatu,VUT,1986,Legal
Vanuatu,VUT,1987,Legal
Vanuatu,VUT,1988,Legal
Vanuatu,VUT,1989,Legal
Vanuatu,VUT,1990,Legal
Vanuatu,VUT,1991,Legal
Vanuatu,VUT,1992,Legal
Vanuatu,VUT,1993,Legal
Vanuatu,VUT,1994,Legal
Vanuatu,VUT,1995,Legal
Vanuatu,VUT,1996,Legal
Vanuatu,VUT,1997,Legal
Vanuatu,VUT,1998,Legal
Vanuatu,VUT,1999,Legal
Vanuatu,VUT,2000,Legal
Vanuatu,VUT,2001,Legal
Vanuatu,VUT,2002,Legal
Vanuatu,VUT,2003,Legal
Vanuatu,VUT,2004,Legal
Vanuatu,VUT,2005,Legal
Vanuatu,VUT,2006,Legal
Vanuatu,VUT,2007,Legal
Vanuatu,VUT,2008,Legal
Vanuatu,VUT,2009,Legal
Vanuatu,VUT,2010,Legal
Vanuatu,VUT,2011,Legal
Vanuatu,VUT,2012,Legal
Vanuatu,VUT,2013,Legal
Vanuatu,VUT,2014,Legal
Vanuatu,VUT,2015,Legal
Vanuatu,VUT,2016,Legal
Vanuatu,VUT,2017,Legal
Vanuatu,VUT,2018,Legal
Vanuatu,VUT,2019,Legal
Vanuatu,VUT,2020,Legal
Vanuatu,VUT,2021,Legal
Vanuatu,VUT,2022,Legal
Vanuatu,VUT,2023,Legal
Vanuatu,VUT,2024,Legal
Vanuatu,VUT,2025,Legal
Vatican,VAT,1890,Legal
Vatican,VAT,1891,Legal
Vatican,VAT,1892,Legal
Vatican,VAT,1893,Legal
Vatican,VAT,1894,Legal
Vatican,VAT,1895,Legal
Vatican,VAT,1896,Legal
Vatican,VAT,1897,Legal
Vatican,VAT,1898,Legal
Vatican,VAT,1899,Legal
Vatican,VAT,1900,Legal
Vatican,VAT,1901,Legal
Vatican,VAT,1902,Legal
Vatican,VAT,1903,Legal
Vatican,VAT,1904,Legal
Vatican,VAT,1905,Legal
Vatican,VAT,1906,Legal
Vatican,VAT,1907,Legal
Vatican,VAT,1908,Legal
Vatican,VAT,1909,Legal
Vatican,VAT,1910,Legal
Vatican,VAT,1911,Legal
Vatican,VAT,1912,Legal
Vatican,VAT,1913,Legal
Vatican,VAT,1914,Legal
Vatican,VAT,1915,Legal
Vatican,VAT,1916,Legal
Vatican,VAT,1917,Legal
Vatican,VAT,1918,Legal
Vatican,VAT,1919,Legal
Vatican,VAT,1920,Legal
Vatican,VAT,1921,Legal
Vatican,VAT,1922,Legal
Vatican,VAT,1923,Legal
Vatican,VAT,1924,Legal
Vatican,VAT,1925,Legal
Vatican,VAT,1926,Legal
Vatican,VAT,1927,Legal
Vatican,VAT,1928,Legal
Vatican,VAT,1929,Legal
Vatican,VAT,1930,Legal
Vatican,VAT,1931,Legal
Vatican,VAT,1932,Legal
Vatican,VAT,1933,Legal
Vatican,VAT,1934,Legal
Vatican,VAT,1935,Legal
Vatican,VAT,1936,Legal
Vatican,VAT,1937,Legal
Vatican,VAT,1938,Legal
Vatican,VAT,1939,Legal
Vatican,VAT,1940,Legal
Vatican,VAT,1941,Legal
Vatican,VAT,1942,Legal
Vatican,VAT,1943,Legal
Vatican,VAT,1944,Legal
Vatican,VAT,1945,Legal
Vatican,VAT,1946,Legal
Vatican,VAT,1947,Legal
Vatican,VAT,1948,Legal
Vatican,VAT,1949,Legal
Vatican,VAT,1950,Legal
Vatican,VAT,1951,Legal
Vatican,VAT,1952,Legal
Vatican,VAT,1953,Legal
Vatican,VAT,1954,Legal
Vatican,VAT,1955,Legal
Vatican,VAT,1956,Legal
Vatican,VAT,1957,Legal
Vatican,VAT,1958,Legal
Vatican,VAT,1959,Legal
Vatican,VAT,1960,Legal
Vatican,VAT,1961,Legal
Vatican,VAT,1962,Legal
Vatican,VAT,1963,Legal
Vatican,VAT,1964,Legal
Vatican,VAT,1965,Legal
Vatican,VAT,1966,Legal
Vatican,VAT,1967,Legal
Vatican,VAT,1968,Legal
Vatican,VAT,1969,Legal
Vatican,VAT,1970,Legal
Vatican,VAT,1971,Legal
Vatican,VAT,1972,Legal
Vatican,VAT,1973,Legal
Vatican,VAT,1974,Legal
Vatican,VAT,1975,Legal
Vatican,VAT,1976,Legal
Vatican,VAT,1977,Legal
Vatican,VAT,1978,Legal
Vatican,VAT,1979,Legal
Vatican,VAT,1980,Legal
Vatican,VAT,1981,Legal
Vatican,VAT,1982,Legal
Vatican,VAT,1983,Legal
Vatican,VAT,1984,Legal
Vatican,VAT,1985,Legal
Vatican,VAT,1986,Legal
Vatican,VAT,1987,Legal
Vatican,VAT,1988,Legal
Vatican,VAT,1989,Legal
Vatican,VAT,1990,Legal
Vatican,VAT,1991,Legal
Vatican,VAT,1992,Legal
Vatican,VAT,1993,Legal
Vatican,VAT,1994,Legal
Vatican,VAT,1995,Legal
Vatican,VAT,1996,Legal
Vatican,VAT,1997,Legal
Vatican,VAT,1998,Legal
Vatican,VAT,1999,Legal
Vatican,VAT,2000,Legal
Vatican,VAT,2001,Legal
Vatican,VAT,2002,Legal
Vatican,VAT,2003,Legal
Vatican,VAT,2004,Legal
Vatican,VAT,2005,Legal
Vatican,VAT,2006,Legal
Vatican,VAT,2007,Legal
Vatican,VAT,2008,Legal
Vatican,VAT,2009,Legal
Vatican,VAT,2010,Legal
Vatican,VAT,2011,Legal
Vatican,VAT,2012,Legal
Vatican,VAT,2013,Legal
Vatican,VAT,2014,Legal
Vatican,VAT,2015,Legal
Vatican,VAT,2016,Legal
Vatican,VAT,2017,Legal
Vatican,VAT,2018,Legal
Vatican,VAT,2019,Legal
Vatican,VAT,2020,Legal
Vatican,VAT,2021,Legal
Vatican,VAT,2022,Legal
Vatican,VAT,2023,Legal
Vatican,VAT,2024,Legal
Vatican,VAT,2025,Legal
Venezuela,VEN,1760,Illegal
Venezuela,VEN,1761,Illegal
Venezuela,VEN,1762,Illegal
Venezuela,VEN,1763,Illegal
Venezuela,VEN,1764,Illegal
Venezuela,VEN,1765,Illegal
Venezuela,VEN,1766,Illegal
Venezuela,VEN,1767,Illegal
Venezuela,VEN,1768,Illegal
Venezuela,VEN,1769,Illegal
Venezuela,VEN,1770,Illegal
Venezuela,VEN,1771,Illegal
Venezuela,VEN,1772,Illegal
Venezuela,VEN,1773,Illegal
Venezuela,VEN,1774,Illegal
Venezuela,VEN,1775,Illegal
Venezuela,VEN,1776,Illegal
Venezuela,VEN,1777,Illegal
Venezuela,VEN,1778,Illegal
Venezuela,VEN,1779,Illegal
Venezuela,VEN,1780,Illegal
Venezuela,VEN,1781,Illegal
Venezuela,VEN,1782,Illegal
Venezuela,VEN,1783,Illegal
Venezuela,VEN,1784,Illegal
Venezuela,VEN,1785,Illegal
Venezuela,VEN,1786,Illegal
Venezuela,VEN,1787,Illegal
Venezuela,VEN,1788,Illegal
Venezuela,VEN,1789,Illegal
Venezuela,VEN,1790,Illegal
Venezuela,VEN,1791,Illegal
Venezuela,VEN,1792,Illegal
Venezuela,VEN,1793,Illegal
Venezuela,VEN,1794,Illegal
Venezuela,VEN,1795,Illegal
Venezuela,VEN,1796,Illegal
Venezuela,VEN,1797,Illegal
Venezuela,VEN,1798,Illegal
Venezuela,VEN,1799,Illegal
Venezuela,VEN,1800,Illegal
Venezuela,VEN,1801,Illegal
Venezuela,VEN,1802,Illegal
Venezuela,VEN,1803,Illegal
Venezuela,VEN,1804,Illegal
Venezuela,VEN,1805,Illegal
Venezuela,VEN,1806,Illegal
Venezuela,VEN,1807,Illegal
Venezuela,VEN,1808,Illegal
Venezuela,VEN,1809,Illegal
Venezuela,VEN,1810,Illegal
Venezuela,VEN,1811,Illegal
Venezuela,VEN,1812,Illegal
Venezuela,VEN,1813,Illegal
Venezuela,VEN,1814,Illegal
Venezuela,VEN,1815,Illegal
Venezuela,VEN,1816,Illegal
Venezuela,VEN,1817,Illegal
Venezuela,VEN,1818,Illegal
Venezuela,VEN,1819,Illegal
Venezuela,VEN,1820,Illegal
Venezuela,VEN,1821,Illegal
Venezuela,VEN,1822,Illegal
Venezuela,VEN,1823,Illegal
Venezuela,VEN,1824,Illegal
Venezuela,VEN,1825,Illegal
Venezuela,VEN,1826,Illegal
Venezuela,VEN,1827,Illegal
Venezuela,VEN,1828,Illegal
Venezuela,VEN,1829,Illegal
Venezuela,VEN,1830,Illegal
Venezuela,VEN,1831,Illegal
Venezuela,VEN,1832,Illegal
Venezuela,VEN,1833,Illegal
Venezuela,VEN,1834,Illegal
Venezuela,VEN,1835,Illegal
Venezuela,VEN,1836,Legal
Venezuela,VEN,1837,Legal
Venezuela,VEN,1838,Legal
Venezuela,VEN,1839,Legal
Venezuela,VEN,1840,Legal
Venezuela,VEN,1841,Legal
Venezuela,VEN,1842,Legal
Venezuela,VEN,1843,Legal
Venezuela,VEN,1844,Legal
Venezuela,VEN,1845,Legal
Venezuela,VEN,1846,Legal
Venezuela,VEN,1847,Legal
Venezuela,VEN,1848,Legal
Venezuela,VEN,1849,Legal
Venezuela,VEN,1850,Legal
Venezuela,VEN,1851,Legal
Venezuela,VEN,1852,Legal
Venezuela,VEN,1853,Legal
Venezuela,VEN,1854,Legal
Venezuela,VEN,1855,Legal
Venezuela,VEN,1856,Legal
Venezuela,VEN,1857,Legal
Venezuela,VEN,1858,Legal
Venezuela,VEN,1859,Legal
Venezuela,VEN,1860,Legal
Venezuela,VEN,1861,Legal
Venezuela,VEN,1862,Legal
Venezuela,VEN,1863,Legal
Venezuela,VEN,1864,Legal
Venezuela,VEN,1865,Legal
Venezuela,VEN,1866,Legal
Venezuela,VEN,1867,Legal
Venezuela,VEN,1868,Legal
Venezuela,VEN,1869,Legal
Venezuela,VEN,1870,Legal
Venezuela,VEN,1871,Legal
Venezuela,VEN,1872,Legal
Venezuela,VEN,1873,Legal
Venezuela,VEN,1874,Legal
Venezuela,VEN,1875,Legal
Venezuela,VEN,1876,Legal
Venezuela,VEN,1877,Legal
Venezuela,VEN,1878,Legal
Venezuela,VEN,1879,Legal
Venezuela,VEN,1880,Legal
Venezuela,VEN,1881,Legal
Venezuela,VEN,1882,Legal
Venezuela,VEN,1883,Legal
Venezuela,VEN,1884,Legal
Venezuela,VEN,1885,Legal
Venezuela,VEN,1886,Legal
Venezuela,VEN,1887,Legal
Venezuela,VEN,1888,Legal
Venezuela,VEN,1889,Legal
Venezuela,VEN,1890,Legal
Venezuela,VEN,1891,Legal
Venezuela,VEN,1892,Legal
Venezuela,VEN,1893,Legal
Venezuela,VEN,1894,Legal
Venezuela,VEN,1895,Legal
Venezuela,VEN,1896,Legal
Venezuela,VEN,1897,Legal
Venezuela,VEN,1898,Legal
Venezuela,VEN,1899,Legal
Venezuela,VEN,1900,Legal
Venezuela,VEN,1901,Legal
Venezuela,VEN,1902,Legal
Venezuela,VEN,1903,Legal
Venezuela,VEN,1904,Legal
Venezuela,VEN,1905,Legal
Venezuela,VEN,1906,Legal
Venezuela,VEN,1907,Legal
Venezuela,VEN,1908,Legal
Venezuela,VEN,1909,Legal
Venezuela,VEN,1910,Legal
Venezuela,VEN,1911,Legal
Venezuela,VEN,1912,Legal
Venezuela,VEN,1913,Legal
Venezuela,VEN,1914,Legal
Venezuela,VEN,1915,Legal
Venezuela,VEN,1916,Legal
Venezuela,VEN,1917,Legal
Venezuela,VEN,1918,Legal
Venezuela,VEN,1919,Legal
Venezuela,VEN,1920,Legal
Venezuela,VEN,1921,Legal
Venezuela,VEN,1922,Legal
Venezuela,VEN,1923,Legal
Venezuela,VEN,1924,Legal
Venezuela,VEN,1925,Legal
Venezuela,VEN,1926,Legal
Venezuela,VEN,1927,Legal
Venezuela,VEN,1928,Legal
Venezuela,VEN,1929,Legal
Venezuela,VEN,1930,Legal
Venezuela,VEN,1931,Legal
Venezuela,VEN,1932,Legal
Venezuela,VEN,1933,Legal
Venezuela,VEN,1934,Legal
Venezuela,VEN,1935,Legal
Venezuela,VEN,1936,Legal
Venezuela,VEN,1937,Legal
Venezuela,VEN,1938,Legal
Venezuela,VEN,1939,Legal
Venezuela,VEN,1940,Legal
Venezuela,VEN,1941,Legal
Venezuela,VEN,1942,Legal
Venezuela,VEN,1943,Legal
Venezuela,VEN,1944,Legal
Venezuela,VEN,1945,Legal
Venezuela,VEN,1946,Legal
Venezuela,VEN,1947,Legal
Venezuela,VEN,1948,Legal
Venezuela,VEN,1949,Legal
Venezuela,VEN,1950,Legal
Venezuela,VEN,1951,Legal
Venezuela,VEN,1952,Legal
Venezuela,VEN,1953,Legal
Venezuela,VEN,1954,Legal
Venezuela,VEN,1955,Legal
Venezuela,VEN,1956,Legal
Venezuela,VEN,1957,Legal
Venezuela,VEN,1958,Legal
Venezuela,VEN,1959,Legal
Venezuela,VEN,1960,Legal
Venezuela,VEN,1961,Legal
Venezuela,VEN,1962,Legal
Venezuela,VEN,1963,Legal
Venezuela,VEN,1964,Legal
Venezuela,VEN,1965,Legal
Venezuela,VEN,1966,Legal
Venezuela,VEN,1967,Legal
Venezuela,VEN,1968,Legal
Venezuela,VEN,1969,Legal
Venezuela,VEN,1970,Legal
Venezuela,VEN,1971,Legal
Venezuela,VEN,1972,Legal
Venezuela,VEN,1973,Legal
Venezuela,VEN,1974,Legal
Venezuela,VEN,1975,Legal
Venezuela,VEN,1976,Legal
Venezuela,VEN,1977,Legal
Venezuela,VEN,1978,Legal
Venezuela,VEN,1979,Legal
Venezuela,VEN,1980,Legal
Venezuela,VEN,1981,Legal
Venezuela,VEN,1982,Legal
Venezuela,VEN,1983,Legal
Venezuela,VEN,1984,Legal
Venezuela,VEN,1985,Legal
Venezuela,VEN,1986,Legal
Venezuela,VEN,1987,Legal
Venezuela,VEN,1988,Legal
Venezuela,VEN,1989,Legal
Venezuela,VEN,1990,Legal
Venezuela,VEN,1991,Legal
Venezuela,VEN,1992,Legal
Venezuela,VEN,1993,Legal
Venezuela,VEN,1994,Legal
Venezuela,VEN,1995,Legal
Venezuela,VEN,1996,Legal
Venezuela,VEN,1997,Legal
Venezuela,VEN,1998,Legal
Venezuela,VEN,1999,Legal
Venezuela,VEN,2000,Legal
Venezuela,VEN,2001,Legal
Venezuela,VEN,2002,Legal
Venezuela,VEN,2003,Legal
Venezuela,VEN,2004,Legal
Venezuela,VEN,2005,Legal
Venezuela,VEN,2006,Legal
Venezuela,VEN,2007,Legal
Venezuela,VEN,2008,Legal
Venezuela,VEN,2009,Legal
Venezuela,VEN,2010,Legal
Venezuela,VEN,2011,Legal
Venezuela,VEN,2012,Legal
Venezuela,VEN,2013,Legal
Venezuela,VEN,2014,Legal
Venezuela,VEN,2015,Legal
Venezuela,VEN,2016,Legal
Venezuela,VEN,2017,Legal
Venezuela,VEN,2018,Legal
Venezuela,VEN,2019,Legal
Venezuela,VEN,2020,Legal
Venezuela,VEN,2021,Legal
Venezuela,VEN,2022,Legal
Venezuela,VEN,2023,Legal
Venezuela,VEN,2024,Legal
Venezuela,VEN,2025,Legal
Vietnam,VNM,1760,Legal
Vietnam,VNM,1761,Legal
Vietnam,VNM,1762,Legal
Vietnam,VNM,1763,Legal
Vietnam,VNM,1764,Legal
Vietnam,VNM,1765,Legal
Vietnam,VNM,1766,Legal
Vietnam,VNM,1767,Legal
Vietnam,VNM,1768,Legal
Vietnam,VNM,1769,Legal
Vietnam,VNM,1770,Legal
Vietnam,VNM,1771,Legal
Vietnam,VNM,1772,Legal
Vietnam,VNM,1773,Legal
Vietnam,VNM,1774,Legal
Vietnam,VNM,1775,Legal
Vietnam,VNM,1776,Legal
Vietnam,VNM,1777,Legal
Vietnam,VNM,1778,Legal
Vietnam,VNM,1779,Legal
Vietnam,VNM,1780,Legal
Vietnam,VNM,1781,Legal
Vietnam,VNM,1782,Legal
Vietnam,VNM,1783,Legal
Vietnam,VNM,1784,Legal
Vietnam,VNM,1785,Legal
Vietnam,VNM,1786,Legal
Vietnam,VNM,1787,Legal
Vietnam,VNM,1788,Legal
Vietnam,VNM,1789,Legal
Vietnam,VNM,1790,Legal
Vietnam,VNM,1791,Legal
Vietnam,VNM,1792,Legal
Vietnam,VNM,1793,Legal
Vietnam,VNM,1794,Legal
Vietnam,VNM,1795,Legal
Vietnam,VNM,1796,Legal
Vietnam,VNM,1797,Legal
Vietnam,VNM,1798,Legal
Vietnam,VNM,1799,Legal
Vietnam,VNM,1800,Legal
Vietnam,VNM,1801,Legal
Vietnam,VNM,1802,Legal
Vietnam,VNM,1803,Legal
Vietnam,VNM,1804,Legal
Vietnam,VNM,1805,Legal
Vietnam,VNM,1806,Legal
Vietnam,VNM,1807,Legal
Vietnam,VNM,1808,Legal
Vietnam,VNM,1809,Legal
Vietnam,VNM,1810,Legal
Vietnam,VNM,1811,Legal
Vietnam,VNM,1812,Legal
Vietnam,VNM,1813,Legal
Vietnam,VNM,1814,Legal
Vietnam,VNM,1815,Legal
Vietnam,VNM,1816,Legal
Vietnam,VNM,1817,Legal
Vietnam,VNM,1818,Legal
Vietnam,VNM,1819,Legal
Vietnam,VNM,1820,Legal
Vietnam,VNM,1821,Legal
Vietnam,VNM,1822,Legal
Vietnam,VNM,1823,Legal
Vietnam,VNM,1824,Legal
Vietnam,VNM,1825,Legal
Vietnam,VNM,1826,Legal
Vietnam,VNM,1827,Legal
Vietnam,VNM,1828,Legal
Vietnam,VNM,1829,Legal
Vietnam,VNM,1830,Legal
Vietnam,VNM,1831,Legal
Vietnam,VNM,1832,Legal
Vietnam,VNM,1833,Legal
Vietnam,VNM,1834,Legal
Vietnam,VNM,1835,Legal
Vietnam,VNM,1836,Legal
Vietnam,VNM,1837,Legal
Vietnam,VNM,1838,Legal
Vietnam,VNM,1839,Legal
Vietnam,VNM,1840,Legal
Vietnam,VNM,1841,Legal
Vietnam,VNM,1842,Legal
Vietnam,VNM,1843,Legal
Vietnam,VNM,1844,Legal
Vietnam,VNM,1845,Legal
Vietnam,VNM,1846,Legal
Vietnam,VNM,1847,Legal
Vietnam,VNM,1848,Legal
Vietnam,VNM,1849,Legal
Vietnam,VNM,1850,Legal
Vietnam,VNM,1851,Legal
Vietnam,VNM,1852,Legal
Vietnam,VNM,1853,Legal
Vietnam,VNM,1854,Legal
Vietnam,VNM,1855,Legal
Vietnam,VNM,1856,Legal
Vietnam,VNM,1857,Legal
Vietnam,VNM,1858,Legal
Vietnam,VNM,1859,Legal
Vietnam,VNM,1860,Legal
Vietnam,VNM,1861,Legal
Vietnam,VNM,1862,Legal
Vietnam,VNM,1863,Legal
Vietnam,VNM,1864,Legal
Vietnam,VNM,1865,Legal
Vietnam,VNM,1866,Legal
Vietnam,VNM,1867,Legal
Vietnam,VNM,1868,Legal
Vietnam,VNM,1869,Legal
Vietnam,VNM,1870,Legal
Vietnam,VNM,1871,Legal
Vietnam,VNM,1872,Legal
Vietnam,VNM,1873,Legal
Vietnam,VNM,1874,Legal
Vietnam,VNM,1875,Legal
Vietnam,VNM,1876,Legal
Vietnam,VNM,1877,Legal
Vietnam,VNM,1878,Legal
Vietnam,VNM,1879,Legal
Vietnam,VNM,1880,Legal
Vietnam,VNM,1881,Legal
Vietnam,VNM,1882,Legal
Vietnam,VNM,1883,Legal
Vietnam,VNM,1884,Legal
Vietnam,VNM,1885,Legal
Vietnam,VNM,1886,Legal
Vietnam,VNM,1887,Legal
Vietnam,VNM,1888,Legal
Vietnam,VNM,1889,Legal
Vietnam,VNM,1890,Legal
Vietnam,VNM,1891,Legal
Vietnam,VNM,1892,Legal
Vietnam,VNM,1893,Legal
Vietnam,VNM,1894,Legal
Vietnam,VNM,1895,Legal
Vietnam,VNM,1896,Legal
Vietnam,VNM,1897,Legal
Vietnam,VNM,1898,Legal
Vietnam,VNM,1899,Legal
Vietnam,VNM,1900,Legal
Vietnam,VNM,1901,Legal
Vietnam,VNM,1902,Legal
Vietnam,VNM,1903,Legal
Vietnam,VNM,1904,Legal
Vietnam,VNM,1905,Legal
Vietnam,VNM,1906,Legal
Vietnam,VNM,1907,Legal
Vietnam,VNM,1908,Legal
Vietnam,VNM,1909,Legal
Vietnam,VNM,1910,Legal
Vietnam,VNM,1911,Legal
Vietnam,VNM,1912,Legal
Vietnam,VNM,1913,Legal
Vietnam,VNM,1914,Legal
Vietnam,VNM,1915,Legal
Vietnam,VNM,1916,Legal
Vietnam,VNM,1917,Legal
Vietnam,VNM,1918,Legal
Vietnam,VNM,1919,Legal
Vietnam,VNM,1920,Legal
Vietnam,VNM,1921,Legal
Vietnam,VNM,1922,Legal
Vietnam,VNM,1923,Legal
Vietnam,VNM,1924,Legal
Vietnam,VNM,1925,Legal
Vietnam,VNM,1926,Legal
Vietnam,VNM,1927,Legal
Vietnam,VNM,1928,Legal
Vietnam,VNM,1929,Legal
Vietnam,VNM,1930,Legal
Vietnam,VNM,1931,Legal
Vietnam,VNM,1932,Legal
Vietnam,VNM,1933,Legal
Vietnam,VNM,1934,Legal
Vietnam,VNM,1935,Legal
Vietnam,VNM,1936,Legal
Vietnam,VNM,1937,Legal
Vietnam,VNM,1938,Legal
Vietnam,VNM,1939,Legal
Vietnam,VNM,1940,Legal
Vietnam,VNM,1941,Legal
Vietnam,VNM,1942,Legal
Vietnam,VNM,1943,Legal
Vietnam,VNM,1944,Legal
Vietnam,VNM,1945,Legal
Vietnam,VNM,1946,Legal
Vietnam,VNM,1947,Legal
Vietnam,VNM,1948,Legal
Vietnam,VNM,1949,Legal
Vietnam,VNM,1950,Legal
Vietnam,VNM,1951,Legal
Vietnam,VNM,1952,Legal
Vietnam,VNM,1953,Legal
Vietnam,VNM,1954,Legal
Vietnam,VNM,1955,Legal
Vietnam,VNM,1956,Legal
Vietnam,VNM,1957,Legal
Vietnam,VNM,1958,Legal
Vietnam,VNM,1959,Legal
Vietnam,VNM,1960,Legal
Vietnam,VNM,1961,Legal
Vietnam,VNM,1962,Legal
Vietnam,VNM,1963,Legal
Vietnam,VNM,1964,Legal
Vietnam,VNM,1965,Legal
Vietnam,VNM,1966,Legal
Vietnam,VNM,1967,Legal
Vietnam,VNM,1968,Legal
Vietnam,VNM,1969,Legal
Vietnam,VNM,1970,Legal
Vietnam,VNM,1971,Legal
Vietnam,VNM,1972,Legal
Vietnam,VNM,1973,Legal
Vietnam,VNM,1974,Legal
Vietnam,VNM,1975,Legal
Vietnam,VNM,1976,Legal
Vietnam,VNM,1977,Legal
Vietnam,VNM,1978,Legal
Vietnam,VNM,1979,Legal
Vietnam,VNM,1980,Legal
Vietnam,VNM,1981,Legal
Vietnam,VNM,1982,Legal
Vietnam,VNM,1983,Legal
Vietnam,VNM,1984,Legal
Vietnam,VNM,1985,Legal
Vietnam,VNM,1986,Legal
Vietnam,VNM,1987,Legal
Vietnam,VNM,1988,Legal
Vietnam,VNM,1989,Legal
Vietnam,VNM,1990,Legal
Vietnam,VNM,1991,Legal
Vietnam,VNM,1992,Legal
Vietnam,VNM,1993,Legal
Vietnam,VNM,1994,Legal
Vietnam,VNM,1995,Legal
Vietnam,VNM,1996,Legal
Vietnam,VNM,1997,Legal
Vietnam,VNM,1998,Legal
Vietnam,VNM,1999,Legal
Vietnam,VNM,2000,Legal
Vietnam,VNM,2001,Legal
Vietnam,VNM,2002,Legal
Vietnam,VNM,2003,Legal
Vietnam,VNM,2004,Legal
Vietnam,VNM,2005,Legal
Vietnam,VNM,2006,Legal
Vietnam,VNM,2007,Legal
Vietnam,VNM,2008,Legal
Vietnam,VNM,2009,Legal
Vietnam,VNM,2010,Legal
Vietnam,VNM,2011,Legal
Vietnam,VNM,2012,Legal
Vietnam,VNM,2013,Legal
Vietnam,VNM,2014,Legal
Vietnam,VNM,2015,Legal
Vietnam,VNM,2016,Legal
Vietnam,VNM,2017,Legal
Vietnam,VNM,2018,Legal
Vietnam,VNM,2019,Legal
Vietnam,VNM,2020,Legal
Vietnam,VNM,2021,Legal
Vietnam,VNM,2022,Legal
Vietnam,VNM,2023,Legal
Vietnam,VNM,2024,Legal
Vietnam,VNM,2025,Legal
Yemen,YEM,1937,Illegal
Yemen,YEM,1938,Illegal
Yemen,YEM,1939,Illegal
Yemen,YEM,1940,Illegal
Yemen,YEM,1941,Illegal
Yemen,YEM,1942,Illegal
Yemen,YEM,1943,Illegal
Yemen,YEM,1944,Illegal
Yemen,YEM,1945,Illegal
Yemen,YEM,1946,Illegal
Yemen,YEM,1947,Illegal
Yemen,YEM,1948,Illegal
Yemen,YEM,1949,Illegal
Yemen,YEM,1950,Illegal
Yemen,YEM,1951,Illegal
Yemen,YEM,1952,Illegal
Yemen,YEM,1953,Illegal
Yemen,YEM,1954,Illegal
Yemen,YEM,1955,Illegal
Yemen,YEM,1956,Illegal
Yemen,YEM,1957,Illegal
Yemen,YEM,1958,Illegal
Yemen,YEM,1959,Illegal
Yemen,YEM,1960,Illegal
Yemen,YEM,1961,Illegal
Yemen,YEM,1962,Illegal
Yemen,YEM,1963,Illegal
Yemen,YEM,1964,Illegal
Yemen,YEM,1965,Illegal
Yemen,YEM,1966,Illegal
Yemen,YEM,1967,Illegal
Yemen,YEM,1968,Illegal
Yemen,YEM,1969,Illegal
Yemen,YEM,1970,Illegal
Yemen,YEM,1971,Illegal
Yemen,YEM,1972,Illegal
Yemen,YEM,1973,Illegal
Yemen,YEM,1974,Illegal
Yemen,YEM,1975,Illegal
Yemen,YEM,1976,Illegal
Yemen,YEM,1977,Illegal
Yemen,YEM,1978,Illegal
Yemen,YEM,1979,Illegal
Yemen,YEM,1980,Illegal
Yemen,YEM,1981,Illegal
Yemen,YEM,1982,Illegal
Yemen,YEM,1983,Illegal
Yemen,YEM,1984,Illegal
Yemen,YEM,1985,Illegal
Yemen,YEM,1986,Illegal
Yemen,YEM,1987,Illegal
Yemen,YEM,1988,Illegal
Yemen,YEM,1989,Illegal
Yemen,YEM,1990,Illegal
Yemen,YEM,1991,Illegal
Yemen,YEM,1992,Illegal
Yemen,YEM,1993,Illegal
Yemen,YEM,1994,Illegal
Yemen,YEM,1995,Illegal
Yemen,YEM,1996,Illegal
Yemen,YEM,1997,Illegal
Yemen,YEM,1998,Illegal
Yemen,YEM,1999,Illegal
Yemen,YEM,2000,Illegal
Yemen,YEM,2001,Illegal
Yemen,YEM,2002,Illegal
Yemen,YEM,2003,Illegal
Yemen,YEM,2004,Illegal
Yemen,YEM,2005,Illegal
Yemen,YEM,2006,Illegal
Yemen,YEM,2007,Illegal
Yemen,YEM,2008,Illegal
Yemen,YEM,2009,Illegal
Yemen,YEM,2010,Illegal
Yemen,YEM,2011,Illegal
Yemen,YEM,2012,Illegal
Yemen,YEM,2013,Illegal
Yemen,YEM,2014,Illegal
Yemen,YEM,2015,Illegal
Yemen,YEM,2016,Illegal
Yemen,YEM,2017,Illegal
Yemen,YEM,2018,Illegal
Yemen,YEM,2019,Illegal
Yemen,YEM,2020,Illegal
Yemen,YEM,2021,Illegal
Yemen,YEM,2022,Illegal
Yemen,YEM,2023,Illegal
Yemen,YEM,2024,Illegal
Yemen,YEM,2025,Illegal
Zambia,ZMB,1931,Illegal
Zambia,ZMB,1932,Illegal
Zambia,ZMB,1933,Illegal
Zambia,ZMB,1934,Illegal
Zambia,ZMB,1935,Illegal
Zambia,ZMB,1936,Illegal
Zambia,ZMB,1937,Illegal
Zambia,ZMB,1938,Illegal
Zambia,ZMB,1939,Illegal
Zambia,ZMB,1940,Illegal
Zambia,ZMB,1941,Illegal
Zambia,ZMB,1942,Illegal
Zambia,ZMB,1943,Illegal
Zambia,ZMB,1944,Illegal
Zambia,ZMB,1945,Illegal
Zambia,ZMB,1946,Illegal
Zambia,ZMB,1947,Illegal
Zambia,ZMB,1948,Illegal
Zambia,ZMB,1949,Illegal
Zambia,ZMB,1950,Illegal
Zambia,ZMB,1951,Illegal
Zambia,ZMB,1952,Illegal
Zambia,ZMB,1953,Illegal
Zambia,ZMB,1954,Illegal
Zambia,ZMB,1955,Illegal
Zambia,ZMB,1956,Illegal
Zambia,ZMB,1957,Illegal
Zambia,ZMB,1958,Illegal
Zambia,ZMB,1959,Illegal
Zambia,ZMB,1960,Illegal
Zambia,ZMB,1961,Illegal
Zambia,ZMB,1962,Illegal
Zambia,ZMB,1963,Illegal
Zambia,ZMB,1964,Illegal
Zambia,ZMB,1965,Illegal
Zambia,ZMB,1966,Illegal
Zambia,ZMB,1967,Illegal
Zambia,ZMB,1968,Illegal
Zambia,ZMB,1969,Illegal
Zambia,ZMB,1970,Illegal
Zambia,ZMB,1971,Illegal
Zambia,ZMB,1972,Illegal
Zambia,ZMB,1973,Illegal
Zambia,ZMB,1974,Illegal
Zambia,ZMB,1975,Illegal
Zambia,ZMB,1976,Illegal
Zambia,ZMB,1977,Illegal
Zambia,ZMB,1978,Illegal
Zambia,ZMB,1979,Illegal
Zambia,ZMB,1980,Illegal
Zambia,ZMB,1981,Illegal
Zambia,ZMB,1982,Illegal
Zambia,ZMB,1983,Illegal
Zambia,ZMB,1984,Illegal
Zambia,ZMB,1985,Illegal
Zambia,ZMB,1986,Illegal
Zambia,ZMB,1987,Illegal
Zambia,ZMB,1988,Illegal
Zambia,ZMB,1989,Illegal
Zambia,ZMB,1990,Illegal
Zambia,ZMB,1991,Illegal
Zambia,ZMB,1992,Illegal
Zambia,ZMB,1993,Illegal
Zambia,ZMB,1994,Illegal
Zambia,ZMB,1995,Illegal
Zambia,ZMB,1996,Illegal
Zambia,ZMB,1997,Illegal
Zambia,ZMB,1998,Illegal
Zambia,ZMB,1999,Illegal
Zambia,ZMB,2000,Illegal
Zambia,ZMB,2001,Illegal
Zambia,ZMB,2002,Illegal
Zambia,ZMB,2003,Illegal
Zambia,ZMB,2004,Illegal
Zambia,ZMB,2005,Illegal
Zambia,ZMB,2006,Illegal
Zambia,ZMB,2007,Illegal
Zambia,ZMB,2008,Illegal
Zambia,ZMB,2009,Illegal
Zambia,ZMB,2010,Illegal
Zambia,ZMB,2011,Illegal
Zambia,ZMB,2012,Illegal
Zambia,ZMB,2013,Illegal
Zambia,ZMB,2014,Illegal
Zambia,ZMB,2015,Illegal
Zambia,ZMB,2016,Illegal
Zambia,ZMB,2017,Illegal
Zambia,ZMB,2018,Illegal
Zambia,ZMB,2019,Illegal
Zambia,ZMB,2020,Illegal
Zambia,ZMB,2021,Illegal
Zambia,ZMB,2022,Illegal
Zambia,ZMB,2023,Illegal
Zambia,ZMB,2024,Illegal
Zambia,ZMB,2025,Illegal
Zimbabwe,ZWE,1891,Illegal
Zimbabwe,ZWE,1892,Illegal
Zimbabwe,ZWE,1893,Illegal
Zimbabwe,ZWE,1894,Illegal
Zimbabwe,ZWE,1895,Illegal
Zimbabwe,ZWE,1896,Illegal
Zimbabwe,ZWE,1897,Illegal
Zimbabwe,ZWE,1898,Illegal
Zimbabwe,ZWE,1899,Illegal
Zimbabwe,ZWE,1900,Illegal
Zimbabwe,ZWE,1901,Illegal
Zimbabwe,ZWE,1902,Illegal
Zimbabwe,ZWE,1903,Illegal
Zimbabwe,ZWE,1904,Illegal
Zimbabwe,ZWE,1905,Illegal
Zimbabwe,ZWE,1906,Illegal
Zimbabwe,ZWE,1907,Illegal
Zimbabwe,ZWE,1908,Illegal
Zimbabwe,ZWE,1909,Illegal
Zimbabwe,ZWE,1910,Illegal
Zimbabwe,ZWE,1911,Illegal
Zimbabwe,ZWE,1912,Illegal
Zimbabwe,ZWE,1913,Illegal
Zimbabwe,ZWE,1914,Illegal
Zimbabwe,ZWE,1915,Illegal
Zimbabwe,ZWE,1916,Illegal
Zimbabwe,ZWE,1917,Illegal
Zimbabwe,ZWE,1918,Illegal
Zimbabwe,ZWE,1919,Illegal
Zimbabwe,ZWE,1920,Illegal
Zimbabwe,ZWE,1921,Illegal
Zimbabwe,ZWE,1922,Illegal
Zimbabwe,ZWE,1923,Illegal
Zimbabwe,ZWE,1924,Illegal
Zimbabwe,ZWE,1925,Illegal
Zimbabwe,ZWE,1926,Illegal
Zimbabwe,ZWE,1927,Illegal
Zimbabwe,ZWE,1928,Illegal
Zimbabwe,ZWE,1929,Illegal
Zimbabwe,ZWE,1930,Illegal
Zimbabwe,ZWE,1931,Illegal
Zimbabwe,ZWE,1932,Illegal
Zimbabwe,ZWE,1933,Illegal
Zimbabwe,ZWE,1934,Illegal
Zimbabwe,ZWE,1935,Illegal
Zimbabwe,ZWE,1936,Illegal
Zimbabwe,ZWE,1937,Illegal
Zimbabwe,ZWE,1938,Illegal
Zimbabwe,ZWE,1939,Illegal
Zimbabwe,ZWE,1940,Illegal
Zimbabwe,ZWE,1941,Illegal
Zimbabwe,ZWE,1942,Illegal
Zimbabwe,ZWE,1943,Illegal
Zimbabwe,ZWE,1944,Illegal
Zimbabwe,ZWE,1945,Illegal
Zimbabwe,ZWE,1946,Illegal
Zimbabwe,ZWE,1947,Illegal
Zimbabwe,ZWE,1948,Illegal
Zimbabwe,ZWE,1949,Illegal
Zimbabwe,ZWE,1950,Illegal
Zimbabwe,ZWE,1951,Illegal
Zimbabwe,ZWE,1952,Illegal
Zimbabwe,ZWE,1953,Illegal
Zimbabwe,ZWE,1954,Illegal
Zimbabwe,ZWE,1955,Illegal
Zimbabwe,ZWE,1956,Illegal
Zimbabwe,ZWE,1957,Illegal
Zimbabwe,ZWE,1958,Illegal
Zimbabwe,ZWE,1959,Illegal
Zimbabwe,ZWE,1960,Illegal
Zimbabwe,ZWE,1961,Illegal
Zimbabwe,ZWE,1962,Illegal
Zimbabwe,ZWE,1963,Illegal
Zimbabwe,ZWE,1964,Illegal
Zimbabwe,ZWE,1965,Illegal
Zimbabwe,ZWE,1966,Illegal
Zimbabwe,ZWE,1967,Illegal
Zimbabwe,ZWE,1968,Illegal
Zimbabwe,ZWE,1969,Illegal
Zimbabwe,ZWE,1970,Illegal
Zimbabwe,ZWE,1971,Illegal
Zimbabwe,ZWE,1972,Illegal
Zimbabwe,ZWE,1973,Illegal
Zimbabwe,ZWE,1974,Illegal
Zimbabwe,ZWE,1975,Illegal
Zimbabwe,ZWE,1976,Illegal
Zimbabwe,ZWE,1977,Illegal
Zimbabwe,ZWE,1978,Illegal
Zimbabwe,ZWE,1979,Illegal
Zimbabwe,ZWE,1980,Illegal
Zimbabwe,ZWE,1981,Illegal
Zimbabwe,ZWE,1982,Illegal
Zimbabwe,ZWE,1983,Illegal
Zimbabwe,ZWE,1984,Illegal
Zimbabwe,ZWE,1985,Illegal
Zimbabwe,ZWE,1986,Illegal
Zimbabwe,ZWE,1987,Illegal
Zimbabwe,ZWE,1988,Illegal
Zimbabwe,ZWE,1989,Illegal
Zimbabwe,ZWE,1990,Illegal
Zimbabwe,ZWE,1991,Illegal
Zimbabwe,ZWE,1992,Illegal
Zimbabwe,ZWE,1993,Illegal
Zimbabwe,ZWE,1994,Illegal
Zimbabwe,ZWE,1995,Illegal
Zimbabwe,ZWE,1996,Illegal
Zimbabwe,ZWE,1997,Illegal
Zimbabwe,ZWE,1998,Illegal
Zimbabwe,ZWE,1999,Illegal
Zimbabwe,ZWE,2000,Illegal
Zimbabwe,ZWE,2001,Illegal
Zimbabwe,ZWE,2002,Illegal
Zimbabwe,ZWE,2003,Illegal
Zimbabwe,ZWE,2004,Illegal
Zimbabwe,ZWE,2005,Illegal
Zimbabwe,ZWE,2006,Illegal
Zimbabwe,ZWE,2007,Illegal
Zimbabwe,ZWE,2008,Illegal
Zimbabwe,ZWE,2009,Illegal
Zimbabwe,ZWE,2010,Illegal
Zimbabwe,ZWE,2011,Illegal
Zimbabwe,ZWE,2012,Illegal
Zimbabwe,ZWE,2013,Illegal
Zimbabwe,ZWE,2014,Illegal
Zimbabwe,ZWE,2015,Illegal
Zimbabwe,ZWE,2016,Illegal
Zimbabwe,ZWE,2017,Illegal
Zimbabwe,ZWE,2018,Illegal
Zimbabwe,ZWE,2019,Illegal
Zimbabwe,ZWE,2020,Illegal
Zimbabwe,ZWE,2021,Illegal
Zimbabwe,ZWE,2022,Illegal
Zimbabwe,ZWE,2023,Illegal
Zimbabwe,ZWE,2024,Illegal
Zimbabwe,ZWE,2025,Illegal