cell_ds,child_care_basic,child_care_teach,child_care_play,child_care_full,civic,eating,sleeping,personal_care,own_medical_care,other_care,esp,meals,housework,home_car_maintenance,home_other,home_production,home_core,obtaining_goods,nonmarket_work,work_travel,work_related,work_core,work_unemp,work,education,exercise_sports,tv,socializing,reading,ent_not_tv,hobbies,garden_pet,leisure_0,leisure_1,leisure_2,leisure_3,leisure_4,total_work,total_work_core,cell_weight,cell_weight_year,cells,age_range,ed_a,ed_b,ed_c,ed_d,educ,male,hv_child,dataset,size_cells
1.0,0.07022016003765649,0.0,0.0,0.07022016,3.829098636205671,6.116384896358113,57.2899644819192,8.90721745276556,0.05603661083736888,2.8614249500607367,72.31357,8.076353304207586,4.716198885356755,0.03133899711664557,2.9960606089861783,15.819952,12.792552,5.29922318405029,21.119175,2.233221164474865,4.105983114673453,31.49365756926866,0.0,37.832863,0.6291099431597001,0.0,4.895811268862238,18.404207888235806,4.672506519785194,0.4901053824365714,0.3871287802371155,0.0,29.288505942018748,29.288506,101.60207,101.672295,109.047966,58.952038,52.61283,0.01821346,0.009848496,1.0,20.0,0.0,0.0,0.0,1.0,4.0,0.0,0.0,1965.0,18
2.0,0.0,0.0,0.0,0.0,1.106660304430281,6.198412551736378,62.05519244212738,9.01844744571332,0.06678621648293212,0.9183422193359938,77.27205,6.38676696211232,3.7687721713324738,1.9766594047858335,0.27988029942835124,13.209466,10.1555395,7.836408216356197,21.045874,3.7185301063168863,2.645923611404545,28.17785365764562,0.0,34.54231,0.7417622681691018,0.40217785136183914,12.151444680797946,12.972380209395537,4.381046528110513,0.7960221768617105,0.9458806854002354,0.7973873871963976,33.10360271440195,33.103603,110.375656,110.375656,112.41182,55.58818,49.22373,0.01821346,0.012763744,1.0,20.0,0.0,0.0,0.0,1.0,4.0,0.0,0.0,1975.0,27
3.0,1.4827467205533995,0.14473651197148077,0.5859683942366127,2.2134516,1.7417126239941567,7.676156275334054,56.75018510070996,10.295684246176293,0.20542465613319033,0.007251744688048103,74.72202,4.973428428295882,3.469381031849326,0.45465712036135075,1.9422309974964678,11.076214,8.442809,6.968075769594593,18.04429,3.9322741755090167,1.2087113711531934,27.429777034250343,0.014648524636255758,32.58541,2.1342352670908773,3.727202221906722,10.072271385317045,11.230437552988422,4.2220652227617235,2.1459146952792216,0.4110991686687741,0.23651673176743584,36.58271369402798,36.582714,111.30474,113.51819,117.3703,50.6297,45.474068,0.01821346,0.02275542,1.0,20.0,0.0,0.0,0.0,1.0,4.0,0.0,0.0,1985.0,72
4.0,0.19540601400344143,0.0,0.003526727575861544,0.19893274,0.8043034751333626,6.3002434168451895,57.23257354038879,7.940451493464128,0.2663533621378496,0.21224938451804962,71.47327,1.8209258253210827,2.1151989923204506,0.27840885593098996,0.7523882119885629,5.8137016,3.9361248,4.934077795000164,10.74778,4.191147183021011,0.180978879115336,42.612481440229026,0.08953948240559495,47.074146,2.0044836537193227,2.9556471192122014,12.745583286518148,10.693044641382611,4.842712891973702,1.8457314827490263,0.7794646066057788,0.8467799337346047,36.065262182754495,36.06526,107.53853,107.737465,110.17807,57.821926,53.36026,0.01821346,0.025787769,1.0,20.0,0.0,0.0,0.0,1.0,4.0,0.0,0.0,1993.0,180
5.0,0.11653505919428718,0.018422898629887687,0.012427674576902727,0.14738563,1.304199273677418,9.929107224137555,60.54926852355714,6.03231742914666,0.3173448265377887,1.100472191318378,76.5107,3.2839810290934546,3.902122504769272,0.9336855936698665,1.0155228564695826,10.241418,7.1861033,6.036259129115259,16.277678,2.3982265024366356,0.2352100710922677,33.33542287835713,0.7976493555893142,36.76651,1.5276326532361337,3.4326522636698815,12.423385175532237,10.32009143299161,2.1370753335656625,2.136971175206619,0.039864931450222144,1.10610599650781,33.81571445599456,33.815716,110.32641,110.47379,114.95581,53.044186,49.6131,0.01821346,0.019911868,1.0,20.0,0.0,0.0,0.0,1.0,4.0,0.0,0.0,2003.0,228
6.0,0.0,0.0,0.0,0.0,0.37012582658160637,6.365135015801791,56.00131111773598,6.387280395726252,0.0,0.038231103183282385,68.75372,2.796735669065577,1.0374304717592826,0.5371498522511086,0.9211925122370888,5.7744336,3.834166,3.4036297721305173,9.178063,4.1321009528571695,4.69758440751749,44.652549188118776,0.0,53.482235,6.348636650051562,2.59526672575717,7.1186831770305705,10.05630399299426,5.585666608019733,3.6294754982411703,0.0,0.4819251401730679,30.31090626003699,30.310905,99.06464,99.06464,105.33971,62.660297,53.830612,0.016961155,0.00807306,2.0,20.0,0.0,0.0,0.0,1.0,4.0,1.0,0.0,1965.0,15
7.0,0.0,0.0,0.0,0.0,1.5482254960301516,6.257014732480762,56.72232719492263,6.7078134041312,0.06589662417959224,0.44404682351902774,69.68716,1.4961299105410586,0.6632787331976835,3.3601972995777007,0.5408323640652647,6.724698,2.1594086,5.0940059308586045,11.818704,3.2434691640812607,2.155631870767679,40.551628864337474,0.0,45.95073,3.2643113068835694,1.8953046669736153,15.871240687826544,10.02910141169015,3.7616847228992367,1.0348253668971874,1.2089447397104052,0.6642597567209471,35.885190160502475,35.88519,105.57234,105.57234,110.23057,57.769436,52.370335,0.016961155,0.015058919,2.0,20.0,0.0,0.0,0.0,1.0,4.0,1.0,0.0,1975.0,31
8.0,0.40053734012324704,0.0,0.04261219877348125,0.44314954,0.6040725143251187,7.046594127322538,56.28028102471774,10.150127338061104,0.05701512374154305,0.0726197123076682,73.477005,1.7316364489592515,2.3457664023055265,1.4294088259832949,1.2959341730682494,7.198189,4.077403,5.1339087618799475,12.332098,3.0438905253115403,2.681789255189952,35.73207818239213,0.0,41.457756,1.1257329395605644,4.601378825385384,10.122290366665705,9.113863699792711,5.271872477224744,2.483989973543357,0.5446848172135706,0.3954431694692154,38.825994835739024,38.825996,112.30299,112.74615,114.210144,53.789856,48.064175,0.016961155,0.017539207,2.0,20.0,0.0,0.0,0.0,1.0,4.0,1.0,0.0,1985.0,56
9.0,0.030807058939318913,0.0,0.09859434713859608,0.1294014,1.087031590428038,7.470097238551487,56.75642877314614,6.818095779254208,0.0,0.45028437249716247,71.044624,1.4071646186284126,1.1809468518583135,1.4015640977639439,0.4951129841474667,4.66117,2.5881114,3.5599697486921786,8.22114,4.411646628968213,0.575300672714477,40.72747434998221,0.0,45.71442,2.7456169833100263,4.880537590407382,13.119387552478619,10.361493875189643,3.5125046116626932,2.8785297970446444,0.7142782356949181,0.1763814405083356,38.783863829599284,38.783863,109.82848,109.957886,114.06444,53.935562,48.948612,0.016961155,0.02646403,2.0,20.0,0.0,0.0,0.0,1.0,4.0,1.0,0.0,1993.0,183
10.0,0.04117451132913339,0.0,0.20650063543302294,0.24767514,1.304053997607137,9.609365673321323,56.44876681684213,4.479361221287074,0.35148673318816676,2.838167639714855,70.53749,1.1094493260288993,2.312734879760071,2.8101497113555434,0.7494976464560199,8.226246,3.4221842,3.733259360088347,11.959505,4.237623065197058,0.3534504145101217,42.84021069057673,0.24537428448422094,47.67666,2.1161629765217262,2.5640405002446434,13.96544644743872,7.870051435338855,1.2500690814471551,2.346087396747799,0.7751719165052304,1.2444141892035008,31.7057280896581,31.705729,102.243225,102.4909,108.36384,59.63616,54.799717,0.016961155,0.017670559,2.0,20.0,0.0,0.0,0.0,1.0,4.0,1.0,0.0,2003.0,148
11.0,14.373528572620783,1.0479146914923403,2.254219723219472,17.675663,2.4913469038631444,9.089896786158915,53.82145788814606,11.484355785156954,0.0,0.3874399059635889,74.39571,8.337351262971662,9.363206401281037,0.06433416267288138,1.27300653600501,19.037899,17.700558,10.172255050148081,29.210154,1.1201319375424912,1.9307424043122234,15.557004784318128,0.0,18.60788,4.304250715961816,0.0,4.677222828153855,5.377914113820139,4.307434378988645,1.7298149021798384,4.21233310971715,0.0,20.92755574808176,20.927555,95.323265,112.99893,120.18197,47.81803,44.76716,0.007841547,0.004797482,3.0,20.0,0.0,0.0,0.0,1.0,4.0,0.0,1.0,1965.0,9
12.0,12.569043238041727,0.6625335065173039,2.3856079152652416,15.617185,2.9915238308347023,8.79043352822778,58.277046130673135,6.0237313595386786,0.11665160707421084,0.35103325705179916,73.09121,11.894637122546587,10.436400718768185,2.789035102355413,0.749242219456187,26.048054,22.331038,6.907175752508061,32.95523,0.9312486539489826,0.43193974479586045,14.860431607535434,0.0,16.22362,0.0,0.639257553787692,9.655837560817535,9.505909702001432,2.8562680465749546,0.0,1.4201732151034114,0.17873770313599674,26.832284558038854,26.832285,99.92349,115.54068,118.82115,49.17885,47.81566,0.007841547,0.01190545,3.0,20.0,0.0,0.0,0.0,1.0,4.0,0.0,1.0,1975.0,26
13.0,14.96665491916798,0.8549350153576948,0.906945210233443,16.728535,2.577574666717913,6.6607322479023985,54.19440686377409,14.973475943697505,2.9527289847386573,0.11225512001546455,75.82861,7.665930228903555,7.948896819538716,0.1395361742529083,1.1140665026467156,17.219553,15.614827,7.120006864732246,24.33956,1.2324763434189527,0.606478614250482,12.490180316334728,0.0,14.329136,5.310581470940731,2.3395305014558065,6.08536003553112,11.683971706667528,1.4599781119958264,0.0,0.0,0.35112299044995643,26.172137210463713,26.172136,102.000755,118.72929,129.3313,38.668694,36.82974,0.007841547,0.005430013,3.0,20.0,0.0,0.0,0.0,1.0,4.0,0.0,1.0,1985.0,17
14.0,5.897983900316638,0.24437023899077065,1.4579423182528661,7.6002965,1.4944356455307632,8.048648391595757,57.98553204111789,8.848092826034096,0.02769871613078947,0.7819523759995917,74.88227,6.591859347089417,4.553911845835722,0.5043710315178983,0.3116642596407973,11.961806,11.145771,6.061894595785881,18.0237,2.4014297626131578,0.0,18.946939072261518,0.27141038891166924,21.61978,0.2629945206514492,1.5390647914606173,15.884991768351284,15.712639162135337,1.0971145353235994,4.1717758149915145,2.386211464871814,0.0,43.306868860629486,43.30687,118.18914,125.78944,128.35652,39.64348,36.970642,0.007841547,0.01030075,3.0,20.0,0.0,0.0,0.0,1.0,4.0,0.0,1.0,1993.0,30
15.0,13.037721104080802,1.0491544383852285,3.6758635375814794,17.76274,2.1240692205598126,9.842873345514638,60.34401397949992,5.744056453475708,0.6732819623438048,1.356529447210177,75.93095,4.745519754768316,6.756832524860016,0.07382898273991484,1.9792672673924003,13.889851,11.502353,6.387089513622391,20.27694,1.3832460394221826,0.03282257467005519,21.008859909272083,0.19324854709528072,22.618177,1.6324854078702395,1.9049021935624615,11.127867668064123,8.200452173972064,1.301374092312654,0.6554001951900411,0.12896937044093426,0.3344020291344642,24.845806121161406,24.845806,100.77675,118.53949,125.10488,42.89512,41.2858,0.007841547,0.0067740413,3.0,20.0,0.0,0.0,0.0,1.0,4.0,0.0,1.0,2003.0,109
16.0,4.19640447695321,0.2877923530159207,1.8865704555952845,6.370767,4.73059535370726,8.808371368027888,54.2368626098587,6.365297227201874,0.0,0.0,69.41053,1.1276713983137538,1.3419491404077062,0.0,0.0,2.4696205,2.4696205,2.8578713520415304,5.3274918,4.733113264495594,4.294439212877708,39.289437338678674,0.0,48.31699,4.9994895767108956,0.8633770590477622,5.1869611167467,16.88233563028245,4.7678657493926915,1.1435960393229565,0.0,0.0,28.844135791869412,28.844135,98.25467,104.625435,114.35552,53.64448,44.61693,0.005114204,0.0057528596,4.0,20.0,0.0,0.0,0.0,1.0,4.0,1.0,1.0,1965.0,11
17.0,1.2436838145693945,0.0,1.5071495441685323,2.7508333,0.7980278152849501,9.882938328260238,59.32680318582329,5.8161476727597705,0.0,0.0,75.02589,1.941313417483897,0.5721027543110139,5.206570365111233,1.2504157717632873,9.351805,2.5134163,4.335699005624954,13.687503,5.872732382197351,2.983319345502909,42.32480895196928,0.0,51.180862,2.5744623943995624,1.278935334271516,10.006171240341658,5.996438419596248,3.261886945002747,0.04767522790210918,1.1442055086220277,0.38140184757400303,22.363825194192877,22.363825,97.38972,100.14055,103.13164,64.86836,56.01231,0.005114204,0.006098204,4.0,20.0,0.0,0.0,0.0,1.0,4.0,1.0,1.0,1975.0,13
18.0,0.0,0.32827971655450167,0.7967112514854495,1.1249909,0.22349286463326873,7.074460416208088,61.05259820223324,8.227528886128258,0.0,0.48585405527734143,76.35459,0.5114252528115288,0.16413985827725083,0.32827971655450167,7.063704398859828,8.833535,0.6755651,8.730628490402752,17.564163,2.946488465406478,2.144344177406118,26.436755857162858,0.0,31.527588,1.722886594069682,6.775450764121968,21.2824628287928,5.9121833313375785,2.2489818392273135,0.0,0.16413985827725083,0.7659860351102119,39.762421263796305,39.76242,116.11701,117.242,118.90825,49.09175,44.00092,0.005114204,0.0034303856,4.0,20.0,0.0,0.0,0.0,1.0,4.0,1.0,1.0,1985.0,11
19.0,1.5596426445924871,0.0,1.8734384721936976,3.4330812,1.03396492887756,7.643846907514444,53.975868173103095,7.0457298295765804,0.0,0.0,68.66544,1.004447998964752,0.5477916982393616,8.343076461911492,0.04932429904800944,10.366259,1.5522397,3.1728997879489556,13.539159,4.53434086057145,0.0,39.327932361661816,0.0,43.862274,0.5522023175777839,3.7740557507714243,15.901376234911085,14.49490060793807,0.9238245053784759,0.5043121567085088,0.0,0.42161843388143544,37.33549345648602,37.335495,106.00094,109.43402,110.59857,57.401432,52.867092,0.005114204,0.007429883,4.0,20.0,0.0,0.0,0.0,1.0,4.0,1.0,1.0,1993.0,21
20.0,4.608081082513946,0.2848926671277093,2.630226947429653,7.5232005,3.6727030277363215,8.070557304395036,57.40991002063822,4.184313313769399,0.6015270797518272,0.38305503968557175,69.66478,2.8507556706770836,1.0807314584824108,1.9481549334762582,1.0020121027159354,9.3263445,3.931487,4.61543678905525,13.941781,6.022433026110899,0.23203564307454047,38.04198080364982,0.0,44.296448,0.0,1.7278827584251981,12.455877999904708,7.100261518143032,1.3293661211690424,3.811423024705256,0.0,2.4446898994780972,30.192988674874776,30.19299,99.857765,107.38097,109.76177,58.23823,51.98376,0.005114204,0.002859687,4.0,20.0,0.0,0.0,0.0,1.0,4.0,1.0,1.0,2003.0,48
21.0,0.642758313253044,0.15433462160038613,0.10853859444823245,0.90563154,0.6890625468810738,5.995484344568467,56.81410907835979,10.50318617355148,0.0,0.10288974422918683,73.31278,5.146611662538721,5.788442247365075,0.20577948845837365,1.3432155672513215,13.66748,10.935054,6.089306077081029,19.756786,4.466609515736867,1.2149119174080658,26.064306741213844,0.0,31.745829,14.717231222587383,1.4729883903430776,8.435253590924138,11.720888734555954,4.292122406127452,0.642758313253044,0.0,1.1834310724196844,27.95322232745184,27.953222,101.266,102.17163,116.49738,51.502613,45.821095,0.014287817,0.0060217725,5.0,20.0,0.0,0.0,1.0,0.0,3.0,0.0,0.0,1965.0,11
22.0,1.6984729089606976,0.0,0.0,1.6984729,3.5159026834349367,6.573843066255303,64.75249440791568,11.195788754936066,0.013376563330242645,1.9457568518117994,82.522125,4.880082264919587,6.978808906207153,0.0,0.7430417677043423,12.74404,11.8588915,6.205596178109421,18.949636,2.2174924609636495,2.7836066186637867,22.73666349862008,1.7164568954091401,29.45422,1.2640851855882282,2.0400463902478037,9.886014129298221,9.213471057062879,2.267433893643777,0.31851747174006434,2.5516983841220857,0.14210664196458714,28.778531074198177,28.77853,111.30066,112.99913,119.596146,48.403854,41.6863,0.014287817,0.009952125,5.0,20.0,0.0,0.0,1.0,0.0,3.0,0.0,0.0,1975.0,20
23.0,1.614306177565429,0.0,0.5831590566348489,2.1974652,1.6221337896130865,6.095073103473642,59.07329526951864,10.855493897980084,0.739513783484414,0.8420781395593605,76.023865,4.813137881133855,3.6407599640021258,0.1479948322658139,1.0329893460545858,9.790512,8.453897,6.185061669773541,15.975574,3.9894316138878936,1.5599167704987986,30.354833702679322,0.04268186350174112,35.946865,0.634306711418497,3.6615359733868083,9.891071319908498,10.246642896732565,2.8413182133893966,1.0577868989465156,1.4275924995095304,0.15563029631925368,34.17383248236722,34.173832,110.19769,112.39516,116.07756,51.92244,46.330406,0.014287817,0.015619437,5.0,20.0,0.0,0.0,1.0,0.0,3.0,0.0,0.0,1985.0,50
24.0,1.8656923954758384,0.13071311293873927,0.4367168608774272,2.4331224,1.2627606428382374,7.952136100488061,58.25415006086306,10.539101468647333,0.24554712010891927,0.33170586057468854,76.745384,2.66491675959483,4.003504081125587,0.30875966588303366,0.4294679857115306,7.5986857,6.668421,5.7605973379615785,13.359283,3.226998400472399,0.08798244717005282,32.548816030727636,0.061784678878794255,35.925583,5.570710579568471,2.447978324663272,14.062634731748426,10.064373526342438,2.0404204173279332,1.556948766869888,0.29500292619825463,0.1920372752736025,32.31793847345514,32.31794,109.063324,111.496445,118.71513,49.284866,45.9081,0.014287817,0.019793237,5.0,20.0,0.0,0.0,1.0,0.0,3.0,0.0,0.0,1993.0,130
25.0,0.5153047279432352,0.07477225501225918,0.33917148003938835,0.92924845,1.159441902078902,8.085736556050657,63.00836552549626,6.653299779087306,0.3190334252458428,1.7119619483427597,77.7474,1.9821235309196148,2.3950457320885072,0.5802525174184686,1.4295846504780274,7.525108,4.377169,5.334155125743429,12.859263,2.5264010860710426,0.04179418348971076,27.526991412069986,0.3879951770668794,30.483181,8.487161583673718,3.7000872468637165,12.229979080792885,9.642977951967847,1.958502321692024,2.2808166684923115,0.02493949350454556,1.1381015627444535,33.35015242871104,33.35015,111.09756,112.0268,124.657555,43.342445,40.386253,0.014287817,0.020052517,5.0,20.0,0.0,0.0,1.0,0.0,3.0,0.0,0.0,2003.0,170
26.0,0.0,0.0,0.0,0.0,0.8154585866382541,7.685038023323555,51.492101770857836,7.454038963075628,0.7735647036613956,0.40351032925575847,66.63118,1.2892078607726252,0.5498827694987874,0.37562198784247386,0.7758959714826319,3.2703903,1.8390906,3.6583914117522336,6.9287815,3.825507554409867,5.153603848497621,52.65524353074057,0.0,61.634354,7.516982738575094,1.8660298396822415,10.190184115123747,8.743241326096731,1.2216556371184915,0.5055202795026791,0.0,0.2797816191060522,23.575950042102807,23.57595,90.20713,90.20713,99.43686,68.56314,59.584026,0.016304836,0.0106799295,6.0,20.0,0.0,0.0,1.0,0.0,3.0,1.0,0.0,1965.0,20
27.0,0.0,0.0,0.0,0.0,0.42355187418539053,7.492569936351735,54.886058291971274,15.885651734099437,0.0,0.828688459310533,78.26428,0.8754937099048636,0.0,1.6331562120549985,0.7657788126358371,4.4950666,0.8754937,3.731484341673527,8.226551,4.319686277786267,1.5875354878690668,37.574532955118286,0.4546811608329799,43.936436,2.027374318827195,4.99512779544655,8.4933957432395,16.355724342660633,2.002635770190054,0.7614383196712701,0.0,1.220637865918407,35.51375596760654,35.513756,113.77804,113.77804,115.83701,52.162987,45.801083,0.016304836,0.013621824,6.0,20.0,0.0,0.0,1.0,0.0,3.0,1.0,0.0,1975.0,23
28.0,0.12303426138506815,0.0,0.0,0.12303426,0.6268453685599924,7.020605308176062,56.99689327028722,8.396116597217146,0.0027340947090862978,0.9617064471412052,72.41361,1.9269836038686445,0.5276636354010992,3.700996180814788,0.6469889855579488,7.037235,2.4546473,4.342375464706956,11.37961,4.583537610221782,1.9434717090193239,39.432113722745655,0.0,45.95912,2.056850568531213,4.34916708081979,13.539096275166568,6.4424054086252776,1.17551688669053,0.7513807914548779,0.0,0.2346022770933032,34.711083285447515,34.711082,107.124695,107.247734,110.66127,57.338734,50.811726,0.016304836,0.012833395,6.0,20.0,0.0,0.0,1.0,0.0,3.0,1.0,0.0,1985.0,41
29.0,0.2571612537820852,0.0,0.0,0.25716126,1.3902075550260151,6.845232703403033,58.571149357255045,6.468483877475791,0.0,0.4138321300800748,71.884865,1.3746059367311823,1.5023734860802977,1.7592602160512885,0.7569907093384272,5.8506274,2.8769794,2.466824060670654,8.3174515,3.773517934764913,0.27286479626048354,38.401252444583925,0.154186208370202,42.60182,5.713142573957416,3.9225422877290614,15.161911722660829,8.397689766687202,1.9418245243411658,2.148804409314849,0.4710701786306445,0.45739685946015485,37.878914807163056,37.878914,109.76378,110.02094,117.08073,50.919273,46.718704,0.016304836,0.022872819,6.0,20.0,0.0,0.0,1.0,0.0,3.0,1.0,0.0,1993.0,153
30.0,0.36132601223526306,0.014391850174011678,0.0905882837960467,0.46630615,1.0636947136730948,9.060211168546605,57.464792175852835,4.535718233426069,0.14919586669170581,1.3822127215505202,71.06072,1.1668429504262874,1.3036726764620927,1.1641853667656328,0.9601268355103145,5.450705,2.4705157,4.623482063354297,10.074187,3.220036791494076,0.5463850254938334,35.06380219031252,0.4585600815827598,39.288784,6.988107681194001,4.000913085559581,15.39960254092397,8.783343041489001,0.885746752123172,4.083239230948603,0.013596051651907602,0.8558774617360819,36.42443191022718,36.42443,107.48515,107.95146,118.63703,49.362972,45.13799,0.016304836,0.021516211,6.0,20.0,0.0,0.0,1.0,0.0,3.0,1.0,0.0,2003.0,178
31.0,9.546200818643227,0.712899365176226,1.2826184422601632,11.5417185,3.78188304875734,7.245691315930696,56.029061366864894,8.3688913098919,0.08117025255944418,0.8377224846947537,71.64365,15.424710565704865,15.57587867364138,0.44223798842543804,1.6284159573193833,33.662567,31.00059,9.607235517053716,43.269802,0.22411344565174748,0.1521942229009948,3.121502499908957,0.0,3.4978101,0.0,0.0,8.477125106520644,16.4408808113475,5.267144069135974,2.0799277214826035,0.5050890489258216,0.5913224568060125,33.93757301129626,33.937572,105.581215,117.12293,121.23239,46.767612,46.391304,0.012902268,0.0136318505,7.0,20.0,0.0,0.0,1.0,0.0,3.0,0.0,1.0,1965.0,25
32.0,7.852836368220503,0.0,1.3200392933991885,9.172875,2.098837288204648,7.697746103483739,56.54173587370328,6.735772911432344,0.19480372915266056,1.4563201249960043,70.97526,10.079241260950218,9.222112863497419,0.5930957034975989,0.43056782765308693,20.600407,19.301353,7.742087336700594,28.342495,1.5664329863284185,1.1817887801480313,14.507301028551293,0.0,17.255524,2.260458343340268,2.33731495436182,13.040373500458163,11.425766405199788,3.864726487691417,1.0953168165567426,3.138521664590371,0.27538937009206044,36.51882227555239,36.51882,107.49408,116.666954,122.401985,45.59802,42.849796,0.012902268,0.013085432,7.0,20.0,0.0,0.0,1.0,0.0,3.0,0.0,1.0,1975.0,27
33.0,10.74878223041529,0.3202648394232771,1.9848946012987587,13.053942,0.682235194151649,6.741281669782101,59.72061626835575,9.268979296226576,1.2946744080930082,0.2644895266203571,75.73088,7.381115009256732,8.787752766931993,0.2176642261603817,1.3307211699594492,17.988924,16.168867,8.716628786254853,26.705553,0.8842547107419112,0.6031169578228815,16.290949015038443,0.0,17.77832,0.13224476331017854,2.841549520611758,10.504353543003125,11.447107904168181,1.0527657491214628,0.4115476195028878,1.3263846696009645,0.2716713194366744,32.629334852454434,32.629333,108.360214,121.414154,123.51613,44.483875,42.996502,0.012902268,0.008515468,7.0,20.0,0.0,0.0,1.0,0.0,3.0,0.0,1.0,1985.0,27
34.0,9.290861527696483,0.34377753866313276,3.3329746776688074,12.967614,3.0821802029326775,7.5852191893983605,60.475268102392384,7.565638290538618,0.3850267388097697,0.8202912018922768,75.62613,4.954913870249247,6.70986605616671,0.6041344245973371,1.5564492580791518,14.191927,11.66478,7.489534398960591,21.681461,2.094603821280873,0.09562337588210904,21.130813901082323,0.0,23.321041,1.078387264101856,0.9701259971204179,14.179719303674746,10.149384781857256,2.155956251901758,0.2649278786795688,0.0,0.36656366021144,29.404436157679847,29.404436,105.03056,117.99818,122.9975,45.002502,42.812275,0.012902268,0.0114323795,7.0,20.0,0.0,0.0,1.0,0.0,3.0,0.0,1.0,1993.0,37
35.0,10.025920394216897,1.0564954449408464,3.0087308717392225,14.091146,1.3050046760098863,7.7147898959132295,61.71779930752843,5.6513392781121174,0.8619983804388512,1.6945222020519248,75.08393,4.803445439657972,5.518205590513394,0.45631728322634285,1.0322840726331284,12.506399,10.321651,6.223608038399954,18.730007,1.4265776591762949,0.25716381259177784,21.314623607056276,0.07069448508301872,23.06906,3.0657349472672912,1.5290332616659097,13.258263652099709,9.264530569902437,1.879475251908692,1.1468680827658784,0.22371195137592184,0.6961467636334786,29.420129752869883,29.42013,104.50406,118.59521,126.200935,41.79907,40.044632,0.012902268,0.01784621,7.0,20.0,0.0,0.0,1.0,0.0,3.0,0.0,1.0,2003.0,275
36.0,1.9930354294568497,0.0,1.199407030905154,3.1924424,2.3809458106911943,6.859736973268821,50.087727771292286,6.249836036468024,0.37802379491637217,1.2068457103757397,63.1973,1.132121827177482,0.3856374812315647,0.46329106267467896,0.8977069508189651,2.9430304,1.5177593,4.409397173206095,7.3524275,5.562123144884574,5.529513271086756,47.9628688482692,0.0,59.054504,5.5072697686699525,4.762714356898598,9.339017884215854,7.500637436662841,1.9593596590636193,0.264976435201143,0.6709775818627227,0.06427291353859411,25.79451197843995,25.794512,88.99181,92.18426,101.59307,66.40693,55.315296,0.009809271,0.012879679,8.0,20.0,0.0,0.0,1.0,0.0,3.0,1.0,1.0,1965.0,24
37.0,1.876657719462477,0.0,0.34488971644362887,2.2215474,0.5877351444846478,6.859746712424267,56.89246068943364,6.491585991202965,0.3104979176683998,0.4159606279401381,70.24379,0.8272402614803428,0.48506772506043594,4.045124234459819,0.06467569557330424,5.4221077,1.312308,5.108982759176266,10.531091,2.732601973463424,2.5120082356281275,29.73793937202056,0.0,34.982548,0.515499580682824,2.0288946485072974,27.06772061319431,14.128467227526688,3.1219131167967404,0.6467569667472479,0.7276015875906539,0.0,48.19132477374145,48.191326,118.43512,120.65667,122.48636,45.51364,40.26903,0.009809271,0.009308596,8.0,20.0,0.0,0.0,1.0,0.0,3.0,1.0,1.0,1975.0,18
38.0,1.9061389810019613,0.22583368263391865,2.0256986467033293,4.1576715,0.9194699347804653,6.31205009809943,54.98767286173124,9.705349585055492,0.1873409766650178,0.0,71.00507,1.066917498586722,1.8988037166948222,0.8091981176282722,1.0355470103967024,5.232191,2.9657211,5.183776526692832,10.415968,4.567949997843051,1.2131397646194184,41.505147703866776,0.0,47.286236,0.0,4.898845892682921,12.554244291123165,10.678525438965467,0.9778892975814837,0.4416022935361121,0.26357806912779436,0.4217248847495149,34.44996473396384,34.449966,105.45504,109.61271,110.2978,57.702206,51.921116,0.009809271,0.0066420566,8.0,20.0,0.0,0.0,1.0,0.0,3.0,1.0,1.0,1985.0,21
39.0,1.2673262773007106,0.15814312732814773,2.7746286957332553,4.200098,0.0,7.139185426297365,58.517960254024636,8.476718908914142,0.9405286506835276,0.0,74.133865,1.2884687384835465,3.4132432856996697,0.4871602732929739,2.345487479680884,8.030004,4.701712,4.278614466800945,12.308619,2.2775153172479286,0.0,34.8378598329075,0.0,37.115376,6.783685133923032,1.578274601635274,19.051928725921872,4.988709711190182,1.620111351124134,2.4819554714132743,0.406879178436509,0.4956439705615756,33.013474548699854,33.013474,107.14734,111.347435,118.576004,49.423992,47.146477,0.009809271,0.010550947,8.0,20.0,0.0,0.0,1.0,0.0,3.0,1.0,1.0,1993.0,24
40.0,4.648045576920205,0.7288115322085402,2.62203346409597,7.9988904,1.388861033996519,8.37331921971691,57.767385380237364,3.9474436739478227,1.1759481561088234,1.9577864114048706,70.08815,2.5131803749004273,1.7097475115572496,2.0263364109657767,1.7780756988870121,9.10085,4.222928,3.5614765622059275,12.662327,2.58928641177993,0.45887063944194584,27.959783363340787,1.6782318009530897,32.686172,4.077138064484354,3.144616196585411,15.330910771141241,7.965476674944435,3.670058051752312,2.7277348296417525,0.27600296978450295,1.0735105476847937,36.3162496085705,36.31625,106.404396,114.40329,122.6515,45.3485,40.62211,0.009809271,0.009665079,8.0,20.0,0.0,0.0,1.0,0.0,3.0,1.0,1.0,2003.0,112
41.0,0.6135793914033268,0.0,0.0,0.6135794,3.6540167548128064,5.128517698888673,53.485554254727,10.674971825721425,0.0,0.15846441034985276,69.28904,5.624093117321234,6.604284578291005,0.024265851967615465,0.31756095005339185,12.871456,12.228377,5.133558423410152,18.005014,3.441665074578127,5.683738826454426,37.73235521561089,0.0,46.857758,0.8493048418901912,0.8425371857648354,7.777591684981333,14.739227700185948,3.33969980199013,0.9957181944234876,0.31239211025197233,0.30125163241426456,28.874069154947286,28.87407,98.16312,98.776695,103.13723,64.86277,55.73737,0.021119406,0.01787306,9.0,20.0,0.0,1.0,0.0,0.0,2.0,0.0,0.0,1965.0,33
42.0,0.7545475171709408,0.0,0.0,0.75454754,0.9437550749676475,5.7202277254548,61.21826223953245,7.368454237272182,0.6875742856705286,0.44913179087010485,74.306946,5.6382151350582275,4.586298378122014,0.8377135534669236,0.12118603299114537,11.684987,10.224513,6.1427448081663325,17.827732,2.5781225643626446,2.9592354433998342,32.752186235842345,0.0,38.289543,0.054704690726789636,0.9841446641810805,16.570809815284004,8.864910882612202,3.4657964758679474,3.320518644004228,0.552100165902871,0.5015740832074986,35.18764072826255,35.18764,109.49458,110.24913,111.88272,56.117275,50.579918,0.021119406,0.01887754,9.0,20.0,0.0,1.0,0.0,0.0,2.0,0.0,0.0,1975.0,38
43.0,1.463541780358402,0.08316951931426281,0.22980608249282622,1.7765174,1.7073012865848132,6.866035277612573,59.882301256194175,10.991753359280922,0.13502314021422826,0.462195167186034,77.74009,5.4059116840566555,5.326557275939111,0.8274632597437411,1.0810903648070873,13.388219,10.732469,5.6583734559487775,19.046593,2.4248140004741248,1.6242691978164765,24.317929694777096,0.29242389027997084,28.659437,0.4747964359149447,1.6624639401282553,15.218458150658144,11.726542448506947,1.8819506611492576,1.8214256160145714,0.7341243965441261,0.7471958354722394,38.7452438719204,38.745243,116.48534,118.26185,120.29397,47.706028,43.36452,0.021119406,0.039615285,9.0,20.0,0.0,1.0,0.0,0.0,2.0,0.0,0.0,1985.0,125
44.0,3.0367512047816194,0.0670826700093152,0.7043938445144364,3.8082278,1.5772252830367566,5.413002543903648,60.97585075801091,8.457675773981196,0.10666222473947587,1.079168881712988,74.84653,4.24090190089239,5.553830472053166,0.4502501406064984,1.8640026938491896,12.704985,9.794732,4.945625762800247,17.65061,2.4940784074474966,0.06267926698004356,25.192393512279256,0.019123357281169165,27.768274,0.6037274157503718,1.8417940146407696,24.31471684578569,9.184376833958828,1.0580198319838483,0.9439018467369119,0.9636141358195472,0.5959989605002152,41.155574079932,41.155575,116.002106,119.81033,122.581116,45.418884,42.843002,0.021119406,0.021657083,9.0,20.0,0.0,1.0,0.0,0.0,2.0,0.0,0.0,1993.0,126
45.0,0.815846545958641,0.0,0.0,0.81584656,1.4825352230933786,6.1477685443468335,64.84885228840949,6.214097575819742,0.12584688381120035,1.3600774128295507,77.21072,2.6725106286810068,3.815407495258869,0.13948355217945255,0.8014032566002797,7.7485247,6.487918,5.154465817527992,12.90299,2.9923946873447296,0.12818311253798118,27.351709569762242,0.9837597958861402,31.456047,0.651408781852983,1.222950327658212,22.947526707829816,10.989982575126813,1.3466114856351432,1.7888274333796723,0.0,0.31971955306144056,41.75021715129613,41.750217,118.96094,119.77678,123.64096,44.35904,40.2547,0.021119406,0.007574062,9.0,20.0,0.0,1.0,0.0,0.0,2.0,0.0,0.0,2003.0,71
46.0,0.1434003954830401,0.057360155681347835,0.13748229457690342,0.33824283,1.1861724050231652,6.299598084036113,48.792327327670314,9.140236359129391,0.0,0.09303312663704892,64.23216,0.4590091801683181,0.2884027024373978,0.548316036285207,0.7090583284758017,2.186094,0.7474119,3.2024467533513605,5.3885407,4.37505733564729,8.457025938676708,48.63996689528072,0.0,61.47205,0.0,3.964871285664211,10.439157752064316,16.33431200484015,3.1753908718786463,0.40547284182896876,0.13748229457690342,0.18130766834289255,35.47110696591808,35.471107,99.70327,100.04151,101.13941,66.86059,54.028507,0.023816183,0.013469748,10.0,20.0,0.0,1.0,0.0,0.0,2.0,1.0,0.0,1965.0,25
47.0,0.0,0.0,0.0,0.0,1.3302863329039394,7.8918950587670755,56.87491056950456,8.322058889191814,0.0,2.764291640560326,73.08887,0.999150966161725,0.17047960522002184,2.7049399856615883,1.414773978821987,6.0701942,1.1696305,5.4451515970666655,11.515346,3.381743962701893,2.5683904309595733,33.91793659858657,0.0,39.868073,0.08159648169177201,3.0628640782842353,16.855159384106237,12.133054599235003,1.9736075168819083,2.594563098666214,1.292863363808001,0.7808498116284011,40.132394031442395,40.132393,113.22126,113.22126,116.616585,51.383415,45.43328,0.023816183,0.02093521,10.0,20.0,0.0,1.0,0.0,0.0,2.0,1.0,0.0,1975.0,38
48.0,0.9362014157384246,0.13966984289984072,0.4574596060255307,1.5333309,0.7975309461083361,6.713346754004526,56.78584488417027,9.019467276183665,0.045922022814386905,1.1706173202538184,72.51866,1.709392502090432,0.9096431960876659,2.46038390011882,0.6852568517179614,6.4787145,2.6190357,3.4272780905627616,9.9059925,3.7775142522543366,1.4014516604693579,37.39795435258396,0.32931467112180196,42.906235,0.5864837702272971,3.9079962315173913,15.70355891016218,12.206917561323761,1.5280614336108178,0.49023624740190896,0.7715576919420806,0.7140381603557728,39.249266653593935,39.249268,111.76793,113.301254,115.187775,52.81223,47.303947,0.023816183,0.038610008,10.0,20.0,0.0,1.0,0.0,0.0,2.0,1.0,0.0,1985.0,122
49.0,0.6170022673525979,0.0,0.3124090989138781,0.92941135,0.5791854069816099,7.465898981178,57.78862900204766,7.297752940806084,0.18806658634064163,1.1365517960613767,72.552284,1.4611643523228945,0.5192446199156724,2.632450486889574,0.6809498746127234,6.942316,1.980409,4.218890677239863,11.161207,3.2775691898125308,0.09664524023897643,34.23802502223272,0.04364759908802301,37.655888,0.9605979291291756,7.2083296519836875,18.557023925545472,11.007606284410437,0.7740756526244122,1.7382461780355885,0.5266415140776705,1.648506738267842,44.48531916514232,44.48532,117.0376,117.96701,119.18291,48.817093,45.39923,0.023816183,0.028250592,10.0,20.0,0.0,1.0,0.0,0.0,2.0,1.0,0.0,1993.0,170
50.0,0.04907035875389403,0.20732860501231323,0.15370817246575083,0.41010714,1.5408656523596447,7.95790543756505,58.55740501100417,4.077183855940318,0.02515668063669971,6.3460570019437235,70.59249,0.9807255492605992,1.5158392671753567,0.7108465033791459,0.22977525197419052,4.7140245,2.4965649,5.095838428691266,9.809863,2.6703068621343946,0.18498706000043827,35.75830482620225,0.33351833962544347,38.947117,0.9438554648843676,4.028863302290732,18.091658717405945,10.612767608865001,0.5593285931247248,3.011984251106338,0.04844824812026841,1.2768379096469478,39.939929506458654,39.93993,110.532425,110.94253,119.24302,48.75698,45.56817,0.023816183,0.017815359,10.0,20.0,0.0,1.0,0.0,0.0,2.0,1.0,0.0,2003.0,129
51.0,15.372206153652415,0.5372002955859173,1.0781417319445097,16.987549,1.0573710712901865,7.242682208163517,53.69264973298811,8.063261996022003,0.22858217111139595,0.9227345575668167,68.9986,13.197610015897524,15.543850275508838,0.31884269690772155,2.6101256212165778,31.778202,28.74146,5.635948926024165,37.41415,0.8396690909376435,1.0487086038448545,9.555453857624466,0.0,11.443831,0.0,0.522652495939255,10.095445673302399,14.162544078834047,3.4648584182375295,0.34811386612617246,1.553757365737792,0.10777429747718706,31.054961216702527,31.054962,100.05356,117.0411,119.14201,48.857983,46.969604,0.032395605,0.050003886,11.0,20.0,0.0,1.0,0.0,0.0,2.0,0.0,1.0,1965.0,93
52.0,7.695251310752227,1.031567137550649,1.325488275910878,10.052307,3.160349313836403,8.271427996256325,58.83545199140776,7.835353462479872,0.33318341763542014,0.8714757952760068,74.94223,12.451071578615032,9.69670987945342,1.5561376526830735,0.4197583078742028,24.518398,22.147781,4.648324281077888,29.166723,0.7064780909381146,0.7625611246209919,9.452013821260099,0.0,10.921053,0.0,2.2034206145040445,18.364233087921566,10.786087951983198,2.0389187692138098,0.7387877723445833,1.9972197974402839,0.39472186272260024,38.94739689670428,38.947395,113.88963,123.94194,127.912224,40.087776,38.618736,0.032395605,0.037482206,11.0,20.0,0.0,1.0,0.0,0.0,2.0,0.0,1.0,1975.0,76
53.0,12.434706222518704,0.5644800498358433,2.2510553049803717,15.250241,1.5883912749007285,6.285736596559968,57.43023799175293,8.260031380884362,0.259111761741785,0.616540126381367,71.976006,9.504038164179882,8.819407810804272,0.43158817666776217,0.8786874042679745,20.272926,18.323446,7.1198059896949895,27.392733,1.729725761952087,0.8448191612134318,16.343674955035286,0.06335001303020801,18.98157,0.2164458720993745,0.7048998350200817,16.886285392234125,9.304638850499122,1.9817217427560514,0.4046230004205058,0.7075902009733536,0.6392051320763145,32.35816604228641,32.358166,104.334175,119.58441,121.625694,46.374302,43.73641,0.032395605,0.03539309,11.0,20.0,0.0,1.0,0.0,0.0,2.0,0.0,1.0,1985.0,112
54.0,9.690848902975569,0.27045128166565024,1.7165099642006088,11.67781,0.8618096275211147,5.45861859836191,62.572417989909226,6.456391884957991,0.011764940581853664,0.6709788595013801,74.48743,6.919392449968689,9.048892720110048,0.9626128064708976,1.7860508962472348,18.758389,15.968286,8.74017553563113,27.498564,1.1747793904460853,0.24272525550689245,11.690877654853736,0.0,13.108382,1.3521045448687519,3.0396882816965634,19.238148089988286,10.793363844404157,0.5911812979373334,1.6063073962401577,0.6862410018605338,0.04143949794079866,38.37259673502314,38.372597,112.86002,124.537834,127.39305,40.606945,39.18944,0.032395605,0.021071492,11.0,20.0,0.0,1.0,0.0,0.0,2.0,0.0,1.0,1993.0,76
55.0,11.087558226678329,1.4765149532115684,3.810642296561635,16.374716,2.1436514380719704,6.513911133998713,64.1329949635138,4.533693783479055,0.24242446229326486,1.3563188924373546,75.1806,5.54835161810458,8.473281336121717,0.3439865931238996,0.8701483280883258,15.652691,14.021633,5.173795930602556,20.826487,1.3090256525200692,0.8709497972342034,17.357214337168738,0.06551244104005578,19.602703,0.4677922847052449,1.231101234428598,15.935480514037275,9.011146083572086,0.5820555883876588,1.311209371548871,0.127007946185009,0.41692324303527334,30.982961735665125,30.982962,106.16356,122.53828,127.57081,40.429188,38.1837,0.032395605,0.018027347,11.0,20.0,0.0,1.0,0.0,0.0,2.0,0.0,1.0,2003.0,269
56.0,1.5501387269641325,0.045981546063998936,0.7224920938292915,2.3186123,1.0486242863949755,8.106615433103755,55.50217196335565,7.8213427082326055,0.21483368856483476,0.4000197638671947,71.43013,0.599204168778666,0.7329927738515695,4.614879935836798,0.7213950170725923,6.7968163,1.332197,5.722729902212624,12.5195465,3.818725132587151,4.357635202408457,38.0179031553012,0.0,46.194263,0.442336371841853,1.2678836065687995,16.343395190325033,10.042557616403899,3.6987710846436452,0.5523721724587699,1.1439042960903134,0.1283446731634326,33.55997795978224,33.55998,104.99011,107.30872,109.286194,58.71381,50.53745,0.022733064,0.03368627,12.0,20.0,0.0,1.0,0.0,0.0,2.0,1.0,1.0,1965.0,62
57.0,1.725319436575422,0.0459764062670084,0.8053951765178609,2.576691,0.7770551560504289,8.397283832379115,53.21451842157863,6.369658562111155,0.4590831912017222,1.0954324805476037,67.98146,0.7288815212647247,1.61709595345217,3.643218391199984,0.43138887588194125,6.6360497,2.3459775,6.404817383970924,13.040867,3.437344523318321,2.1921317745097233,36.24867842537243,0.1301606227308727,42.008316,1.4836215302028886,2.5138731818583246,15.458672964142501,15.110863579510053,1.665645418899694,0.8718148472226328,0.2885398624501625,0.21546502854089408,38.79293871441121,38.79294,106.7744,109.35109,112.95082,55.049183,49.289547,0.022733064,0.028360482,12.0,20.0,0.0,1.0,0.0,0.0,2.0,1.0,1.0,1975.0,48
58.0,1.2384218978483206,0.007465290004228102,0.8899352414033601,2.1358225,2.303506309731446,8.589239088225003,54.17496813197257,8.638195673988276,0.4946631168189314,0.6678881149123466,71.402405,1.6785607849643527,1.5177405370301238,2.7168049176853497,0.9249207030920773,7.3579445,3.1963015,5.285331283508445,12.643275,3.951260072799133,1.8296601748223051,38.411510822308045,0.06749025049194811,44.259922,0.670293476935832,3.050701197965462,16.657054312788482,8.743326214587146,1.0072142793316532,0.5943560303357924,0.3148872447749736,0.5199173642714082,33.94214427444218,33.942142,105.34455,107.48037,111.0968,56.9032,51.054787,0.022733064,0.025028639,12.0,20.0,0.0,1.0,0.0,0.0,2.0,1.0,1.0,1985.0,79
59.0,0.9367459732068435,0.0,0.33683686630281134,1.2735828,1.9625258528768832,6.376007355287733,58.71479344257031,5.189349064676979,0.8327705891456528,1.402643922726983,70.28015,1.4385731653274976,0.0,1.8794119527294948,1.4248561328627427,5.910846,1.4385731,3.628665268976953,9.539512,3.2753386299151277,0.4323932671434908,38.96247714073882,0.0,42.670208,3.019695705097415,2.0920559694467196,20.860140752456473,8.452974185456688,0.03870273585031706,0.3260911274044863,2.1527326816979606,1.1680048412942294,38.186915428718514,38.186916,108.467064,109.74065,115.79028,52.20972,48.501987,0.022733064,0.014241637,12.0,20.0,0.0,1.0,0.0,0.0,2.0,1.0,1.0,1993.0,37
60.0,2.4148224027561884,0.3013213404124625,2.0807710765162235,4.796915,1.1086748285754566,6.577677659721702,59.271582559892735,4.659449386671683,0.12463509369359259,1.2491111110241673,70.50871,1.1721890567126636,0.7870920928291792,2.1303563418217686,0.6471868693923541,5.8867784,1.9592811,5.669037300056845,11.555816,2.9216848926929946,0.22351356433208308,31.908197100343425,0.12295724025455677,35.176353,0.29176383847280446,3.411154802924907,18.274405139946577,13.65619506084002,1.8104319106762266,1.4197742341399293,0.6744171785367291,1.149954132801492,43.063917014025776,43.063915,113.572624,118.369545,121.26783,46.73217,43.464012,0.022733064,0.012348301,12.0,20.0,0.0,1.0,0.0,0.0,2.0,1.0,1.0,2003.0,137
61.0,0.48113816011673144,0.0,0.0,0.48113817,2.0355875062002435,12.65777998591182,53.28575623117115,16.16094976061268,0.0,0.7201098513712647,82.104485,7.85849304123739,9.260985422149906,2.932834465317815,1.3901765695137211,21.44249,17.119478,8.866749716159534,30.30924,1.0678260647655584,2.1078601173560685,17.60932433901753,0.0,20.785011,0.0,0.5995927183574682,12.522845647763786,14.421378855462157,1.5559386951630445,1.60793543358906,0.0,0.0,31.56442845285042,31.564428,113.668915,114.150055,116.90575,51.09425,47.918564,0.0039571975,0.006112956,13.0,20.0,1.0,0.0,0.0,0.0,1.0,0.0,0.0,1965.0,11
62.0,0.5950515073238105,0.0,0.0,0.5950515,0.0,8.287993705450983,63.23551236809574,7.635001016219718,0.0,0.6220993332610096,79.15851,2.952913867314266,5.552003473374082,0.0,0.0,9.12934,8.504917,8.259972695048834,17.389313,0.9746954035447735,0.9746954035447735,12.06185602969094,0.0,14.011248,0.0,4.851722946276457,23.80751865232936,18.520978247289968,2.4976903702318327,3.122112962789791,0.0,0.6244225925579582,56.84820508967882,56.848206,136.00671,136.60176,136.59944,31.40056,29.451168,0.0039571975,0.0025976012,13.0,20.0,1.0,0.0,0.0,0.0,1.0,0.0,0.0,1975.0,5
63.0,5.868418955350059,2.7290237906172927,2.1003324648503394,10.697775,0.0,8.141342019989215,46.69660851463286,9.319627074918891,0.0,0.0,64.15758,13.179900669071703,17.29026567406894,0.0,0.15040915384747977,31.020542,30.470167,4.470060928152296,35.490604,1.7972470474248392,0.3561689092920981,9.340060539539694,2.1057281538647166,13.599205,0.0,3.565482498960006,15.406478574619726,10.02505114108634,3.7436208243113174,0.7786204347871223,8.509548700909495,0.39996698184852847,44.454806586118444,44.454807,108.61238,119.31016,118.910194,49.08981,44.83066,0.0039571975,0.0037435421,13.0,20.0,1.0,0.0,0.0,0.0,1.0,0.0,0.0,1985.0,12
64.0,3.52658112529315,0.0,0.0,3.526581,2.134236460732481,6.501694708750783,68.90613944909995,9.745007566813939,0.06848405239695689,0.24578729395689836,85.15284,3.9914393039329528,5.7524309648301495,0.3773133811433765,0.2771396537185948,12.92226,9.743871,3.3787288174864276,16.30099,2.284644234130137,0.0,16.722874122214428,0.5161036774733154,19.523623,0.0,2.813726937685024,15.683434020237572,14.730262277762483,0.4362028404687701,0.0,0.0798980642398536,2.523936785262549,43.57139476430406,43.571396,128.72424,132.25082,132.17538,35.82461,33.023865,0.0039571975,0.0034207865,13.0,20.0,1.0,0.0,0.0,0.0,1.0,0.0,0.0,1993.0,21
65.0,0.554495450773313,0.0,0.0,0.55449545,0.6615078473798662,3.808877066748315,68.0066985958921,6.029438417225041,0.0019153378214861595,0.92669042657648,77.84502,5.667650956232993,7.693308237285895,0.3239480817118071,2.4971154500675676,16.64232,13.360959,3.1933091535539306,19.83563,3.3757765114377865,0.8511490695221544,22.901400980401732,0.0,27.128326,2.687625746954948,1.6558105898885245,20.513989656976893,10.92043108789017,0.44261208129302343,1.5953475201874503,0.0,0.4602978579792592,38.48586341873778,38.485863,116.33088,116.88537,121.03604,46.963955,42.73703,0.0039571975,0.0039111013,13.0,20.0,1.0,0.0,0.0,0.0,1.0,0.0,0.0,2003.0,25
66.0,0.0,0.0,0.0,0.0,0.0,8.021337610985396,59.40254291453208,6.677551057866813,0.0,0.48991022713865984,74.10143,1.4079905117898763,0.0,2.1088500819443845,0.0,3.5168407,1.4079905,3.5765395303608014,7.09338,4.860035797554004,4.494153710953629,43.92630001593451,0.0,53.28049,0.0,0.7722436446748849,14.469919244782899,12.480638361620546,1.7895623865363643,3.0551564077679374,0.0,0.0,33.034788832393076,33.03479,107.13622,107.13622,107.62613,60.37387,51.01968,0.005897583,0.0063947067,14.0,20.0,1.0,0.0,0.0,0.0,1.0,1.0,0.0,1965.0,12
67.0,0.14144147533791182,0.0,0.0,0.14144148,0.0,10.058441901628054,55.528918999289914,8.526904148498753,0.5042032443193508,2.2568221311889682,74.114265,0.6104659313635881,0.2870079903696871,0.6697944735575514,0.0,1.5672684,0.89747393,3.712572751223539,5.279841,6.645683260853055,2.419140754016247,47.9835411566404,0.0,57.048367,0.0,0.34906377721244813,20.7177950583086,6.385750287745497,0.07073250419934085,1.1317200671894536,0.0,0.0,28.655062013314748,28.655062,102.769325,102.91077,105.67179,62.328205,53.263382,0.005897583,0.0076511805,14.0,20.0,1.0,0.0,0.0,0.0,1.0,1.0,0.0,1975.0,9
68.0,0.0,0.0,0.0,0.0,0.0,4.0524137408585394,55.48594630233188,9.365953272325505,0.0,0.0,68.90431,2.2532385716661407,1.424822528953829,1.2027333290137916,0.3223621764939956,5.2031565,3.6780612,3.0900388490555293,8.293196,5.89595773734645,2.3704166294294784,43.89041474711057,0.0,52.156788,0.0,1.1856481238129757,8.889439170583689,8.288404442630915,0.2820669250189787,3.687059471489877,0.0,0.0,38.645701885363444,38.645702,107.55002,107.55002,107.55002,60.449986,52.18361,0.005897583,0.0043446794,14.0,20.0,1.0,0.0,0.0,0.0,1.0,1.0,0.0,1985.0,14
69.0,1.3229190479218516,0.0,0.11503868258292925,1.4379578,0.0,3.9064320435661735,61.455755057431126,8.444658747192676,0.0,0.0,73.80685,0.7995850512818942,0.2300773651658585,2.1676736885486574,0.0,3.1973362,1.0296624,1.067049089146507,4.264385,4.272992092695225,1.6802742602752962,25.069129157902214,0.0,31.022396,0.0,2.2390806434386863,34.467034021470596,19.26486213229644,0.026776981124622127,0.0,0.23185332521187435,0.0,57.468415052536635,57.468414,131.27527,132.71323,132.71323,35.28678,29.333515,0.005897583,0.003396441,14.0,20.0,1.0,0.0,0.0,0.0,1.0,1.0,0.0,1993.0,22
70.0,0.05255649320621063,0.11483427410965714,0.07131812813126076,0.2387089,5.623888555013212,6.180372645774776,66.06692569470147,4.340098037227121,0.14749060560594007,2.8725476928162395,76.587395,1.1164328829789087,1.16546178923239,0.1542931378181359,0.3676372659897921,3.4142675,2.2818947,4.150256984550379,7.5645247,6.278171546050167,0.07602626341667278,29.244206577336165,1.959821387916124,37.558228,1.3516310762258847,1.99868793970574,15.822518271994577,12.55163266298516,1.1282046468759466,1.789698268371995,0.7279188842637684,0.6104424637560064,36.3599729312845,36.359974,112.947365,113.18608,122.87725,45.12275,36.80873,0.005897583,0.007700907,14.0,20.0,1.0,0.0,0.0,0.0,1.0,1.0,0.0,2003.0,55
71.0,10.190475469384474,0.5705201050590124,0.8402251668757199,11.601221,2.1181202031175945,7.696254804938394,54.59713980679419,9.623983799592022,0.08857605104643726,1.2095585023711177,71.91738,13.542499623188114,11.58410098919289,0.6510282653026411,1.4459896873331604,27.332844,25.1266,4.718497064268132,32.051342,0.8136460427194941,1.1115586062754852,11.672576037243646,0.0,13.59778,0.0,0.42542842330230357,14.158740563782837,17.224695970347394,1.7372301154822063,0.2511991937203219,0.9292933106340794,0.10922551697230043,35.52524968027016,35.52525,107.44263,119.043846,122.350876,45.64912,43.72392,0.016031379,0.02475819,15.0,20.0,1.0,0.0,0.0,0.0,1.0,0.0,1.0,1965.0,46
72.0,9.997225616785135,0.3315113729171625,1.8716211178919757,12.200358,3.0999259120289473,6.862435101890089,63.698350584810136,6.286449873039364,2.0811644016476003,0.8330040213333983,76.84724,10.535927255861774,9.89508317682325,0.689296211093824,0.42561163109574657,22.004293,20.431011,7.610653158814944,29.614946,0.8425036484659317,0.3871079442116412,6.082257275494739,0.431331943757764,7.743201,0.203872223096235,0.08078572245122281,16.559467812761902,13.321787819371187,0.3842306809978389,2.8587668604814587,0.73399425106547,0.45837435591810194,35.83466747187916,35.834667,112.6819,124.88226,130.64185,37.358147,35.697205,0.016031379,0.03436263,15.0,20.0,1.0,0.0,0.0,0.0,1.0,0.0,1.0,1975.0,39
73.0,8.384609128780706,0.6246153667884404,0.2462686017074658,9.255493,0.9447644246042973,4.633349467822524,64.60015709270748,7.459616855562832,0.030783575213433226,2.078824151890387,76.69312,9.602214561281345,5.702952228856137,0.0,0.25178007468976427,15.741649,15.305166,8.066887821235165,23.808537,0.8836180240306929,0.396818404974723,9.899250131096352,0.0,11.179687,0.0,0.24616410579694128,22.117036733954215,16.34150620005007,0.868881723660908,0.0,0.9324364180067972,0.1847014575714935,44.19349003663156,44.19349,120.88661,130.1421,133.01178,34.988224,33.707787,0.016031379,0.0063996958,15.0,20.0,1.0,0.0,0.0,0.0,1.0,0.0,1.0,1985.0,20
74.0,6.228417725152212,0.2290689466992777,1.972073718976352,8.429561,1.6330560794382192,8.121677692834789,61.973855422704126,5.783774754221266,0.770724393981934,0.3005150020360012,75.87931,8.385573486007075,6.712728538357221,0.21144825405971193,6.51230929699226,22.758644,15.098302,7.162514594981965,29.921158,1.3976181851946377,0.0,11.040880962767828,0.0,12.4384985,0.7728752752721089,4.113278186661521,25.249270396941426,4.431320211818394,1.045254342578089,0.06660749398206788,0.03538131957222063,0.9365843841247852,38.79088786200609,38.79089,114.6702,123.099754,125.64034,42.359657,40.96204,0.016031379,0.0055879573,15.0,20.0,1.0,0.0,0.0,0.0,1.0,0.0,1.0,1993.0,22
75.0,12.215741274897683,0.8477088337390967,1.5202221199523807,14.583673,0.9229833462062027,6.432979346091351,64.43590938254874,4.454141158781279,0.5923170079977018,0.7270565736407314,75.32303,7.672389648670253,8.595337069754518,0.4041563001074338,0.9826900911889472,18.051329,16.267727,4.478982828014781,22.530312,0.664927237785938,0.317750932505982,13.67410461426936,0.3013178925807897,14.9581,1.0831798572515983,1.0606537074047748,24.40168930846984,7.143804240380575,0.7110144038969226,0.722190989401734,0.10780188546537461,0.39675612559739665,36.75094436451433,36.750946,112.073975,126.657646,130.51158,37.48841,36.20442,0.016031379,0.009048426,15.0,20.0,1.0,0.0,0.0,0.0,1.0,0.0,1.0,2003.0,131
76.0,1.4976773716302967,0.08541879158133031,1.3019593109759993,2.8850555,0.5206803157093991,6.722894262918197,50.80503738528155,7.213400627809013,0.27334011630242044,0.0,64.74133,1.0243401100335658,0.0,2.2904322848369634,0.4359650142690568,3.9834173,1.0243402,4.187737671830608,8.171155,5.258815750828441,6.587847039664175,44.861007117565826,0.0,56.707672,0.0,2.763518353055198,18.262554294954978,11.200050661728959,1.4610040886647133,0.3388278995405651,0.0,0.23267981005760077,34.93344634768441,34.933445,99.67478,102.55984,103.12118,64.87882,53.03216,0.011249362,0.019129127,16.0,20.0,1.0,0.0,0.0,0.0,1.0,1.0,1.0,1965.0,35
77.0,3.693184772532756,0.12900877169709335,0.9228309876613425,4.7450247,0.6375543485019874,8.095898757066145,58.04104761771455,6.804282198664695,0.0,1.739913009323862,72.94123,0.8422519995778605,1.104216801810011,4.004212904218119,0.12270317438550615,6.073385,1.946469,3.903994850244085,9.97738,2.764651448357653,4.080792965902843,28.341762365718626,0.3298311444688541,35.517036,6.230068814535414,0.0,24.295402027392452,7.076205024479207,0.0,1.7715343227771927,1.7162699820755893,0.0,36.211792942938565,36.211792,109.15302,113.89805,122.505585,45.494415,38.31914,0.011249362,0.02198307,16.0,20.0,1.0,0.0,0.0,0.0,1.0,1.0,1.0,1975.0,24
78.0,1.1993576038918468,0.0,0.15842460742974532,1.3577822,1.20126756668751,5.140436381426875,51.74285760833208,6.48266947407159,0.0,0.8084657620315314,63.365963,2.7728398788741737,1.7792922689204402,10.986838090283976,1.8243237384770996,17.363295,4.552132,4.14998261895788,21.513277,4.706115423513656,1.5826244556549096,37.06805461196589,0.0,43.356796,0.0,5.029341946718999,19.351228629213548,6.6235829823983785,0.4132360702782233,2.2423979951252826,0.5766084445790713,0.0,36.39644967695906,36.39645,99.76241,101.12019,103.12993,64.87007,58.581333,0.011249362,0.0039060337,16.0,20.0,1.0,0.0,0.0,0.0,1.0,1.0,1.0,1985.0,12
79.0,3.8929042465480266,0.0,0.0,3.8929043,0.0,2.1883771108910537,55.40159505028053,4.739591997801799,0.4867988663466238,0.0,62.329563,0.0,3.126965433675639,0.6864070646635386,0.0,3.8133726,3.1269655,1.7547950541205861,5.5681677,6.906390023707492,0.0,50.76628271337703,0.0,57.672672,0.0,1.2314193320634952,27.922572855120585,5.58977628788806,0.0,0.8692371477097228,0.0,0.0,38.049893642043564,38.049892,100.379456,104.27236,104.75916,63.24084,56.33445,0.011249362,0.0030988446,16.0,20.0,1.0,0.0,0.0,0.0,1.0,1.0,1.0,1993.0,8
80.0,1.6555958848001988,0.46295754699100927,1.8153723252882934,3.9339259,0.3733191741809781,7.78717141318905,63.99956663043852,6.605436536827262,0.0,1.206004422723236,78.39217,2.384930137325648,1.6418115701642395,5.663455375740447,0.17774822250072453,10.571101,4.0267415,3.8538806224273543,14.424982,2.8503688548378117,0.016830045507313818,34.23510933533499,0.22948547020313423,37.331795,0.27325787982147076,3.0159203234691434,15.536778400348132,8.669413673465344,1.194568811955748,0.6758579583063319,0.0,0.703156335100968,31.93717096957668,31.937172,110.329346,114.263275,116.243225,51.756775,48.66009,0.011249362,0.008129732,16.0,20.0,1.0,0.0,0.0,0.0,1.0,1.0,1.0,2003.0,79
81.0,0.0,0.0,0.0,0.0,7.816066401074396,7.695797918253053,52.222008181029,10.268736376326476,0.0,0.0,70.18654,6.028209368826736,4.344479856370459,0.3005310146091138,0.511806644277045,11.185027,10.372689,4.010429480635785,15.1954565,2.3361551469691295,4.5998972807258,38.45328845707155,0.0,45.389343,0.0,0.0,3.4283945114002465,17.677000111034715,7.214386085832388,0.14236920932742264,0.6611682382816657,0.0,29.412593995056316,29.412594,99.59914,99.59914,107.41521,60.584797,53.648746,0.014569752,0.0036726748,17.0,30.0,0.0,0.0,0.0,1.0,4.0,0.0,0.0,1965.0,7
82.0,0.0,0.0,0.0,0.0,3.1021680982353304,9.37186652591815,53.58279393894192,7.615279470621041,0.0,0.0,70.56994,7.707432961548154,0.14876912433802028,0.0,0.5566017224997609,8.911166,7.856202,2.758912060698064,11.670078,5.535341561208565,2.235055291330535,40.34094575963898,0.0,48.111343,3.9064340267072644,0.48755461360070335,11.178994088498927,3.367929024306751,10.7223346444391,0.5850247854031038,0.0,0.4983619836974552,31.13840023662679,31.138401,101.708336,101.708336,108.21858,59.78142,52.011024,0.014569752,0.0028484808,17.0,30.0,0.0,0.0,0.0,1.0,4.0,0.0,0.0,1975.0,7
83.0,2.6828892882666913,0.4438881025375969,1.1342471436993984,4.2610245,1.0585274796565853,7.527496060133968,54.856048746070954,8.676020819426986,0.14441736267044686,0.6159216927011237,71.05956,5.324788920421707,3.979571361038632,1.06911807634777,1.3632311913708433,12.715146,9.30436,9.15331962401344,21.868465,3.0722673155827467,2.4070484229887628,28.69432289109599,0.0,34.173637,0.929007321695512,1.8808510278465504,11.757035742491743,7.673640125123495,5.610654980551497,0.6446916973647298,1.3169191803711306,0.9784367938577758,34.86786808279237,34.867867,105.92744,110.18846,111.95789,56.042103,50.56279,0.014569752,0.023883402,17.0,30.0,0.0,0.0,0.0,1.0,4.0,0.0,0.0,1985.0,75
84.0,2.4616692130099866,0.26337411556394735,0.4975342772706564,3.2225776,1.7571461567130897,7.546958839612331,58.74493760768958,8.130378284736993,0.24676557549760902,0.3854478871611553,74.42227,3.317552526616068,4.415214867298694,1.3349281989921244,1.7191203157206567,12.119206,7.7327676,5.131913124063703,17.25112,3.505673999195421,0.12556990210072722,33.59571413711606,0.031107722507777647,37.258064,1.3078607557278665,3.204092736427693,12.636604037191278,6.941902370050411,3.3478172411637748,1.8921555740341134,1.170111406281303,1.332390864111019,33.48113253326355,33.481133,107.903404,111.125984,113.490814,54.509186,50.846832,0.014569752,0.027114535,17.0,30.0,0.0,0.0,0.0,1.0,4.0,0.0,0.0,1993.0,196
85.0,0.2545845658765448,0.16567534960661812,0.293782768484168,0.71404266,1.4323881232002451,9.307554213377923,58.97440049737399,5.934769403608155,0.5231321377125516,1.1530986313353622,74.21672,2.483715238828938,3.298949717648462,0.8668559575230211,1.1327101599164182,10.34894,5.782665,6.521490290180918,16.87043,2.744759228329068,0.34310989733702774,34.79797718717579,0.5350766467540169,38.42092,1.0890798370069517,3.258506983247128,12.099410623300917,8.963886012680167,3.5386841115468988,2.692650520893048,0.2686301360053786,2.56670876178111,34.90759001979513,34.90759,109.12431,109.838356,112.70865,55.29135,51.668407,0.014569752,0.015329664,17.0,30.0,0.0,0.0,0.0,1.0,4.0,0.0,0.0,2003.0,237
86.0,0.05791777300652422,0.0,0.0,0.057917774,4.828324309815324,6.7611444383333925,50.32467051864938,9.433545261965842,0.2885163656283803,0.0,66.51936,3.3928486919458583,0.2715094457431098,0.7757618308129581,2.2104075061306174,7.6266727,3.6643581,4.387703946759832,12.014377,3.063592396079082,7.549863383063042,49.42501912658899,0.0,60.038475,1.4425817573888795,2.5660981602201747,5.593692847847663,4.709205501667217,5.824925141096981,2.191622623903717,1.7416108059493345,0.9761450495041027,23.786593171565453,23.786592,90.305954,90.36387,95.94714,72.05285,61.439396,0.01703993,0.005348778,18.0,30.0,0.0,0.0,0.0,1.0,4.0,1.0,0.0,1965.0,10
87.0,0.0,0.0,0.0,0.0,2.8828004550760213,9.217766658474709,48.78007398557362,8.251094392408893,0.0,2.8195242142417696,66.24894,1.7206062432135774,0.6451981709050834,0.15144740453434344,0.20591431821971581,2.723166,2.3658044,5.520614623544091,8.243781,4.386499440287067,2.401752995368635,41.306937739371776,0.0,48.09519,0.0,4.764325059913288,16.126550280553698,7.900530911860876,3.265034563806319,0.6338287963929847,0.0,0.0,39.709769008204724,39.70977,105.9587,105.9587,111.661026,56.33897,49.55072,0.01703993,0.003504287,18.0,30.0,0.0,0.0,0.0,1.0,4.0,1.0,0.0,1975.0,9
88.0,0.6074704326951987,0.0,0.3096189698921034,0.9170894,0.8578790125193948,7.319806829427798,52.38273408024869,7.8859838115612115,0.20014461128573202,0.07469840104802458,67.588524,2.536307834081125,0.6818601381521467,1.705683207978628,1.6634782468865932,7.0264893,3.218168,5.504418416740208,12.530908,5.149905885508539,2.2614272811074194,40.36513503859776,0.0,47.776466,1.852641262445256,3.452751570740587,14.049683581283892,7.6582915370306965,5.482000063052734,1.2164849077378845,0.5074770705373245,0.4391600666203036,36.64080669179915,36.64081,104.22933,105.14642,107.69263,60.307377,52.89604,0.01703993,0.032301176,18.0,30.0,0.0,0.0,0.0,1.0,4.0,1.0,0.0,1985.0,102
89.0,0.38818826556091746,0.1397873845878319,0.15721602260945675,0.6851917,2.1342792869288476,7.805806136750949,56.48644054320864,7.254926257734987,0.12192102590953618,0.2718655012766937,71.54717,1.4691006095130552,1.6312769239035365,2.811531218776733,0.5699203162981322,7.019197,3.1003776,5.030535104036031,12.049732,3.9004591312141357,0.13983048169317416,39.41595891605189,0.15456608752473877,43.610813,1.735602352362455,4.273725749495514,13.568141642157515,8.143610681597986,3.7344215452330123,1.9638113451320196,0.4997204696661693,0.5373679913062711,36.38078847137912,36.380787,107.92796,108.61315,112.339455,55.660545,51.46569,0.01703993,0.02611058,18.0,30.0,0.0,0.0,0.0,1.0,4.0,1.0,0.0,1993.0,202
90.0,0.19030787976446867,0.03326914519394759,0.05382090871843976,0.27739793,1.2312076769690992,10.301820509505072,58.72479977601013,4.127339641376561,0.3389335690460713,1.011744931187179,73.15396,1.4917495556032958,2.0240239236894637,0.7208300930991423,1.029867820918615,7.2768393,3.5157735,6.882749202432854,14.159589,4.4515970070774,0.01903631068432282,34.567143795692964,0.836888890302128,39.874664,1.0654571747946937,4.002885468223212,16.115174932744708,7.468182246108754,2.5428304226870555,3.9164282389710707,0.16719169970239295,2.010368024880212,37.87487552411573,37.874874,111.02883,111.30624,113.965744,54.034256,48.726734,0.01703993,0.017934829,18.0,30.0,0.0,0.0,0.0,1.0,4.0,1.0,0.0,2003.0,220
91.0,11.708282684008147,1.6440063444930288,1.73123704916723,15.083526,1.372217542414342,10.13625168985596,53.69895833725679,10.144078011190233,0.0,0.6758396986611318,73.97929,13.313765977020154,10.167421565599584,0.19758763895197112,0.8887434036208609,25.663288,23.481188,9.521820082741295,35.18511,2.2231743154108106,1.2410567347755048,15.406560201751475,0.0,18.87079,1.13859972838279,0.14253859809917757,4.204372130674433,14.624522010453537,1.9776754647914119,0.10760882499827544,0.294349111901474,1.0957687164062764,22.790399368110698,22.7904,96.769684,111.85321,113.9441,54.055897,50.591667,0.02231572,0.009110703,19.0,30.0,0.0,0.0,0.0,1.0,4.0,0.0,1.0,1965.0,17
92.0,5.9070018004144496,1.4290856562468377,1.1637456664532602,8.499833,4.53897385340265,7.839190966329651,55.6270864670601,8.10775216801932,0.04451811318492538,0.0702797341952704,71.57403,11.078568475164225,10.084756432595531,0.8018460522078702,2.1099001903175147,24.44729,21.163324,6.822978276866111,31.27027,1.81505894073547,1.259633502783822,16.7369348160191,0.0,19.811626,3.550320754000464,0.7769940241263172,6.195819893535904,9.774570977506018,4.748070105419347,1.6629523314987116,4.523964670378158,0.3722201367524109,29.012368223471093,29.01237,100.586395,109.08623,116.918106,51.081898,48.007206,0.02231572,0.019372161,19.0,30.0,0.0,0.0,0.0,1.0,4.0,0.0,1.0,1975.0,38
93.0,9.13421496785056,1.0266276547833928,1.3115677884223726,11.47241,4.755154235921193,7.453965095560716,56.17109820278979,8.772559214639434,2.221467305106112,0.23135586414751935,72.39762,8.371575817647615,8.947429219879538,0.45197815366455957,2.65116773727809,20.960365,17.319006,8.05337488768739,29.01374,1.5016088715766263,0.9021408228107579,17.284447777477684,0.0,19.688198,0.7242217653159778,1.4610971857586692,8.3682171655371,8.094029504534873,4.552305010518231,0.5882358950563263,0.8964839997944468,0.5382140364198075,28.034044916143415,28.034044,100.43167,111.904076,119.298065,48.70194,46.298187,0.02231572,0.024657307,19.0,30.0,0.0,0.0,0.0,1.0,4.0,0.0,1.0,1985.0,78
94.0,7.916726704285793,0.4824944081153341,2.510447748567163,10.909669,0.9709441906905829,8.444296458067278,56.84319973092595,7.5908673866749465,0.7764830129461453,1.4971693643668873,72.878365,6.34188651594959,5.699585026010978,0.33695476081486764,1.1234615060848514,13.844213,12.0414715,6.130723018814562,19.974936,3.618125526301903,0.16447692399839833,24.05928712601557,0.0,27.84189,1.3188185983834606,4.290688543282456,14.122384830510317,5.425745795869615,3.0579678036783577,1.918858797523054,0.5303234455816074,0.342324853091219,32.174051894539396,32.174053,105.052414,115.96208,120.183174,47.816826,44.03422,0.02231572,0.0277531,19.0,30.0,0.0,0.0,0.0,1.0,4.0,0.0,1.0,1993.0,86
95.0,14.604987742432947,2.46285193265309,4.192956143031518,21.260796,3.0573433937230896,8.97985912588831,58.05369594937704,4.888749456365714,0.35498843007945685,0.9656350016714569,71.9223,6.510026091561857,6.769689733591661,0.8947080961570322,1.3344494314376887,16.643064,13.279716,6.4390213986047655,23.082087,1.6363661819303286,0.22505997438358746,20.545221089008127,0.10938146135780791,22.51603,1.047315211646618,1.9195869752903103,8.515454375131279,7.042566940561672,2.080843330828538,1.4466742135069286,0.18761123035778385,1.1341914145138643,23.737302012792085,23.737303,95.65961,116.9204,122.401886,45.598114,43.627308,0.02231572,0.030685328,19.0,30.0,0.0,0.0,0.0,1.0,4.0,0.0,1.0,2003.0,663
96.0,2.8418013486415745,0.3678263149641068,1.589728384627039,4.799356,1.3967701843015106,8.723421034513477,54.69985203859696,6.405021518375631,0.09573220688502379,0.0,69.82829,0.9925668081830373,0.6469912457684405,2.3899888107511673,2.203611342300933,6.419848,1.6395581,5.5258293117279225,11.945677,4.765705591757244,3.1913631895190053,38.84912298867404,0.0,46.80619,1.6777955345475573,2.313712899036295,12.072720138232992,8.70861195542664,7.171689094556937,0.3102592497637781,0.4641631575363765,0.18668979333034116,31.636872342481947,31.636873,101.465164,106.26453,109.24813,58.75187,50.7948,0.022410305,0.020808378,20.0,30.0,0.0,0.0,0.0,1.0,4.0,1.0,1.0,1965.0,38
97.0,2.9144878341686447,0.23983840898761333,0.6639060284799001,3.8182323,1.974017602819662,9.368262268105875,56.26348822438676,7.8467747878390295,0.7926514451467347,0.06694333095114802,73.47852,0.47797867997594723,0.12639718835845237,0.8845302550200775,1.4024218502061632,3.0713217,0.60437584,6.433956870851534,9.505279,4.458493825988565,2.120298633082315,47.78387017659263,0.0,54.362663,1.7072007988192335,3.194471677828705,6.55902830278624,6.670722146751533,4.0541846813797315,0.41547569333523354,0.2422768524531394,0.17999389607249605,22.474481879765737,22.474482,95.95301,99.77124,104.13206,63.86794,57.28915,0.022410305,0.020347137,20.0,30.0,0.0,0.0,0.0,1.0,4.0,1.0,1.0,1975.0,42
98.0,3.0343520776310764,0.8210276125100225,0.8611103430546562,4.7164903,2.4628845255740224,8.912190304765968,56.359947751500215,9.100373998008688,0.33956854904618866,0.0,74.37251,2.3287705894264557,3.5126897518063034,1.4029347287390652,2.0415814958853002,9.53088,5.84146,5.605950431696731,15.13683,3.86570841903957,1.7891613133002588,34.85213295654036,0.06830315742377466,40.575306,0.873084522930306,2.2225637889633396,11.613948107786271,6.4039766966770495,4.593768318021656,1.0060147064423481,0.465948721229365,0.2449032592481429,29.76822742904711,29.768227,104.14074,108.85723,112.287865,55.712135,49.988964,0.022410305,0.028842812,20.0,30.0,0.0,0.0,0.0,1.0,4.0,1.0,1.0,1985.0,91
99.0,2.2754500133033955,0.5887390309048147,0.7053317258476676,3.5695207,3.654267798111849,6.744501154059706,58.84059460157567,7.642098732742363,0.772605451057149,0.33554346826973447,73.227196,2.990516799600671,0.5095465450772275,3.096777228159014,1.5501173338357148,8.290083,3.5000634,2.1975923808013156,10.487676,4.737100326092782,0.3613033425504896,40.53720913836566,0.0,45.635612,1.389885441728257,4.631859143847486,12.667180101465704,5.6981967822042945,2.9490712346401335,1.3959499695750788,0.21905721206908269,0.1431251097390486,29.070819415799612,29.07082,102.29801,105.86754,111.87671,56.123287,51.024883,0.022410305,0.019121505,20.0,30.0,0.0,0.0,0.0,1.0,4.0,1.0,1.0,1993.0,57
100.0,5.989406585514292,0.9983103220299899,3.3496365235911654,10.337354,2.0178551890066627,9.714922343562762,54.86339981994353,4.17116777838171,0.5167984214174259,1.1477835360858084,68.74949,1.9007811448789411,1.3726035067098423,2.514526702890939,1.0467377248645395,8.510656,3.2733846,4.251535354050017,12.762192,4.400536500519654,0.5953090535486371,40.971415823578575,0.11767286209867586,46.084934,0.5252168142613227,2.6927687161390064,11.244638186121964,6.395597658435085,1.7544296952336755,1.4977947617205183,0.06704079266040565,1.6760071148977085,26.57668337744984,26.576683,95.32617,105.66353,109.15288,58.847126,53.73361,0.022410305,0.02293169,20.0,30.0,0.0,0.0,0.0,1.0,4.0,1.0,1.0,2003.0,448
101.0,0.0,0.0,0.0,0.0,0.0,10.295127605290075,58.70511737211921,15.438110188741428,3.535013523104592,0.0,84.438354,2.5344175152225037,7.496528817148995,0.6775442746486259,0.5891689004504581,16.551083,10.030946,12.468786624812147,29.01987,1.0294091232641118,2.225749412679699,13.354496930929647,0.0,16.609655,14.01679006510182,0.0,0.883753380776148,11.194209168759626,8.30235286683019,0.0,0.0,5.253422962063843,25.633738378429808,25.633738,110.07209,110.07209,122.37047,45.629524,42.374367,0.009467753,0.0022187007,21.0,30.0,0.0,0.0,1.0,0.0,3.0,0.0,0.0,1965.0,4
102.0,0.0,0.0,0.0,0.0,0.5364113881387138,9.529842154373167,57.05219133497185,9.243514296255764,0.0,0.0,75.82555,2.248388528319103,2.7197473630951343,0.0,0.0,5.1596694,4.968136,1.8084725762067382,6.968142,4.994080152227858,1.5880338363361945,35.20035174424693,0.0,41.782467,0.0,0.0,8.974867302679051,19.412530181809142,2.713626189409998,0.0,4.985635037327577,0.1915331856487576,43.07896720693088,43.078968,118.90451,118.90451,119.24939,48.75061,42.168495,0.009467753,0.003304011,21.0,30.0,0.0,0.0,1.0,0.0,3.0,0.0,0.0,1975.0,5
103.0,1.4155080505755913,0.2587296622719383,0.49300894720546995,2.1672466,1.4874360473386579,6.64043566368245,55.21633645768163,8.860843240246755,0.12534603103260633,0.050613911422604796,70.71761,5.04261659780595,6.647882234339037,3.079520492629639,1.2083577551604991,16.58709,11.690498,7.1248634482786946,23.711952,4.392202755174264,1.9889067649654792,30.630155969882974,0.0,37.011265,2.2863138100100167,1.2797505873595862,13.851348496101213,6.392797776619463,4.241568842327889,0.7425308322003699,1.2026032554913269,0.60871183863984,31.050922352990998,31.050922,101.76854,103.93578,107.27678,60.723217,54.34211,0.009467753,0.014488292,21.0,30.0,0.0,0.0,1.0,0.0,3.0,0.0,0.0,1985.0,46
104.0,2.060884461307033,0.2114487769468356,0.5806257650411111,2.852959,1.692596038156441,6.8587367242633395,56.8692630815191,9.128110478294106,0.09554021385128429,0.721793630188499,72.85611,5.097728840204932,5.4274547950033325,1.2013302817839335,1.64366081851213,13.626145,10.525184,8.307112570056862,21.933258,2.7351091772084097,0.5145293827218811,29.72262413681374,0.0,32.972263,2.4830196038483345,2.7928800751101495,14.408931696579836,8.56419549418918,2.6924822871820746,0.5701173223887808,0.6790476623001206,0.2559709321949854,32.64843139675829,32.64843,105.50454,108.3575,113.09448,54.90552,51.655884,0.009467753,0.02041127,21.0,30.0,0.0,0.0,1.0,0.0,3.0,0.0,0.0,1993.0,131
105.0,0.9574456319726782,0.10049195856655832,0.06923625044073785,1.1271738,0.45113747421017486,7.452297592267361,65.33865957834134,5.266321927572815,0.46974986924483136,1.1798462672905938,78.05728,3.4175161052740513,4.971885195228526,1.4014018512781992,1.7457180021516792,12.703431,8.389401,5.456903018066625,18.160334,2.320550230606982,0.04271197770887221,31.28296777293011,0.6519641235328218,34.298195,1.0512935668569636,1.4450911642678201,15.170973283550898,7.416923554270359,2.640404563553389,1.560122515256066,0.0,1.1669100469262257,32.051470101066016,32.05147,110.10875,111.23592,115.54147,52.458527,49.443302,0.009467753,0.0069164895,21.0,30.0,0.0,0.0,1.0,0.0,3.0,0.0,0.0,2003.0,100
106.0,0.0,0.0,0.0,0.0,0.0,8.830253573961707,50.59353040615837,8.340064209901362,0.6449189660388436,0.0,67.76385,1.6379915442556718,0.0,0.14890832082184632,0.2931449818400765,2.0800447,1.6379915,10.106845870013508,12.186891,2.909038285701406,10.007505282371179,46.35943997212615,0.0,59.275986,0.0,0.0,7.505562962106366,10.239556455632934,6.372611895791442,2.670452748187127,0.0,0.0,28.12835938988264,28.128359,95.892204,95.892204,96.537125,71.462875,58.54633,0.0100877965,0.0022295953,22.0,30.0,0.0,0.0,1.0,0.0,3.0,1.0,0.0,1965.0,4
107.0,1.6995627119135117,0.0,0.0,1.6995627,13.325830882164961,12.477574479975877,57.92254681444936,8.600066882100132,0.0,0.0,79.00019,1.5388856566325462,2.7001618679866364,1.4883384110974165,0.5300575685243,6.700016,4.2390475,5.89032080658139,12.590337,3.636839580077575,2.039093159957223,30.99580838461828,0.0,36.67174,0.0,0.5098688246883119,6.652379071366081,12.654475382496118,3.7659879239486824,0.0,0.0,0.44257231062486585,25.15491221387942,25.154913,104.1551,105.85466,118.73792,49.262077,43.586147,0.0100877965,0.0073798383,22.0,30.0,0.0,0.0,1.0,0.0,3.0,1.0,0.0,1975.0,9
108.0,0.33846050589677507,0.3319227649714351,0.2792110940122507,0.9495944,0.06007651180110981,6.070932072555097,58.06853671305245,9.377403166453604,0.032135520437805924,0.2042096650401652,73.51687,2.2165955213422666,0.154990640613993,1.6403055651354386,0.32021513280418035,4.9220324,2.371586,6.682343859486912,11.604377,4.861092191681396,2.653607069361162,39.98281650088629,0.0,47.497517,1.25141655127569,5.2975333487160405,15.560232538880161,4.855147492005114,1.7990854071252256,0.7907445706664751,1.7089384483271373,0.5899255849914665,33.473728835796265,33.47373,106.9906,107.94019,108.89811,59.10189,51.587193,0.0100877965,0.01168101,22.0,30.0,0.0,0.0,1.0,0.0,3.0,1.0,0.0,1985.0,37
109.0,1.3935519121476934,0.16840406439471897,0.18292328974825184,1.7448792,2.0010429734072948,6.566054054103259,54.60696228107139,6.434547304594399,0.32144330551017153,0.2730070770649557,67.60757,2.203063182570212,0.871734103228496,3.819108158842025,0.8226251966880729,7.824429,3.0747974,4.281036909476831,12.105466,4.263700839410355,0.24934769148731487,40.14644454606072,0.3383517099158256,44.997845,1.6614656292568342,1.9505713062045835,19.77555726156167,7.333557670629024,2.7646005250635106,1.5880661614540956,0.4614865966579004,0.10789835235582493,37.39518563137546,37.395187,105.00275,106.74763,110.89669,57.10331,52.25191,0.0100877965,0.018086873,22.0,30.0,0.0,0.0,1.0,0.0,3.0,1.0,0.0,1993.0,131
110.0,0.47888154088370044,0.0,0.12929498133815148,0.6081765,1.488354592557453,9.05337921681355,60.12547366753447,3.7338939861834377,1.1862420960741036,2.8773542834045216,72.91275,0.9832934567893666,1.4879742338021014,1.354827064120277,0.9732839718950879,6.4909234,2.4712677,4.433460329912229,10.924383,2.8765165118654,0.1609562875884655,31.309252602328204,0.05037998804310796,34.397106,1.9036492237677176,4.284127949848446,18.847037365956115,8.831274035206462,3.3604381620197326,3.7276517424233164,0.11705782815314075,1.6915444498341587,42.46971448146675,42.469715,115.38246,115.99064,122.67851,45.321487,42.233635,0.0100877965,0.0110616665,22.0,30.0,0.0,0.0,1.0,0.0,3.0,1.0,0.0,2003.0,145
111.0,8.995892352543256,1.0158197188727829,0.7567056548136307,10.768417,2.616067010097645,7.7641482630277725,53.702454289294856,7.248798379109524,0.0,0.3730322159412381,68.7154,13.817839324002485,12.60063415926953,1.1483950340681917,2.1622960891974485,30.177195,26.418474,9.074542156582126,39.251736,0.863791539556171,0.5936186247932287,9.742618454125017,0.0,11.200028,2.465203073064704,0.2785035444623671,6.319226149382455,15.29303071320594,6.075589236872669,1.7362203294674003,2.0055545638500267,0.4480302111256842,33.05814311296868,33.058144,101.773544,112.54196,117.54823,50.451767,48.994354,0.02137827,0.01588457,23.0,30.0,0.0,0.0,1.0,0.0,3.0,0.0,1.0,1965.0,30
112.0,8.027092283193968,2.784706115811913,0.7631115044290203,11.57491,3.665503354452433,9.599360906231073,54.19464489472375,7.131333805218501,3.1661437861552346,1.3327828187767408,70.92534,9.311465623030855,9.583945380257965,0.2839018216794988,1.2798069643697156,20.535007,18.89541,8.805430323058701,29.340439,1.3503773157249133,1.3409091308309609,15.414854283322182,0.0,18.10614,1.1290536043528214,0.3578529615260324,11.01486447878466,12.770977489837296,2.7347721739678237,0.46631016945823867,0.7421310496575126,0.07588822485993472,28.835575632399006,28.835575,99.76092,111.33582,120.55342,47.44658,44.75529,0.02137827,0.013418546,23.0,30.0,0.0,0.0,1.0,0.0,3.0,0.0,1.0,1975.0,28
113.0,7.1378457070421275,1.5885095099718443,0.6116202605270323,9.3379755,3.0680332365686027,7.801451170108123,56.07965766310661,8.377997467067608,0.14478101844462757,0.5276870394824906,72.25911,10.622557559843155,8.192609489244859,0.22761537101786647,1.5845437848791843,20.769276,18.815166,8.202073317144924,28.97135,2.6386945662495567,1.1739815493141126,18.17200202695443,0.15858914715016562,22.143267,1.2274860365029259,2.9481504865884345,11.410267027211598,7.765659206051703,3.206728689446889,0.3819354861132841,1.5028975997108802,0.14194998587712315,30.462263983566906,30.462263,102.72137,112.05935,116.88538,51.114616,47.143353,0.02137827,0.024844768,23.0,30.0,0.0,0.0,1.0,0.0,3.0,0.0,1.0,1985.0,78
114.0,6.619255212443291,0.8093942857095472,1.2082348735920438,8.636885,2.3365588533347856,8.203348998661104,57.40605937608179,8.272736829627515,0.454696133410381,2.3069490076063253,73.88214,7.888546743608256,9.287888843145895,1.4387132596294567,1.1786042706612807,20.095118,17.176435,5.82212814358964,25.917246,2.068942160822008,0.03533183341456818,20.646544575813923,0.0,22.750818,1.0720598263011119,2.1053487835483864,13.358404805346282,10.174688864411348,2.5721729657633685,0.7367867456600109,0.5778474930203323,0.3013653376274595,30.9440069557586,30.944008,104.82615,113.463036,119.33193,48.668064,46.56379,0.02137827,0.02589948,23.0,30.0,0.0,0.0,1.0,0.0,3.0,0.0,1.0,1993.0,86
115.0,10.21389395553324,2.207862306666845,2.1429064564504077,14.564663,2.1357948025338453,8.184127727263906,56.74384099034732,5.863225767165253,0.8547205435962989,1.199625745719999,70.79119,5.928394523489458,7.054386689113712,0.8522544886260132,1.393199656220268,16.53375,12.982781,6.734209945789319,23.26796,1.9839409921801687,0.35604236075872736,24.17418285897489,0.08960208442922926,26.603767,1.1016430270048276,1.6403951969918984,12.70514421100719,6.7773894426443695,1.4889618247141128,1.6007917535068166,0.18893992995907638,1.3055149311340586,27.829652116203683,27.829653,98.62085,113.18551,118.12827,49.871727,47.442142,0.02137827,0.026843986,23.0,30.0,0.0,0.0,1.0,0.0,3.0,0.0,1.0,2003.0,604
116.0,1.8786413022472541,0.25401236349828127,0.40866162496085373,2.5413153,4.277766031565396,7.928421425028335,56.46612681054113,8.43496766297418,0.24140376383971812,0.0,72.82951,2.0523966463373795,0.8623956095677019,2.340520348335271,0.7687661248154833,6.1977067,2.9147923,5.50807946109475,11.705786,4.949284300519684,5.0040719849977116,40.76997418105964,0.0,50.72333,0.0,2.653209140246846,6.757094216596085,9.146117269298593,6.3955123683277355,0.6661427298556475,0.052436506060395106,0.17362794361425993,25.854510449316916,25.854511,98.68403,101.22534,105.570885,62.429115,52.47576,0.013936569,0.011949049,24.0,30.0,0.0,0.0,1.0,0.0,3.0,1.0,1.0,1965.0,22
117.0,3.674190692229007,0.4823691148043049,0.3777216072408544,4.5342813,0.6669879538691604,7.400066173028631,52.898784536677745,11.81478334640447,0.0,0.0,72.11363,1.839787152225802,0.0,1.5511999454504142,2.7821540384642427,6.173141,1.8397871,6.0975194591175335,12.27066,4.080430455502415,2.7193573110737925,40.99637459282883,0.0,47.79616,0.7282412600349742,3.106141470678751,16.417799436126334,5.3643888181161055,2.6690906792582854,1.536799227556801,0.2020070701675513,0.0,29.89003148982744,29.890032,102.00366,106.53795,107.933174,60.066822,53.267036,0.013936569,0.011405675,24.0,30.0,0.0,0.0,1.0,0.0,3.0,1.0,1.0,1975.0,19
118.0,1.7766706302249364,0.10452245071289525,0.3576918863360446,2.238885,1.7226974568030546,7.239870864615301,54.21779959730158,9.815151339303148,0.0,0.2481792875631719,71.27282,2.5245891170163546,1.4801377684946153,2.0045170907285623,2.958334630399973,11.02619,4.004727,4.419424284176516,15.445615,4.082928306339071,2.1552277807006615,43.0824385397188,0.0,49.320595,0.3034718579011803,1.9205937479085011,12.436197187124751,5.632815758646897,2.924961312468429,1.4572976753877231,0.4564216798852664,2.0586114417508194,29.506346870320954,29.506348,100.77917,103.01805,103.233795,64.766205,58.528053,0.013936569,0.011685101,24.0,30.0,0.0,0.0,1.0,0.0,3.0,1.0,1.0,1985.0,37
119.0,0.8130028602656013,0.2251663986101771,2.942135472726629,3.9803047,1.2117135604221707,6.387559082961765,54.14889133876497,4.887570206263747,0.0,1.0173903669974282,65.42402,1.8178263031270832,1.415641384571746,6.548782008124552,0.34244635851781396,10.511006,3.2334678,2.973660029723357,13.484666,4.728389383840682,0.3350727730389807,40.43017819461009,0.0,45.49364,3.2855726557766527,4.53807733575468,18.64511441545821,4.138721184464409,2.254821256777329,0.32295365103287627,0.5085711590757546,0.38630988166433516,34.4890016891635,34.489002,99.913025,103.893326,109.02169,58.978306,53.914845,0.013936569,0.014377375,24.0,30.0,0.0,0.0,1.0,0.0,3.0,1.0,1.0,1993.0,38
120.0,5.122693015634165,1.0898316364642333,2.3078228386033963,8.520348,2.005167557624602,7.760226509708954,55.98511062776364,3.9481017879936924,1.1464618258984873,1.533613938241512,67.693436,1.8365180349330434,1.811667093769267,2.408080971569311,1.0784041776189397,8.683388,3.648185,4.360251070046772,13.043639,3.808610681434357,0.469656288549684,41.43425290970844,0.29315107677941976,46.005672,0.7009640515744563,1.9997211325928128,14.939023776467243,4.698204104056392,1.2108971941520055,1.8944692355208854,0.0763978413680344,1.5487176474018909,28.060710781295242,28.06071,95.75415,104.2745,108.95069,59.04931,54.477894,0.013936569,0.020265646,24.0,30.0,0.0,0.0,1.0,0.0,3.0,1.0,1.0,2003.0,354
121.0,1.615176106230203,0.0,0.8810051488528381,2.4961812,2.3286044587990964,8.289852699787842,58.152675798464216,11.884945063366466,0.0,0.09825334731214594,78.32748,7.253733325002181,12.078124395960453,0.5961688857826167,0.09825334731214594,20.691418,19.331858,2.787544448727657,23.478962,2.7040847330253115,2.1213939706585214,24.23412533610196,0.0,29.059605,0.0,2.171546914008095,9.301427800102527,15.579968037909312,1.3020138392784533,1.069287437869321,0.0,0.6651373968602132,32.87605834853105,32.876057,111.20353,113.699715,115.46143,52.538567,47.71309,0.011528009,0.006305929,25.0,30.0,0.0,1.0,0.0,0.0,2.0,0.0,0.0,1965.0,12
122.0,5.74678458005283,0.0,0.0,5.7467847,0.0,12.37411565481765,64.2137466649872,7.428118599431874,0.0,4.555024468689,84.01598,2.942967542843295,3.7500151942941007,0.0,0.4164170268490919,7.417027,6.6929827,10.77945464852308,18.196482,1.9173666316584999,1.8404598517615285,16.108001606633767,0.0,19.865828,0.0,2.9463269350004895,12.735161879747569,10.926267314221574,2.044346734886,5.176172196761356,0.9549875946352118,0.3076272767537298,35.927526806069395,35.92753,119.94351,125.69029,129.9377,38.06231,34.304485,0.011528009,0.0035801874,25.0,30.0,0.0,1.0,0.0,0.0,2.0,0.0,0.0,1975.0,6
123.0,2.807859130290905,0.41134054753857685,0.7485406138007002,3.9677403,1.7785956006997978,7.312613023662572,56.360791145671215,10.694763014185355,0.0,0.6084479151983498,74.368164,8.59075521035599,6.125091295279353,0.4871234863669484,2.1388489327035556,18.00251,14.715846,6.774148722407707,24.776657,3.040689966650183,1.4895726906437747,26.7373959998405,0.4026876478207854,31.670347,0.31562142403365995,1.8346520555037293,13.749631354445318,6.794567891332612,3.1667521640078053,0.24924023265311368,1.6851359045555703,0.6606903151276101,31.175113720805115,31.175114,105.54328,109.511024,111.55299,56.447002,51.514053,0.011528009,0.01996861,25.0,30.0,0.0,1.0,0.0,0.0,2.0,0.0,0.0,1985.0,64
124.0,2.9378537364501414,0.3963318300903778,0.3857959454304761,3.7199814,3.294570634797743,6.929739699501598,55.37960841258555,9.619467655474484,0.26633568835130617,0.5582100489066204,71.92882,6.653970972572975,6.824525798409468,1.7164948263922266,0.8108427703858626,16.64323,13.478497,5.160393450115058,21.803623,2.740030479678247,0.025791292677820793,27.423980136830735,1.4064214599499585,31.596224,0.9006155215680952,1.98045765843121,17.60152091458336,6.093110068733165,2.058354672475387,1.6311365432846938,1.4598723770779765,0.6373959931302433,34.56901969197879,34.56902,106.49783,110.21782,114.60015,53.399845,49.227604,0.011528009,0.021782862,25.0,30.0,0.0,1.0,0.0,0.0,2.0,0.0,0.0,1993.0,142
125.0,0.36881776048883147,0.05757300048727191,0.0,0.42639077,1.6208544815830876,7.446658796471533,67.65438361382454,5.197142900806983,0.5550029753245995,1.1570833214385414,80.29819,3.2629831015121913,5.694546231997205,0.5558541116975989,1.6669917581941789,13.033523,8.957529,6.500203366390125,19.533726,1.4458906557078584,0.38492796532919915,22.84734402646582,0.0,24.678162,0.44951746395653386,1.9062972400938407,22.871987479929526,7.290063958039524,2.0324920165044755,1.7216912881691218,0.5844578057339396,1.853147218202367,40.36071486685868,40.360714,120.6589,121.08529,123.78811,44.211887,42.38107,0.011528009,0.006002453,25.0,30.0,0.0,1.0,0.0,0.0,2.0,0.0,0.0,2003.0,79
126.0,0.0,0.0,0.0,0.0,3.7436411071972797,9.369410675598335,51.50171752780839,9.980303188240391,0.0,0.09817640728604214,70.85143,0.9615191221864946,0.08795729059522843,0.09817640728604214,0.49891007975732266,1.7054688,1.0494764,3.096797627404204,4.8022666,3.6072770076208514,4.754860275209628,42.972941798630266,0.0,51.33508,0.0,2.730242847632732,10.233780353137318,16.53773917120835,4.64311601893377,0.0,1.803124470683317,0.05890584537478587,37.22831180558439,37.228313,108.07974,108.07974,111.862656,56.137344,47.775208,0.0151437195,0.007044085,26.0,30.0,0.0,1.0,0.0,0.0,2.0,1.0,0.0,1965.0,13
127.0,0.0,0.0,0.0,0.0,0.4068186005176624,7.341518721969604,54.798021885831574,6.308290304637089,0.0,0.036155986951081,68.44783,1.738378077531497,2.4725905878359105,5.355457010509727,1.1347235727856142,11.296392,4.2109685,5.59959143435447,16.895983,2.723013590359695,0.8901947916473146,27.783928557582158,0.0,31.397137,0.0,7.226294077829561,21.216218041730997,8.745071363311995,8.919826555407438,0.33858981844133396,1.4927421414502313,0.5952430894064767,51.411316679411954,51.411316,119.859146,119.859146,119.70688,48.29312,44.679913,0.0151437195,0.00945355,26.0,30.0,0.0,1.0,0.0,0.0,2.0,1.0,0.0,1975.0,13
128.0,0.6660898562237498,0.0,0.0,0.66608983,0.9934247950421666,7.448897259129278,55.28640239612258,7.626655663765519,0.18795010138052742,0.7346463701656293,70.36195,2.192674387194951,2.8083852992042573,3.898824460616372,1.9169120797146022,10.886829,5.0010595,5.677485353974276,16.564314,3.933054767067014,1.2916568001733437,31.119114678035267,0.48582082061788606,36.829647,0.8982353672027413,3.42443739116374,18.111799649010504,10.247136882187911,2.2044742323193267,1.1221955075574073,0.9391409508855234,0.07003336635954444,40.83376953500526,40.83377,111.195724,111.86182,114.60604,53.393963,47.68343,0.0151437195,0.020089215,26.0,30.0,0.0,1.0,0.0,0.0,2.0,1.0,0.0,1985.0,64
129.0,0.4723120028616572,0.17191093899876914,0.2715823021927254,0.9158052,1.3899015888820012,6.7087174928449524,55.699908222726556,6.917583941838103,0.3181941397609437,0.9870487179108608,69.32621,1.7295667248801352,0.7349968625689453,4.591793819200293,1.1807387432819358,8.93791,2.4645636,3.4862335915158496,12.424143,3.6375470673086454,0.3246098536407431,40.74176520766145,0.14091263034803947,44.844833,1.7067999928235524,1.7630079121489224,18.844575211638595,9.241526221359843,1.3121318052492865,0.6647464825664746,0.2618039758799939,0.7008134872698335,36.7878763120455,36.787876,106.11408,107.02989,110.731026,57.26898,53.16591,0.0151437195,0.025627729,26.0,30.0,0.0,1.0,0.0,0.0,2.0,1.0,0.0,1993.0,174
130.0,0.3007531315597821,0.01939942663770769,0.25769383980295846,0.5778464,1.559026696992319,7.3412329955752,61.33320024772297,3.8632985236626043,2.203499214238167,0.8517689308736437,72.537735,1.8064720673992918,1.5558031033707866,1.5896908064637167,0.5995178541677778,8.288379,3.3622751,3.206378863585034,11.494758,3.1364789643666398,0.13103736660557866,31.92000473648562,0.39129993686107073,35.57882,0.17067473518614987,3.48226152896208,26.79839730336614,6.963993737242123,0.4331159930986197,2.410605188778127,0.0941762470956827,2.736894587480643,45.35313756661371,45.353138,117.89087,118.46871,120.92642,47.073578,43.41476,0.0151437195,0.013504018,26.0,30.0,0.0,1.0,0.0,0.0,2.0,1.0,0.0,2003.0,141
131.0,8.44354819573913,1.5940648298208717,0.4955789440689509,10.533192,3.8482624503140768,7.40857643925378,53.35818258434379,9.373712597009254,0.24069179673582866,0.5536658599594588,70.14047,14.944927761740152,13.256513148045395,0.38771872172064914,1.9482841658223202,30.849094,28.20144,7.776452111181835,38.625546,0.9843935461212325,1.164853734234831,13.77700077416515,0.0,15.926248,0.29693119200575663,1.0343730096573913,8.215282752023484,12.345243911754938,3.983114564849257,0.2457726601572108,1.3940426208016263,0.31165132769002596,28.146641421013683,28.14664,98.28711,108.820305,113.448204,54.551796,52.40255,0.049664628,0.067392774,27.0,30.0,0.0,1.0,0.0,0.0,2.0,0.0,1.0,1965.0,125
132.0,5.554707050741645,1.2824654395616284,0.6692583820469283,7.506431,4.423367910253533,7.16428397165415,56.21795422820251,7.529387061831381,0.12387274933858938,1.2257964515030055,70.91163,10.797157531517513,12.782276635008198,1.7530150879825437,0.8812868368298049,26.447477,23.579433,5.382268472380387,31.829746,1.4867758734374916,1.4202093064051031,17.959998913157243,0.0,20.866983,0.8797603349561401,1.3056340183423953,12.780864250090024,10.749422541597115,2.5193603168237653,0.5551241828748653,0.8240026124982506,0.23374140152502507,30.466157733548894,30.466158,101.377785,108.88422,115.30327,52.69673,49.789745,0.049664628,0.062156267,27.0,30.0,0.0,1.0,0.0,0.0,2.0,0.0,1.0,1975.0,119
133.0,6.877319014655724,1.5976470873585584,0.9630891068015817,9.438055,2.273782683336775,7.0842510117136,55.88628123941611,10.482030089816245,0.10648710952026634,0.4181185847643848,73.45256,10.810738087175485,8.851250879353026,0.9984044499534984,1.442057801454029,22.848759,19.66199,6.097745707671887,28.946505,1.9902814359727472,1.230945209198254,18.325696675202014,0.19392203213636186,21.740845,0.8639801143776461,2.1059926199245775,14.794612956554358,7.071535071409465,2.2791261886950704,1.0573621832734073,0.7747214685418136,0.7463077498002026,31.505971595697144,31.505972,104.958534,114.39659,117.31265,50.68735,47.2722,0.049664628,0.051770445,27.0,30.0,0.0,1.0,0.0,0.0,2.0,0.0,1.0,1985.0,164
134.0,4.3739178867562805,0.6751271990825991,0.9170907318069624,5.966136,2.401395357019227,7.029071265398796,56.27941875461067,8.570829500454893,0.286594959911449,1.1146001158484589,71.87932,6.690147183886754,9.59147138922561,0.8119149113051567,0.714452445546981,18.288298,16.281618,7.341478836108284,25.629778,2.2492281726945476,0.23954859443658316,21.989978536316393,0.033730551697741404,24.512486,0.30231815081814345,2.740201523012417,20.315149536929702,6.236097428631396,1.4030303687707841,0.5065233475782985,0.6569453272228618,0.4803126722015957,36.387685559338045,36.387684,108.267006,114.23314,117.857735,50.14226,47.619755,0.049664628,0.038676474,27.0,30.0,0.0,1.0,0.0,0.0,2.0,0.0,1.0,1993.0,131
135.0,9.146673675348122,1.9569914901873433,2.190072898497546,13.293738,2.484588172981842,6.919109953137244,61.878760386050935,5.219108236834042,0.8938507925232771,0.7947184824236979,74.016975,7.180163075058471,8.703462012544549,0.7194246271014895,1.1667047462956999,18.886694,15.883625,5.9755274627327815,24.86222,1.4951373285565226,0.04180545314364184,20.171561156647783,0.10451151667464974,21.813015,0.5110199852514111,1.3974294698937988,14.028134656059686,8.172481163857817,1.5013704511655561,1.2810571501454788,0.049171674167619424,1.116938727975167,29.716953543060654,29.716953,103.73393,117.02767,121.32476,46.675236,45.033783,0.049664628,0.028327173,27.0,30.0,0.0,1.0,0.0,0.0,2.0,0.0,1.0,2003.0,541
136.0,1.0625724723575913,0.20191426971195944,2.8288613985529225,4.093348,1.04773056246308,8.419565498346968,54.09983346125856,7.53953410065503,0.09038319118425465,0.22090748661178536,70.05893,0.47059605209687794,0.241942948498044,2.1068663062610393,0.35226493099087414,3.5046668,0.712539,4.2409597911651735,7.7456264,3.5762477474374776,5.84900298429045,45.04746660790615,0.0,54.472717,0.9861914938846026,1.6433213389497154,11.58701534226274,10.139295899021551,3.105835255881606,1.545613346878427,0.7777306385626604,0.3329965759549424,29.617158424105014,29.617159,99.676094,103.76944,105.781654,62.218346,52.793095,0.031978138,0.028259983,28.0,30.0,0.0,1.0,0.0,0.0,2.0,1.0,1.0,1965.0,53
137.0,1.823306483724037,0.14440339391006657,0.18523390586835198,2.1529438,2.4418324815945103,8.995151154383644,52.95722702649883,6.564281144746369,0.0,1.2799681777013905,68.51666,0.9113341809307082,0.2419759057131597,4.458420534436113,0.42407695558500785,6.134522,1.1533101,2.1657955750792595,8.300318,3.7294208258276105,2.330372056007349,46.81643962149381,0.0,52.876232,0.19408403115500955,2.2936036187334516,12.725394918328092,10.048443381781281,3.3450998897762054,0.439609538456779,0.1496046588073223,0.09871452324368715,32.33667625534143,32.336678,100.85333,103.00628,106.82345,61.17655,55.116756,0.031978138,0.048723646,28.0,30.0,0.0,1.0,0.0,0.0,2.0,1.0,1.0,1975.0,80
138.0,2.8544379586661575,0.39355228937391057,1.2176145825889988,4.465605,1.944788489380696,6.593043973961846,53.08914518451008,7.76835997386547,0.0,0.2618363320993558,67.45055,2.999774482801449,0.9215663872364627,4.852168987636794,1.0702709230665646,10.298142,3.921341,3.611729223182572,13.909871,4.467180376370982,1.956385833525235,40.823358596556766,0.30469963633755376,47.551624,0.12073098821247161,3.408382734896372,17.338113482190277,4.9116677404518265,2.4039074326235212,0.6436605530014577,0.9589359041367649,0.4543614085176498,32.74935564558862,32.749355,100.199905,104.66551,106.538506,61.461494,54.73323,0.031978138,0.029537287,28.0,30.0,0.0,1.0,0.0,0.0,2.0,1.0,1.0,1985.0,94
139.0,2.0756746314995342,0.3493955677965207,0.522609619664953,2.9476798,2.656348649330113,6.323000367641127,54.83788214258545,6.6908813316382,0.130406544145789,0.24123707340790654,67.85176,1.8429317532225877,0.9238361767765327,2.8474481642084486,1.120168720573191,6.9966855,2.766768,5.073695496937243,12.070381,3.4064549877473995,0.3293979610479952,43.40198416666507,0.0,47.137836,0.35477303112515707,2.4245522474390837,17.083564760162844,6.890396688104807,1.3139779576090307,3.50963349145316,0.17266333496663022,0.26230080420528656,34.87187376877219,34.871872,102.72364,105.67132,108.79178,59.208218,55.472366,0.031978138,0.026494954,28.0,30.0,0.0,1.0,0.0,0.0,2.0,1.0,1.0,1993.0,91
140.0,4.01280172522055,1.1205800394204581,2.0593166962948,7.1926985,1.8929353461571488,6.925434198165733,55.98350878885916,3.6816440917866595,0.42094992048170793,1.3796293326623634,66.59058,2.0139796444841007,2.821916628300339,2.988196392234961,1.369359676805978,10.484743,4.8358965,4.274445516990422,14.759189,3.702614122710926,0.5696824922815303,42.125827219649864,0.2300480548011269,46.628174,0.12315129069667498,2.2791741623909183,15.547801542432651,5.834880915430807,0.5936756648130562,0.8979589777882313,0.03080497896413191,1.2912910394032,29.25958053412985,29.25958,95.85017,103.04287,106.61264,61.38736,56.885017,0.031978138,0.026874822,28.0,30.0,0.0,1.0,0.0,0.0,2.0,1.0,1.0,2003.0,383
141.0,2.998992180730073,0.0,2.699092889112621,5.698085,0.0,2.0498991690433774,70.0,7.016465090955851,0.0,0.0,79.06636,16.995464445563105,15.29485970497152,0.0,0.0,32.290325,32.290325,9.353326073253722,41.64365,0.8503023702957929,1.9840389412531865,26.9262423438708,0.0,29.760584,0.0,0.0,6.897681991164354,2.8837365709573937,1.1995967987475846,0.0,0.0,0.0,11.83131760859105,11.831318,90.89768,96.595764,96.595764,71.404236,68.56989,0.003714135,0.0011529924,29.0,30.0,1.0,0.0,0.0,0.0,1.0,0.0,0.0,1965.0,2
142.0,0.0,0.0,0.0,0.0,0.0,7.55895175284599,64.44620084446301,5.998893401265995,0.0,2.7014421128127837,78.00404,10.485386423797936,6.167031400231929,0.0,0.0,17.50683,16.652418,3.3994842949250295,20.906315,2.3563804239392976,1.977210037898532,23.080868392225284,0.0,27.41446,0.0,1.3338390390175017,15.288812523133286,17.972610975153366,0.3737987765209142,0.6021954339683251,1.7918028105782167,0.8544127294360447,39.82815078624713,39.82815,117.8322,117.8322,119.67922,48.320774,43.987183,0.003714135,0.007931705,29.0,30.0,1.0,0.0,0.0,0.0,1.0,0.0,0.0,1975.0,9
143.0,3.806920862304121,0.0,0.0,3.8069208,0.24589985974073394,7.892281793934741,51.84366192755492,8.474113540056322,1.5216574515341124,0.0431403207831978,68.21006,10.046291558999805,6.894481569888256,1.7474262207101579,0.12942096675764525,19.567719,16.940773,9.672783426032344,29.240501,2.0528578385433525,0.5357561549061589,25.71115239263754,0.0,28.299767,0.0,3.3192454603242174,24.651145516288913,3.505355291331118,2.138995827963687,0.0,0.43049696666145265,0.7500978536907399,37.38215444222013,37.382153,105.59221,109.39913,110.45973,57.540268,54.951653,0.003714135,0.0040666964,29.0,30.0,1.0,0.0,0.0,0.0,1.0,0.0,0.0,1985.0,13
144.0,2.9369106800957425,0.003601987327766672,0.0,2.9405127,5.574577167220821,7.975860734543533,62.376070020580386,7.710962407128207,0.030631538777739824,0.25261844604759986,78.0629,4.25717381574331,7.440407950104054,7.643922510389327,2.039856757838023,21.483465,11.697581,4.7555326405051055,26.238998,1.357447826208569,0.13230129550367062,15.947574059560036,0.0,17.437323,3.810730307413429,0.16237787449093083,18.86513236108986,9.511935107005224,2.0493860107148083,0.0,0.0,0.10210513130069375,33.753819802934295,33.75382,111.81671,114.757225,124.32368,43.676323,42.186573,0.003714135,0.0038330457,29.0,30.0,1.0,0.0,0.0,0.0,1.0,0.0,0.0,1993.0,26
145.0,0.4464042393783638,0.0,0.5052911679711417,0.9516954,0.0,6.8776399966140485,64.56664328643099,4.713365944078949,0.0,0.1515873503913425,76.157646,3.504097889865336,2.8687386934549566,0.0,1.1933703228359742,7.566207,6.3728366,7.276737090603754,14.842944,3.3914411066970978,1.5481020967731003,32.02337048258578,0.0,36.962914,7.627300997481795,1.6368905450891913,17.145901633169988,9.105713713791024,0.4327455266838229,1.0041282752665077,0.0,0.0,31.172762292442822,31.172762,107.330414,108.282104,116.194145,51.80586,46.866314,0.003714135,0.0015862356,29.0,30.0,1.0,0.0,0.0,0.0,1.0,0.0,0.0,2003.0,17
146.0,0.0,0.0,0.0,0.0,0.37185710702076585,6.224126594777848,54.49923798230812,8.95788355160883,0.0,4.040102123376921,69.68125,0.0,0.23765305036830753,0.24790472957025883,3.2421541822180955,3.727712,0.23765305,3.548486235052615,7.2761984,3.1565443295047846,4.984180626835957,36.22861558055784,0.0,44.36934,0.627970603883468,1.6635714739943768,10.589540500984482,25.204737681706973,2.9871700710542357,0.0,0.0,0.0,41.633285242507256,41.633286,111.31453,111.31453,116.35446,51.64554,43.504814,0.005003461,0.0026364755,30.0,30.0,1.0,0.0,0.0,0.0,1.0,1.0,0.0,1965.0,5
147.0,0.0,0.0,0.0,0.0,0.0,7.209648691034329,49.121254493252046,6.686154523780972,0.3675880593922897,0.1794751526774163,63.01706,0.7527985997805728,0.07837601707970425,0.0,0.0,0.98792666,0.8311746,0.16772596822736574,1.1556526,5.5996220820370395,9.856229714819472,50.23601675553819,0.0,65.691864,0.0,2.8455991988784617,16.371619247404865,13.693111005995926,0.20387884506046078,2.3120926680237615,0.0,0.1567520341594085,37.74510999816254,37.74511,100.76217,100.76217,101.15248,66.84752,51.39167,0.005003461,0.008887459,30.0,30.0,1.0,0.0,0.0,0.0,1.0,1.0,0.0,1975.0,10
148.0,1.2721797401210615,0.0,0.5654132178315829,1.837593,0.28211271479323374,11.107780959201557,53.0121543952061,7.735736778832771,0.0,3.5895220273639468,71.855675,0.6457122042624271,0.28211271479323374,5.01114902959165,0.537142606965305,6.4761167,0.9278249,4.740628431528552,11.216745,3.461694017962035,0.9846535230186062,24.34428946672569,0.0,28.790636,0.0,0.8057139104479575,26.76464569005355,13.188862638805823,0.5512779123984439,0.9170330245777699,0.35454955461054194,0.0,50.42771837944257,50.42772,122.283394,124.12099,127.992615,40.00738,35.561035,0.005003461,0.0037234062,30.0,30.0,1.0,0.0,0.0,0.0,1.0,1.0,0.0,1985.0,12
149.0,1.1430964298979454,0.0,0.0,1.1430964,0.0,9.823651719191883,58.87270171099187,12.06456479894552,0.6614042624956765,0.08161313246032374,80.76092,0.6768135906341871,0.24685595551627476,3.6561834229177017,0.5904144348164082,5.5851445,0.9236696,2.303057961576525,7.8882027,5.878237887590916,0.2572672145255187,29.938601291890464,0.4619998132531267,36.536106,1.7682845959411846,8.51184843553249,15.839704552395075,6.129755092397562,0.7002441565017368,1.4287123732217624,0.32395171868072614,0.41487700959596135,39.57525170373709,39.575253,120.33617,121.47926,123.57569,44.42431,37.826805,0.005003461,0.005592966,30.0,30.0,1.0,0.0,0.0,0.0,1.0,1.0,0.0,1993.0,31
150.0,0.05283064750489367,0.0,0.3032566802269394,0.35608733,0.848591625858499,7.3557473966802345,63.06116373313449,2.9678818776457407,0.0707986365425986,2.340804662850869,73.384796,2.3491373471444152,2.2499667548775997,0.88144581996596,0.9860727844793898,7.2246065,4.599104,3.6286678776620245,10.853274,3.5514341102385822,0.583335695072878,31.25100066385664,0.0,35.38577,0.0,4.2130256254952565,28.6537138164429,3.7687179309560817,0.31948715649754156,1.276894611389045,0.0,0.7579835958804428,43.85037135830851,43.850372,117.23516,117.591255,121.760956,46.239044,42.104275,0.005003461,0.004177,30.0,30.0,1.0,0.0,0.0,0.0,1.0,1.0,0.0,2003.0,43
151.0,7.8315112727785685,0.9736850884977842,0.3767610405239261,9.181957,1.1878439466512332,9.134881882642489,52.642254273670794,8.669055246854517,0.22738522567082817,1.8773836020870558,70.44619,16.94115004499929,17.30146888043618,1.0875858153604363,1.885666792785556,38.097645,34.24262,6.678284316050652,44.775932,0.6008398999325641,0.5818507219153891,8.971726343488392,0.0,10.154417,0.0,1.142615501270279,11.229645457877323,12.223619949423226,2.6303499362407807,0.19994840296695285,1.5761825418934978,0.8817745154058534,31.030665591753777,31.030666,101.47686,110.65881,113.06966,54.930347,53.747658,0.01987116,0.03183056,31.0,30.0,1.0,0.0,0.0,0.0,1.0,0.0,1.0,1965.0,59
152.0,5.8106639370761055,0.5690607436881616,0.1033542015699223,6.483079,0.6524698099262041,6.835860026788124,56.94384939522612,13.98736475915453,0.43977695301292663,2.505831374553051,77.767075,11.880065561841501,11.529298024322893,1.297080359484451,0.24202621380640205,25.441381,23.409363,4.879383804785823,30.320765,0.9468037377557522,0.7704560623025974,15.145369918311522,0.0,16.86263,0.2725087998533429,0.3468715856903441,14.031062076102984,11.095583387355212,2.239660913184899,0.2289304136071898,1.7894443689907387,0.4929109906897052,33.18877654390825,33.188778,110.95585,117.43893,120.816605,47.183395,45.466133,0.01987116,0.03587689,31.0,30.0,1.0,0.0,0.0,0.0,1.0,0.0,1.0,1975.0,47
153.0,2.3057817734547217,0.6641100996268801,0.0,2.9698918,2.6258843255299604,7.982796974280161,59.97918483664317,13.08207869437883,0.006984667757790522,2.3679473920445466,81.04406,10.96324071261932,11.335190951039284,0.0796619678847246,0.6508925417877705,23.643713,22.298431,6.262123910647524,29.905836,2.5053356009662022,0.5806828173315131,12.337886633833792,0.2235848706273526,15.64749,0.8085019677654894,1.7645867416758916,19.059525717689258,7.206324713314431,0.4638387336820216,0.144767422518231,1.5484041287073653,0.6147265036396895,33.238129393374166,33.23813,114.28219,117.25208,122.44667,45.553326,42.243725,0.01987116,0.011282169,31.0,30.0,1.0,0.0,0.0,0.0,1.0,0.0,1.0,1985.0,36
154.0,5.5064254918741975,0.2633447302765542,1.025139123016137,6.7949095,0.9490272464232191,5.648259796791302,52.432617987398466,6.800430696682928,0.3296385313563704,0.029833174830166776,64.88131,8.273805001178161,14.4937284331189,4.582677940436469,0.20577605158683823,27.869888,22.767534,3.4867711316362686,31.356659,1.21086292205465,0.014206261080333233,16.69842358368207,0.0,17.923492,0.0,5.788923088463491,15.419197985657231,16.044815224559716,0.5605986315208024,3.138738074266342,0.896806082489536,0.3139008769339205,46.04903221132313,46.049034,110.930336,117.72525,118.71985,49.28015,48.055084,0.01987116,0.008194375,31.0,30.0,1.0,0.0,0.0,0.0,1.0,0.0,1.0,1993.0,27
155.0,9.308763623658011,1.812901221062197,1.0877334151015596,12.209398,1.4785262437176403,6.4442241105909845,64.32476059233895,5.0578403594426975,0.814210291611373,1.572237092814876,75.82683,10.918477757493497,11.487182052844592,0.16510082862473607,0.6227880903217546,23.59721,22.40566,5.554684848379395,29.151896,1.5722421503686093,0.04531391842836172,15.27107186836037,0.051660336839966986,16.940289,0.5615901528936766,1.7210707852201101,16.145282182042312,6.67301449286813,1.3691331977397576,0.49316176149672325,0.04309897249387511,0.4036611679367863,28.08012200672492,28.080122,103.906944,116.11635,121.907814,46.092182,44.422966,0.01987116,0.012171808,31.0,30.0,1.0,0.0,0.0,0.0,1.0,0.0,1.0,2003.0,179
156.0,0.674124282884009,0.5739904113924086,0.7560257445531302,2.0041404,4.455231829621278,8.463825589422559,54.158653809362924,7.9226699058937164,0.3218107855512722,0.6501803341375423,70.54515,0.371026400626015,0.34930508158820034,3.16777305578399,0.39199617185658736,4.474527,0.7203315,2.7899474945037173,7.2644744,4.178262480032245,5.5420874384627625,43.881027524231854,0.0,53.601376,0.1371172176776972,0.9972532019707485,12.58979478906856,11.452898138271825,2.82450148845922,0.597356795942199,0.2021063680850541,0.19442627343073982,29.21494436307311,29.214945,99.76009,101.76424,107.13415,60.865852,51.145504,0.014526576,0.024760287,32.0,30.0,1.0,0.0,0.0,0.0,1.0,1.0,1.0,1965.0,46
157.0,0.9094952535516971,0.0,0.03533750957392428,0.94483274,2.043923403600318,8.940701729999551,62.327035075146256,6.840214433488856,0.0,0.2654453286655953,78.10795,1.087021797663377,0.3567657965727267,2.291017711463284,4.676537441737295,8.411343,1.4437876,2.3433822909342883,10.754725,3.6427510981494025,2.828293947395162,32.59960604670496,0.0,39.070652,2.7904379140719566,0.6012905064226555,16.89485606319966,12.302481699609267,1.7493411528127203,0.3098027060225615,0.8490451068650605,0.0,34.022033302721034,34.022034,112.12998,113.074814,118.17462,49.825375,43.354332,0.014526576,0.025394317,32.0,30.0,1.0,0.0,0.0,0.0,1.0,1.0,1.0,1975.0,31
158.0,0.2048992995687385,0.0,0.24830512987476108,0.45320442,0.49231144375029917,7.7972558428729855,56.42891729332784,9.901492259166806,0.04756803283074257,1.759845139755476,74.12766,1.0663078403668176,0.18807926870510358,3.277545063075123,2.8288443396501837,8.613455,1.2543871,4.7561039067597415,13.369559,4.811964145853605,4.468195810576696,37.11194710212258,0.0,46.39211,1.352478083923167,2.058744419985752,15.83003168610682,5.918216124790888,0.24830512987476108,0.7135204894233431,0.7135204894233431,1.2526783108341388,31.257939375605016,31.25794,105.385605,105.838806,108.238335,59.761665,50.481506,0.014526576,0.0062847603,32.0,30.0,1.0,0.0,0.0,0.0,1.0,1.0,1.0,1985.0,20
159.0,0.3268086509091723,0.0,0.18271951322350094,0.50952816,0.0,5.811557331812686,52.43600873665275,5.922711348958036,0.0,0.5887465328423387,64.17028,2.1029146857295156,4.960546288693847,5.559899759468006,1.8758761970581106,14.499237,7.063461,5.497454354296356,19.99669,4.386900005525667,0.0,37.33185935284399,0.0,41.71876,0.0,5.759480585977282,22.853079121413256,7.686417153979743,1.113217442317746,0.14929154320667518,0.0,0.0,41.0159969658996,41.016,105.18627,105.6958,106.284546,61.71545,57.328552,0.014526576,0.0065478124,32.0,30.0,1.0,0.0,0.0,0.0,1.0,1.0,1.0,1993.0,20
160.0,2.563900745468386,0.7240343492682857,2.0208722682368347,5.3088074,2.507680521055671,6.255723221065805,63.62620729546591,3.977773247578681,0.25113672123244885,1.5598323633421844,73.8597,2.69395840773407,1.1792524623500777,3.2271369254288236,0.5643910295720002,8.745877,3.873211,4.534107404927717,13.279984,2.3935405445018767,0.03544258447667779,32.491493843985154,0.882887562692643,35.803364,0.022904146697896977,2.5641474999790987,21.695441776308982,6.481232938885493,0.3088001363161872,0.6651086030240322,0.0,1.0811379910864922,35.84439337429447,35.844395,109.704094,115.0129,118.91665,49.083347,45.771477,0.014526576,0.0096457,32.0,30.0,1.0,0.0,0.0,0.0,1.0,1.0,1.0,2003.0,134
161.0,0.0,0.0,0.0,0.0,0.7877355621219163,10.399484323602174,61.54108727260927,9.255950148768493,1.979374262141737,0.31042616847421245,81.196526,7.610538655368302,7.035205576469776,0.05796339091133064,4.400210118682595,20.025002,14.645744,6.889690233167528,26.914692,0.797369116107439,1.9045557161110647,20.55873312108787,0.0,23.260658,0.5776727312466782,0.2069507719341068,7.79913855637054,11.351780811664526,10.851646789582906,1.0822106201938524,0.8137550750201258,0.921084856662261,33.89400327718486,33.894005,115.09053,115.09053,117.82465,50.17535,47.473427,0.011873181,0.005965515,33.0,40.0,0.0,0.0,0.0,1.0,4.0,0.0,0.0,1965.0,11
162.0,0.0,0.0,0.0,0.0,0.8130003939667281,3.636781900362766,54.27595696713343,4.827115096398012,0.0,0.4483869333993264,62.739853,10.382572488845971,14.399747701015793,2.3584774156180885,0.0,27.81338,24.78232,5.534974523275384,33.348354,4.311375428418402,3.0894013242840503,42.867543528865994,0.0,50.268322,0.0,0.0,10.097598215291715,2.3281757002377694,6.7770731171920735,0.0,0.0,0.6725804230069423,21.054666484854593,21.054667,83.79452,83.79452,84.38332,83.61668,76.2159,0.011873181,0.001459795,33.0,40.0,0.0,0.0,0.0,1.0,4.0,0.0,0.0,1975.0,3
163.0,0.6360758988694478,0.1459195375489398,0.0,0.7819954,9.120205989307363,8.482952805379892,52.98999027290171,8.987605706980382,0.0,0.1428016031604613,70.46055,7.213081461323251,6.381412897099989,0.2802793284720445,3.0262362924682678,18.39389,13.594495,8.079899274276817,26.47379,1.9811313831510216,2.338657632522071,26.1599833483867,0.0,30.479773,2.919117080956411,2.452505469533529,8.13217449248849,7.864058773331414,5.053881944473302,0.2823376268973259,1.4469714516737737,1.4928795541580615,29.114649745388945,29.114649,99.575195,100.35719,111.04644,56.95356,52.63377,0.011873181,0.013670331,33.0,40.0,0.0,0.0,0.0,1.0,4.0,0.0,0.0,1985.0,44
164.0,0.6295457066470725,0.2175583640254157,0.2000928739490937,1.047197,1.8179855949294033,7.605025968061326,56.455243012617565,8.219981623919391,0.7438994845230867,0.4048021049685582,72.28025,5.834471732355024,5.355705302968289,1.6225392412824295,1.4904115382545304,15.322963,11.190177,7.709281344144267,23.032244,3.4594044951674543,0.09181392455574733,33.24798742907432,0.00347255986799578,36.802677,1.01378662897099,2.1410821270875173,12.434107359823813,6.481458786558644,6.773505711509675,1.0189051889990333,0.24483741050226995,1.0198349139932612,31.8769909475659,31.876991,104.15724,105.20444,108.16508,59.834923,56.28023,0.011873181,0.023176929,33.0,40.0,0.0,0.0,0.0,1.0,4.0,0.0,0.0,1993.0,165
165.0,0.8169990413706586,0.008157584375121164,0.0858367348972009,0.91099334,2.893895988429883,8.379662992998295,56.79883851350036,5.630155391596851,1.3046659661994306,1.7003311698579129,70.808655,3.6459938688357774,4.335132467967727,0.535511093872935,1.8680195730431828,12.468646,7.9811263,6.612073287727864,19.080719,3.7230786606710753,0.1259274956479487,35.45712649654624,0.20626481789739212,39.512398,1.2170419329136202,2.218620890230675,13.402079087950353,7.2821786995144056,3.80080647086874,1.7836101615807092,0.23286676403219958,2.083989262787472,31.870474164960136,31.870474,102.67913,103.590126,109.40688,58.593117,54.537846,0.011873181,0.015093337,33.0,40.0,0.0,0.0,0.0,1.0,4.0,0.0,0.0,2003.0,246
166.0,0.0,0.0,0.0,0.0,2.8177896489967673,5.3038534035145615,48.25609489101634,13.950442366579713,0.0,0.2041070256710253,67.51039,1.7842364454211663,0.0,0.0,1.4503604978371045,3.234597,1.7842364,3.7838765824368727,7.0184736,3.3983256253765677,5.321690380263766,27.53295229239403,0.0,36.252968,0.0,0.6378344698859996,11.03677825543628,26.06981912709606,11.237901061511174,5.213937470738754,0.0,0.0,54.19626938540596,54.19627,121.70666,121.70666,124.72855,43.271442,34.551426,0.01094005,0.002163086,34.0,40.0,0.0,0.0,0.0,1.0,4.0,1.0,0.0,1965.0,4
167.0,0.0,0.0,0.0,0.0,1.9967596922459148,10.52755599952508,48.22081286815692,8.230091042871697,0.0,2.359997869334397,66.97846,0.6848535719713525,0.4851619432099969,0.0,1.5690649503508234,2.9630013,1.1700155,7.1927040756539276,10.155705,6.599882095536842,2.375934476992999,48.530152917107806,0.0,57.50597,0.0,2.6827476685414124,8.654726127500497,7.77438903754344,6.050568240222602,0.3732015113988807,0.0,0.22392086679980436,29.22702860945606,29.227028,96.20549,96.20549,100.338326,67.661674,58.685856,0.01094005,0.0040705143,34.0,40.0,0.0,0.0,0.0,1.0,4.0,1.0,0.0,1975.0,8
168.0,0.12099976423452508,0.0,0.0,0.12099976,1.0592995774235723,8.732280978820667,57.066396244653355,6.808380833515608,0.0,0.0,72.607056,2.85273969542455,1.504405846613971,3.6406990059937736,1.9624742380940712,10.423024,4.3571453,4.239087736265589,14.662112,3.6338782015112017,1.9078164759099234,29.98064523447917,0.0,35.52234,0.0,6.569512881485499,14.479495942674033,4.241429893298726,8.10290138949817,1.8690811966890546,1.7333588672404365,0.46270527504242265,44.490895846143594,44.490894,117.09795,117.218956,117.815544,50.184452,44.642757,0.01094005,0.009641892,34.0,40.0,0.0,0.0,0.0,1.0,4.0,1.0,0.0,1985.0,30
169.0,0.6419629497552083,0.33380418202554163,0.14246420594936968,1.1182313,2.8876388702537588,7.91895690805242,52.7694802469515,7.425640520995401,0.11586073425211108,0.7636496897896554,68.114075,1.4126411473342784,1.2656275489171418,3.2010583859863773,1.256692725050676,8.115586,2.6782687,5.623818781102437,13.739406,4.282239318972141,0.2253429350880046,39.648009439419084,0.08160675552213205,44.237198,0.4845286710694122,3.3803109032390246,14.063583649560714,6.323809415739879,7.24738648181955,1.9250207761330778,0.43413259272766147,0.9795665888954632,37.51897621156887,37.51898,105.63306,106.75128,110.0234,57.976604,53.387413,0.01094005,0.023020072,34.0,40.0,0.0,0.0,0.0,1.0,4.0,1.0,0.0,1993.0,160
170.0,0.1441598231800408,0.06340210294331745,0.0960576051660897,0.30361953,0.8714807142502816,9.386453985429254,54.94913253823808,5.000879786219067,1.1423317202562897,1.188089518212202,69.336464,1.7302072211795099,1.9604800149920252,1.7633141004952166,1.5593057759762787,10.010328,3.6906872,5.613390405597263,15.623719,3.3709991049887025,0.36208598819731097,41.47847442887515,0.22123004372372765,45.43279,0.7739377229763738,4.049184847670434,13.913849644966017,5.765313852850246,3.938215031480838,2.2716243023930307,0.4564141133746639,2.997021327925045,34.97911908684021,34.97912,104.31558,104.6192,106.94349,61.056507,57.102192,0.01094005,0.015804684,34.0,40.0,0.0,0.0,0.0,1.0,4.0,1.0,0.0,2003.0,226
171.0,4.046583809650862,1.6664996383429012,0.03329911202593594,5.7463827,5.212960041563933,6.5803738227920885,50.40756462987702,10.302389510020243,0.0,0.34811502376271036,67.29033,15.096300033629994,12.739675359373853,0.9009525415232295,2.8861566567306176,32.234283,27.835976,9.104538569654984,41.33882,1.3980367692252376,3.433218871209725,13.296058662291331,0.0,18.127316,0.0,0.0,2.27503101826517,14.62974553044696,6.169430706192957,1.1638729618794847,4.9597550541235975,0.6111996317986792,30.54727690898491,30.547277,97.83761,103.583984,108.53386,59.466137,54.63488,0.015370669,0.009268776,35.0,40.0,0.0,0.0,0.0,1.0,4.0,0.0,1.0,1965.0,17
172.0,2.6552052085901514,2.8869307989847846,0.453844893089335,5.9959807,4.026678446906734,11.873536029376375,55.456930490467606,7.291355136181997,0.23810633957110047,0.06190215602512058,74.621826,12.163905968533285,9.030655250104669,1.9346592086917715,0.0,23.367327,21.194561,5.333742455935507,28.701069,0.7193349044419687,2.7012070941813286,17.74546811139822,0.0,21.16601,2.676461347936953,3.6497555639115027,11.924056005579745,4.561624576532837,3.4336029502258985,1.3100720879343504,5.435722898230375,0.23810633957110047,30.75007580011159,30.750076,105.371895,111.36788,118.13292,49.86708,46.446537,0.015370669,0.008852248,35.0,40.0,0.0,0.0,0.0,1.0,4.0,0.0,1.0,1975.0,18
173.0,4.185922830003544,0.815199249790797,0.2884426044394846,5.2895646,2.58283599359634,7.666479248758003,55.160436516886875,10.269627158939047,0.4903016109413502,0.5672285535275884,73.09654,8.219893390463362,6.114302382073077,0.6628177890487601,3.0537006943674676,19.179878,14.334196,6.291125342401567,25.471003,2.952452945534181,1.586932940480151,22.127691269621263,0.0,26.667076,0.4691436301186649,2.314099265551243,9.887271152946289,5.826317199659595,6.411876528281812,2.9269181321038626,1.9627929800383683,1.129163681321011,34.4954658009594,34.495464,107.59201,112.88158,115.86192,52.13808,47.598694,0.015370669,0.011948113,35.0,40.0,0.0,0.0,0.0,1.0,4.0,0.0,1.0,1985.0,38
174.0,3.062975456782875,2.1487987930263883,0.6418953935161658,5.8536696,1.4301789219837324,8.412562308847896,59.45273443697399,9.2474110740749,0.2399858720896948,0.21383495596285132,77.11271,6.532960471472524,8.154915533740926,1.1618551961769152,2.6985370106520095,20.072453,14.687876,7.395223672014539,27.467676,2.5891440424968115,0.07235652481266946,18.479403012930373,0.038675358943662655,21.179579,0.21281254871770844,2.7193202764762323,13.57059987202063,8.871903144883067,5.608676312393855,0.7976504818648573,1.1110678636996636,1.5241835469733416,35.8137392195104,35.81374,112.926445,118.78011,119.352745,48.647255,45.94708,0.015370669,0.0221407,35.0,40.0,0.0,0.0,0.0,1.0,4.0,0.0,1.0,1993.0,73
175.0,9.061756189710472,2.9894936349025802,0.9804372131198913,13.031687,4.080440593070408,8.776203280692286,56.22178102442256,5.27038915493707,1.2608910632802712,1.0783002120857652,70.26837,6.892306543053345,7.546653848130922,0.6248267230047857,1.7997469852368202,18.520355,14.43896,8.065741346146666,26.586098,1.6507119961089671,0.4032632030179667,22.251235315696583,0.11259306681983308,24.417803,0.6757639107718864,2.524276792115252,9.694382012226793,7.098691738977803,3.4051074930318004,1.1443711751533194,0.0693722461844186,1.6568213483228345,27.032725085654576,27.032724,97.3011,110.33279,116.9961,51.003902,48.837334,0.015370669,0.024643505,35.0,40.0,0.0,0.0,0.0,1.0,4.0,0.0,1.0,2003.0,568
176.0,1.5493168523837801,0.08694317312869765,0.30499246760632254,1.9412525,3.611343167833252,10.146140833843214,56.996024169632726,7.351732146678481,0.28053277216222655,0.23533025018510675,74.4939,1.470358194946777,0.8785832953051697,5.003627665009318,0.6727651699169495,8.18468,2.3489416,7.059631175892035,15.244311,3.705399919869417,4.517421698309861,32.61502525582311,0.0,40.83785,3.9045077058333613,1.3896334895556195,6.931091576139666,11.42397117901596,5.83138598039531,0.900930524286963,0.3778067004908574,0.1593456047994655,27.610324441103565,27.610325,102.104225,104.04547,111.91784,56.082157,47.859337,0.019301401,0.014643742,36.0,40.0,0.0,0.0,0.0,1.0,4.0,1.0,1.0,1965.0,27
177.0,0.8216269199120899,1.1996451460499238,0.057216561866228526,2.0784886,2.287781553072844,8.063216473184728,50.29570028007292,6.888131266504438,0.0,0.16859884785755952,65.24705,0.8899549634358416,0.2229811231194696,4.898375160029374,1.405533655006151,8.68421,1.1129361,1.9156197488595048,10.59983,5.285471466661394,3.529735975109821,47.066281192635344,0.0,55.88149,0.0,5.248246176720507,11.039199266581445,10.041374680049348,4.061992883226392,0.3160921796713183,0.8326306589086764,1.267364751459338,33.004129642536334,33.00413,98.251175,100.329666,101.518684,66.481316,57.66611,0.019301401,0.012202583,36.0,40.0,0.0,0.0,0.0,1.0,4.0,1.0,1.0,1975.0,20
178.0,2.6976241471150035,0.2820934702057968,0.6379880076736342,3.6177056,2.081835049307495,9.052988353997856,53.9238875859324,7.384204289796245,0.02070160809544132,0.07469585772499172,70.361084,2.9494201969037417,2.6639716038062047,2.9740134115620416,3.1059999048636895,12.179941,5.613392,5.159008910045344,17.33895,4.641654301982078,1.2124645753400523,36.7681524695264,0.0,42.622272,0.43324559606598834,2.0202396767064292,11.985235177009407,5.2410530554785275,3.5921735520233398,1.1823870748401248,0.5697239590314033,0.4865360084003274,31.936050741414554,31.93605,102.29713,105.91483,108.03878,59.961224,54.1071,0.019301401,0.01809201,36.0,40.0,0.0,0.0,0.0,1.0,4.0,1.0,1.0,1985.0,57
179.0,1.1861789568496162,0.40829097805972653,0.727895035209146,2.322365,2.895850705985673,7.97177050280424,53.83189955361656,5.814354958173729,0.26216058292727223,0.2407628206828165,67.61803,1.8555326235594065,0.8991319674468375,4.402021176467298,0.01696022032348073,7.754439,2.7546647,2.6952414969306924,10.44968,6.605822094318699,0.31625395336267953,45.36106147615698,0.0,52.28314,0.37307207323136693,2.840284591421565,15.666677940606437,4.3971126823410716,4.561205741333032,2.2253494562419975,0.3136004001234048,0.5807927694695585,32.13573860479106,32.13574,99.75376,102.076126,105.26718,62.73282,55.81074,0.019301401,0.026794873,36.0,40.0,0.0,0.0,0.0,1.0,4.0,1.0,1.0,1993.0,74
180.0,4.599723321976184,1.3897794003530155,1.2211818095031817,7.210685,3.5037061528984323,8.841867015608006,54.07354012489496,4.294430424382116,0.6860445032711955,1.2517057060500316,67.20984,2.1716494859733495,1.3453469877220392,2.1842776106333406,1.4389897036471684,9.144504,3.5169964,5.155145555666231,14.299649,4.146287916073703,0.3253550778175597,42.30078211138807,0.2918366358039407,47.064262,0.2993941615797143,3.1005568167373956,10.484050392868195,5.14174935761635,2.7831474533298417,1.8616219129666371,0.15060476004802334,2.0042396495150387,27.130496316441015,27.130497,94.34033,101.55102,106.636086,61.36391,56.60043,0.019301401,0.024773797,36.0,40.0,0.0,0.0,0.0,1.0,4.0,1.0,1.0,2003.0,476
181.0,0.0,0.0,0.0,0.0,6.265493830824341,6.282865619522546,55.08865130722206,7.431168093803779,0.0,0.0,68.80269,6.494896109308452,6.8858051952420105,0.32416133199290276,0.0,13.704863,13.380701,2.936950333230842,16.641813,4.337769676958682,2.4150739682523277,42.31556599321013,0.0,49.06841,2.4111999606569485,0.0,8.618258174704284,12.412051760327596,2.996901154197507,0.0,0.0,0.0,24.810397877174154,24.810398,93.61308,93.61308,102.28978,65.71022,58.95738,0.009717485,0.003200087,37.0,40.0,0.0,0.0,1.0,0.0,3.0,0.0,0.0,1965.0,6
182.0,0.8760017319577212,0.0,0.0,0.8760017,6.684132300723581,9.884897568696253,57.329132819515785,11.504191591901005,0.6583146080701152,3.4573099406559487,78.71822,11.31518720720005,7.66533128771862,0.0,0.6788279815053084,20.33246,18.980518,4.202137668270591,24.534597,0.8412843225592249,0.40411463097601374,18.270371275750218,0.0,19.51577,0.0,0.0,10.538517657313283,9.692799779813138,5.14813067080938,0.4380008659788606,2.8294325157118685,0.6731132214279708,34.22876532248356,34.228764,112.94698,113.82299,123.94963,44.05037,42.80497,0.009717485,0.0031049196,37.0,40.0,0.0,0.0,1.0,0.0,3.0,0.0,0.0,1975.0,7
183.0,1.1572359642738455,0.0,0.0,1.157236,0.0,8.381270922787175,54.468448293058415,15.380646042891412,0.3024488970191968,0.9678830362880324,78.23036,8.937619490483085,10.702212682025033,0.7074479595886488,1.057596807501204,22.531578,19.639832,5.565221743025344,28.0968,1.2307498009167452,0.6916555563492305,24.092850546656457,0.0,26.015255,0.0,3.8994684737361114,10.868938740032732,9.075478673994306,3.5460517190347347,1.3606116322079924,0.6890588544071689,1.1267010592538302,34.35671306634322,34.356712,112.58708,113.744316,113.88795,54.112057,52.18965,0.009717485,0.0063672587,37.0,40.0,0.0,0.0,1.0,0.0,3.0,0.0,0.0,1985.0,20
184.0,1.6295050602071404,0.4789483458218115,0.0,2.1084535,2.0148872646066756,6.920361894188026,56.881636944837815,8.601284428762465,0.9681538144936989,0.9683029725622664,72.40328,5.356230204030486,7.348634607291531,0.8522425643871102,1.1791183369116678,16.131756,12.7048645,6.856175752807303,22.987932,3.6164906710830502,0.16261865177278712,32.106786085163776,0.007521008558540841,35.893417,1.4417448275303877,1.430475653336524,12.634718091929065,7.373922649451274,3.605604302690813,1.3777538557032607,0.566747849406353,1.3955303837721735,30.6093564893016,30.609356,103.01264,105.12109,109.11865,58.881348,55.09472,0.009717485,0.01794891,37.0,40.0,0.0,0.0,1.0,0.0,3.0,0.0,0.0,1993.0,122
185.0,0.5229942323034454,0.13531881492910308,0.07281142406228289,0.73112446,2.483947874264141,7.293788018149155,59.92375947530732,5.626979709430789,0.8998403580243525,2.412665457930214,72.84453,4.127637179098882,6.987577214030055,1.0983732671856772,1.081041542099905,15.076369,11.115214,5.243350268336563,20.31972,2.1672462411659983,0.2335668487184355,29.767254221985144,0.07108383601851473,32.23915,0.8146548517962555,1.1661895306111087,15.446378147011325,9.026514966754808,2.6073472011749548,1.6579429880776575,0.18510690534152296,1.7817402445804043,34.00018996983452,34.00019,106.84472,107.57584,115.44113,52.558872,50.086975,0.009717485,0.017966248,37.0,40.0,0.0,0.0,1.0,0.0,3.0,0.0,0.0,2003.0,262
186.0,0.0,0.0,1.2066195743746533,1.2066196,1.7078656678067434,12.895154791119037,50.28367357152105,8.196635665903349,0.0,0.0,71.375465,1.7631410380965113,0.08357104642630707,0.7024995357170427,0.0,3.7597625,1.8467121,6.2977323595002455,10.057495,2.0983437601277193,3.9500764241290494,23.706653915348845,0.0,29.755075,0.0,3.770060415915572,16.23740562107745,11.797709694638344,8.73068325309397,9.54877217969227,0.0,1.210550916103927,55.108033720218465,55.108032,126.4835,127.69012,128.18742,39.81257,33.76415,0.008878557,0.0033018393,38.0,40.0,0.0,0.0,1.0,0.0,3.0,1.0,0.0,1965.0,6
187.0,0.0,0.0,0.0,0.0,0.0,12.086812998793839,54.95551224508127,12.419999031161389,0.0,0.0,79.462326,0.2968226536702742,0.0,1.339231025956821,1.4616197453800674,3.6716297,0.29682267,0.24360328259959926,3.915233,3.4366787901414733,2.8697806581998773,39.41221423297969,0.0,45.718674,0.0,0.0,28.98724050258362,3.8586947100176783,4.447803497364493,0.0,0.1484113268351371,0.5739561316399754,39.477725898656395,39.477726,118.94005,118.94005,118.36609,49.633907,43.32745,0.008878557,0.0017595692,38.0,40.0,0.0,0.0,1.0,0.0,3.0,1.0,0.0,1975.0,4
188.0,0.0,0.0,0.0,0.0,0.8917176820222682,7.540323550830063,53.91798578997414,8.68318264856026,0.0,0.16601111082062278,70.141495,1.8246305631597861,0.33292265010800626,1.0898914386961605,3.806565632612871,7.3639946,2.1575532,3.312613178312763,10.676607,6.019628876531225,2.7729719241390796,41.56672807441736,0.0,50.35933,0.07225764401705446,1.3771871158638036,15.24401402761522,10.418733437468267,4.030186571677218,0.0,0.5468925779726955,0.3099842284201395,36.00256890482924,36.002567,106.14406,106.14406,106.964066,61.03594,52.243336,0.008878557,0.008563964,38.0,40.0,0.0,0.0,1.0,0.0,3.0,1.0,0.0,1985.0,27
189.0,0.7223302225521386,2.2888564280564405,0.07430152378640376,3.085488,0.9958456256339273,7.453244092082904,55.738755672611525,8.61234546100069,0.46724687328612424,0.14364743047792355,71.804344,2.2957537359101154,1.018317492209685,4.409225217951038,1.8052121843419222,9.87288,3.3140712,6.179632434417485,16.052513,3.820575275477764,0.5922567092512052,35.84733402890308,0.0,40.260166,0.23676608154576614,2.3889454604837193,16.593089532747594,7.632885259866186,4.020234604800156,1.8151456683428533,0.8632137960611178,0.3443719273417284,35.29835329984371,35.298355,107.1027,110.18819,111.687325,56.31268,51.899845,0.008878557,0.015662003,38.0,40.0,0.0,0.0,1.0,0.0,3.0,1.0,0.0,1993.0,114
190.0,0.3025346077334824,0.06984881781847507,0.1502579056218581,0.5226413,1.4231565537472703,8.490909571530509,55.29518899292456,4.073154390475149,0.8762989020556686,0.9817697141730434,67.85925,1.7833953583423385,1.6549715834792702,3.1861728024392635,0.9156953462028622,10.066022,3.438367,3.0428915201400755,13.108913,3.3095568287322217,0.7719808984077647,41.558855955323544,0.5525339776950209,46.19293,0.5527126330885369,2.8557137848980516,18.293088387412777,4.907123363001004,2.334397742783211,3.1037632546631913,0.3237629840290775,2.525786886110101,37.95856378610743,37.958565,105.81782,106.34046,108.69816,59.30184,54.66777,0.008878557,0.015105407,38.0,40.0,0.0,0.0,1.0,0.0,3.0,1.0,0.0,2003.0,214
191.0,4.302912414173331,0.6761945282334723,0.1301055542489619,5.1092124,4.929367451417901,8.339737656148168,54.65250641877589,9.36319975796368,0.4653884141590805,0.4540007536005633,72.355446,12.990675446322504,12.319061078129803,0.3692124642710609,2.0144881441269566,27.92792,25.309736,10.659836968912952,38.587757,1.7316204598681537,0.7682032065311596,14.632753025451068,0.0,17.132576,1.7214749752808498,0.021684258302932184,6.778490476835168,10.226067952371595,6.47823752543391,1.7409548812245816,1.793215230668183,0.23448317352780357,27.479261378826724,27.479261,99.83471,104.94392,112.27966,55.720333,53.220512,0.014394638,0.015946198,39.0,40.0,0.0,0.0,1.0,0.0,3.0,0.0,1.0,1965.0,29
192.0,4.95976911289221,1.5262765107030607,1.4952069007506341,7.9812527,4.9605666837535685,9.727001266679807,55.63352493397891,8.241340959719196,0.0,0.34852235939326415,73.60187,18.8161300463853,17.03536465178571,0.08713058984831604,0.25267872747572323,36.556522,35.851494,12.077138246426065,48.633663,1.2417423823310365,0.6899881204083269,11.997765074856705,0.0,13.929496,0.0,0.0,7.736437936364228,4.466577402683982,2.1641680673353147,0.0,4.17745090065818,0.3652184455637278,18.909852773960242,18.909853,92.51172,100.49297,105.436844,62.563156,60.631428,0.014394638,0.005585524,39.0,40.0,0.0,0.0,1.0,0.0,3.0,0.0,1.0,1975.0,11
193.0,2.2813725934569735,1.0958882602738744,0.19265343304045443,3.5699143,3.320965840782411,7.84450944056054,55.91426621718466,7.022770305710048,0.314023278722099,0.017134348078935817,70.78155,9.746325356012607,8.41704784239079,3.2949005563969855,1.545518948307932,25.437168,18.163374,7.297876273063296,32.735043,2.38884033564945,1.9080582383880311,17.129319049164177,0.2348580395911367,21.661076,1.4860807595604026,2.2017449565546166,9.6788218707861,8.470902711092215,5.540573491461059,0.9966670822995833,2.902719396189105,2.4333749704341385,36.54759061230664,36.547592,107.32914,110.899055,113.60388,54.39612,49.86436,0.014394638,0.010904765,39.0,40.0,0.0,0.0,1.0,0.0,3.0,0.0,1.0,1985.0,35
194.0,3.901093725955771,1.4069248835009238,0.3447135999294875,5.6527324,2.1592861549607623,7.022693343490862,56.170654057024464,7.754634682893609,0.42716892096791625,0.04825475053686289,70.94798,7.2386624844016,6.610923940894892,1.4484932773323882,0.599821034359705,16.983921,13.8495865,8.940321529663958,25.924242,2.7744656715051472,0.09891553637319729,24.877044376302052,0.016737838296067946,27.767164,1.6070497432335795,2.419073470607314,13.162182750635647,10.162505741867825,2.8830772573497994,0.8336731949908229,0.7717034958704957,1.0860197650607084,34.552140829227824,34.55214,105.50012,111.152855,114.30859,53.691406,50.801285,0.014394638,0.0155390985,39.0,40.0,0.0,0.0,1.0,0.0,3.0,0.0,1.0,1993.0,62
195.0,6.420632683211522,2.3982041152616738,0.5888224815700134,9.40766,3.07334477106237,7.442441710215397,58.80818853502041,5.332606436000853,1.4356520661852274,2.40329778750772,71.58324,6.630062287491647,8.114195675221085,0.7706268178465262,1.2571473406441107,18.210964,14.744258,6.135678962289132,24.346643,1.9312714260126909,0.1607754157870296,25.017949306546413,0.2924666343722306,27.402462,0.9576738605962425,1.4455856469754467,12.118330048233737,6.845795800066746,2.3112735421359214,1.71370327696521,0.2726874373045523,1.4389328497818006,27.928256144122145,27.928257,99.51149,108.91915,116.25089,51.749107,49.364594,0.014394638,0.023997605,39.0,40.0,0.0,0.0,1.0,0.0,3.0,0.0,1.0,2003.0,512
196.0,0.8580738549756358,0.05181084490689189,0.478815716717184,1.3887004,3.7089261834005396,9.307384790506303,56.10306750029555,7.397997203817975,0.025905422453445945,0.0,72.80845,1.4046623057811476,0.288989393653321,1.0782018888188745,0.4400490575235221,3.289619,1.6936517,5.797513262061394,9.087132,5.519824693582076,4.961561319502742,50.547578203575796,0.0,61.028965,2.1652472593180505,0.23861804898275019,7.961993337730537,3.822992802133368,5.206158130142784,0.23314881002201465,0.3237640533931291,0.07771627000733822,17.864391621850466,17.864391,90.672844,92.06154,97.8839,70.1161,59.63471,0.011421905,0.012816055,40.0,40.0,0.0,0.0,1.0,0.0,3.0,1.0,1.0,1965.0,24
197.0,1.2193844872191433,1.0696247917790713,0.5722245001726378,2.8612337,0.8583367502589567,7.4820542639042,50.130492011121724,3.5587585869421803,0.0,0.0,61.171303,0.0,0.0,9.089437244653343,0.0,9.0894375,0.0,2.0262262704721774,11.115664,3.6777939984346903,2.2311765999137796,50.2345804585522,0.0,56.14355,8.913539620612658,0.0,19.425149605488123,4.321333975921554,2.548112052137474,0.4278499167116285,0.0,0.0,26.9363705038809,26.93637,88.10767,90.96891,100.74078,67.25922,61.350243,0.011421905,0.0044944263,40.0,40.0,0.0,0.0,1.0,0.0,3.0,1.0,1.0,1975.0,9
198.0,1.046717013017673,0.7911323840190806,0.19225117295204974,2.0301006,3.172862786932544,7.931793149660561,56.53558924305893,6.788867912701639,1.8493278972415965,0.17950622513557907,71.25625,1.980420744806363,2.648316921392941,6.346508364570551,2.5926168579314877,15.088939,4.6287374,5.425511956607868,20.51445,6.198996841798601,1.798593765526602,32.08194740947949,0.0,40.079536,0.0,4.2009531448764434,10.433728359503986,6.660229427744349,2.2206211373931133,0.0,1.3842082011902515,1.5210757404696604,30.439039628782208,30.43904,101.69529,103.72539,107.40601,60.593987,52.596397,0.011421905,0.0078022936,40.0,40.0,0.0,0.0,1.0,0.0,3.0,1.0,1.0,1985.0,25
199.0,0.4883358312337038,0.24454988762984942,0.0,0.7328857,2.6220492010958947,9.352252456586795,57.74374801143747,6.779873606117046,0.26939908957762465,0.24639286231149818,73.87588,1.5334092924602118,0.9439581196898831,8.930464169082011,1.393126677453528,13.9392185,2.4773674,4.042249156871469,17.981468,3.447386118212259,0.2783676433528956,35.446654245283035,0.0,39.17241,0.24121829343169668,2.0450216369335363,16.38782071567386,6.15235187814272,2.802479039724081,1.925645896181421,0.28445168523496234,1.1382604982941538,33.996565227324425,33.996567,107.87244,108.60532,110.84612,57.153877,53.428123,0.011421905,0.013331545,40.0,40.0,0.0,0.0,1.0,0.0,3.0,1.0,1.0,1993.0,47
200.0,3.8805302064030336,0.7697833495386662,1.0607950206530212,5.7111087,2.6499965858712455,8.21490580766278,56.250831496206196,3.8296557992688687,0.8551106313999913,1.223361441948924,68.295395,2.439119182637737,2.0442170398498543,3.8443900923901637,1.5748221965239015,12.212723,4.4833364,4.601402531279417,16.814125,3.5410065973017146,0.2000760469930352,37.59479405792012,0.28085836054720165,41.616734,0.9300207633547253,3.002923341130673,14.248865490312502,6.4746847891900075,1.275161108904396,1.3020738397667668,0.33174174887753927,2.3101740594321236,31.16818319321548,31.168182,99.46358,105.17468,109.56914,58.43086,54.40892,0.011421905,0.018665206,40.0,40.0,0.0,0.0,1.0,0.0,3.0,1.0,1.0,2003.0,321
201.0,0.13079617114995465,0.0,0.0,0.13079616,3.2036905400356535,6.566648296079325,55.58345632582298,10.978092438995272,0.008485595300839333,0.1440036948611969,73.1282,10.214550741350568,9.591912613507034,1.0612529412150136,2.190727371879525,23.921947,19.806463,6.995262636978335,30.91721,3.0222565525366587,3.2842303394579986,29.348523362905944,0.0,35.65501,0.0,1.7310664625243306,6.821718203924648,9.017472172205393,4.847520238052588,0.10449853921817807,1.3478141853119758,0.8635036756834568,25.67611052536747,25.676111,98.804306,98.935104,101.42778,66.57222,60.265736,0.020798542,0.014767766,41.0,40.0,0.0,1.0,0.0,0.0,2.0,0.0,0.0,1965.0,28
202.0,0.23808367448333909,0.0,0.0,0.23808368,2.5159475688146102,9.65762445163239,58.86620696237541,7.126805795370612,0.632794528042864,2.466678526061848,75.650635,10.57402880689207,10.491059715083596,1.550210973328019,0.36380876220029323,23.380718,21.065088,6.208519513987355,29.589237,0.771680261684269,1.8393161205460604,17.148349436288626,0.0,19.759346,0.0,0.0,19.58208460978777,11.341629676675701,1.6903614092302388,0.37039990642139176,2.610946433366812,0.40160986724818715,37.548884903717656,37.548885,113.199524,113.43761,118.65141,49.348583,46.737587,0.020798542,0.014206483,41.0,40.0,0.0,1.0,0.0,0.0,2.0,0.0,0.0,1975.0,23
203.0,1.7576880910506094,0.19738311054088467,0.2305128427578301,2.185584,0.9951975867474836,7.3515259986284915,56.31440899183147,10.517737168412012,0.023014210217138016,0.4053763338681893,74.18367,9.454353825412824,8.26504588939431,3.301752641425088,1.461119513229857,23.16726,17.7194,4.0533048289162235,27.220566,2.8574981796684247,1.526624083337213,22.370249265168017,0.029212703065149285,26.783585,0.7960696188934939,0.8305005393056132,16.299628923038618,9.065894396573455,3.896811105247548,0.20303080159753445,3.0280856150850575,0.6849880865324512,36.09192491408495,36.091927,110.2756,112.46118,113.99585,54.00415,49.590813,0.020798542,0.022821123,41.0,40.0,0.0,1.0,0.0,0.0,2.0,0.0,0.0,1985.0,72
204.0,1.6836375230237006,0.1713525969229661,0.13708747477531844,1.9920776,1.2377584992581327,6.712879321730901,58.82302594257885,9.084516243398317,0.32640570518139406,0.756229453452877,74.62042,6.103977928412606,7.27114047334141,2.122529346593804,0.9621997914843188,18.000399,13.375118,6.417906278318361,24.418304,2.5551399437697744,0.04047134554491498,28.01373350547609,0.0,30.609344,0.0716136048048206,1.2571492112261025,16.77670135851442,8.601779352638909,2.4327740954791857,0.9798210164640734,0.971661937653224,1.540551059295662,35.50839517782666,35.508396,110.128815,112.120895,112.97235,55.02765,52.432037,0.020798542,0.029605255,41.0,40.0,0.0,1.0,0.0,0.0,2.0,0.0,0.0,1993.0,191
205.0,0.5211264593987075,0.041920251177760486,0.4761822393261799,1.0392289,1.813239033601251,7.2695762606648096,58.21656518386647,5.886166671907515,0.8647326392232499,1.8263981536944447,71.37231,4.53391839458516,7.616413081516826,1.679711711688419,1.234690375771269,17.6017,12.1503315,5.974098354598829,23.575798,2.2439126102446467,0.29861844967396084,27.84288187074608,0.1916035729499339,30.577017,0.2536250721412146,1.6432488806572805,19.044934992168557,9.203405859116224,1.5999311338835873,1.9142662551753293,0.1700626045311562,2.536966692701034,38.72225880049386,38.72226,110.09457,111.1338,113.84718,54.152817,51.418682,0.020798542,0.022592079,41.0,40.0,0.0,1.0,0.0,0.0,2.0,0.0,0.0,2003.0,271
206.0,0.1279049224769562,0.0,0.19185739025005807,0.31976232,1.4294650277783454,7.593323849433917,52.567848579209596,8.972247632282562,0.47546521284449733,1.588319232829489,69.13342,1.7208142666400996,0.548731175169453,0.08691283793220048,0.9804372964334611,3.3368957,2.2695453,7.930931299967566,11.267827,4.1315794749019465,5.993512898758746,41.28279152563769,0.0,51.407883,0.0,0.0,10.491864477255906,14.231754243212784,6.468474623033844,0.6127902351723348,0.5219387351371927,0.0,32.37785728310299,32.377857,101.51128,101.83104,105.32429,62.675713,52.550617,0.01658783,0.010813704,42.0,40.0,0.0,1.0,0.0,0.0,2.0,1.0,0.0,1965.0,20
207.0,1.2323457443375017,0.0,0.0,1.2323457,3.812852969322715,8.653023084399035,56.30296986470403,6.2626641838985835,0.0,0.40269051520324917,71.21866,2.8035022231827096,1.595067091179703,2.0606820903508893,0.08074825561004696,6.764783,4.398569,1.858611075286073,8.623394,3.70913503094174,2.752717147898557,42.399176718176605,0.0,48.86103,0.0,5.876089185464555,12.077209674513922,9.852540676605098,4.801282890129787,0.34822685908656814,0.0,0.22478297645266776,34.07381384361971,34.073814,105.29247,106.52482,110.51558,57.484425,51.02257,0.01658783,0.011830439,42.0,40.0,0.0,1.0,0.0,0.0,2.0,1.0,0.0,1975.0,20
208.0,0.20615908821779777,0.0,0.03807138551189864,0.24423048,1.7740752641748603,8.617557427375099,50.89497491959826,9.986683025430567,0.03627070895932041,0.28886451771638105,69.499214,1.7703303442574914,2.523084450452115,2.1558933654237693,0.6605965983775417,7.6322026,4.2934146,3.3363481119010747,10.968551,4.253434971982636,1.2586178592910064,38.44558802396355,0.0,43.95764,1.5069378599621905,4.887929411273343,17.318961672350763,7.196899525626573,2.0810000279918177,1.1178277709600593,0.6608777575646333,0.5222977467263156,40.24651185406581,40.246513,109.74573,109.98996,113.07381,54.926193,49.41414,0.01658783,0.015523904,42.0,40.0,0.0,1.0,0.0,0.0,2.0,1.0,0.0,1985.0,49
209.0,0.8582994727519904,0.0,0.0,0.8582995,1.1207938896814922,6.822068909315252,55.45724234488072,6.221125991033793,0.02348886984791663,0.6307861255276955,68.500435,1.6137349347921375,1.3260458232293422,3.467047555259218,0.8960610014221728,8.436123,2.9397807,3.2112230764732814,11.6473465,4.4845606844273895,0.09068890276357784,42.549411012870195,0.37147258892532975,47.49613,0.0,4.3471370710082375,21.448228794823432,5.675179957349327,2.3707237205258185,1.8305296118007173,0.10962377335836132,1.1332338973641176,38.85594880654113,38.85595,107.356384,108.21468,108.85652,59.14348,54.19676,0.01658783,0.018380636,42.0,40.0,0.0,1.0,0.0,0.0,2.0,1.0,0.0,1993.0,121
210.0,0.43441835298717274,0.012088362835889514,0.0008514111817552429,0.44735813,1.048256648464676,8.745531068557417,58.149851786430006,4.170377646832044,0.7993564835574624,1.9059384143935623,71.06576,2.0565614688008167,1.4948520226885311,3.1556441804416795,1.0977468789148395,10.927531,3.5514135,4.0337063726917375,14.961238,2.5321012068451934,0.9708523641486494,32.18473171048185,0.12865876842540921,35.816345,0.06206464244444002,3.0325164372260613,24.707780188573516,6.615474162155432,1.3440611411984626,1.5474773311620185,0.7462354583087943,3.1227268909513155,44.26669810982129,44.266697,115.33246,115.779816,117.22242,50.77758,47.14597,0.01658783,0.026390465,42.0,40.0,0.0,1.0,0.0,0.0,2.0,1.0,0.0,2003.0,271
211.0,3.9661873489986257,0.8439804936362925,0.3280118801033132,5.13818,3.680065033013423,8.187039778698137,54.46319021139579,10.236726297769911,0.015075009621952951,0.272623155079798,72.886955,15.064395413931095,13.14466376070131,0.7281197781057054,1.7465008728242164,31.533966,28.209059,6.733965224580063,38.267933,1.248798937171091,1.6472343815685127,15.796709859343041,0.0,18.692743,0.28935151964004624,0.34889903543790507,8.361711283804787,11.415502692395725,4.582236820440827,0.3150801329795471,3.398413248259514,0.8502867460540072,29.607361192984758,29.60736,102.494316,107.6325,111.03932,56.960674,54.06464,0.029533932,0.04404711,43.0,40.0,0.0,1.0,0.0,0.0,2.0,0.0,1.0,1965.0,82
212.0,4.471103486842243,1.2694492447040753,0.6962226087535998,6.436775,6.538058314585185,7.880924333056815,59.15058323196079,5.725829723744035,0.2118734815329299,1.2566966347148685,72.75734,12.491665726978944,8.149869615077714,1.163921970747443,0.6677490069024894,23.382053,20.641535,7.36728559316917,30.749338,1.0486883233456816,2.210153059821305,16.3276875834585,0.0,19.586529,0.1279217209046684,1.5201028971040451,12.686304023718824,8.22978750903025,3.9811682266524877,0.5942137505427575,1.459109198296227,0.9088470367841233,31.244316088729832,31.244316,104.001656,110.43843,117.66413,50.33587,47.077026,0.029533932,0.02998539,43.0,40.0,0.0,1.0,0.0,0.0,2.0,0.0,1.0,1975.0,50
213.0,2.478598385066514,0.4141290537777469,0.26103137044025293,3.1537588,2.753365711323132,8.492061155478732,55.20673693861098,10.155749338684283,0.04245198780328755,0.23169898296839647,73.854546,8.71998917269376,8.524805759505245,1.9894042508008545,1.6307491568533294,21.090254,17.244795,8.585148541760054,29.675402,3.0197024594301585,1.0191115674108402,21.84639288847558,0.1169852424206098,26.002192,0.3617495797829058,1.768457112750453,14.336087631406766,8.208142324223425,3.0111400891626836,0.2522326143677643,0.6628845709591774,0.22530529719819584,32.15013846376577,32.15014,106.004684,109.15845,112.3224,55.677593,51.521793,0.029533932,0.028749172,43.0,40.0,0.0,1.0,0.0,0.0,2.0,0.0,1.0,1985.0,91
214.0,1.9248524418256665,0.1446766668988032,0.035890376703811025,2.1054194,2.4406876826538006,6.9506792063145895,60.212345107441,13.1724256236503,0.5147405896007702,0.1578364736985275,80.33545,8.432329495416605,9.316288302339654,0.6262011977268559,1.2159004798091742,19.739975,17.748617,4.2762474179035115,24.016222,2.153049789303994,0.04636742366001592,23.491488591310908,0.0,25.690907,2.0911945461853203,1.7796587691446841,16.496238902624007,4.4237020366180815,3.238297585521351,2.063287630234511,0.8966103321610653,0.14925551211350233,30.796798891781513,30.796799,111.13225,113.23767,118.29287,49.707127,47.50771,0.029533932,0.021550734,43.0,40.0,0.0,1.0,0.0,0.0,2.0,0.0,1.0,1993.0,62
215.0,6.754574217164442,1.986773608603659,0.9369859914267119,9.678334,1.7239292287588195,7.124963330719205,57.95246556509194,5.921957494630761,1.4204547443738695,1.7006869977883126,70.99939,7.312875156067178,8.214315105082605,0.49829632657649603,1.038623338593811,19.044603,15.52719,6.288176602953737,25.33278,1.721952552632333,0.38874804381821476,23.984653111527475,0.03811208565696237,26.133465,0.41786560902103104,1.4359722225882543,15.711554757042597,7.168610845065391,1.2904306549009843,1.1161983449056025,0.030492348122644546,1.9804936974792942,31.124825307553795,31.124825,102.124214,111.80254,116.53375,51.466248,49.317432,0.029533932,0.02333725,43.0,40.0,0.0,1.0,0.0,0.0,2.0,0.0,1.0,2003.0,388
216.0,0.7367840704056463,0.3624391889567916,0.6152092767751715,1.7144325,1.4781014927120357,8.470230897618809,50.96839065830468,7.388382297313484,0.24713990081733483,0.904253819008844,66.827,1.2055650076028983,0.7928258082016115,3.3852030197433622,0.6634602915872023,6.2020307,1.9983908,3.7861457820928703,9.988176,4.035633303475518,5.308328105805408,45.082725703189816,0.0,54.42669,0.12112424129311158,1.0360009098645984,15.182412151121106,7.613774264900452,4.956874566305637,1.6152380643812054,1.4633010879658903,0.15497661190845913,32.44805699669525,32.448055,99.27506,100.989494,103.58514,64.41486,55.070904,0.021654766,0.028248955,44.0,40.0,0.0,1.0,0.0,0.0,2.0,1.0,1.0,1965.0,53
217.0,1.4137321425896925,0.21141679637097519,0.44032495512958747,2.065474,5.455824307338024,7.125765745086133,58.02536847570992,5.323939473866605,0.08737849947625244,1.851425708042163,70.475075,0.942056850944747,0.7010049774818266,3.8665160203684263,0.13192102852830462,5.841321,1.6430619,1.5071668644928615,7.348488,4.513875031790233,3.7602880020502663,48.37111080849196,0.0,56.645275,2.038982585546957,1.9083747456932836,10.470568616910738,4.267614366844734,2.7870907354817165,1.2748178539092871,0.0494703848556386,0.19982206248542186,22.23190182870642,22.231901,92.70698,94.772446,104.00624,63.993763,55.719597,0.021654766,0.025054218,44.0,40.0,0.0,1.0,0.0,0.0,2.0,1.0,1.0,1975.0,42
218.0,0.4812428614320715,0.06481540782182192,0.35920711938283695,0.9052654,2.333435054877945,7.695788043079648,53.175814734372395,8.91675826410933,0.17428495035529765,0.47641022673234273,69.78836,1.392604768646142,1.3161722639553037,3.662227660410978,1.1723931192910444,8.048102,2.708777,5.074762889269384,13.122866,4.451983035527141,2.9045515792981074,42.87408554023141,0.15348176921729811,50.3841,0.25099385255875284,2.8353684345672807,15.58161381672377,5.773258264943787,2.286135985145562,0.0452587135620373,0.7680695379892871,0.5047047012832853,31.068987143991336,31.068987,100.857346,101.76261,104.493034,63.506966,55.996952,0.021654766,0.021912888,44.0,40.0,0.0,1.0,0.0,0.0,2.0,1.0,1.0,1985.0,70
219.0,1.9190720649455186,0.3109661084005256,0.0,2.2300382,3.7947325705999377,7.797273269781767,58.11331378935562,6.688276300078449,0.17992957774184054,0.5881440194114216,72.59886,2.5230388672998885,1.3562077572551332,4.599575411283881,0.9333077795991738,10.239375,3.8792465,5.179813139470273,15.4191885,2.5873897397961314,0.04540394468656866,32.16653283278231,0.0,34.799328,0.0,4.127509614578731,21.83609089923708,5.10940778637,1.5649223358173188,0.7406825627623168,0.0,0.8272454582874196,39.21702280045,39.217022,111.81589,114.04592,117.78149,50.218513,47.58572,0.021654766,0.01220632,44.0,40.0,0.0,1.0,0.0,0.0,2.0,1.0,1.0,1993.0,35
220.0,3.162513262087326,0.6674181005309205,0.9964455857716357,4.826377,1.8514106815729476,7.602321461372165,58.12133496467236,4.077277021812631,0.48005269222751246,0.7321005287386606,69.800934,2.4638326825040435,1.3131081045341775,3.1727414737216297,1.1394364688077625,11.24531,3.7769408,3.9284753926581044,15.173785,3.0866978896619135,0.19736318627184404,36.562515453470596,0.2831687123350582,40.129745,0.25667325707007116,2.5628969485240507,17.145058597630943,6.670078945423685,1.3498534367817467,1.075312053751441,0.3039391173507353,3.156190925360192,36.675033917136446,36.675034,106.47597,111.302345,112.69647,55.30353,51.7363,0.021654766,0.020851448,44.0,40.0,0.0,1.0,0.0,0.0,2.0,1.0,1.0,2003.0,324
221.0,0.0972238868684849,0.19517060473916323,0.0,0.2923945,1.8122670067010442,8.20875875126416,59.53321316231205,9.923581325690707,0.2672256374026166,0.817648734330131,77.66555,10.922570049990922,8.60512217315355,1.1795638953274317,2.021960462461151,23.06151,19.527693,5.887902027158314,28.949411,2.2208683831782277,2.905259524619506,20.322726909544215,0.0,25.448854,0.0,1.126633360687152,15.286329742006068,10.167418973037982,3.034441368768661,0.04879265118479081,1.7013433988352362,0.33229269260724464,33.07893744603929,33.078938,110.74449,111.03689,113.60173,54.398266,49.272137,0.010737982,0.019047294,45.0,40.0,1.0,0.0,0.0,0.0,1.0,0.0,0.0,1965.0,35
222.0,1.6764917534353336,0.0,0.0,1.6764917,1.128451873397788,7.946166709934131,63.98139296094328,6.940818360803481,0.3358929795616574,0.43485152828438534,78.86838,14.807462347298399,13.396066851262658,1.958711504801734,0.5598216478566913,31.376526,28.20353,6.7079069146959664,38.084435,0.6124255579303437,1.1616052655728193,10.342116212701402,0.0,12.116147,0.24542369353933088,1.5427223063432967,14.45297122605815,8.720723801771271,3.922531209022198,0.0,3.081073632991291,0.654463182771549,35.76439392283345,35.764393,114.632774,116.309265,117.799416,50.20058,48.426548,0.010737982,0.013888084,45.0,40.0,1.0,0.0,0.0,0.0,1.0,0.0,0.0,1975.0,21
223.0,3.2255404275345025,0.14497489096348984,0.30450188798898803,3.675017,1.8428031512647411,11.054648661215504,56.94209005738969,9.796923998215174,0.19501648491094126,0.41884844528642534,77.79366,9.348093149104045,7.565998496795562,0.16623159580212304,2.4081993096261747,20.196175,16.914091,8.573224435700702,28.7694,1.7795754240270671,0.36488041535632604,17.70708811982202,0.0,19.851543,0.47670695130723967,0.5207586907681631,19.10605051446553,7.712915669554316,4.815511030355802,0.3711279493124221,0.4516861665109208,0.70765301058835,35.684654405626965,35.684654,113.47832,117.153336,119.37906,48.620945,46.476486,0.010737982,0.009091794,45.0,40.0,1.0,0.0,0.0,0.0,1.0,0.0,0.0,1985.0,29
224.0,1.5474803996080286,0.0,1.1240683584772573,2.6715488,1.8442676227204904,6.917937738524951,58.271857967006866,9.990685495333784,0.0,0.40638025817076107,75.18048,7.965171185227047,8.860378112433095,1.60138321752707,0.7222387203412088,19.527617,16.82555,4.478748651901964,24.006365,1.7586688197128795,0.0,22.34629638091254,0.0,24.104965,1.4662279609637072,0.274650824060044,27.627409226920356,6.514523230412628,0.3889613375800883,0.5100665286372397,0.06845147548385476,0.37844448709239575,38.69820908049483,38.698208,113.87869,116.55024,119.88867,48.11133,46.35266,0.010737982,0.005752076,45.0,40.0,1.0,0.0,0.0,0.0,1.0,0.0,0.0,1993.0,38
225.0,2.2473037969193457,0.04508497159154378,0.4591498735375377,2.7515385,2.0904292993961264,5.4885508754819075,65.93011542317414,5.208458955483196,0.6973313104506238,3.28486888122731,76.62713,5.7137276188347546,9.00832738692103,0.6306459702019896,0.853401053493838,17.73932,14.7220545,5.634659543641237,23.37398,1.066627355284486,0.07475238152898106,13.476078154935564,0.0,14.617457,0.29322962941206115,0.25733479807828613,24.799929834464717,10.12723220017628,0.9421790094841287,2.3808519034215423,0.0,1.5332182953044782,43.77988405448162,43.779884,120.40701,123.15855,130.00856,37.991436,36.85006,0.010737982,0.005910662,45.0,40.0,1.0,0.0,0.0,0.0,1.0,0.0,0.0,2003.0,70
226.0,0.0,0.0,0.0,0.0,0.24571654189153241,7.481240247219945,59.358701417956816,5.9426854235801505,0.3685748128372986,0.0,72.78263,1.327427258446971,0.2494115224898109,2.909337500066038,0.24662995699944315,5.4044313,1.5768387,4.94720523397383,10.351637,3.247921547602985,6.235090527779979,37.608025793086554,0.0,47.091038,0.0,1.8290177862857822,20.45171429953429,6.379092523792474,5.824385280806753,0.9837795826740404,0.7398898709983295,0.6716252100400256,37.832032678144444,37.83203,110.61466,110.61466,110.55733,57.442673,47.959663,0.0076499893,0.0075365375,46.0,40.0,1.0,0.0,0.0,0.0,1.0,1.0,0.0,1965.0,14
227.0,0.32045806100447916,0.0,0.0,0.32045805,0.0,12.962720347406274,57.995837131042094,5.805212575932722,0.0,0.5345726413227294,76.76377,1.3283764834502614,0.0,0.5887568617825719,0.1268698753059619,2.904559,1.3283765,2.349367071210223,5.253926,2.696485238301773,2.314120889558613,47.44246206722732,0.5435526225438766,52.99662,0.0,1.8425671170789828,16.30458344518087,7.407500801017033,1.5132769603622445,0.6302341749997566,0.8517419781405382,0.8605556108210958,32.9912074308735,32.991207,109.75498,110.07544,109.74945,58.25055,52.69639,0.0076499893,0.014458435,46.0,40.0,1.0,0.0,0.0,0.0,1.0,1.0,0.0,1975.0,20
228.0,0.347426580459419,1.4129438032890784,1.3391162048316951,3.0994866,0.0,8.627845299369966,66.63378642045832,7.024210803265732,0.13777821662040335,0.2574331566745293,82.28584,1.5943317943068658,0.32291731904430226,3.8347917427206237,0.0,6.52434,1.9172491,5.223379993911115,11.747721,2.303613378781466,3.429964844555352,31.416963547599686,2.2044515410096257,39.354992,0.0,0.0,23.019277335008894,5.2143783843072375,0.0,0.35067153564038395,0.1377782213131016,0.772299448980098,31.889044342749514,31.889044,114.17489,117.274376,116.897285,51.102715,43.164684,0.0076499893,0.0036290206,46.0,40.0,1.0,0.0,0.0,0.0,1.0,1.0,0.0,1985.0,12
229.0,0.09343140673103499,0.01868628020059532,0.0,0.112117685,0.32976369514600773,6.2902966842291494,52.508804611109106,6.358809757297023,0.005487534827746206,0.010242591183952847,65.15791,1.3179919157993736,0.9585737197100032,5.269319628083335,0.25243993590620717,11.713793,2.2765658,0.8075714204167985,12.521364,4.3743540750329455,0.025350376964231473,36.97185172637846,0.0,41.371555,0.0,3.0141244817140005,32.14080593731615,6.972844078369049,2.0858208917409273,0.011833752037172763,0.06760100293547408,3.9154682538323655,52.40702478624135,52.407024,117.56493,117.677055,114.10708,53.89292,49.493217,0.0076499893,0.0055454103,46.0,40.0,1.0,0.0,0.0,0.0,1.0,1.0,0.0,1993.0,35
230.0,1.0112260918172193,0.027358997070060564,0.0,1.0385851,0.3533946945915239,7.3390331927836385,66.25450555218715,3.3261022238055813,1.0914627804111217,1.6332711276717293,76.91964,2.511096283021311,1.5534818583535852,1.2876980156017148,0.608000281661515,10.69628,4.064578,3.3623314074891084,14.058611,2.4470027894091277,0.057052885867516154,21.379513915136393,0.06459395373801279,23.948164,0.10943598828024226,4.4089727796644755,26.426077618328115,6.438389576581179,0.717652655745681,3.4041091797939917,0.0,4.736002744831205,52.19668640422344,52.196686,129.11633,130.1549,129.99323,38.006775,35.438126,0.0076499893,0.007080543,46.0,40.0,1.0,0.0,0.0,0.0,1.0,1.0,0.0,2003.0,89
231.0,4.914026082208775,1.0062957601955511,0.0,5.920322,1.6043539223860825,8.43653262044955,57.789023281674666,9.366996719075727,0.03793648974100001,0.6048659984574863,75.59255,15.16556792293271,14.518039300324093,0.2158150347802138,1.396759861134056,31.580833,29.683607,7.866184998179737,39.447018,1.1858358359807957,1.7377120730136584,14.640791687047956,0.0,17.564339,0.3303812053480637,0.02359865580250715,9.187514857837705,9.123284838219607,4.791980124726434,0.6287414274555783,2.3673175518368073,0.28465061418990206,27.18288122683606,27.18288,102.77544,108.695755,110.98864,57.011356,54.08781,0.013469261,0.026254827,47.0,40.0,1.0,0.0,0.0,0.0,1.0,0.0,1.0,1965.0,49
232.0,3.7926682292793137,0.5731273079114237,0.1662282444916973,4.532024,1.5374866892572367,10.061318708345006,57.852436319710755,5.7848454012652395,0.0,1.3378350305472368,73.6986,11.565059353051138,12.650280438425487,1.118537011754828,0.0,25.486008,24.21534,5.429813134564988,30.91582,2.191119998380623,1.2775651430115507,22.4277128402437,0.0,25.896399,0.0,0.1374641533943876,16.881679074432686,6.958859408236691,1.9315898074627063,0.7036683878063548,1.784791437729203,0.15213003615078363,30.233966071665353,30.233967,103.93256,108.46459,111.18778,56.812218,53.343533,0.013469261,0.024950927,47.0,40.0,1.0,0.0,0.0,0.0,1.0,0.0,1.0,1975.0,36
233.0,4.249745448576676,0.24298513507424718,0.0,4.4927306,2.1890829500016773,9.15870987226421,55.63346242299997,11.973720899755524,0.09875420698951408,0.7687628531918872,76.76589,13.470292293591154,10.469353227495576,0.8465219619208413,1.2315550636909711,27.309425,23.939646,3.191029114498219,30.500456,1.819820272022487,2.029336615264393,20.67237641790398,0.0,24.521534,0.0,0.2646612653677797,16.12538836933562,6.145252927439326,0.8508167566897518,0.12474214118080929,3.306052408702985,1.2917037403673255,29.954491153789018,29.95449,106.72038,111.21311,112.97801,55.021988,51.172832,0.013469261,0.00843846,47.0,40.0,1.0,0.0,0.0,0.0,1.0,0.0,1.0,1985.0,27
234.0,1.0357892411733967,0.0,0.0,1.0357893,3.6791280669375985,8.333447895423491,65.78567247537224,9.40457644723188,0.0,0.0,83.5237,4.852720252137157,5.435158362412337,0.0,0.2092180659001909,10.497097,10.287878,0.08368722122941061,10.580784,0.9297609096876919,0.0,13.388556734693543,0.0,14.318318,0.0,1.5262627669934312,34.12328219164155,17.113413089991862,1.820516810107452,0.0,0.0,0.0,54.86228313361199,54.86228,138.38599,139.42177,143.10089,24.899101,23.96934,0.013469261,0.0010977674,47.0,40.0,1.0,0.0,0.0,0.0,1.0,0.0,1.0,1993.0,5
235.0,7.634942747433114,1.6650022699876328,0.6628799616651766,9.962825,2.9332327365903534,7.3448337226914315,63.45024356125519,4.327271966034019,0.3883128217606824,1.1153865774240805,75.12235,11.495377202065773,10.184806964545496,0.16010756799971446,1.2209867453771037,23.8836,21.680183,4.935424215582015,28.819025,1.2894102373430543,0.04646723261371649,13.52236051785423,0.0,14.858238,0.23920639509869226,1.156678937827741,19.72309531002075,6.995558850812739,0.42884286265125054,0.6668985270422836,0.0,0.8223224714569856,33.4249540412821,33.424953,108.5473,118.51013,124.32274,43.67726,42.341385,0.013469261,0.0066043227,47.0,40.0,1.0,0.0,0.0,0.0,1.0,0.0,1.0,2003.0,107
236.0,0.7048449276486589,0.23597692220296193,0.29241755189577584,1.2332394,1.2063717232354563,8.745277374747278,56.21389292584337,7.373458341878734,0.04464990166189493,0.8399024689463945,72.33263,0.9634871046182656,0.7264611018412176,2.77277295202538,0.5438644963012763,5.2974453,1.6899482,4.79382018063936,10.091266,4.191440114631637,4.152129321591588,40.78734378195402,0.0,49.130913,0.19105218731496304,2.624663459278031,14.619105979646807,10.923959064199975,3.265546837500683,0.13406643840310506,0.4660423542735633,0.2908598293484998,33.22083621767853,33.220837,105.55347,106.786705,108.777824,59.22218,50.87861,0.015853204,0.03935468,48.0,40.0,1.0,0.0,0.0,0.0,1.0,1.0,1.0,1965.0,73
237.0,2.0542728310094547,0.22478695122009057,0.0,2.27906,0.8117624161229715,8.242713453345742,53.81197495225381,6.831447344676289,0.0,1.6044949306635827,68.88614,1.1152771901351688,0.41807504704090004,1.3673800338458264,0.27569789738600403,3.3570879,1.5333523,4.337590152854632,7.694678,4.672305539576899,2.5092207256467116,47.25141493560774,0.0,54.43294,0.0,1.729251723686896,15.630278931697598,7.278411187504272,2.275687092272542,0.0,2.2445449998013016,0.1806577081123285,32.47158560937723,32.471584,101.35772,103.63678,105.87238,62.12762,54.946095,0.015853204,0.022483572,48.0,40.0,1.0,0.0,0.0,0.0,1.0,1.0,1.0,1975.0,33
238.0,0.5584159374743619,0.09635536127922677,0.8091117511960421,1.463883,2.1154972041005595,8.147099364258626,53.7067993551384,10.463636416443098,0.0,0.0,72.317535,1.2070001980797105,0.13485195393964333,9.093590060850982,0.20227793779901052,11.035898,1.3418522,4.329338046855041,15.365236,5.075593486771886,1.7156011831991118,45.22441455869124,2.8760864528461467,54.891697,0.0,0.592902947142993,14.949990661925893,2.9260673882302823,1.274972809804486,0.03529849971964144,0.22816951663772225,0.39817771854246364,22.2443307901784,22.244331,94.56187,96.02575,97.743065,70.256935,60.589653,0.015853204,0.0058436086,48.0,40.0,1.0,0.0,0.0,0.0,1.0,1.0,1.0,1985.0,18
239.0,0.24713939317113795,0.0,0.8518988236867701,1.0990382,0.0,4.672608326180354,62.40553584217078,4.811321980469269,0.0,0.0,71.889465,0.23635496707040593,1.1854403728165346,4.558744663492216,0.07783230469811636,6.4205427,1.4217954,2.941381654006322,9.361924,4.707348696127079,0.12420046986480554,50.81251668700708,0.0,55.644066,0.0,2.648329940836344,17.649824062910234,4.361184248486288,3.700122132034358,0.0,0.0,0.36217049811793656,30.367677376902108,30.367678,102.25714,103.35618,102.99401,65.00599,60.174442,0.015853204,0.004353954,48.0,40.0,1.0,0.0,0.0,0.0,1.0,1.0,1.0,1993.0,12
240.0,1.4054184902724,0.7026216194629945,0.6119889945470947,2.720029,1.259114818431885,7.344785498150226,60.437708800047794,3.293078342153799,0.004264817007465994,0.8788323841569836,71.07557,1.3465422721586209,1.6329018969657776,3.053417068483849,1.099727676441277,9.1480665,2.9794443,5.273361747525801,14.421428,2.7997109041900976,0.09017223829827799,35.492507061727515,0.3833899479904577,38.76578,0.019340615736012118,2.045974525353073,19.788623474316147,10.703965884866822,0.8870736736530817,0.6081771989084614,0.0,2.0154774878389174,38.64528800846704,38.645287,109.72086,112.44089,114.81279,53.187206,49.913937,0.015853204,0.0072302036,48.0,40.0,1.0,0.0,0.0,0.0,1.0,1.0,1.0,2003.0,98
241.0,1.1521822633800283,0.0,0.9721538178382605,2.1243362,1.7881101745903074,9.596810183153119,57.72768433067029,8.537519166546264,1.4946274599861953,0.0,75.862015,11.09719569761566,9.912993911493885,0.1275935741606099,2.8114727543498836,23.98738,21.01019,9.73881573874419,33.726196,1.237471364541829,2.1218357274431567,19.070874848019184,0.0,22.430182,0.6971620897286147,0.49430333113502356,8.400612552243027,9.279098143715823,8.925252816565576,2.1749831269230757,0.6031234973052643,0.038123673838065385,29.915497020520082,29.915497,105.77751,107.90185,111.84362,56.156376,52.79707,0.014213016,0.008572032,49.0,50.0,0.0,0.0,0.0,1.0,4.0,0.0,0.0,1965.0,16
242.0,0.0,0.0,0.0,0.0,0.2619840618756349,9.062470066342508,55.480343720565656,4.573347024999647,0.0,2.5933816800208667,69.11616,9.391020394627382,9.468162198534925,3.1640907562428406,0.21837450307168757,24.523481,18.859182,4.049095314274511,28.572577,0.9991572432951339,2.441975948393797,18.1619165180353,0.0,21.60305,2.4745490686062905,0.0,13.946378326211452,5.83626652956381,7.666604800391967,0.3143808656845631,15.084623568470965,2.2818334601420625,45.66013176838038,45.660133,114.77629,114.77629,117.82437,50.175625,46.734493,0.014213016,0.0054756734,49.0,50.0,0.0,0.0,0.0,1.0,4.0,0.0,0.0,1975.0,11
243.0,1.2569700914540263,0.0,0.09157412558834782,1.3485442,5.6408006048362545,8.832813142745668,53.41031429879692,10.565540770566024,0.42045396878790814,0.7658928492203971,72.80867,8.493920443351424,5.440674929074189,1.2887419807451395,2.067072714674195,17.622255,13.934595,7.350337838561571,24.972593,1.7897937292623338,1.5078461188660703,20.482072157696635,0.0,23.779713,0.03924605229590612,2.6193307466106592,12.104867374419381,9.07705339720527,6.489367147825599,1.7226815212294682,2.1396508411472386,0.33184590244573076,38.55593413966004,38.555935,111.3646,112.71315,119.247696,48.752308,45.454666,0.014213016,0.013410668,49.0,50.0,0.0,0.0,0.0,1.0,4.0,0.0,0.0,1985.0,43
244.0,0.3306751656017121,0.1057542517145427,0.0,0.4364294,3.1431358138337657,8.593552624729934,55.06202364912999,9.56767174595575,0.44263596241390957,0.6314355284720794,73.22325,4.199674452738097,5.557829354211157,1.22679354729637,2.2823372440867513,14.748705,9.7575035,5.525969870158946,20.274675,3.0823058667407324,0.08319803815441157,31.409023150870187,0.04310411313584866,34.61763,0.9873853276609829,3.220034680228943,9.728705968642748,10.386920292754253,6.445660069966859,1.8604009788936031,1.2061153229180557,1.4820706048780268,35.72549451090317,35.725494,108.948746,109.38517,113.1077,54.892307,51.683697,0.014213016,0.018898347,49.0,50.0,0.0,0.0,0.0,1.0,4.0,0.0,0.0,1993.0,137
245.0,0.489343457422218,0.07883807123191228,0.20165135794653638,0.7698329,2.6866704146875766,10.118055555323165,55.80859506293741,6.10684103217588,0.8851842689387288,1.8043521977667758,72.03349,4.045926623119129,4.630966766378067,1.0880432403875995,1.5254630895790289,13.634286,8.676893,6.968189140327829,20.602476,3.0180827439820446,0.42786621634692107,32.22703094056453,0.18827225844196716,35.86125,0.6277863694345348,3.282511397007464,10.363056291642053,8.720772409671959,5.545983681195428,1.7887594898475268,0.22911052009645416,2.3438863716303144,33.89224637413344,33.892246,105.925735,106.69557,111.53627,56.463726,52.829506,0.014213016,0.024708364,49.0,50.0,0.0,0.0,0.0,1.0,4.0,0.0,0.0,2003.0,415
246.0,0.0,0.0,0.0,0.0,0.0,6.35998465551358,51.16499225865898,7.087067356327045,0.0,0.4704676957802075,64.612045,1.4426222638990358,0.4080666642743044,2.650166360483015,2.2007605537232235,7.9561963,1.8506889,1.171842553050161,9.128038,8.469126835469835,4.044715882766381,55.08756422263981,0.0,67.60141,0.0,0.5104173501647638,8.123431862050648,9.456354052420904,5.516987803589211,0.31718251292854815,1.6656932376652347,1.2545805220805533,27.442623252897146,27.442623,92.054665,92.054665,91.27055,76.72945,64.2156,0.013715188,0.005926239,50.0,50.0,0.0,0.0,0.0,1.0,4.0,1.0,0.0,1965.0,11
247.0,1.5455748192359187,0.0,0.18648979312171668,1.7320646,1.487363182182569,16.530392213240955,55.69027729677163,9.152740319187007,0.0,0.4957877273941897,81.373405,1.6281076595159376,2.5278529728213273,4.487002310184869,0.33954254349693885,9.609565,4.1559606,10.997811067255997,20.607376,6.030207273251108,1.6985176372076252,30.51561954250765,0.0,38.244343,0.0,0.28951649592954787,12.696300497611954,5.982476126912169,4.1136247861566435,0.0,0.13711591445849886,0.6270592949322412,24.68671370713018,24.686714,106.06013,107.79219,109.14828,58.851723,51.122997,0.013715188,0.0076379525,50.0,50.0,0.0,0.0,0.0,1.0,4.0,1.0,0.0,1975.0,14
248.0,0.01389462519573315,0.0,0.6193764229913299,0.63327104,3.3007287056335084,9.09716007292399,54.53533012416,8.37167382374082,0.753047233780717,0.5696796372842923,72.004166,2.138203075672377,3.271880634982747,3.7394974891846506,2.2927792825604776,12.460152,5.410084,4.659439485247473,17.11959,4.2750645668750975,2.246323437876121,36.246403453653436,0.0,42.76779,0.7022835121962107,2.3759551614238354,13.497510649491161,4.239883170043861,5.616551726806622,0.0,2.546420523321972,1.0177915933521327,31.16723462038081,31.167234,103.1714,103.80467,108.11262,59.887383,53.365993,0.013715188,0.013447361,50.0,50.0,0.0,0.0,0.0,1.0,4.0,1.0,0.0,1985.0,43
249.0,0.06244773242848988,0.0,0.0,0.062447734,3.8607911457329616,10.858064951128743,52.59288983459692,7.168619265192339,0.21851219135409328,0.2703339666669947,70.619576,1.3026718113325242,1.52945496190769,2.809252325528607,1.1001895348650748,7.2831445,2.8321269,2.742008077821348,10.025152,4.364338138458358,0.21199424800687963,40.8228996324848,0.1769902348429293,45.57622,0.10093183344379396,2.7824399166401337,16.723976263017246,5.826623218772523,7.3100023106896685,2.611580533519784,0.16944408431893293,0.5415757912657329,37.80761025972422,37.80761,108.427185,108.48963,112.39863,55.601376,50.848053,0.013715188,0.016155045,50.0,50.0,0.0,0.0,0.0,1.0,4.0,1.0,0.0,1993.0,113
250.0,0.37137418489676116,0.011151351345293563,0.03519444910198573,0.41772,1.8700532815985798,9.754774984099301,54.81008414700234,4.409667982203243,0.671008371857207,1.4541763394077176,68.974525,1.8182070785070703,1.8487389268868748,2.671102381723285,1.5283522190964216,10.1264305,3.666946,4.388926689316251,14.515358,3.542953876701949,0.32600817764557743,41.30158573381111,0.04898123463340099,45.21953,0.29786622722446743,3.2090059373914244,16.171255053913583,4.962469062621023,4.779288454869255,1.8410511876133737,0.23046066491783987,2.260030333613253,35.53643776804707,35.536438,104.51096,104.92869,108.265114,59.734886,55.816944,0.013715188,0.025409345,50.0,50.0,0.0,0.0,0.0,1.0,4.0,1.0,0.0,2003.0,370
251.0,0.7969244847910836,0.0,0.0,0.7969245,6.317412324636126,6.754563374454559,54.14767028216505,8.479641533295522,0.7969244847910836,0.0,69.381874,10.179045025483905,2.9203850140993906,0.0,0.7844236384261238,13.883854,13.09943,9.627427639422928,23.51128,0.9164632104387659,1.793080151851884,16.217413904718253,0.0,18.926958,0.0,1.176635497715152,3.383933203150776,15.639431389998345,5.348117570921275,14.608285838036222,0.0,0.0,48.268624473668154,48.268623,117.6505,118.447426,125.56176,42.43824,39.728695,0.0033483263,0.001666433,51.0,50.0,0.0,0.0,0.0,1.0,4.0,0.0,1.0,1965.0,3
252.0,1.7572843138300378,0.0,0.0,1.7572843,4.9954868066943705,9.530385155537477,56.96261192563972,7.6150862374360875,0.0,0.0,74.108086,9.12475654274796,5.4554430565425465,1.2672942733290709,0.0,16.164318,14.580199,3.036762299558212,19.20108,2.8373614903994775,1.5272423200121377,33.7181915382537,0.0,38.082794,0.0,4.713200053840927,12.023967968657669,5.325036857581705,5.89212399550917,0.0,0.6336471366645354,0.3168235683322677,30.172093663715387,30.172094,104.280174,106.03746,110.716125,57.283875,52.91927,0.0033483263,0.002716728,51.0,50.0,0.0,0.0,0.0,1.0,4.0,0.0,1.0,1975.0,6
253.0,2.466228937941567,0.21552342844939532,0.0,2.6817524,5.428629814444898,8.962001082306712,53.81740723165577,7.961715815242362,1.9580625144524237,0.15790825912947462,70.74113,12.015860991530294,8.352100856844432,1.5704167552679866,2.5453163570622306,25.399672,20.367962,6.424893927698113,31.824564,1.0573742113264,0.8620937137975813,17.622405304116143,0.0,19.541874,0.7655393148153578,0.4737247935233942,13.59818656139496,17.32978407513778,1.9238236509091762,0.40291539132576665,0.0,0.9159760413336363,35.8165220686362,35.81652,106.55765,109.239395,116.63356,51.36644,49.44697,0.0033483263,0.0026125375,51.0,50.0,0.0,0.0,0.0,1.0,4.0,0.0,1.0,1985.0,8
254.0,0.42213929453586796,0.0,0.0,0.4221393,0.0,9.5553294003681,51.3143615396078,11.807994606366782,0.0,0.8288017677990391,72.67769,4.00708428062019,9.33888730482727,0.0,0.0,13.345972,13.345971,5.89855217227874,19.244524,2.951672371686355,0.0,37.15994901474173,0.0,40.11162,0.0,0.538225091077011,17.038950459848504,3.9075298185014384,11.416960645147569,0.0,1.3370859054288065,0.0,34.71522757023102,34.71523,107.392914,107.815056,108.64385,59.356144,56.404472,0.0033483263,0.0036088638,51.0,50.0,0.0,0.0,0.0,1.0,4.0,0.0,1.0,1993.0,10
255.0,4.7075013589744845,2.0528435424965163,0.16689728577418242,6.9272423,4.353952816517803,8.664524955412384,54.97402786454521,5.450183384986353,1.3300711850936409,2.0245055073725715,69.08874,6.166922874032813,6.270423932796277,0.37062696040694826,1.628097830999291,17.468332,12.437346,6.803584960448111,24.271917,2.757018884047395,0.40995910323340984,29.44978159320358,0.07861589102581334,32.695374,0.388569609003976,2.9911166241749423,9.186904642681665,5.329417447444036,5.35573800587769,2.0752947434596787,0.0,3.0322616014150845,28.736870242319085,28.73687,97.82561,104.752846,111.03271,56.967293,53.7217,0.0033483263,0.00613707,51.0,50.0,0.0,0.0,0.0,1.0,4.0,0.0,1.0,2003.0,118
256.0,1.5010437382125794,0.0,1.5814372427200374,3.082481,7.304534078561718,10.087632341151053,55.6294482169273,3.5578791683121067,0.0,0.0,69.27496,1.3555176366171748,1.5558142634216197,0.0,1.2517758876761236,4.955862,2.911332,9.630079803973379,14.585942,3.0630306741317908,1.724569347488358,27.759583627709493,0.0,32.547184,1.2049045248431283,0.0,11.152336606765871,14.332897845041673,11.316669971253702,0.9949438647471562,0.22591960610286246,0.7927542446403071,40.79274958394146,40.79275,110.06771,113.15019,120.866875,47.133125,42.345524,0.0048203347,0.0041601066,52.0,50.0,0.0,0.0,0.0,1.0,4.0,1.0,1.0,1965.0,8
257.0,1.069580486508756,1.2159692350518732,0.0,2.2855496,11.144322611343162,14.154221078004278,46.51755207907052,4.887556453744993,0.0,0.3317929413542639,65.559326,0.2566307871051099,2.3104645844715206,2.0154779003163217,1.5902523576269758,6.172826,2.5670953,3.3322718130069338,9.505097,7.224123241112259,1.8011701312675044,34.00032310914718,3.5668779138893125,46.592495,0.0,1.258900171891614,11.82897986960505,13.726367663858465,3.743603166173298,0.5095539876984733,0.3267641836838729,0.0,32.581411416708086,32.581413,98.14074,100.42629,111.902405,56.097595,43.50542,0.0048203347,0.003577533,52.0,50.0,0.0,0.0,0.0,1.0,4.0,1.0,1.0,1975.0,8
258.0,1.532674023315292,0.8933775656395283,0.0,2.4260516,0.0,6.999783962363069,50.217139641484735,8.313012931459317,0.0,0.09926417057902998,65.52994,2.0421424841851836,3.1932762313835346,1.5284965865424478,0.4933936632207387,7.3964877,5.235419,3.1500539542335764,10.546542,5.2077750884296865,1.2515645464413634,45.40079369931976,0.0,51.86013,0.0,2.5102715483921902,14.631952801584305,8.889879725730497,7.281682210259722,1.6237529505758954,0.21818462637746652,0.13917882541859733,37.67725257576477,37.677254,103.20719,105.63324,105.59332,62.406673,55.947334,0.0048203347,0.0037815792,52.0,50.0,0.0,0.0,0.0,1.0,4.0,1.0,1.0,1985.0,12
259.0,2.000460737578076,0.0,0.8041399968836117,2.8046007,1.0639731693646202,7.5114617627404385,51.35903735191846,5.233207023772058,0.0,0.0,64.10371,3.4301756591969097,0.0,3.745085105513197,1.0444543121625967,9.108613,3.4301755,4.280057535736542,13.38867,3.4907348898006925,1.24869416509391,51.77442813212036,0.0,56.513855,2.000018976795046,9.112674178647525,10.190568881609506,2.6141050688354586,2.2663184531143012,0.0,0.0,0.8888972927443581,29.014072590759348,29.014072,93.117775,95.92238,98.09747,69.90253,65.1631,0.0048203347,0.0025537524,52.0,50.0,0.0,0.0,0.0,1.0,4.0,1.0,1.0,1993.0,7
260.0,3.4711816103570103,1.2875574266753602,0.37752876754915954,5.1362677,3.5327995474323406,9.271177343524984,53.63887140644914,4.575056403724879,0.5238219252912736,0.965972195873852,67.48511,2.2070585915473764,1.8050552416539305,2.334380444432799,1.630592537954651,10.356684,4.012114,4.992903953061442,15.349587,3.8032132849778866,0.2726973576971609,40.07524970357637,0.5811569668458931,44.73232,0.4410683386398695,2.730172904444489,11.513669822876384,6.15681225724111,4.384131655118961,1.9758404032018473,0.1547057124831998,2.3795965874005613,30.439583097015937,30.439583,97.92469,103.06096,107.9181,60.081905,55.42484,0.0048203347,0.010028703,52.0,50.0,0.0,0.0,0.0,1.0,4.0,1.0,1.0,2003.0,185
261.0,0.9687406445297977,0.10021455037571347,0.0,1.0689552,1.4920685771906215,7.856063133169372,53.1993628263659,11.580934990035578,0.3384729807723303,0.4461082646583524,72.63636,8.966975952114842,7.943073372517667,1.7494023711934323,3.6106686162446016,22.411503,16.91005,9.87618842986365,32.28769,1.319761693219112,1.5088508750426464,21.892808797814208,0.0,24.72142,0.5678825116282432,2.0143347881961517,6.672211179857058,13.436705285370232,5.195092745966145,0.41147096673120587,5.512281665466779,0.1413815380142257,34.58242172683429,34.58242,107.21878,108.287735,110.99089,57.009113,54.1805,0.013477552,0.009782932,53.0,50.0,0.0,0.0,1.0,0.0,3.0,0.0,0.0,1965.0,18
262.0,0.0,0.0,0.0,0.0,2.158545228808921,9.453693317324756,52.95943729086336,5.711857975707134,1.0574880383851193,0.8620791253815236,68.124985,10.67458574681397,6.037399197794629,1.021953043818555,0.3420177941454754,19.710714,16.711985,6.402984065168921,26.113699,2.7347562974006445,2.1976423551206454,27.84628227140554,0.0,32.77868,2.9885967168817342,1.0601702414832561,16.397905447197193,5.14288210528303,6.043714946662283,0.3630536664936581,3.023655179121571,1.6347589029510137,35.55068206171212,35.550682,103.675674,103.675674,109.10762,58.89238,53.95998,0.013477552,0.0072690453,53.0,50.0,0.0,0.0,1.0,0.0,3.0,0.0,0.0,1975.0,18
263.0,0.08224148301697931,0.0,0.0,0.08224148,2.4920402074571832,8.332275508320045,52.63116965594939,10.850669259234603,0.12523733898462025,2.026328559987151,71.81412,10.09932774997748,6.127999552476376,0.8910669677198448,2.8287755971180637,20.590963,16.227327,6.734553598562833,27.325516,2.759384277732504,0.8274138890703288,25.07625938507668,0.0,28.663057,0.5921386978903749,1.0514503884809854,11.002773100159459,8.243589315793042,9.94467928483327,0.6336558448967202,1.945614372226433,0.6437929895177381,35.52311831324701,35.523117,107.337234,107.41947,112.01143,55.988575,52.401775,0.013477552,0.011977259,53.0,50.0,0.0,0.0,1.0,0.0,3.0,0.0,0.0,1985.0,38
264.0,0.5639239220589202,0.0,0.013937739442987577,0.57786167,4.265027747982031,7.002997936476674,56.32644559017175,7.146476533512332,0.5938467612283739,0.15553372485252034,70.47592,5.949044057710626,7.00196013032105,1.5147619349843022,2.735752831138589,18.594175,12.951004,7.956123798125298,26.5503,1.9373731670473446,0.09766582475658248,20.121330818737423,0.0,22.15637,1.619428339196964,3.515773082945479,13.896720471928614,8.315033214108494,7.703594376535657,0.7053887763804974,1.7584481787485053,1.3926569907631265,42.99836920743809,42.998367,113.47429,114.052155,119.29333,48.70667,46.67163,0.013477552,0.014016695,53.0,50.0,0.0,0.0,1.0,0.0,3.0,0.0,0.0,1993.0,96
265.0,1.5899989343235215,0.10248755854291311,0.7565276884865574,2.4490142,2.4781659687779416,8.761851536417142,57.660321535525036,6.181182645474804,0.979580653428067,2.8950513304301473,72.603355,4.7245203298969,6.1252366740762785,0.706792238458594,2.0418684390610533,15.782495,10.849757,5.689937876287992,21.472433,2.015172786445759,0.11021289442066204,27.056244930124635,0.045926775983303345,29.227558,0.5696602043774976,1.6649713653425287,16.613657346792547,7.598817465293802,4.019768143670302,1.620072643605292,0.12995549939714485,2.1840770188414043,36.48710928740917,36.48711,109.09046,111.53948,117.30001,50.69999,48.52868,0.013477552,0.02434183,53.0,50.0,0.0,0.0,1.0,0.0,3.0,0.0,0.0,2003.0,427
266.0,0.9049327047589135,0.0,0.0,0.9049327,5.679108162167968,10.425560095167477,53.03608528431233,10.340572919713393,0.0,1.949009591704155,73.802216,0.7500812535793933,0.16111370248619325,0.4929694171671767,0.8861253719053132,2.2902899,0.9111949,10.145972793680091,12.436262,2.5920884005211478,2.4385253093615473,23.931421634469938,0.0,28.962034,0.0,0.0,16.220205532537502,20.426939369461486,4.241291699552807,2.900046743526482,0.0,0.0,44.26643281351192,44.266434,118.06865,118.97359,126.60171,41.398296,36.367683,0.0101952115,0.0038889705,54.0,50.0,0.0,0.0,1.0,0.0,3.0,1.0,0.0,1965.0,7
267.0,0.9674097767572062,0.0,0.0,0.9674098,3.2185065712370498,8.678038422692705,59.1788205963776,7.715325870285073,0.0,0.3115747103471953,75.57218,1.337864518228652,0.09674097767572061,4.894057200034354,0.09674097767572061,7.429993,1.4346055,3.8166749325998315,11.246668,2.9164771893366823,2.683611141480501,38.581304886312196,0.0,44.181393,0.6577688140891077,5.586688226436715,14.752762819254562,3.617446149678704,5.850423595586031,0.38051451834179345,1.3805485608790549,1.0045895704544368,32.849082918770705,32.849083,108.421265,109.38868,112.57194,55.428062,49.827972,0.0101952115,0.0075431666,54.0,50.0,0.0,0.0,1.0,0.0,3.0,1.0,0.0,1975.0,15
268.0,0.0,0.0,0.0,0.0,2.195973405156229,9.967787356732083,49.35010381084214,7.2072378013433624,1.2196969120083017,0.9988090574174402,66.52513,3.1552491341017492,0.16940235350588959,2.3723461338747978,2.0901670149538467,10.927778,3.3246515,4.139787236883074,15.067565,4.776675207749758,1.5244927302170097,45.3123640144725,0.0,51.613533,0.0,0.03812553725235494,11.023478756514224,7.167891963224578,5.603939760120482,0.10164140933402513,1.2581427721798004,3.1406133101932987,33.51990803451748,33.51991,100.04504,100.04504,101.3189,66.6811,60.37993,0.0101952115,0.005167285,54.0,50.0,0.0,0.0,1.0,0.0,3.0,1.0,0.0,1985.0,17
269.0,0.10671544149306147,0.0,0.2614852368895618,0.3682007,0.986919642872562,7.05291184998004,56.625488648549265,7.56187262421336,0.0,0.3833257806767121,71.24027,2.0033832438176433,0.4628327777195032,6.694417523108903,1.9858274212558613,12.214539,2.466216,2.913180380635603,15.127719,3.239422330304807,0.14191324256221485,37.15055063891115,0.0,40.531887,0.7876522247729028,2.752805343860335,18.776741435549674,9.026821402635486,4.869204123402442,0.7028751516491807,0.10274635322799941,1.0680778770743835,39.64210104000251,39.6421,110.88238,111.25057,112.34039,55.659603,52.27827,0.0101952115,0.011708134,54.0,50.0,0.0,0.0,1.0,0.0,3.0,1.0,0.0,1993.0,81
270.0,0.29339398139196887,0.01636662464969454,0.3164970864616963,0.6262577,2.3214274089725104,8.894253801795323,55.1566551427141,4.146739920994372,1.2840621204738822,1.3907797289937665,68.19765,2.1928353321669047,1.7051229825742433,2.774791386049105,1.057866174667625,10.405092,3.8979583,4.787894861800475,15.192987,3.4010597137026517,0.36799300951408276,35.66404645817544,0.44387459946992963,39.876972,0.03255142649161323,1.3440602092730107,21.728199226447348,6.602038481229221,2.9230887327979587,2.5127184480729445,0.2648077122083671,2.6744764370769256,40.76311780143136,40.76312,108.96077,109.58702,112.93004,55.06996,50.857033,0.0101952115,0.022668501,54.0,50.0,0.0,0.0,1.0,0.0,3.0,1.0,0.0,2003.0,333
271.0,2.386596517366778,0.0,0.0,2.3865964,1.2039763604228586,6.41413848420104,55.245311080394316,10.98295855077166,0.0,0.2295754067967569,72.64241,10.505513557321587,3.9710613693147048,6.916836891033227,0.5008687155873837,22.836294,14.476575,15.019053071752657,37.855347,2.002875533122773,2.841655894820275,27.473592666254635,0.0,32.318123,0.0,0.0,5.745981703507503,10.243032892971891,3.9371200826627195,0.0,1.4378369936255102,0.942014355222412,22.30598563532258,22.305986,94.948395,97.33499,97.82652,70.17347,65.32894,0.0033693204,0.0048398525,55.0,50.0,0.0,0.0,1.0,0.0,3.0,0.0,1.0,1965.0,9
272.0,1.2122460285667849,0.0,0.0,1.2122461,4.477023482903053,12.532640629828848,59.03723403241715,6.512744447008226,0.0,0.0,78.08262,6.79593067841576,9.000357848883153,0.0,0.0,15.796289,15.796288,0.9948941073117895,16.791183,2.0472812563995353,2.4244920571335697,40.43254150190242,0.0,44.904312,0.0,3.6479449697808515,5.455107128550532,1.989788214623579,4.641331759375791,2.321419674089886,2.818866727745781,0.0,22.532615500410824,22.532616,100.615234,101.82748,106.304504,61.695496,57.223724,0.0033693204,0.0012043841,55.0,50.0,0.0,0.0,1.0,0.0,3.0,0.0,1.0,1975.0,3
273.0,0.9319414428431629,0.0,0.0,0.93194145,9.79853477971326,10.073751469064398,53.064433376483294,10.071807600232578,0.09638527797455698,0.3199516176381116,73.20999,8.015111222534246,5.771759403304467,0.6783596208240448,0.5232808777661202,17.054085,13.786871,8.312584697117556,25.36667,1.410068502672942,0.0,27.08438551624741,0.0,28.494453,0.5509590634715693,2.231074943283164,3.6462369268851718,14.662631585255031,1.923316097262617,0.0,0.7228896094306507,2.0655740199655748,31.29668557614317,31.296686,104.506676,105.43862,114.13888,53.861122,52.451054,0.0033693204,0.0040878756,55.0,50.0,0.0,0.0,1.0,0.0,3.0,0.0,1.0,1985.0,13
274.0,2.7051230293592585,0.0,0.0,2.705123,3.3001045312388992,7.097644409060756,63.77847800104996,6.04955407685778,1.0086237465352208,0.0,76.925674,7.707465705054689,6.599009114470772,10.315745515552285,0.6769093647603589,25.29913,14.306475,5.999740240365276,31.29887,1.3538187295207178,0.0,24.38844381139503,0.0,25.742264,4.781881014001679,0.6724158310234806,10.404337641091727,4.04348205361464,3.7461564801339415,0.0,0.0,0.0,22.237458385581473,22.23746,99.16313,101.868256,110.95887,57.041134,55.687313,0.0033693204,0.0037642424,55.0,50.0,0.0,0.0,1.0,0.0,3.0,0.0,1.0,1993.0,7
275.0,3.236578615803382,1.1495609652496692,1.33262568288806,5.7187653,6.228465907136665,8.50319565154962,59.24637355779912,5.467982457059774,0.23583221231531715,1.3937228258320469,73.21755,5.337450545506749,7.993000469278822,0.46414037717583273,1.6109815828655272,17.194185,13.330451,8.541700783853912,25.735886,1.552444938404643,2.0737591802544206,20.600098369706508,0.0,24.226303,0.7177132747714553,0.22571379891544036,16.486184086100675,5.419381939371858,3.6254610452044225,1.9841280512327573,0.22096695815103953,1.7886127567871823,31.235027779586815,31.235027,104.45258,110.17135,118.03781,49.96219,46.335983,0.0033693204,0.0029502474,55.0,50.0,0.0,0.0,1.0,0.0,3.0,0.0,1.0,2003.0,76
276.0,1.2593157107113018,0.3565159202438066,0.0,1.6158316,3.811419551965618,9.358877067911447,49.058384924803036,4.559952600620744,0.0,0.0,62.977215,0.8363483159249666,0.0,0.0,1.0118100391347626,1.9709815,0.8363483,6.117521049260617,8.088503,8.241365771164311,7.606383947530246,54.71078437990804,0.0,70.55853,0.0,0.0,6.55821537168329,3.7246645625022095,6.244770107600311,3.3513000527496684,1.0695477971600007,0.12282322238257416,21.071321037837023,21.071321,84.04854,85.66437,89.35297,78.64703,62.799286,0.0037640831,0.0037249986,56.0,50.0,0.0,0.0,1.0,0.0,3.0,1.0,1.0,1965.0,7
277.0,0.3007214416185603,0.0,0.0,0.30072144,0.0,14.853456982575384,68.77645479536855,3.626884836758378,0.0,0.0,87.2568,1.268224873483256,0.0,2.8004413652059346,0.2314140962764797,8.529933,1.2682248,9.234564102436707,17.764496,2.324706001064577,1.1184948485489654,24.47693081610751,4.360460903469124,32.280594,0.0,1.2727775295206385,20.20449287372085,3.279077711871404,4.021165787865524,0.817773406930405,0.0,4.229852298521384,34.62724481930233,34.627243,121.88404,122.18476,117.95491,50.04509,42.24143,0.0037640831,0.005556751,56.0,50.0,0.0,0.0,1.0,0.0,3.0,1.0,1.0,1975.0,7
278.0,1.4468355876020909,0.0,0.33963003505951395,1.7864656,0.0,8.987351695361175,53.146357789052125,15.838120651486305,0.0,0.0,77.97183,6.728852645003434,1.8965479186132386,0.8023663315473878,0.33963003505951395,13.458598,8.625401,5.5620940950481454,19.020693,5.197782957664035,1.3983147276823082,33.88705566823587,0.0,40.483154,0.0,1.3887472255099906,9.96487487640867,8.36315204106822,3.186982199399545,0.0,2.9175361989148674,3.6912010448028276,32.42906001092875,32.42906,110.40089,112.187355,108.496155,59.503845,52.90775,0.0037640831,0.003480355,56.0,50.0,0.0,0.0,1.0,0.0,3.0,1.0,1.0,1985.0,11
279.0,0.0,0.0,0.0,0.0,0.0,6.147740698366369,57.956724401447694,6.462861818384356,0.0,0.1293185360776543,70.56733,0.5211951247455182,0.0,7.187889285020622,0.0,7.7090845,0.5211951,15.795364376324926,23.504448,4.521092246599832,0.0,19.569223597590508,0.0,24.090315,0.0,0.0,19.44003757456369,20.153521442871128,5.7182002271757835,0.0,0.0,0.0,49.70858888551855,49.708588,120.27592,120.27592,120.405235,47.594765,43.073673,0.0037640831,0.002522025,56.0,50.0,0.0,0.0,1.0,0.0,3.0,1.0,1.0,1993.0,5
280.0,3.009110225112898,1.1211022110412685,0.40032220376343525,4.5305347,3.1107439075673007,6.895060456123047,57.39526105628259,4.559993218990945,1.0410494968117434,1.4245783769292857,68.85031,1.9208730162882863,1.361335748049845,2.705445012323836,0.7278727353603572,8.656936,3.2822087,4.890633339663709,13.547569,4.675031335665431,1.000824190978513,35.19384279038894,0.8904479206461838,41.760147,0.29095662090036145,1.7855581144828208,16.4859536391096,5.478781677188709,4.5290725961844505,1.2020485556944938,0.10817549414978044,1.9414089506644656,34.40155907792806,34.401558,103.25188,107.78241,112.69228,55.307716,48.741413,0.0037640831,0.003536287,56.0,50.0,0.0,0.0,1.0,0.0,3.0,1.0,1.0,2003.0,68
281.0,0.09223518741218953,0.0,0.0,0.092235185,1.4666933979451864,7.440546366008216,55.46321131297258,9.370229479502711,0.12937326160487578,1.6828584108119031,72.27399,13.066742614512982,9.824199130619265,0.277775756621161,1.4985066624124246,24.921494,22.890942,8.721163560673217,33.64266,1.699544277640279,1.7712684240100676,20.46581077138327,0.0,23.936623,0.0,1.2847147943828008,9.556512904096323,13.452228584975677,6.800717895517068,0.7725590107597259,1.3360972178642916,0.2542694137866707,35.02984178410987,35.029842,107.303825,107.396065,110.42072,57.57928,54.108467,0.03128103,0.026242377,57.0,50.0,0.0,1.0,0.0,0.0,2.0,0.0,0.0,1965.0,48
282.0,0.9530975888518622,0.0,0.08815437244610774,1.041252,2.1361808789711993,10.144863423410461,60.25988840315077,7.099487439465315,0.28939098867872354,0.8510216136412364,77.50424,11.982127697190933,10.851655808619224,0.906656522526244,0.7139234683544633,25.796955,22.833784,8.347178042145694,34.14413,1.6972569370703954,0.8388094584089811,14.450356291192785,0.0,16.986423,0.38835642794584535,0.3787162104711325,16.430781934370412,8.386143980794015,4.397993909516924,1.7994878548831035,1.4916618583022903,1.3425911270585766,36.001594453717246,36.001595,113.50584,114.54709,116.869446,51.130554,48.59449,0.03128103,0.028502323,57.0,50.0,0.0,1.0,0.0,0.0,2.0,0.0,0.0,1975.0,49
283.0,0.9629238875099777,0.1169953443367133,0.4916622981257326,1.5715816,2.0489589799074874,9.00975754180777,55.13171876038378,11.019365673737221,0.26869339200165204,0.23432696006458012,75.16084,10.24366536566985,7.401157791613116,0.9119953931044003,1.547687131417011,21.488815,17.644823,7.918990368438679,29.407806,2.3971555874000874,1.1828971966414126,17.658701724429463,0.13899315802881138,21.377747,0.3331516534312914,1.4431632750621932,16.80745680576095,9.204440006545946,3.807622684951824,1.0950160049831419,1.7292685901774576,1.3843095859257097,38.98120182885556,38.9812,114.142044,115.71362,117.21445,50.785553,47.066505,0.03128103,0.04025347,57.0,50.0,0.0,1.0,0.0,0.0,2.0,0.0,0.0,1985.0,127
284.0,1.2167311073461644,0.05434775271455184,0.10315024073836103,1.3742291,2.0509230858033147,8.602168334021197,55.890317350754856,7.992360113814509,0.4741467477041368,0.40482630885859056,72.48485,8.095837962661065,9.468429358083684,1.2363863097662933,1.6619891322284204,21.342682,17.564268,8.163558968851575,29.50624,1.5641716159379644,0.08982757252692199,19.74849160128944,0.0704026760722602,21.472893,0.34052327066575366,1.3829158866549247,18.811346381661227,8.762706036652128,3.870600386546642,0.7044818611832594,2.1515936669896925,0.8800396659212447,40.771410477655856,40.77141,113.256256,114.630486,117.02087,50.979134,49.254734,0.03128103,0.030974267,57.0,50.0,0.0,1.0,0.0,0.0,2.0,0.0,0.0,1993.0,204
285.0,1.3624058886862223,0.04935224848886033,0.4097744684070942,1.8215326,2.0059432796315524,9.174955253665798,57.07178252226877,5.9487333286050115,2.111935352373105,2.910733815201421,72.19547,5.321749988561329,6.738170306825931,1.30829161382178,1.3787347104372976,16.831705,12.05992,5.752012398544611,22.583717,1.943808870152585,0.19730258135906337,26.458794339670956,0.01749563914141906,28.617401,0.23608111202096288,0.9758948695836008,17.41965109580942,8.504980093729277,2.527553496195754,1.2077346763531804,0.32573408625039096,2.0847591306471416,36.75643955588256,36.75644,108.95191,110.773445,116.79888,51.20112,49.04251,0.03128103,0.030432718,57.0,50.0,0.0,1.0,0.0,0.0,2.0,0.0,0.0,2003.0,410
286.0,0.0,0.0,0.06426616409544197,0.06426617,1.7576070949359492,7.883043040127635,53.77603644914404,8.52461968756306,0.5006872647888021,1.809036053167275,70.1837,2.204690387966639,0.23350389485751996,1.1042391106157692,1.2869281797305665,4.8806467,2.4381943,6.72477426172001,11.605421,4.1351932563599965,6.0878885996409045,40.760423872616265,0.0,50.983505,0.0,0.8690532058798981,15.185496873684931,5.8074852277023075,8.045334850870153,0.35985408243300165,0.0,0.0512852438031407,31.147062258828303,31.147062,101.330765,101.39503,105.41107,62.58893,52.365845,0.022521399,0.016141377,58.0,50.0,0.0,1.0,0.0,0.0,2.0,1.0,0.0,1965.0,30
287.0,0.41314523568190675,0.0,0.0,0.41314524,0.2013103538384108,10.068934613638838,59.1320602593501,5.350140716439924,0.09286791893060127,0.939805689129538,74.55113,3.276071161891559,0.9348569303642086,3.794159034179591,1.0921524218051255,11.029979,4.210928,5.225755594830382,16.255735,3.7119134988933054,2.4490123785170677,37.61647962826179,0.0,43.777405,0.06710345127947027,1.6440060747705556,16.921017567092754,3.8869632735197857,4.891637722535732,1.412540472116071,1.7770499629443397,1.9327394877111561,33.6342310128457,33.63423,108.18536,108.59851,107.96686,60.03314,53.872215,0.022521399,0.026692571,58.0,50.0,0.0,1.0,0.0,0.0,2.0,1.0,0.0,1975.0,36
288.0,0.2948395079546964,0.0,0.0,0.2948395,2.87083829454479,10.752487779310561,54.51519171829616,9.535027018679518,0.13040226227292492,0.370435416621338,74.802704,2.3972324685960844,1.32936357635832,4.585493476329276,0.9784781202676927,10.569616,3.726596,3.4679324818487003,14.037549,3.7089700078242682,2.480617562243807,30.666693044399675,0.0,36.85628,0.5135937786711537,0.7828708806628473,17.53983552222878,8.862731774703233,3.078042957184092,1.5983164457736436,0.07328726302644561,1.2790489764040718,39.40240369564605,39.402405,114.20511,114.49995,117.10617,50.89383,44.704243,0.022521399,0.021480612,58.0,50.0,0.0,1.0,0.0,0.0,2.0,1.0,0.0,1985.0,67
289.0,0.22158463113456112,0.03537991582822882,0.33424640129438116,0.59121096,1.0835717474588007,9.559704640021758,54.51779425988059,7.681443069746704,0.9597902332907918,0.23016428626748053,71.75894,2.2841170378506273,1.7426686119876489,5.904840376951084,2.2282587600916903,13.6352215,4.026786,3.09305452341958,16.728277,2.7516534612287034,0.47107721504987093,33.20938608021671,0.12226443373345644,36.554382,0.14561300509698663,5.998127274904349,19.594547328966982,6.8360803834039325,2.5190058291365953,0.6223824204707301,0.4625692554847312,1.4753370794167828,41.42338744803658,41.423386,113.18233,113.77354,114.71735,53.282658,49.937664,0.022521399,0.022087192,58.0,50.0,0.0,1.0,0.0,0.0,2.0,1.0,0.0,1993.0,137
290.0,0.6954496669953116,0.3182625940512322,0.418446017888422,1.4321582,2.4186043330216997,8.797616066645427,56.497895719337286,4.20216286117447,1.1124921498807936,1.6187576969295507,69.49767,1.646143468515036,0.7753106606912316,4.727621998916643,0.7896188366032659,11.339175,2.4214542,3.609837954239854,14.949014,3.0638409806182163,0.0822561213445615,35.90116945604751,0.06389640107993137,39.111164,0.2508525716215266,1.4870961868546178,22.002600141750044,6.568088491434416,1.9744260867023815,1.2981001802253824,0.35330978233658383,3.4004805971241594,40.58154154467526,40.581543,110.079216,111.511375,113.93983,54.060177,50.85018,0.022521399,0.026205236,58.0,50.0,0.0,1.0,0.0,0.0,2.0,1.0,0.0,2003.0,308
291.0,3.321329567448951,0.15426933693503003,0.0,3.4755988,0.48821708488529164,8.980833192012241,52.96383496234488,14.66902350743878,0.2879694275442208,0.1653324937270947,76.61369,10.74360623339066,11.380753698106966,0.549883626002025,2.478408241043694,25.503632,22.124361,11.421865118635802,36.9255,1.8722311814278256,1.2239507325450403,22.927014880715955,0.0,26.023197,0.0,0.6240369283046395,8.326562708710243,6.588010948397139,6.295288031183061,1.394838109465246,0.461093961813335,0.3509803332946276,24.371475864508167,24.371475,100.98517,104.46077,105.05131,62.948692,59.852512,0.005185017,0.0060243206,59.0,50.0,0.0,1.0,0.0,0.0,2.0,0.0,1.0,1965.0,11
292.0,2.5567707647836864,1.1227387997273741,0.0,3.6795096,8.485245724013314,9.432669800441117,56.33414632695598,6.435801714250069,0.0,0.0,72.202614,11.969807962196443,7.5564733887103674,0.0,1.2194116218170843,20.745693,19.526281,8.100277011859198,28.84597,3.6609512895821723,3.1288110713731987,21.660551337738163,0.0,28.450314,0.0,2.181873533401693,9.535746323209592,5.920346412174548,5.25330139235594,0.7998328828469549,1.415033387623256,0.0,26.336342428245977,26.336342,98.53896,102.21847,110.70372,57.296284,50.50652,0.005185017,0.004121011,59.0,50.0,0.0,1.0,0.0,0.0,2.0,0.0,1.0,1975.0,8
293.0,3.937550937827632,0.0,0.0,3.937551,1.2884977383942278,8.027585373723564,54.965234048907384,13.54283000791106,0.0,0.028029765779543223,76.53565,10.390213212311705,9.365799514679122,0.7458980445820026,1.3919342800144658,23.419786,19.756012,9.04950455400928,32.46929,1.4344017859332505,1.4614442775695102,22.47488174634372,0.0,25.370728,0.0,1.1319020122799057,12.980932979671808,8.612085566528648,2.1298312171843046,0.42234033331467585,0.5591293106672407,1.5259414116369452,29.896194717479858,29.896194,106.43185,110.36939,110.15998,57.84002,54.94417,0.005185017,0.0053327894,59.0,50.0,0.0,1.0,0.0,0.0,2.0,0.0,1.0,1985.0,17
294.0,6.489429594752626,0.0,0.0,6.4894295,9.08183958005176,9.2740159889681,56.97252613489271,4.968662386703883,0.2493618834333886,0.04561729382578221,71.2152,6.090596119200444,8.107867030735854,1.0360721988025754,1.4190565310895171,17.030346,14.198463,2.5731623127928622,19.603508,0.4768199921271039,0.0,7.316413967101542,0.0,7.7932343,0.0,3.2610590802438626,30.105414101018926,13.829295466871642,4.358993665213482,0.5671407096076283,0.0,0.3767535268373001,53.89855844424616,53.89856,125.11376,131.6032,140.60326,27.396742,26.919922,0.005185017,0.004766387,59.0,50.0,0.0,1.0,0.0,0.0,2.0,0.0,1.0,1993.0,13
295.0,5.493257587906956,0.9973499637985856,0.41894895469766896,6.9095564,4.190053721689167,5.977484877486455,58.488372628492534,5.256829949723473,3.174218192056002,2.4282017524392727,69.72269,7.423759006349784,7.636082732041527,0.8232822900686184,1.0981899273174234,18.504389,15.059842,7.200874198692403,25.705263,1.3538589082964758,0.09305365119661682,19.037671195712957,0.008743153349808649,20.493326,0.09482891475753327,1.7064567507539372,15.866595207694987,8.358440403744671,2.706808369319859,1.328220394758474,0.0,1.5230746038778549,35.37926941223254,35.37927,105.10196,112.01151,121.80141,46.19859,44.742935,0.005185017,0.0056805774,59.0,50.0,0.0,1.0,0.0,0.0,2.0,0.0,1.0,2003.0,107
296.0,4.590620255174374,1.2890407529110235,0.1963879885104961,6.076049,2.083508048835409,8.429520523168133,53.356685877968836,7.661316167762351,0.0,4.640787380682109,69.447525,1.1042268868158531,1.1976746855885467,1.6342131496564052,0.13092532121437406,4.898736,2.3019016,4.5948964698573525,9.493632,5.275318620685692,3.941181743968964,37.64865127916579,0.0,46.86515,0.7986445008790789,2.293626737633955,10.598400134461047,8.074615083380502,6.016095862546163,0.3236386409932188,0.0,0.8316957559720436,29.426400248758647,29.426401,98.873924,104.949974,111.64121,56.358784,47.142284,0.0062218565,0.009984237,60.0,50.0,0.0,1.0,0.0,0.0,2.0,1.0,1.0,1965.0,18
297.0,1.4136863313566415,0.0,0.0,1.4136863,1.7815165178388375,9.68912549190394,61.49051918792675,6.388406827645793,1.1840904304862458,2.5246072285908654,77.568054,1.8208765138725351,0.0,2.8074527078322293,1.0739001689469923,5.818574,1.8208765,8.65733348221413,14.475907,3.802012268897404,2.023667411248265,37.72095924363564,0.0,43.54664,0.0,1.6661244997154598,17.79559366457958,2.3165282727261167,2.0218473475536825,0.9250706601601587,0.0,0.11634460480644371,25.621846041449082,25.621845,103.189896,104.603584,109.977455,58.022545,52.196865,0.0062218565,0.009237198,60.0,50.0,0.0,1.0,0.0,0.0,2.0,1.0,1.0,1975.0,13
298.0,1.0521698512796502,0.0,0.0,1.0521698,2.101113915794216,8.347309352246734,53.148097749969175,8.304291032557737,2.637335825764349,0.010577571405506215,69.7997,0.7858545307984107,0.6746080081240432,6.641378982044634,3.1513450297375196,16.241467,1.4604626,5.960263861641224,22.20173,2.059640507891121,1.9722411301843676,26.76114583492737,0.0,30.793028,1.072051015613384,3.04001088933132,22.27593588412694,6.226009785070438,3.3078897216111907,1.4999707342262545,0.4380189739958161,4.988280177759239,43.32057545584039,43.320576,113.12028,114.17245,115.00524,52.99476,48.962875,0.0062218565,0.0063026445,60.0,50.0,0.0,1.0,0.0,0.0,2.0,1.0,1.0,1985.0,20
299.0,0.03424014942186796,0.0,0.0,0.03424015,11.888076964793648,6.679057768011712,59.592417027216456,6.765516656853708,0.0,0.1712007405493943,73.036995,3.0845817574363674,2.8248123152775397,0.0,0.0,27.374773,5.9093943,0.0,27.374773,2.413310165298379,0.0,20.928608324221383,0.0,23.341919,0.0,0.0,22.180591232097743,6.445644768541273,1.2992433222260666,0.0,0.0,21.465378506631982,53.61817818838619,53.61818,126.655174,126.68941,117.28331,50.71669,48.30338,0.0062218565,0.001534574,60.0,50.0,0.0,1.0,0.0,0.0,2.0,1.0,1.0,1993.0,5
300.0,1.6456730103528623,0.8082936552127008,0.179014645220121,2.6329813,3.191659062485644,9.539308192869703,56.47911411761742,4.281308092577135,0.056093836268446384,0.5549071858335191,70.29973,1.9963532060516034,1.3953979828789627,4.725360340346228,0.752485174272162,12.667325,3.3917513,3.8750039737461175,16.542328,3.1276639215789106,0.014596788661464952,37.80506475170714,0.0,40.947327,0.2742864075273942,2.016883505274586,16.029426658071365,4.650007780945262,1.3633563103149156,2.718049253854805,0.36523091756662057,3.797727803569749,34.61698937592059,34.61699,104.91672,107.5497,110.510345,57.489655,54.347393,0.0062218565,0.0040506283,60.0,50.0,0.0,1.0,0.0,0.0,2.0,1.0,1.0,2003.0,78
301.0,0.5285893115219985,0.19058655044672154,0.11312386262748556,0.8322997,1.7522050504827782,8.368142624641651,57.53161796403767,10.19694728113815,0.20666552778094313,1.480790928568896,76.09671,11.552716735450357,11.37447042775978,0.8071569731465995,1.6510342197886658,26.114973,22.927187,5.661642893578472,31.776617,1.9382930915454,2.3076560676027076,19.379654868182126,0.0,23.625605,0.25854351644885004,0.14926645582022116,11.820256693160577,10.377592214023837,6.16046763561252,0.5904060817403817,1.7589878356537965,0.729595229769975,32.70016234824594,32.70016,108.79687,109.62917,112.59778,55.40222,51.156273,0.018488128,0.034748077,61.0,50.0,1.0,0.0,0.0,0.0,1.0,0.0,0.0,1965.0,64
302.0,1.444150923148366,0.4246372029184841,0.0,1.8687881,0.6302182787391765,6.571171948890736,53.484731690862596,19.259670154820764,0.9328970693780909,0.741602230578124,79.315575,8.405489926435374,6.564873066104228,4.540107448226504,0.2506963161065111,21.580914,14.970363,5.094684570551168,26.675598,3.0729131926646107,2.0147912779259696,22.994091484256185,0.3656536767694854,28.447449,0.0,0.5111358125233879,12.420138632826998,9.167436737987114,3.457190372326283,0.3341559285611467,1.6500230548740478,1.8197458348234832,31.207619670020826,31.20762,110.52319,112.39198,112.87695,55.123047,49.66969,0.018488128,0.028140217,61.0,50.0,1.0,0.0,0.0,0.0,1.0,0.0,0.0,1975.0,40
303.0,1.6883964579386141,0.4679213121742504,0.7633567276988857,2.9196744,2.3568011121182466,10.340940804806904,59.73189273065677,9.52224534080354,0.19969249848392392,0.9365915248004062,79.59508,9.97071068094974,8.396037378526628,0.8798341154804135,2.9264956860794866,23.241701,18.366749,6.148386872209788,29.390087,2.0142357290807396,0.699710562117113,15.447184555118922,0.0,18.16113,0.31985307889311926,0.4367799557891641,16.503880672340465,6.500895972682664,3.0702082604521324,0.6944612140604581,4.765109094175675,1.0686224331346472,35.18971284176626,35.189713,114.78479,117.70447,120.448784,47.551216,44.837273,0.018488128,0.014591623,61.0,50.0,1.0,0.0,0.0,0.0,1.0,0.0,0.0,1985.0,46
304.0,0.44711712195501685,0.0,0.0,0.44711712,2.6592744436965203,7.4612026029866945,57.949481482327656,8.707745214096553,2.4629152459177535,0.506556602826226,74.11843,7.1912830646863135,9.677669449685448,0.6289039751961951,1.0125026983842056,19.272175,16.868952,7.538170758868174,26.810347,1.9868385321485607,0.026711494129672844,18.953328138592262,0.0,20.966879,0.0,1.684203432824039,21.74173697185525,6.682435507185933,1.7236179646783243,0.7930135748823393,2.3474301491140266,0.7618165098447786,40.79029921927394,40.7903,114.90873,115.35584,120.22278,47.777225,45.763676,0.018488128,0.0077844975,61.0,50.0,1.0,0.0,0.0,0.0,1.0,0.0,0.0,1993.0,52
305.0,1.3531782403533141,0.06672352448995213,0.26596391357256605,1.6858658,2.0512695753563293,5.8708910540236925,66.48646376381156,5.792899665908058,3.4296272678520463,2.0249065260478196,78.15025,7.71718530372578,10.82204278527722,0.7633538614382529,1.2082602494299004,22.032894,18.539228,4.00221862855953,26.035112,0.8750782270189879,0.027716942336869325,11.00490019975059,0.012414886291239846,11.920111,0.0,1.1022707160653722,24.119603188096573,5.196315458002487,3.0132512966856093,2.2203749752071023,0.13640714087578107,1.5220515352626123,42.62985125941518,42.629852,120.780106,122.46597,130.04478,37.955223,37.040012,0.018488128,0.0071762246,61.0,50.0,1.0,0.0,0.0,0.0,1.0,0.0,0.0,2003.0,122
306.0,0.0,0.0,0.0,0.0,2.2396027664413234,8.329097089880827,55.13657290496129,9.392088573920766,0.0,0.35102826421450783,72.85776,3.035489912965664,0.38530577645224323,0.9419298896731156,1.4159470630576485,6.5200415,3.4207957,5.820045840443836,12.340087,3.9514801842121465,5.151959724629836,42.09505299355977,0.0,51.198494,0.0,0.8792044199298003,13.561094779156258,6.405538271104205,6.807177188755974,0.2624796217011706,0.8159105526484742,0.7413687036125713,29.754399209528174,29.754398,102.61216,102.61216,104.46142,63.538578,54.43514,0.015090268,0.022053184,62.0,50.0,1.0,0.0,0.0,0.0,1.0,1.0,0.0,1965.0,41
307.0,0.0,0.0,0.0,0.0,2.7922711967472376,9.016428579261355,60.95545053630365,8.516206233768278,1.699378526473262,0.41050158045936125,78.48808,1.5010394812687808,0.18036280783259545,1.8111547911392036,0.5495379363416796,4.156498,1.6814023,4.2205950633788785,8.377093,3.361676568957574,2.886836195052965,36.0675685491024,0.0,42.316082,2.1068739056206063,0.7429662784086312,16.638231817678165,7.44305400814803,4.003583092249124,0.0,1.0382253954635026,0.11440303135859786,31.924117776750133,31.924118,110.4122,110.4122,117.30682,50.693176,44.44466,0.015090268,0.021927744,62.0,50.0,1.0,0.0,0.0,0.0,1.0,1.0,0.0,1975.0,32
308.0,0.057761612213678114,0.0,0.19289297603594197,0.25065458,0.18631768117452097,8.647481623597086,53.982247146284415,7.711719338701412,0.13970796890637774,0.6843695444915776,70.341446,4.48972176379182,0.688034082128669,3.2006505025979712,1.5678604295014755,10.760847,5.177756,2.388361640730681,13.149209,5.654746895403585,2.9124427855641133,40.31052480223929,0.0,48.877716,0.7353050310266307,1.6862243516723248,18.920811423129837,4.786807386513397,2.7775234062812895,0.19449149134287766,1.4168208674502225,0.8145804947351666,34.44985390611068,34.449856,104.791306,105.041954,105.973076,62.026924,53.459732,0.015090268,0.017894471,62.0,50.0,1.0,0.0,0.0,0.0,1.0,1.0,0.0,1985.0,57
309.0,0.0,0.0,0.0,0.0,3.185367825086986,6.2749822047416055,56.426695652738445,4.670712928395272,0.0,0.0022150278903712746,67.37239,0.8488820845726855,0.7638524648104615,3.8889879872103337,0.06508765128442692,5.597796,1.6127346,5.583625084916359,11.18142,4.215642993740902,0.15463765281535172,46.293391440181395,0.0,50.663673,0.0,1.3610019108176625,17.570985018449367,8.219568502681938,3.3212878507158807,1.0264824237487808,0.0,0.030985545811196686,35.6259192517305,35.62592,102.998314,102.998314,106.15491,61.845093,57.47481,0.015090268,0.006547274,62.0,50.0,1.0,0.0,0.0,0.0,1.0,1.0,0.0,1993.0,40
310.0,0.5995290379590913,0.0,0.6786231669130699,1.2781522,1.9754856413030557,6.3275821394879355,60.75728969160122,3.2925585238407913,3.030896037229488,0.8145593713526764,70.37743,2.137181090938584,1.052056378783843,0.8736420480398008,1.9196661158451171,7.9393277,3.1892376,1.7294847492450591,9.668813,2.679955125257561,0.039780317795115296,27.04660362869262,0.02053837486263036,29.786877,0.11204569099893524,3.8220637002240956,29.635287993643054,5.3101773658932965,1.3992913418852637,2.1558628722440636,0.8926790660341902,1.956782017938634,50.92459275276032,50.92459,121.302025,122.58018,128.54431,39.45569,36.715416,0.015090268,0.0070286654,62.0,50.0,1.0,0.0,0.0,0.0,1.0,1.0,0.0,2003.0,99
311.0,5.9774465338691325,0.6341952472390393,0.0,6.611642,0.0,10.208532187151407,55.66725659037943,11.131776286023316,0.0,0.060669866914570374,77.00757,16.511931135935367,18.32139304293326,0.8119397508849392,0.28582708153014613,36.92591,34.833324,9.087161219390895,46.013073,0.56900737230911,1.1191713578257103,9.964919175554616,0.0,11.653097,0.0,0.11217008557121068,13.414696088061465,6.659264690618788,3.176767525129577,0.5207366039449813,2.5565660839681636,0.9948204032844024,27.648773027926232,27.648773,104.65634,111.26798,110.33383,57.666172,55.977993,0.0066819605,0.01117172,63.0,50.0,1.0,0.0,0.0,0.0,1.0,0.0,1.0,1965.0,21
312.0,3.2858176789000706,0.5166640893371701,0.0,3.8024817,3.188525460470152,7.363431580979564,58.83709807325798,6.671883152332746,0.6031902795478584,0.014192712065409178,72.87241,15.152357299790559,15.05755886293323,0.5279172004701884,0.45845441363546624,31.477991,30.209917,3.509615301410299,34.987606,3.579278115016234,0.4882455472324222,22.148616618757636,0.0,26.21614,0.0,0.4006658151439592,14.550733191588852,5.3021801300543165,1.650081780466587,0.12771403639025714,2.5622231138533516,0.28170384232484763,26.597154244113604,26.597155,99.46957,103.27205,106.79626,61.203747,57.136223,0.0066819605,0.012175404,63.0,50.0,1.0,0.0,0.0,0.0,1.0,0.0,1.0,1975.0,17
313.0,5.583650093564482,0.5775560917520782,0.5787719432552278,6.7399783,0.0,5.884305074837203,55.42941495967468,10.231475066106144,0.054160101762892335,0.14438901802015874,71.5452,11.21333504811424,5.280470083348969,0.18327779285749188,0.139869890057277,17.928186,16.493805,3.7982081925960047,21.726395,1.2939947140489425,1.7077628653484496,20.579360367678177,0.0,23.581118,0.0,3.7541145963885083,22.370179070189618,9.810641305578907,3.271510604034484,1.0815855844667601,0.0,1.1112331521609213,45.31999796997238,45.32,116.8652,123.60517,122.69249,45.307514,42.305756,0.0066819605,0.0036374656,63.0,50.0,1.0,0.0,0.0,0.0,1.0,0.0,1.0,1985.0,12
314.0,2.1299074086425884,0.0,0.6064947992649844,2.7364023,2.0640953271943685,6.7778438479984136,58.379463193862996,3.07731175360146,0.0,0.054582912993362875,68.23462,6.210786732113759,4.765566138945458,0.7990541769415143,7.106575650868373,19.482395,10.976353,12.384257166692276,31.866652,7.877868433038788,0.9824924673440257,26.65614692940811,0.0,35.516506,0.0,0.0,16.17656137881017,8.44186354582331,0.0,0.0,0.0,0.6004120485042407,28.1275524944193,28.127552,96.362175,99.09857,100.616844,67.383156,58.5228,0.0066819605,0.0020695014,63.0,50.0,1.0,0.0,0.0,0.0,1.0,0.0,1.0,1993.0,7
315.0,5.588530138298274,1.1142569303268484,1.01867090753934,7.721458,0.7667588352030705,6.324213758487835,58.01867277261243,4.729829979602639,0.5655679254529307,3.264940883689224,69.072716,12.636218680305394,14.670852508244169,0.09828417881209262,1.536631301159422,30.029202,27.307072,5.846323527175474,35.875523,0.5108189725390573,1.1196247238297528,8.599687394369608,0.0,10.230131,0.2714009321495466,0.3794005049307913,21.173198912580165,12.185803184177155,1.1008017602589442,0.470713829932531,0.0,1.0872140404008634,39.79260066985878,39.7926,108.86532,116.58678,121.89435,46.105656,44.475212,0.0066819605,0.004355711,63.0,50.0,1.0,0.0,0.0,0.0,1.0,0.0,1.0,2003.0,62
316.0,0.8536381095814226,0.133629654997708,0.101352580734991,1.0886203,3.3815765309903236,10.125427953169867,57.809805481330415,7.782414924716437,0.39115367853856503,0.23648936425377454,75.71765,2.364397582098218,0.27440896436086637,2.1480874729798853,0.755345164223476,5.8513665,2.6388066,5.284860444336867,11.136228,3.781284836170432,5.604008484824715,42.184826072447194,0.0,51.570118,0.0,0.4020318998999461,13.252428349455633,4.652323408549761,3.825917562244196,0.8985038090020128,0.0,0.30912747613096236,24.787292702713007,24.787292,100.504944,101.59356,105.293655,62.706345,53.321053,0.006829158,0.018546142,64.0,50.0,1.0,0.0,0.0,0.0,1.0,1.0,1.0,1965.0,34
317.0,0.14874130314783968,0.0,0.0,0.1487413,0.0,9.080799642168062,53.85615000081897,2.4684901362753147,0.0,0.9221125131323742,65.40544,0.2671227324249939,1.3897045895604743,3.614673525425929,0.0,5.271501,1.6568273,1.7211566937384206,6.9926577,6.017251239455371,4.647451111854308,43.74708464081598,0.6207423368176096,55.03253,0.0,0.0,31.908395895410695,5.5254832455039,1.1945742040354823,0.0,0.0,0.0,39.498519951312275,39.49852,104.90396,105.052704,105.974815,62.02519,50.739742,0.006829158,0.009022166,64.0,50.0,1.0,0.0,0.0,0.0,1.0,1.0,1.0,1975.0,13
318.0,4.687664620372126,0.7792378852848618,1.7108494924057456,7.177752,1.1688567824289786,7.057754702068763,52.282856115732756,13.979722454793547,0.9997725547954738,0.0,73.320335,4.132627078352802,5.665611539785147,0.16662875913257896,0.0,9.964868,9.798239,4.190806178569796,14.155674,3.759842463948214,0.16697954034699694,28.296081148271753,0.0,32.222904,0.0,0.0,17.08363601591278,7.4017946635974035,5.167947001610874,6.675439902221879,0.0,0.0,38.9547086934337,38.95471,112.27504,119.4528,121.62142,46.37858,42.451756,0.006829158,0.0031519777,64.0,50.0,1.0,0.0,0.0,0.0,1.0,1.0,1.0,1985.0,10
319.0,0.0,0.0,0.0,0.0,0.0,11.889327655525307,84.96180134665187,22.365284365068867,0.0,0.0,119.216415,0.0,4.049540733003207,0.0,0.0,4.0495405,4.0495405,0.0,4.0495405,0.10209277005064274,0.0,14.49717406437594,0.0,14.599265,0.0,0.0,10.90668253950621,19.228095372779666,0.0,0.0,0.0,0.0,30.134777912285877,30.134777,149.3512,149.3512,149.3512,18.648806,18.546715,0.006829158,0.0008638206,64.0,50.0,1.0,0.0,0.0,0.0,1.0,1.0,1.0,1993.0,3
320.0,0.8391294880582293,0.3231193702530295,0.03077120047803807,1.19302,2.3670884097767244,5.883499932371937,59.0237770053474,3.6595781804438916,0.7692449675484219,0.7278526492793302,68.56686,2.492338518888918,1.8732987356778352,1.926236822939785,1.172252303785491,10.381434,4.3656373,2.164751505195045,12.5461855,3.6878778347828938,0.2817052880757824,31.158054512805993,0.355622062334134,35.483257,1.0615047762880276,1.9826566025713057,28.997204972497205,8.973293520491275,0.8973829854513888,0.5102370918617349,0.0,2.9173080492085353,47.10559631468613,47.105595,115.672455,116.86547,119.97056,48.029446,43.704243,0.006829158,0.0025616847,64.0,50.0,1.0,0.0,0.0,0.0,1.0,1.0,1.0,2003.0,34
321.0,0.0,0.0,0.764483663467978,0.7644837,2.8384995659488688,6.539228070904505,54.211584730565555,9.738573915650642,0.21094674281057688,0.0,70.48939,11.7651198368053,14.364784190606022,0.18828949866138964,1.3524409647538524,28.9021,26.129904,7.115746964437801,36.017845,1.685603589706612,2.57058928014046,26.19694507422855,0.0,30.453138,0.0,0.1259929538298141,3.5915640673602978,12.988438305928812,8.328641319144946,2.19106298022352,0.0,1.2314646423122826,28.457163755510983,28.457163,98.94655,99.71103,101.529015,66.470985,62.21479,0.0040161214,0.0049175657,65.0,60.0,0.0,0.0,0.0,1.0,4.0,0.0,0.0,1965.0,9
322.0,3.8196071387956403,0.0,0.0,3.8196073,8.845613264802868,7.223178727816167,59.77086733969495,7.061435050029131,0.5630338961364256,0.0,74.05548,5.777976728466656,8.021174991470845,0.7037924133183789,4.502437897493841,23.013346,13.799152,6.996900841111183,30.010246,0.999795209651473,3.344038935275331,21.48111191654935,0.0,25.824945,0.0,0.0,6.428960467359359,8.0765436326278,9.98127200436673,0.0,0.0,4.007962605905013,28.889035255196635,28.889036,102.94452,106.76412,112.16481,55.835194,51.49136,0.0040161214,0.0020382986,65.0,60.0,0.0,0.0,0.0,1.0,4.0,0.0,0.0,1975.0,5
323.0,1.8354221173113396,0.0,0.0,1.8354222,3.0280381401138823,8.818632706077222,53.20602720369545,11.781824057575207,0.0,0.2947179907249204,73.80648,12.463654485854086,4.304631262133144,3.8129430252416054,1.7183679839451853,22.535177,16.768286,6.767301650034369,29.302479,3.9790040134259836,1.8717556126490211,13.913845301325983,0.0,19.764605,0.0,1.87481507981572,17.874038475697738,6.643230179333497,5.886555975515207,1.2279916012524084,3.339351653633127,0.2355798656567353,40.20383570377073,40.203835,114.01032,115.84574,118.932915,49.067085,43.216324,0.0040161214,0.003821029,65.0,60.0,0.0,0.0,0.0,1.0,4.0,0.0,0.0,1985.0,12
324.0,0.2780990418400111,0.0,1.2110639827489855,1.489163,2.592207067948918,9.90292298861565,59.883642358454274,11.480270061866966,2.0506427921964843,0.786342738800064,81.26684,6.844890566652482,3.956330635806667,2.5104106631123413,1.0702044297514017,15.462336,10.801221,7.888135603412271,23.350471,1.2338734679970418,0.3755466099053641,15.097979270261307,0.0,16.7074,1.5221264544642612,1.5075786226646903,17.13862921903654,8.56072980818541,6.620795874389623,2.053965572435852,1.2326103126793702,1.0804989231963582,39.315311280456605,39.31531,120.582146,122.07131,127.94213,40.05787,38.44845,0.0040161214,0.003769078,65.0,60.0,0.0,0.0,0.0,1.0,4.0,0.0,0.030779533,1993.0,31
325.0,1.6441127944377587,0.12145901561352915,0.28149269580916564,2.0470645,5.414443733424856,9.685279273318208,59.071005722635874,5.532959746449001,1.353742582973127,2.1085742182179623,74.289246,5.621379532247037,6.525406764142759,1.2482076601737702,1.9262080977400846,17.131678,12.146787,8.074605764976033,25.206284,1.2655389738928235,0.27011609391634234,18.352563325005274,0.0,19.888218,0.029654112739656492,1.8918373097955337,14.507817259171695,7.711996088154362,7.4691036666741315,2.276874082280128,0.0,1.8104754831149656,38.00308815040385,38.00309,112.292336,114.33939,122.905495,45.0945,43.558846,0.0040161214,0.005534636,65.0,60.0,0.0,0.0,0.0,1.0,4.0,0.0,0.04019033,2003.0,110
326.0,0.0,0.0,0.0,0.0,0.0,14.568254242019785,63.72115522554106,7.986010291733834,0.0,0.0,86.27542,0.0,0.0,0.0,0.6548557033500335,0.6548557,0.0,0.0,0.6548557,7.332489620091908,1.512707488422846,30.870701127435566,0.0,39.715897,2.5150632813754674,1.309711406700067,10.324298844438356,11.956656742578742,12.760945861222101,1.9645671100501005,0.0,0.0,38.838763848290604,38.838764,125.11418,125.11418,127.62925,40.370754,31.525557,0.0051394445,0.003168162,66.0,60.0,0.0,0.0,0.0,1.0,4.0,1.0,0.0,1965.0,6
327.0,0.3701951712520642,0.0,0.0,0.37019518,3.263369936618182,14.973387206939748,53.94395745066262,9.137814204275065,0.0,0.7268504875922857,78.05516,1.4674059154396872,1.238083843557891,0.9365273425941354,0.0,5.6841464,2.7054899,5.941898236680597,11.626044,2.835694144326642,1.3598992748388077,32.94942960870361,0.0,37.145023,4.134815515900865,3.701951880637615,16.774234854851635,6.48955282943119,5.09581039107289,0.0,0.0,2.0421292188732223,34.72067128711976,34.720673,112.77583,113.14603,119.228935,48.77107,44.575474,0.0051394445,0.0037893835,66.0,60.0,0.0,0.0,0.0,1.0,4.0,1.0,0.08814171,1975.0,9
328.0,2.7723225773300455,0.0,0.0,2.7723227,2.520343768957062,10.194926513485076,58.88950119413439,8.999323512733069,0.27811237930354515,0.0,78.08375,4.163435268210125,2.1191438496667265,3.040567810124503,0.0,12.661469,6.282579,4.273166984242173,16.934637,2.771104275706667,5.776544380811917,25.115219395735203,0.0,33.66287,2.7304976967744783,1.37627043291515,10.667095644011132,4.867989474741307,9.607198885739304,0.5852681769477521,1.1055376204008407,3.3383223190620246,34.355789635782465,34.35579,112.439545,115.21186,117.4025,50.597504,42.049854,0.0051394445,0.003986777,66.0,60.0,0.0,0.0,0.0,1.0,4.0,1.0,0.0,1985.0,13
329.0,0.08429289697112001,0.0,0.0,0.084292896,2.5360150436859885,11.88560216408012,55.61347343660603,6.8197502008646405,0.0,0.019508899186628483,74.318825,0.8803735203315456,1.0521943528030364,1.2283551655363467,0.1379960211334847,3.625292,1.9325678,4.519341247424581,8.144633,3.93274368147077,0.0,39.858051299457394,0.0,43.790794,0.9781011242301855,1.8284843288872679,17.9706206202351,4.709978764525972,11.13560807283733,0.20050032154099193,0.0,0.32637298529137126,38.45420107196244,38.4542,112.773026,112.85732,116.064575,51.93543,48.002686,0.0051394445,0.0054063317,66.0,60.0,0.0,0.0,0.0,1.0,4.0,1.0,0.06992176,1993.0,38
330.0,0.3802454050747852,0.0,0.10275588681454423,0.4830013,1.9653264271790059,11.883691765708543,56.567261390630044,4.181805554250889,0.2776086073373115,1.5430478548390196,72.63276,1.6288127170869078,1.4426023170291582,1.8759301956838765,1.3387970154281161,8.335117,3.071415,4.004166150212118,12.339283,4.142914360138654,1.082855145057122,33.643388129736955,0.43827504567027364,39.307434,0.11035430586704248,3.2142105026588674,17.66482251620602,4.579637386215709,5.765019958199553,2.7072639923980835,0.9013481379319269,2.0489747831794247,38.28921961220052,38.28922,110.92198,111.40498,116.35329,51.646717,45.98267,0.0051394445,0.009346569,66.0,60.0,0.0,0.0,0.0,1.0,4.0,1.0,0.07120082,2003.0,142
331.0,0.0,0.0,0.0,0.0,4.290489729621887,8.221405230904471,57.15197695684961,5.805134800168753,1.2361948988504816,0.22816017836185398,71.17852,6.273243569087917,2.6345864906639633,0.907100331590711,0.4019245138686832,11.389552,8.90783,5.39477316162361,16.784325,1.2551603740084782,1.9074338676981926,37.65529220043413,0.0,40.817886,2.009622569343416,0.0,9.252322968715543,13.740118812740208,5.270134332848385,1.4757379958261507,0.8038490277373664,1.172696781337152,32.62750052150653,32.6275,103.806015,103.806015,110.39779,57.60221,54.439617,0.004270887,0.0041192537,67.0,60.0,0.0,0.0,1.0,0.0,3.0,0.0,0.0,1965.0,8
332.0,0.0,0.0,0.0,0.0,3.5168315333260254,6.076269903076677,59.55856608259315,8.201835068584778,0.0,0.0,73.83667,12.719985950519389,3.2139815714445255,3.322565502855494,0.0,19.256533,15.933968,5.45168919824678,24.708221,1.0352928020341894,1.5887426718744564,28.366368327644153,0.0,30.990404,0.0,0.6838843080781872,18.400344109630705,5.168062895095217,3.6243970614938115,5.521967244346197,0.0,0.0,34.94787047584709,34.947872,108.78454,108.78454,112.30138,55.698627,53.07459,0.004270887,0.0024490976,67.0,60.0,0.0,0.0,1.0,0.0,3.0,0.0,0.0,1975.0,6
333.0,0.0,0.0,0.0,0.0,8.03055115710634,12.456841968173247,54.98784775039301,9.323567179834741,2.147909410470238,0.0,76.76826,14.90407932149948,9.776720168259734,0.09926734520320953,2.9467625742966908,28.322433,24.6808,8.464576202238435,36.78701,0.0,0.0,7.254858247404463,0.0,7.254858,0.0,0.09926734520320953,16.45798541197821,7.657705767281635,12.339826267130237,0.0,0.0,0.5956040915054116,37.60701843862372,37.607018,114.375275,114.375275,123.95813,44.041866,44.041866,0.004270887,0.0018822508,67.0,60.0,0.0,0.0,1.0,0.0,3.0,0.0,0.0,1985.0,6
334.0,1.0379272468262428,0.0,0.0,1.0379273,2.046017169122065,8.728197816256927,53.30198129339246,10.53817704466108,0.7375679863657322,0.06232172402199086,72.56836,6.068933558280275,3.9186678633859224,0.2944000861049251,2.1938466354006696,14.826238,9.987601,9.729124155201143,24.555363,2.3761936094007883,0.025079690012642923,28.562427770449172,0.0,30.963701,0.2876248602287585,1.5039756378339102,15.226918094065027,5.376199658356641,8.640038992541932,0.0,3.4062821843928606,2.3503897872054824,38.09151151519956,38.09151,110.65987,111.69779,112.480934,55.519062,53.11779,0.004270887,0.005086285,67.0,60.0,0.0,0.0,1.0,0.0,3.0,0.0,0.0,1993.0,39
335.0,1.3171298749214226,0.07685071054057159,0.5767695006213756,1.9707501,3.1581758864929177,10.417268674926296,57.280741537244275,6.539076825346769,1.2875893428150387,2.04610837501902,74.23708,5.064923260147674,8.927021984198078,0.45928105310488687,1.384565829045258,18.663185,13.991945,5.705690271071664,24.368876,1.5424932054137377,0.17002641362204285,21.54879325627732,0.0,23.261312,0.2155925305178876,1.2843727003344094,18.249855394786223,9.99730916879901,4.032273736789969,1.3033276457994925,0.17211955527994913,2.827392040852254,39.15982195089276,39.15982,113.39691,115.36766,120.36981,47.630188,45.917667,0.004270887,0.007817549,67.0,60.0,0.0,0.0,1.0,0.0,3.0,0.0,0.061118912,2003.0,152
336.0,0.0,0.0,0.0,0.0,1.1315462758546844,7.9386332184846085,58.01867421064041,6.308801029241145,0.0,0.0,72.266106,6.225127200484055,0.0,0.0,0.40537550519637283,7.059724,6.225127,2.168687828792373,9.228412,5.846614134009454,3.978476394990932,46.7754662018352,0.0,56.600555,0.0,1.2899530909004502,11.592215439121354,7.58977541477493,8.200089199691613,0.0,0.0,0.429221078177979,29.202598055733144,29.202599,101.468704,101.468704,102.171036,65.828964,56.00388,0.0035051876,0.003045492,68.0,60.0,0.0,0.0,1.0,0.0,3.0,1.0,0.0,1965.0,6
337.0,0.0,0.0,0.0,0.0,6.510919363602527,11.061783972527818,55.53406772316029,7.599161493614537,0.0,0.7121318209865677,74.195015,2.796992674627206,0.0,0.0,0.1322016590576199,3.1326606,2.7969928,0.9254116404199102,4.058072,4.230453224926691,1.0576132994775302,37.29222629460693,0.0,42.58029,6.044627747853875,0.3966049906811452,6.56174476944857,12.88106655482082,14.059526461083676,0.0,0.0,0.20346621971755138,34.10240812689547,34.10241,108.297424,108.297424,121.36163,46.638367,41.3503,0.0035051876,0.002106673,68.0,60.0,0.0,0.0,1.0,0.0,3.0,1.0,0.0,1975.0,5
338.0,0.0,0.0,0.0,0.0,2.5144344090077544,8.99183392741482,62.493907906533636,7.241477987726911,0.0,0.18347567816855792,78.72722,3.520136359296505,2.392488643360484,2.266197126870558,2.5241530822620106,10.886451,5.912625,6.295524053242719,17.181974,1.0682862960330717,1.1231724307843123,23.955034152072663,0.0,26.146492,0.0,1.473921349562576,17.537797170514274,14.556170776060846,5.6248920757768985,0.0,2.5886420711098737,0.18347567816855792,43.429878513491815,43.42988,122.1571,122.1571,124.67153,43.32847,41.13701,0.0035051876,0.002868586,68.0,60.0,0.0,0.0,1.0,0.0,3.0,1.0,0.0,1985.0,9
339.0,0.6777285803837699,0.0,0.0,0.6777286,2.2655589458086043,9.704351514665031,54.376240164398084,5.394715742742551,2.477588372187792,0.539953528491514,69.4753,3.671384246281464,0.0,8.281207630861584,0.31919119395813983,14.771432,3.6713843,4.117690599829524,18.889124,3.1755902880314837,0.0,24.09705992821096,0.0,27.27265,1.08060683788454,2.134157072883809,33.66902698602402,1.6559410459082737,4.390542925690992,0.32323931758250524,0.4144753889486182,2.4996491711606743,47.82113204430907,47.821133,117.29644,117.97417,121.83823,46.161774,42.986183,0.0035051876,0.003000123,68.0,60.0,0.0,0.0,1.0,0.0,3.0,1.0,0.0,1993.0,21
340.0,2.8984211634718946,0.015833399876759927,0.1491694994476416,3.063424,2.398078807836331,8.413200602973273,59.70585168759258,3.4795650868135657,2.272127076817691,2.141451754900729,71.59862,2.55114295878036,1.817172315656981,3.336778967738573,1.5992912384909372,13.894626,4.368315,6.211868959659806,20.106495,2.0242148287139377,0.24060334691469887,26.46896386114525,0.0,28.733782,0.0,1.5502268721846186,19.800525916632946,5.98839906912191,3.6136363324363203,2.4114713174622904,0.22299610686384586,4.59024054534121,41.546331498540354,41.546333,113.14495,116.208374,119.15972,48.84028,46.57546,0.0035051876,0.0065050637,68.0,60.0,0.0,0.0,1.0,0.0,3.0,1.0,0.08845368,2003.0,110
341.0,1.553183450577197,0.0,2.284909787695553,3.8380933,9.009142497733649,6.640567565421989,64.62131324753304,7.131222815999238,0.133519958441444,0.1030814315082119,78.393105,13.305256880576925,6.481044545015376,0.5465842799414571,2.538043930190612,23.469734,19.7863,5.00801718070694,28.477753,2.222152619318214,1.7364777304007466,15.370477792953325,0.0,19.329107,0.0,0.3167770507508272,8.041127153592926,11.991440454886598,6.017998063432655,0.713688979684575,0.5500024600409209,0.5988054611363891,29.315004577846175,29.315004,107.70811,111.5462,120.19314,47.80686,43.84823,0.013050313,0.010333219,69.0,60.0,0.0,1.0,0.0,0.0,2.0,0.0,0.04577827,1965.0,19
342.0,0.04188146845109715,0.0,0.0,0.04188147,3.2176731315020843,12.169302846216159,61.97179887119271,7.951316599882867,0.0,0.2999646878348718,82.092415,8.948055069770191,6.9177318306495925,2.453309850187757,2.386821935310373,21.111721,15.865787,4.712584197979515,25.824306,1.3328505295758537,0.9620979283960858,11.333876871693477,0.0,13.628825,0.0,0.3161731650701936,14.748991829981058,13.750114454465487,7.742453219395761,0.4978666318979505,4.2051976274096265,0.4058029599776946,43.30073418645845,43.300735,125.39315,125.435036,128.54688,39.453133,37.158184,0.013050313,0.014760484,69.0,60.0,0.0,1.0,0.0,0.0,2.0,0.0,0.0,1975.0,25
343.0,1.3951176904369431,0.08107596509470949,0.1419397153304289,1.6181334,2.9091241285882723,9.845419160617022,54.085400226529664,8.753855449344549,0.2922053321750138,0.4632949671602556,72.68468,10.30945843727716,7.527238503816456,0.5677611748840649,1.6493126901100343,21.050795,17.836697,6.999876316254047,28.05067,2.169142986847567,1.2236454571196764,17.49204639290262,0.0,20.884834,0.0,0.9866276019491639,19.999479019369197,8.28841301679242,5.32347749817305,0.7704362493126238,2.684428344890654,0.9970233485897354,42.09408564927885,42.094086,114.77876,116.3969,119.0645,48.935505,45.542717,0.013050313,0.018501168,69.0,60.0,0.0,1.0,0.0,0.0,2.0,0.0,0.016255831,1985.0,58
344.0,1.6087045041278367,0.0,0.0,1.6087044,3.362898090540696,7.932947013113789,58.783925183366286,6.478945181352555,0.45889966289639383,0.3340253721951767,73.195816,8.065438118298703,9.224193541075111,1.9116400898554424,1.936494546601032,22.304838,17.28963,5.790822308645004,28.09566,1.0473481775545033,0.32574522799665,14.015547789532075,0.0,15.388641,0.31363610084872007,1.0990964698514116,23.005281447673948,8.945793034591258,6.182370383575369,0.24198988707764693,1.6749990584388381,1.167071418612296,46.408789483192855,46.40879,119.60461,121.21331,124.5157,43.484303,42.111206,0.013050313,0.010091373,69.0,60.0,0.0,1.0,0.0,0.0,2.0,0.0,0.10572727,1993.0,68
345.0,1.1595786476237209,0.4899464918085617,0.11085833502222803,1.7603835,1.9312804952075693,9.518463232059704,58.27642208109887,5.987795196634699,1.6577794820946128,2.839654591196204,73.78268,7.333073254004081,7.677338953412032,1.8895494860856672,1.7336964230393617,20.533249,15.010412,7.56113489357456,28.094383,1.4063456888915244,0.009951922862327144,19.590903379840427,0.08975701076783729,21.096958,0.0,0.8146405031003213,17.834776018853116,7.973827081012091,4.2137743889760175,0.7238822386682244,0.1088163536774586,1.8995901332715193,37.02769880270719,37.0277,110.81038,112.57076,118.80866,49.19134,47.685287,0.013050313,0.011565322,69.0,60.0,0.0,1.0,0.0,0.0,2.0,0.0,0.08617699,2003.0,181
346.0,0.0,0.0,0.0,0.0,1.7925237374127765,9.549414112637773,53.26110145362343,9.835988496660438,0.34686375261971325,0.14865588819337497,72.64651,4.326516600559392,0.9414873155195919,0.9271433438043944,0.7002906395114894,7.241751,5.268004,2.615690796296367,9.857442,6.477661568467783,2.9762118780108002,42.96092743209597,0.0,52.414803,0.0,2.9341841564729063,12.883250174933382,5.539598503045416,8.262763851597793,1.1734128842297293,0.0,0.3463131929380453,31.1395226368291,31.139523,103.786026,103.786026,105.72776,62.272243,52.81837,0.007825044,0.006595044,70.0,60.0,0.0,1.0,0.0,0.0,2.0,1.0,0.08052523,1965.0,12
347.0,0.0,0.0,0.0,0.0,0.0,14.863430443503525,54.48847874121944,7.556977640641359,0.0,0.7082126780266118,76.90889,1.3010143785055424,1.3877486231394738,5.690886698692153,1.6007301954675603,9.98038,2.688763,3.0168255250868383,12.997206,5.655758882739576,2.5717687752267118,38.61256962729943,0.0,46.840096,0.7202162960435623,2.460738946067716,18.810361519489444,2.627945850393463,5.152769503516348,0.36010814802178115,0.0,0.0,29.8253820404586,29.825382,106.73427,106.73427,108.1627,59.837303,51.609776,0.007825044,0.00688372,70.0,60.0,0.0,1.0,0.0,0.0,2.0,1.0,0.09930748,1975.0,12
348.0,0.0,0.0,0.0,0.0,4.1756434809294065,9.947214606044103,55.56595548316005,8.276258375896244,0.09003193804554228,1.1798429277961207,73.78943,3.633231236751839,1.569669793820017,1.3329388201402386,1.0814675411941594,8.276718,5.202901,6.63201937814989,14.908737,2.2469250183534513,1.3156452538761274,30.815418004193408,0.0,34.377987,0.0,4.4294145316078,15.447609710069225,11.068168860680435,4.140347585489963,0.5767971970427251,1.5836797371133218,0.6594108123661803,40.137738094881236,40.137737,113.92716,113.92716,118.71327,49.286728,45.724155,0.007825044,0.008195066,70.0,60.0,0.0,1.0,0.0,0.0,2.0,1.0,0.07783266,1985.0,26
349.0,0.9075248165679144,0.21575896011602613,0.0,1.1232837,0.7817288209163439,9.267996368351266,54.46300824130446,6.150056912999029,0.8417477507732973,1.6053092720092612,69.88106,1.9655348643975488,0.2960669926325428,2.6800808323829335,1.2853288192949681,6.4591603,2.261602,4.366213436685319,10.825374,3.2046211760792533,1.7836620819301319,39.802235464854064,0.0,44.79052,7.740723783359378,1.5727198543067396,20.39805597105805,2.2589317297771476,1.5084857883103349,1.1738982623027048,0.0,0.23214884685566814,30.642401342551086,30.6424,100.52346,101.64674,112.38411,55.61589,50.62761,0.007825044,0.007084547,70.0,60.0,0.0,1.0,0.0,0.0,2.0,1.0,0.07237562,1993.0,46
350.0,0.7017737469588688,0.05598960507874292,0.19062606830510193,0.9483894,1.030129803156401,10.511780800158329,59.17064230608445,3.9693261081742772,0.7659516468248274,1.6141050458109736,73.65175,1.211844168295938,0.8578644576231295,3.9048006771798356,1.0116619908169338,12.285544,2.0697086,4.3944045856732705,16.679949,2.3673186405964097,0.2164545087325713,29.575540989005454,0.0,32.159313,0.0,3.5089541467409657,22.454939006404718,6.646823558308086,2.747265635610764,1.878630332094198,0.47262593393225283,5.299372714562904,46.33372504606742,46.333725,119.98547,120.93386,119.160736,48.839264,46.25549,0.007825044,0.010366843,70.0,60.0,0.0,1.0,0.0,0.0,2.0,1.0,0.065274335,2003.0,130
351.0,2.6849291996310205,0.0,0.23816130215794865,2.9230905,3.8770380885201146,8.6607909183717,56.46484551068378,9.278117283842525,0.050256977524189714,0.5484337175983655,74.403755,11.836047128765156,11.295211234084766,0.653618485890142,2.6357585739899347,26.583569,23.131258,6.397203201161463,32.980774,2.7395313865713034,1.0605239351309292,15.932939925406078,0.0,19.732996,1.2377553097857008,0.3739431670372833,12.518510052497934,9.40878288578964,6.782493078364457,0.5781442265318386,2.045570026306944,0.16293365251145708,32.408837918331855,32.408836,106.81259,109.73568,115.28623,52.713768,48.91371,0.013050449,0.019507581,71.0,60.0,1.0,0.0,0.0,0.0,1.0,0.0,0.027530678,1965.0,36
352.0,1.7037000973461185,0.2828979051968163,0.0,1.986598,5.077061770325968,7.920639448424877,64.35995805018152,6.790104338478432,1.0243615025466963,1.3045844136173146,79.0707,12.115977846440874,11.071547273356876,3.00075417396957,0.6035241389029269,27.228266,23.187525,5.361140274563262,32.589405,1.5523583206985678,0.884587532336447,13.264569215010864,0.12820087773461528,15.829716,0.0,2.4762999553948553,13.632478528224498,6.77069152029871,4.500193277546141,0.4055178887637572,2.0285727504556244,0.4364630215107122,31.554032614645013,31.554033,110.62473,112.611336,119.58088,48.419125,45.853977,0.013050449,0.026586909,71.0,60.0,1.0,0.0,0.0,0.0,1.0,0.0,0.018942675,1975.0,43
353.0,1.4072932411323562,0.9112349609930515,0.1244634329823316,2.4429915,4.294547800363078,7.78132117743537,54.04978016536602,11.411262363132716,0.7862605445954575,0.9322152564255847,73.24236,13.217981921872791,10.727119641386393,1.3496039164517313,1.875924808202749,27.546124,23.9451,5.334030102580324,32.880154,1.4707126238634431,1.370538861355363,15.959075756481681,0.0,18.800327,0.5285023490545984,0.9712381241204789,20.492488116157045,5.3322510478557525,2.6121416181811816,0.49038137159544415,2.5592896679298707,0.3754937281754354,34.46813077131728,34.468132,107.710495,110.15349,116.31952,51.68048,48.83923,0.013050449,0.009943673,71.0,60.0,1.0,0.0,0.0,0.0,1.0,0.0,0.13351616,1985.0,31
354.0,4.417124770106365,0.0,0.27822456478517604,4.695349,4.744112506787334,8.994980734128442,64.15868595804164,5.552487507832549,0.3342484358739727,0.3004575529782464,78.706154,7.816466447659275,4.2692195420719985,0.003110440231467492,1.970614001455845,14.409377,12.085686,6.650544626689259,21.059921,0.721127162619177,0.11191816633349877,12.180382521705724,0.0,13.013428,0.055651622054500624,0.8012710039282652,23.611600567735955,9.570546491513113,5.874823922634962,0.6009865153956112,1.6037857772064386,0.34996620896536157,45.4406432596906,45.440643,124.1468,128.84215,133.92665,34.07335,33.240303,0.013050449,0.0042195385,71.0,60.0,1.0,0.0,0.0,0.0,1.0,0.0,0.030398602,1993.0,35
355.0,1.6959860684943229,0.026073942023547486,0.7676474252676195,2.4897075,0.847912858505747,7.04304486458402,65.87299500127965,5.51440238205433,2.163601938386141,1.4580167638867672,78.43044,8.554149926958718,8.602199356658186,2.3057528967878773,0.3926118236963447,21.21192,17.15635,4.881986369897605,26.093906,1.0921842918689821,0.4595755405876788,11.454894093631713,0.0,13.006654,0.0,1.1574536871367118,26.164111309189575,9.01776201564367,1.8034781798820698,0.5786617057891764,0.09744455743996668,1.357206501285424,44.46108598469618,44.461086,122.891525,125.38123,128.89944,39.10056,37.5488,0.013050449,0.0049945447,71.0,60.0,1.0,0.0,0.0,0.0,1.0,0.0,0.14290738,2003.0,90
356.0,0.26182614327488446,0.14119909848411022,0.0,0.40302524,1.223888828210825,7.7387138933015756,60.30277477403573,6.625400308054735,0.2886706613248267,0.2648021384167855,74.666885,1.719418571124923,1.9871784763970393,1.5829431041511435,0.43927815325147335,6.0554004,3.706597,3.6316827698794856,9.687083,3.919336381320259,4.428887612223136,40.720078167535796,0.0,49.068302,0.0,2.3054414274962602,14.672407462330082,7.381664235253529,6.539790177329008,0.5047572517473699,0.34755281850960945,0.3265820139241553,32.7239207023047,32.72392,107.39081,107.79384,109.24461,58.755383,50.40716,0.010487057,0.019745905,72.0,60.0,1.0,0.0,0.0,0.0,1.0,1.0,0.10591878,1965.0,37
357.0,0.7486782085334296,0.0,0.0,0.7486782,5.155175164296882,10.618824562312152,51.82839919778304,6.498980819785182,1.2318019545810943,0.0,68.946205,2.6893539952612198,1.5854075526078575,6.641132028515067,1.3331121863564124,12.471608,4.2747617,8.985501175636998,21.45711,2.948528146402747,1.9819640095892657,30.48414407239947,0.0,35.414635,0.0,1.2273642585941589,18.58082355573257,4.574895181462773,2.4259290985113524,0.14342354353921638,0.0,0.2226019282683391,35.26899694956574,35.268997,104.2152,104.96388,111.12826,56.871746,51.941254,0.010487057,0.014570069,72.0,60.0,1.0,0.0,0.0,0.0,1.0,1.0,0.04259633,1975.0,19
358.0,0.8876580299569813,0.0,0.0,0.88765806,4.912918779114176,11.065748440225347,59.9584674647957,9.706623226844169,0.028028225847618164,0.7704037457820472,80.73084,2.565887257990703,1.5239969153652597,1.5285772779014362,0.0640655457407299,6.215701,4.0898843,3.760179555077061,9.975881,2.7764984900532688,2.019411642943025,24.956771286124155,0.0,29.752682,0.0,2.0280367798553036,18.435986401241667,10.352181232317651,3.4142977713722313,1.999904857064726,1.377602771908149,0.533173911425435,41.47476455550915,41.474766,122.205605,123.09326,128.27144,39.72856,34.93265,0.010487057,0.008278066,72.0,60.0,1.0,0.0,0.0,0.0,1.0,1.0,0.11574578,1985.0,26
359.0,1.0022713326468535,0.0,0.0,1.0022713,1.256355514537452,6.959359325638324,59.88403423686774,5.284735685124997,1.06252080018987,0.4625070411544733,72.12813,0.4874718729311856,1.9240568228834525,10.319874214617045,0.09540779754760974,14.667248,2.4115286,7.719045408883716,22.386293,1.27401032797463,0.0,28.942398413879488,0.2505678331617134,30.466976,0.0,0.47634943682977526,24.326985430364797,4.546400634259827,1.1101005011192429,0.20635435596069301,0.13319339352412302,1.8404373647265626,41.07538296809563,41.075382,113.203514,114.20578,115.14673,52.85327,51.328693,0.010487057,0.0044002417,72.0,60.0,1.0,0.0,0.0,0.0,1.0,1.0,0.25183007,1993.0,27
360.0,0.5814258440862884,0.038302331589347545,0.1098082220221062,0.7295364,0.9448029786928133,9.827293070157005,61.38474723688935,3.1248218541110218,1.7045435943290799,2.668932206582515,74.33686,1.6529206417262285,1.3464415559315757,4.74814476993024,0.295426334218863,13.18401,2.9993622,3.459709784629151,16.643719,1.7148412282941647,1.0632863464704403,19.478362506344087,0.08615240664477286,22.342642,0.0,2.136495373510413,27.923599922597035,7.156222218544671,2.586890513020862,1.578840988886461,0.4894213764134989,5.141076273980238,53.12160371468941,53.121605,127.458466,128.188,129.01364,38.986362,36.12208,0.010487057,0.0054410063,72.0,60.0,1.0,0.0,0.0,0.0,1.0,1.0,0.11791399,2003.0,69
