year,value,value_text,vintage,unit,series,url,retrieved_date,component
1929,16.252,16.252,2026-04-09,billion current USD,Personal consumption expenditures: Nondurable goods: Food and beverages purchased for off-premises consumption,https://alfred.stlouisfed.org/series?seid=DFXARC1A027NBEA,2026-09-09,food
1930,14.83,14.83,2026-04-09,billion current USD,Personal consumption expenditures: Nondurable goods: Food and beverages purchased for off-premises consumption,https://alfred.stlouisfed.org/series?seid=DFXARC1A027NBEA,2026-09-09,food
1931,11.911,11.911,2026-04-09,billion current USD,Personal consumption expenditures: Nondurable goods: Food and beverages purchased for off-premises consumption,https://alfred.stlouisfed.org/series?seid=DFXARC1A027NBEA,2026-09-09,food
1932,9.034,9.034,2026-04-09,billion current USD,Personal consumption expenditures: Nondurable goods: Food and beverages purchased for off-premises consumption,https://alfred.stlouisfed.org/series?seid=DFXARC1A027NBEA,2026-09-09,food
1933,9.488,9.488,2026-04-09,billion current USD,Personal consumption expenditures: Nondurable goods: Food and beverages purchased for off-premises consumption,https://alfred.stlouisfed.org/series?seid=DFXARC1A027NBEA,2026-09-09,food
1934,11.706,11.706,2026-04-09,billion current USD,Personal consumption expenditures: Nondurable goods: Food and beverages purchased for off-premises consumption,https://alfred.stlouisfed.org/series?seid=DFXARC1A027NBEA,2026-09-09,food
1935,13.28,13.28,2026-04-09,billion current USD,Personal consumption expenditures: Nondurable goods: Food and beverages purchased for off-premises consumption,https://alfred.stlouisfed.org/series?seid=DFXARC1A027NBEA,2026-09-09,food
1936,15.124,15.124,2026-04-09,billion current USD,Personal consumption expenditures: Nondurable goods: Food and beverages purchased for off-premises consumption,https://alfred.stlouisfed.org/series?seid=DFXARC1A027NBEA,2026-09-09,food
1937,16.017,16.017,2026-04-09,billion current USD,Personal consumption expenditures: Nondurable goods: Food and beverages purchased for off-premises consumption,https://alfred.stlouisfed.org/series?seid=DFXARC1A027NBEA,2026-09-09,food
1938,15.12,15.12,2026-04-09,billion current USD,Personal consumption expenditures: Nondurable goods: Food and beverages purchased for off-premises consumption,https://alfred.stlouisfed.org/series?seid=DFXARC1A027NBEA,2026-09-09,food
1939,15.163,15.163,2026-04-09,billion current USD,Personal consumption expenditures: Nondurable goods: Food and beverages purchased for off-premises consumption,https://alfred.stlouisfed.org/series?seid=DFXARC1A027NBEA,2026-09-09,food
1940,15.892,15.892,2026-04-09,billion current USD,Personal consumption expenditures: Nondurable goods: Food and beverages purchased for off-premises consumption,https://alfred.stlouisfed.org/series?seid=DFXARC1A027NBEA,2026-09-09,food
1941,18.159,18.159,2026-04-09,billion current USD,Personal consumption expenditures: Nondurable goods: Food and beverages purchased for off-premises consumption,https://alfred.stlouisfed.org/series?seid=DFXARC1A027NBEA,2026-09-09,food
1942,21.616,21.616,2026-04-09,billion current USD,Personal consumption expenditures: Nondurable goods: Food and beverages purchased for off-premises consumption,https://alfred.stlouisfed.org/series?seid=DFXARC1A027NBEA,2026-09-09,food
1943,24.251,24.251,2026-04-09,billion current USD,Personal consumption expenditures: Nondurable goods: Food and beverages purchased for off-premises consumption,https://alfred.stlouisfed.org/series?seid=DFXARC1A027NBEA,2026-09-09,food
1944,25.977,25.977,2026-04-09,billion current USD,Personal consumption expenditures: Nondurable goods: Food and beverages purchased for off-premises consumption,https://alfred.stlouisfed.org/series?seid=DFXARC1A027NBEA,2026-09-09,food
1945,28.216,28.216,2026-04-09,billion current USD,Personal consumption expenditures: Nondurable goods: Food and beverages purchased for off-premises consumption,https://alfred.stlouisfed.org/series?seid=DFXARC1A027NBEA,2026-09-09,food
1946,34.897,34.897,2026-04-09,billion current USD,Personal consumption expenditures: Nondurable goods: Food and beverages purchased for off-premises consumption,https://alfred.stlouisfed.org/series?seid=DFXARC1A027NBEA,2026-09-09,food
1947,40.192,40.192,2026-04-09,billion current USD,Personal consumption expenditures: Nondurable goods: Food and beverages purchased for off-premises consumption,https://alfred.stlouisfed.org/series?seid=DFXARC1A027NBEA,2026-09-09,food
1948,41.838,41.838,2026-04-09,billion current USD,Personal consumption expenditures: Nondurable goods: Food and beverages purchased for off-premises consumption,https://alfred.stlouisfed.org/series?seid=DFXARC1A027NBEA,2026-09-09,food
1949,40.354,40.354,2026-04-09,billion current USD,Personal consumption expenditures: Nondurable goods: Food and beverages purchased for off-premises consumption,https://alfred.stlouisfed.org/series?seid=DFXARC1A027NBEA,2026-09-09,food
1950,41.41,41.41,2026-04-09,billion current USD,Personal consumption expenditures: Nondurable goods: Food and beverages purchased for off-premises consumption,https://alfred.stlouisfed.org/series?seid=DFXARC1A027NBEA,2026-09-09,food
1951,46.016,46.016,2026-04-09,billion current USD,Personal consumption expenditures: Nondurable goods: Food and beverages purchased for off-premises consumption,https://alfred.stlouisfed.org/series?seid=DFXARC1A027NBEA,2026-09-09,food
1952,48.419,48.419,2026-04-09,billion current USD,Personal consumption expenditures: Nondurable goods: Food and beverages purchased for off-premises consumption,https://alfred.stlouisfed.org/series?seid=DFXARC1A027NBEA,2026-09-09,food
1953,49.286,49.286,2026-04-09,billion current USD,Personal consumption expenditures: Nondurable goods: Food and beverages purchased for off-premises consumption,https://alfred.stlouisfed.org/series?seid=DFXARC1A027NBEA,2026-09-09,food
1954,50.573,50.573,2026-04-09,billion current USD,Personal consumption expenditures: Nondurable goods: Food and beverages purchased for off-premises consumption,https://alfred.stlouisfed.org/series?seid=DFXARC1A027NBEA,2026-09-09,food
1955,52.047,52.047,2026-04-09,billion current USD,Personal consumption expenditures: Nondurable goods: Food and beverages purchased for off-premises consumption,https://alfred.stlouisfed.org/series?seid=DFXARC1A027NBEA,2026-09-09,food
1956,54.166,54.166,2026-04-09,billion current USD,Personal consumption expenditures: Nondurable goods: Food and beverages purchased for off-premises consumption,https://alfred.stlouisfed.org/series?seid=DFXARC1A027NBEA,2026-09-09,food
1957,57.135,57.135,2026-04-09,billion current USD,Personal consumption expenditures: Nondurable goods: Food and beverages purchased for off-premises consumption,https://alfred.stlouisfed.org/series?seid=DFXARC1A027NBEA,2026-09-09,food
1958,59.768,59.768,2026-04-09,billion current USD,Personal consumption expenditures: Nondurable goods: Food and beverages purchased for off-premises consumption,https://alfred.stlouisfed.org/series?seid=DFXARC1A027NBEA,2026-09-09,food
1959,61.597,61.597,2026-04-09,billion current USD,Personal consumption expenditures: Nondurable goods: Food and beverages purchased for off-premises consumption,https://alfred.stlouisfed.org/series?seid=DFXARC1A027NBEA,2026-09-09,food
1960,62.556,62.556,2026-04-09,billion current USD,Personal consumption expenditures: Nondurable goods: Food and beverages purchased for off-premises consumption,https://alfred.stlouisfed.org/series?seid=DFXARC1A027NBEA,2026-09-09,food
1961,63.747,63.747,2026-04-09,billion current USD,Personal consumption expenditures: Nondurable goods: Food and beverages purchased for off-premises consumption,https://alfred.stlouisfed.org/series?seid=DFXARC1A027NBEA,2026-09-09,food
1962,64.656,64.656,2026-04-09,billion current USD,Personal consumption expenditures: Nondurable goods: Food and beverages purchased for off-premises consumption,https://alfred.stlouisfed.org/series?seid=DFXARC1A027NBEA,2026-09-09,food
1963,65.87,65.87,2026-04-09,billion current USD,Personal consumption expenditures: Nondurable goods: Food and beverages purchased for off-premises consumption,https://alfred.stlouisfed.org/series?seid=DFXARC1A027NBEA,2026-09-09,food
1964,69.49,69.49,2026-04-09,billion current USD,Personal consumption expenditures: Nondurable goods: Food and beverages purchased for off-premises consumption,https://alfred.stlouisfed.org/series?seid=DFXARC1A027NBEA,2026-09-09,food
1965,74.442,74.442,2026-04-09,billion current USD,Personal consumption expenditures: Nondurable goods: Food and beverages purchased for off-premises consumption,https://alfred.stlouisfed.org/series?seid=DFXARC1A027NBEA,2026-09-09,food
1966,80.61,80.61,2026-04-09,billion current USD,Personal consumption expenditures: Nondurable goods: Food and beverages purchased for off-premises consumption,https://alfred.stlouisfed.org/series?seid=DFXARC1A027NBEA,2026-09-09,food
1967,82.559,82.559,2026-04-09,billion current USD,Personal consumption expenditures: Nondurable goods: Food and beverages purchased for off-premises consumption,https://alfred.stlouisfed.org/series?seid=DFXARC1A027NBEA,2026-09-09,food
1968,88.832,88.832,2026-04-09,billion current USD,Personal consumption expenditures: Nondurable goods: Food and beverages purchased for off-premises consumption,https://alfred.stlouisfed.org/series?seid=DFXARC1A027NBEA,2026-09-09,food
1969,95.371,95.371,2026-04-09,billion current USD,Personal consumption expenditures: Nondurable goods: Food and beverages purchased for off-premises consumption,https://alfred.stlouisfed.org/series?seid=DFXARC1A027NBEA,2026-09-09,food
1970,103.506,103.506,2026-04-09,billion current USD,Personal consumption expenditures: Nondurable goods: Food and beverages purchased for off-premises consumption,https://alfred.stlouisfed.org/series?seid=DFXARC1A027NBEA,2026-09-09,food
1971,107.125,107.125,2026-04-09,billion current USD,Personal consumption expenditures: Nondurable goods: Food and beverages purchased for off-premises consumption,https://alfred.stlouisfed.org/series?seid=DFXARC1A027NBEA,2026-09-09,food
1972,114.472,114.472,2026-04-09,billion current USD,Personal consumption expenditures: Nondurable goods: Food and beverages purchased for off-premises consumption,https://alfred.stlouisfed.org/series?seid=DFXARC1A027NBEA,2026-09-09,food
1973,126.715,126.715,2026-04-09,billion current USD,Personal consumption expenditures: Nondurable goods: Food and beverages purchased for off-premises consumption,https://alfred.stlouisfed.org/series?seid=DFXARC1A027NBEA,2026-09-09,food
1974,143.038,143.038,2026-04-09,billion current USD,Personal consumption expenditures: Nondurable goods: Food and beverages purchased for off-premises consumption,https://alfred.stlouisfed.org/series?seid=DFXARC1A027NBEA,2026-09-09,food
1975,156.566,156.566,2026-04-09,billion current USD,Personal consumption expenditures: Nondurable goods: Food and beverages purchased for off-premises consumption,https://alfred.stlouisfed.org/series?seid=DFXARC1A027NBEA,2026-09-09,food
1976,167.297,167.297,2026-04-09,billion current USD,Personal consumption expenditures: Nondurable goods: Food and beverages purchased for off-premises consumption,https://alfred.stlouisfed.org/series?seid=DFXARC1A027NBEA,2026-09-09,food
1977,179.771,179.771,2026-04-09,billion current USD,Personal consumption expenditures: Nondurable goods: Food and beverages purchased for off-premises consumption,https://alfred.stlouisfed.org/series?seid=DFXARC1A027NBEA,2026-09-09,food
1978,196.112,196.112,2026-04-09,billion current USD,Personal consumption expenditures: Nondurable goods: Food and beverages purchased for off-premises consumption,https://alfred.stlouisfed.org/series?seid=DFXARC1A027NBEA,2026-09-09,food
1979,218.37,218.37,2026-04-09,billion current USD,Personal consumption expenditures: Nondurable goods: Food and beverages purchased for off-premises consumption,https://alfred.stlouisfed.org/series?seid=DFXARC1A027NBEA,2026-09-09,food
1980,239.167,239.167,2026-04-09,billion current USD,Personal consumption expenditures: Nondurable goods: Food and beverages purchased for off-premises consumption,https://alfred.stlouisfed.org/series?seid=DFXARC1A027NBEA,2026-09-09,food
1981,255.338,255.338,2026-04-09,billion current USD,Personal consumption expenditures: Nondurable goods: Food and beverages purchased for off-premises consumption,https://alfred.stlouisfed.org/series?seid=DFXARC1A027NBEA,2026-09-09,food
1982,267.141,267.141,2026-04-09,billion current USD,Personal consumption expenditures: Nondurable goods: Food and beverages purchased for off-premises consumption,https://alfred.stlouisfed.org/series?seid=DFXARC1A027NBEA,2026-09-09,food
1983,277.036,277.036,2026-04-09,billion current USD,Personal consumption expenditures: Nondurable goods: Food and beverages purchased for off-premises consumption,https://alfred.stlouisfed.org/series?seid=DFXARC1A027NBEA,2026-09-09,food
1984,291.102,291.102,2026-04-09,billion current USD,Personal consumption expenditures: Nondurable goods: Food and beverages purchased for off-premises consumption,https://alfred.stlouisfed.org/series?seid=DFXARC1A027NBEA,2026-09-09,food
1985,302.953,302.953,2026-04-09,billion current USD,Personal consumption expenditures: Nondurable goods: Food and beverages purchased for off-premises consumption,https://alfred.stlouisfed.org/series?seid=DFXARC1A027NBEA,2026-09-09,food
1986,316.414,316.414,2026-04-09,billion current USD,Personal consumption expenditures: Nondurable goods: Food and beverages purchased for off-premises consumption,https://alfred.stlouisfed.org/series?seid=DFXARC1A027NBEA,2026-09-09,food
1987,324.313,324.313,2026-04-09,billion current USD,Personal consumption expenditures: Nondurable goods: Food and beverages purchased for off-premises consumption,https://alfred.stlouisfed.org/series?seid=DFXARC1A027NBEA,2026-09-09,food
1988,342.806,342.806,2026-04-09,billion current USD,Personal consumption expenditures: Nondurable goods: Food and beverages purchased for off-premises consumption,https://alfred.stlouisfed.org/series?seid=DFXARC1A027NBEA,2026-09-09,food
1989,365.388,365.388,2026-04-09,billion current USD,Personal consumption expenditures: Nondurable goods: Food and beverages purchased for off-premises consumption,https://alfred.stlouisfed.org/series?seid=DFXARC1A027NBEA,2026-09-09,food
1990,391.176,391.176,2026-04-09,billion current USD,Personal consumption expenditures: Nondurable goods: Food and beverages purchased for off-premises consumption,https://alfred.stlouisfed.org/series?seid=DFXARC1A027NBEA,2026-09-09,food
1991,402.953,402.953,2026-04-09,billion current USD,Personal consumption expenditures: Nondurable goods: Food and beverages purchased for off-premises consumption,https://alfred.stlouisfed.org/series?seid=DFXARC1A027NBEA,2026-09-09,food
1992,404.464,404.464,2026-04-09,billion current USD,Personal consumption expenditures: Nondurable goods: Food and beverages purchased for off-premises consumption,https://alfred.stlouisfed.org/series?seid=DFXARC1A027NBEA,2026-09-09,food
1993,413.472,413.472,2026-04-09,billion current USD,Personal consumption expenditures: Nondurable goods: Food and beverages purchased for off-premises consumption,https://alfred.stlouisfed.org/series?seid=DFXARC1A027NBEA,2026-09-09,food
1994,432.109,432.109,2026-04-09,billion current USD,Personal consumption expenditures: Nondurable goods: Food and beverages purchased for off-premises consumption,https://alfred.stlouisfed.org/series?seid=DFXARC1A027NBEA,2026-09-09,food
1995,443.748,443.748,2026-04-09,billion current USD,Personal consumption expenditures: Nondurable goods: Food and beverages purchased for off-premises consumption,https://alfred.stlouisfed.org/series?seid=DFXARC1A027NBEA,2026-09-09,food
1996,461.879,461.879,2026-04-09,billion current USD,Personal consumption expenditures: Nondurable goods: Food and beverages purchased for off-premises consumption,https://alfred.stlouisfed.org/series?seid=DFXARC1A027NBEA,2026-09-09,food
1997,474.777,474.777,2026-04-09,billion current USD,Personal consumption expenditures: Nondurable goods: Food and beverages purchased for off-premises consumption,https://alfred.stlouisfed.org/series?seid=DFXARC1A027NBEA,2026-09-09,food
1998,487.437,487.437,2026-04-09,billion current USD,Personal consumption expenditures: Nondurable goods: Food and beverages purchased for off-premises consumption,https://alfred.stlouisfed.org/series?seid=DFXARC1A027NBEA,2026-09-09,food
1999,515.53,515.53,2026-04-09,billion current USD,Personal consumption expenditures: Nondurable goods: Food and beverages purchased for off-premises consumption,https://alfred.stlouisfed.org/series?seid=DFXARC1A027NBEA,2026-09-09,food
2000,540.578,540.578,2026-04-09,billion current USD,Personal consumption expenditures: Nondurable goods: Food and beverages purchased for off-premises consumption,https://alfred.stlouisfed.org/series?seid=DFXARC1A027NBEA,2026-09-09,food
2001,564.003,564.003,2026-04-09,billion current USD,Personal consumption expenditures: Nondurable goods: Food and beverages purchased for off-premises consumption,https://alfred.stlouisfed.org/series?seid=DFXARC1A027NBEA,2026-09-09,food
2002,575.052,575.052,2026-04-09,billion current USD,Personal consumption expenditures: Nondurable goods: Food and beverages purchased for off-premises consumption,https://alfred.stlouisfed.org/series?seid=DFXARC1A027NBEA,2026-09-09,food
2003,599.58,599.58,2026-04-09,billion current USD,Personal consumption expenditures: Nondurable goods: Food and beverages purchased for off-premises consumption,https://alfred.stlouisfed.org/series?seid=DFXARC1A027NBEA,2026-09-09,food
2004,632.604,632.604,2026-04-09,billion current USD,Personal consumption expenditures: Nondurable goods: Food and beverages purchased for off-premises consumption,https://alfred.stlouisfed.org/series?seid=DFXARC1A027NBEA,2026-09-09,food
2005,668.216,668.216,2026-04-09,billion current USD,Personal consumption expenditures: Nondurable goods: Food and beverages purchased for off-premises consumption,https://alfred.stlouisfed.org/series?seid=DFXARC1A027NBEA,2026-09-09,food
2006,700.26,700.26,2026-04-09,billion current USD,Personal consumption expenditures: Nondurable goods: Food and beverages purchased for off-premises consumption,https://alfred.stlouisfed.org/series?seid=DFXARC1A027NBEA,2026-09-09,food
2007,737.332,737.332,2026-04-09,billion current USD,Personal consumption expenditures: Nondurable goods: Food and beverages purchased for off-premises consumption,https://alfred.stlouisfed.org/series?seid=DFXARC1A027NBEA,2026-09-09,food
2008,769.085,769.085,2026-04-09,billion current USD,Personal consumption expenditures: Nondurable goods: Food and beverages purchased for off-premises consumption,https://alfred.stlouisfed.org/series?seid=DFXARC1A027NBEA,2026-09-09,food
2009,772.93,772.93,2026-04-09,billion current USD,Personal consumption expenditures: Nondurable goods: Food and beverages purchased for off-premises consumption,https://alfred.stlouisfed.org/series?seid=DFXARC1A027NBEA,2026-09-09,food
2010,786.866,786.866,2026-04-09,billion current USD,Personal consumption expenditures: Nondurable goods: Food and beverages purchased for off-premises consumption,https://alfred.stlouisfed.org/series?seid=DFXARC1A027NBEA,2026-09-09,food
2011,819.542,819.542,2026-04-09,billion current USD,Personal consumption expenditures: Nondurable goods: Food and beverages purchased for off-premises consumption,https://alfred.stlouisfed.org/series?seid=DFXARC1A027NBEA,2026-09-09,food
2012,846.198,846.198,2026-04-09,billion current USD,Personal consumption expenditures: Nondurable goods: Food and beverages purchased for off-premises consumption,https://alfred.stlouisfed.org/series?seid=DFXARC1A027NBEA,2026-09-09,food
2013,870.536,870.536,2026-04-09,billion current USD,Personal consumption expenditures: Nondurable goods: Food and beverages purchased for off-premises consumption,https://alfred.stlouisfed.org/series?seid=DFXARC1A027NBEA,2026-09-09,food
2014,910.421,910.421,2026-04-09,billion current USD,Personal consumption expenditures: Nondurable goods: Food and beverages purchased for off-premises consumption,https://alfred.stlouisfed.org/series?seid=DFXARC1A027NBEA,2026-09-09,food
2015,942.006,942.006,2026-04-09,billion current USD,Personal consumption expenditures: Nondurable goods: Food and beverages purchased for off-premises consumption,https://alfred.stlouisfed.org/series?seid=DFXARC1A027NBEA,2026-09-09,food
2016,969.597,969.597,2026-04-09,billion current USD,Personal consumption expenditures: Nondurable goods: Food and beverages purchased for off-premises consumption,https://alfred.stlouisfed.org/series?seid=DFXARC1A027NBEA,2026-09-09,food
2017,1010.444,1010.444,2026-04-09,billion current USD,Personal consumption expenditures: Nondurable goods: Food and beverages purchased for off-premises consumption,https://alfred.stlouisfed.org/series?seid=DFXARC1A027NBEA,2026-09-09,food
2018,1044.381,1044.381,2026-04-09,billion current USD,Personal consumption expenditures: Nondurable goods: Food and beverages purchased for off-premises consumption,https://alfred.stlouisfed.org/series?seid=DFXARC1A027NBEA,2026-09-09,food
2019,1083.239,1083.239,2026-04-09,billion current USD,Personal consumption expenditures: Nondurable goods: Food and beverages purchased for off-premises consumption,https://alfred.stlouisfed.org/series?seid=DFXARC1A027NBEA,2026-09-09,food
2020,1201.722,1201.722,2026-04-09,billion current USD,Personal consumption expenditures: Nondurable goods: Food and beverages purchased for off-premises consumption,https://alfred.stlouisfed.org/series?seid=DFXARC1A027NBEA,2026-09-09,food
2021,1291.454,1291.454,2026-04-09,billion current USD,Personal consumption expenditures: Nondurable goods: Food and beverages purchased for off-premises consumption,https://alfred.stlouisfed.org/series?seid=DFXARC1A027NBEA,2026-09-09,food
2022,1394.007,1394.007,2026-04-09,billion current USD,Personal consumption expenditures: Nondurable goods: Food and beverages purchased for off-premises consumption,https://alfred.stlouisfed.org/series?seid=DFXARC1A027NBEA,2026-09-09,food
2023,1438.287,1438.287,2026-04-09,billion current USD,Personal consumption expenditures: Nondurable goods: Food and beverages purchased for off-premises consumption,https://alfred.stlouisfed.org/series?seid=DFXARC1A027NBEA,2026-09-09,food
2024,1479.572,1479.572,2026-04-09,billion current USD,Personal consumption expenditures: Nondurable goods: Food and beverages purchased for off-premises consumption,https://alfred.stlouisfed.org/series?seid=DFXARC1A027NBEA,2026-09-09,food
2025,1529.922,1529.922,2026-04-09,billion current USD,Personal consumption expenditures: Nondurable goods: Food and beverages purchased for off-premises consumption,https://alfred.stlouisfed.org/series?seid=DFXARC1A027NBEA,2026-09-09,food
1929,16.3,16.3,2016-07-29,billion current USD,Personal consumption expenditures: Nondurable goods: Food and beverages purchased for off-premises consumption,https://alfred.stlouisfed.org/series?seid=DFXARC1A027NBEA,2026-09-09,food
1930,14.8,14.8,2016-07-29,billion current USD,Personal consumption expenditures: Nondurable goods: Food and beverages purchased for off-premises consumption,https://alfred.stlouisfed.org/series?seid=DFXARC1A027NBEA,2026-09-09,food
1931,11.9,11.9,2016-07-29,billion current USD,Personal consumption expenditures: Nondurable goods: Food and beverages purchased for off-premises consumption,https://alfred.stlouisfed.org/series?seid=DFXARC1A027NBEA,2026-09-09,food
1932,9.0,9,2016-07-29,billion current USD,Personal consumption expenditures: Nondurable goods: Food and beverages purchased for off-premises consumption,https://alfred.stlouisfed.org/series?seid=DFXARC1A027NBEA,2026-09-09,food
1933,9.5,9.5,2016-07-29,billion current USD,Personal consumption expenditures: Nondurable goods: Food and beverages purchased for off-premises consumption,https://alfred.stlouisfed.org/series?seid=DFXARC1A027NBEA,2026-09-09,food
1934,11.7,11.7,2016-07-29,billion current USD,Personal consumption expenditures: Nondurable goods: Food and beverages purchased for off-premises consumption,https://alfred.stlouisfed.org/series?seid=DFXARC1A027NBEA,2026-09-09,food
1935,13.3,13.3,2016-07-29,billion current USD,Personal consumption expenditures: Nondurable goods: Food and beverages purchased for off-premises consumption,https://alfred.stlouisfed.org/series?seid=DFXARC1A027NBEA,2026-09-09,food
1936,15.1,15.1,2016-07-29,billion current USD,Personal consumption expenditures: Nondurable goods: Food and beverages purchased for off-premises consumption,https://alfred.stlouisfed.org/series?seid=DFXARC1A027NBEA,2026-09-09,food
1937,16.0,16,2016-07-29,billion current USD,Personal consumption expenditures: Nondurable goods: Food and beverages purchased for off-premises consumption,https://alfred.stlouisfed.org/series?seid=DFXARC1A027NBEA,2026-09-09,food
1938,15.1,15.1,2016-07-29,billion current USD,Personal consumption expenditures: Nondurable goods: Food and beverages purchased for off-premises consumption,https://alfred.stlouisfed.org/series?seid=DFXARC1A027NBEA,2026-09-09,food
1939,15.2,15.2,2016-07-29,billion current USD,Personal consumption expenditures: Nondurable goods: Food and beverages purchased for off-premises consumption,https://alfred.stlouisfed.org/series?seid=DFXARC1A027NBEA,2026-09-09,food
1940,15.9,15.9,2016-07-29,billion current USD,Personal consumption expenditures: Nondurable goods: Food and beverages purchased for off-premises consumption,https://alfred.stlouisfed.org/series?seid=DFXARC1A027NBEA,2026-09-09,food
1941,18.2,18.2,2016-07-29,billion current USD,Personal consumption expenditures: Nondurable goods: Food and beverages purchased for off-premises consumption,https://alfred.stlouisfed.org/series?seid=DFXARC1A027NBEA,2026-09-09,food
1942,21.6,21.6,2016-07-29,billion current USD,Personal consumption expenditures: Nondurable goods: Food and beverages purchased for off-premises consumption,https://alfred.stlouisfed.org/series?seid=DFXARC1A027NBEA,2026-09-09,food
1943,24.3,24.3,2016-07-29,billion current USD,Personal consumption expenditures: Nondurable goods: Food and beverages purchased for off-premises consumption,https://alfred.stlouisfed.org/series?seid=DFXARC1A027NBEA,2026-09-09,food
1944,26.0,26,2016-07-29,billion current USD,Personal consumption expenditures: Nondurable goods: Food and beverages purchased for off-premises consumption,https://alfred.stlouisfed.org/series?seid=DFXARC1A027NBEA,2026-09-09,food
1945,28.2,28.2,2016-07-29,billion current USD,Personal consumption expenditures: Nondurable goods: Food and beverages purchased for off-premises consumption,https://alfred.stlouisfed.org/series?seid=DFXARC1A027NBEA,2026-09-09,food
1946,34.9,34.9,2016-07-29,billion current USD,Personal consumption expenditures: Nondurable goods: Food and beverages purchased for off-premises consumption,https://alfred.stlouisfed.org/series?seid=DFXARC1A027NBEA,2026-09-09,food
1947,40.2,40.2,2016-07-29,billion current USD,Personal consumption expenditures: Nondurable goods: Food and beverages purchased for off-premises consumption,https://alfred.stlouisfed.org/series?seid=DFXARC1A027NBEA,2026-09-09,food
1948,41.8,41.8,2016-07-29,billion current USD,Personal consumption expenditures: Nondurable goods: Food and beverages purchased for off-premises consumption,https://alfred.stlouisfed.org/series?seid=DFXARC1A027NBEA,2026-09-09,food
1949,40.4,40.4,2016-07-29,billion current USD,Personal consumption expenditures: Nondurable goods: Food and beverages purchased for off-premises consumption,https://alfred.stlouisfed.org/series?seid=DFXARC1A027NBEA,2026-09-09,food
1950,41.4,41.4,2016-07-29,billion current USD,Personal consumption expenditures: Nondurable goods: Food and beverages purchased for off-premises consumption,https://alfred.stlouisfed.org/series?seid=DFXARC1A027NBEA,2026-09-09,food
1951,46.0,46,2016-07-29,billion current USD,Personal consumption expenditures: Nondurable goods: Food and beverages purchased for off-premises consumption,https://alfred.stlouisfed.org/series?seid=DFXARC1A027NBEA,2026-09-09,food
1952,48.4,48.4,2016-07-29,billion current USD,Personal consumption expenditures: Nondurable goods: Food and beverages purchased for off-premises consumption,https://alfred.stlouisfed.org/series?seid=DFXARC1A027NBEA,2026-09-09,food
1953,49.3,49.3,2016-07-29,billion current USD,Personal consumption expenditures: Nondurable goods: Food and beverages purchased for off-premises consumption,https://alfred.stlouisfed.org/series?seid=DFXARC1A027NBEA,2026-09-09,food
1954,50.6,50.6,2016-07-29,billion current USD,Personal consumption expenditures: Nondurable goods: Food and beverages purchased for off-premises consumption,https://alfred.stlouisfed.org/series?seid=DFXARC1A027NBEA,2026-09-09,food
1955,52.0,52,2016-07-29,billion current USD,Personal consumption expenditures: Nondurable goods: Food and beverages purchased for off-premises consumption,https://alfred.stlouisfed.org/series?seid=DFXARC1A027NBEA,2026-09-09,food
1956,54.2,54.2,2016-07-29,billion current USD,Personal consumption expenditures: Nondurable goods: Food and beverages purchased for off-premises consumption,https://alfred.stlouisfed.org/series?seid=DFXARC1A027NBEA,2026-09-09,food
1957,57.1,57.1,2016-07-29,billion current USD,Personal consumption expenditures: Nondurable goods: Food and beverages purchased for off-premises consumption,https://alfred.stlouisfed.org/series?seid=DFXARC1A027NBEA,2026-09-09,food
1958,59.8,59.8,2016-07-29,billion current USD,Personal consumption expenditures: Nondurable goods: Food and beverages purchased for off-premises consumption,https://alfred.stlouisfed.org/series?seid=DFXARC1A027NBEA,2026-09-09,food
1959,61.6,61.6,2016-07-29,billion current USD,Personal consumption expenditures: Nondurable goods: Food and beverages purchased for off-premises consumption,https://alfred.stlouisfed.org/series?seid=DFXARC1A027NBEA,2026-09-09,food
1960,62.6,62.6,2016-07-29,billion current USD,Personal consumption expenditures: Nondurable goods: Food and beverages purchased for off-premises consumption,https://alfred.stlouisfed.org/series?seid=DFXARC1A027NBEA,2026-09-09,food
1961,63.7,63.7,2016-07-29,billion current USD,Personal consumption expenditures: Nondurable goods: Food and beverages purchased for off-premises consumption,https://alfred.stlouisfed.org/series?seid=DFXARC1A027NBEA,2026-09-09,food
1962,64.7,64.7,2016-07-29,billion current USD,Personal consumption expenditures: Nondurable goods: Food and beverages purchased for off-premises consumption,https://alfred.stlouisfed.org/series?seid=DFXARC1A027NBEA,2026-09-09,food
1963,65.9,65.9,2016-07-29,billion current USD,Personal consumption expenditures: Nondurable goods: Food and beverages purchased for off-premises consumption,https://alfred.stlouisfed.org/series?seid=DFXARC1A027NBEA,2026-09-09,food
1964,69.5,69.5,2016-07-29,billion current USD,Personal consumption expenditures: Nondurable goods: Food and beverages purchased for off-premises consumption,https://alfred.stlouisfed.org/series?seid=DFXARC1A027NBEA,2026-09-09,food
1965,74.4,74.4,2016-07-29,billion current USD,Personal consumption expenditures: Nondurable goods: Food and beverages purchased for off-premises consumption,https://alfred.stlouisfed.org/series?seid=DFXARC1A027NBEA,2026-09-09,food
1966,80.6,80.6,2016-07-29,billion current USD,Personal consumption expenditures: Nondurable goods: Food and beverages purchased for off-premises consumption,https://alfred.stlouisfed.org/series?seid=DFXARC1A027NBEA,2026-09-09,food
1967,82.6,82.6,2016-07-29,billion current USD,Personal consumption expenditures: Nondurable goods: Food and beverages purchased for off-premises consumption,https://alfred.stlouisfed.org/series?seid=DFXARC1A027NBEA,2026-09-09,food
1968,88.8,88.8,2016-07-29,billion current USD,Personal consumption expenditures: Nondurable goods: Food and beverages purchased for off-premises consumption,https://alfred.stlouisfed.org/series?seid=DFXARC1A027NBEA,2026-09-09,food
1969,95.4,95.4,2016-07-29,billion current USD,Personal consumption expenditures: Nondurable goods: Food and beverages purchased for off-premises consumption,https://alfred.stlouisfed.org/series?seid=DFXARC1A027NBEA,2026-09-09,food
1970,103.5,103.5,2016-07-29,billion current USD,Personal consumption expenditures: Nondurable goods: Food and beverages purchased for off-premises consumption,https://alfred.stlouisfed.org/series?seid=DFXARC1A027NBEA,2026-09-09,food
1971,107.1,107.1,2016-07-29,billion current USD,Personal consumption expenditures: Nondurable goods: Food and beverages purchased for off-premises consumption,https://alfred.stlouisfed.org/series?seid=DFXARC1A027NBEA,2026-09-09,food
1972,114.5,114.5,2016-07-29,billion current USD,Personal consumption expenditures: Nondurable goods: Food and beverages purchased for off-premises consumption,https://alfred.stlouisfed.org/series?seid=DFXARC1A027NBEA,2026-09-09,food
1973,126.7,126.7,2016-07-29,billion current USD,Personal consumption expenditures: Nondurable goods: Food and beverages purchased for off-premises consumption,https://alfred.stlouisfed.org/series?seid=DFXARC1A027NBEA,2026-09-09,food
1974,143.0,143,2016-07-29,billion current USD,Personal consumption expenditures: Nondurable goods: Food and beverages purchased for off-premises consumption,https://alfred.stlouisfed.org/series?seid=DFXARC1A027NBEA,2026-09-09,food
1975,156.6,156.6,2016-07-29,billion current USD,Personal consumption expenditures: Nondurable goods: Food and beverages purchased for off-premises consumption,https://alfred.stlouisfed.org/series?seid=DFXARC1A027NBEA,2026-09-09,food
1976,167.3,167.3,2016-07-29,billion current USD,Personal consumption expenditures: Nondurable goods: Food and beverages purchased for off-premises consumption,https://alfred.stlouisfed.org/series?seid=DFXARC1A027NBEA,2026-09-09,food
1977,179.8,179.8,2016-07-29,billion current USD,Personal consumption expenditures: Nondurable goods: Food and beverages purchased for off-premises consumption,https://alfred.stlouisfed.org/series?seid=DFXARC1A027NBEA,2026-09-09,food
1978,196.1,196.1,2016-07-29,billion current USD,Personal consumption expenditures: Nondurable goods: Food and beverages purchased for off-premises consumption,https://alfred.stlouisfed.org/series?seid=DFXARC1A027NBEA,2026-09-09,food
1979,218.4,218.4,2016-07-29,billion current USD,Personal consumption expenditures: Nondurable goods: Food and beverages purchased for off-premises consumption,https://alfred.stlouisfed.org/series?seid=DFXARC1A027NBEA,2026-09-09,food
1980,239.2,239.2,2016-07-29,billion current USD,Personal consumption expenditures: Nondurable goods: Food and beverages purchased for off-premises consumption,https://alfred.stlouisfed.org/series?seid=DFXARC1A027NBEA,2026-09-09,food
1981,255.3,255.3,2016-07-29,billion current USD,Personal consumption expenditures: Nondurable goods: Food and beverages purchased for off-premises consumption,https://alfred.stlouisfed.org/series?seid=DFXARC1A027NBEA,2026-09-09,food
1982,267.1,267.1,2016-07-29,billion current USD,Personal consumption expenditures: Nondurable goods: Food and beverages purchased for off-premises consumption,https://alfred.stlouisfed.org/series?seid=DFXARC1A027NBEA,2026-09-09,food
1983,277.0,277,2016-07-29,billion current USD,Personal consumption expenditures: Nondurable goods: Food and beverages purchased for off-premises consumption,https://alfred.stlouisfed.org/series?seid=DFXARC1A027NBEA,2026-09-09,food
1984,291.1,291.1,2016-07-29,billion current USD,Personal consumption expenditures: Nondurable goods: Food and beverages purchased for off-premises consumption,https://alfred.stlouisfed.org/series?seid=DFXARC1A027NBEA,2026-09-09,food
1985,303.0,303,2016-07-29,billion current USD,Personal consumption expenditures: Nondurable goods: Food and beverages purchased for off-premises consumption,https://alfred.stlouisfed.org/series?seid=DFXARC1A027NBEA,2026-09-09,food
1986,316.4,316.4,2016-07-29,billion current USD,Personal consumption expenditures: Nondurable goods: Food and beverages purchased for off-premises consumption,https://alfred.stlouisfed.org/series?seid=DFXARC1A027NBEA,2026-09-09,food
1987,324.3,324.3,2016-07-29,billion current USD,Personal consumption expenditures: Nondurable goods: Food and beverages purchased for off-premises consumption,https://alfred.stlouisfed.org/series?seid=DFXARC1A027NBEA,2026-09-09,food
1988,342.8,342.8,2016-07-29,billion current USD,Personal consumption expenditures: Nondurable goods: Food and beverages purchased for off-premises consumption,https://alfred.stlouisfed.org/series?seid=DFXARC1A027NBEA,2026-09-09,food
1989,365.4,365.4,2016-07-29,billion current USD,Personal consumption expenditures: Nondurable goods: Food and beverages purchased for off-premises consumption,https://alfred.stlouisfed.org/series?seid=DFXARC1A027NBEA,2026-09-09,food
1990,391.2,391.2,2016-07-29,billion current USD,Personal consumption expenditures: Nondurable goods: Food and beverages purchased for off-premises consumption,https://alfred.stlouisfed.org/series?seid=DFXARC1A027NBEA,2026-09-09,food
1991,403.0,403,2016-07-29,billion current USD,Personal consumption expenditures: Nondurable goods: Food and beverages purchased for off-premises consumption,https://alfred.stlouisfed.org/series?seid=DFXARC1A027NBEA,2026-09-09,food
1992,404.5,404.5,2016-07-29,billion current USD,Personal consumption expenditures: Nondurable goods: Food and beverages purchased for off-premises consumption,https://alfred.stlouisfed.org/series?seid=DFXARC1A027NBEA,2026-09-09,food
1993,413.5,413.5,2016-07-29,billion current USD,Personal consumption expenditures: Nondurable goods: Food and beverages purchased for off-premises consumption,https://alfred.stlouisfed.org/series?seid=DFXARC1A027NBEA,2026-09-09,food
1994,432.1,432.1,2016-07-29,billion current USD,Personal consumption expenditures: Nondurable goods: Food and beverages purchased for off-premises consumption,https://alfred.stlouisfed.org/series?seid=DFXARC1A027NBEA,2026-09-09,food
1995,443.7,443.7,2016-07-29,billion current USD,Personal consumption expenditures: Nondurable goods: Food and beverages purchased for off-premises consumption,https://alfred.stlouisfed.org/series?seid=DFXARC1A027NBEA,2026-09-09,food
1996,461.9,461.9,2016-07-29,billion current USD,Personal consumption expenditures: Nondurable goods: Food and beverages purchased for off-premises consumption,https://alfred.stlouisfed.org/series?seid=DFXARC1A027NBEA,2026-09-09,food
1997,474.8,474.8,2016-07-29,billion current USD,Personal consumption expenditures: Nondurable goods: Food and beverages purchased for off-premises consumption,https://alfred.stlouisfed.org/series?seid=DFXARC1A027NBEA,2026-09-09,food
1998,487.4,487.4,2016-07-29,billion current USD,Personal consumption expenditures: Nondurable goods: Food and beverages purchased for off-premises consumption,https://alfred.stlouisfed.org/series?seid=DFXARC1A027NBEA,2026-09-09,food
1999,515.5,515.5,2016-07-29,billion current USD,Personal consumption expenditures: Nondurable goods: Food and beverages purchased for off-premises consumption,https://alfred.stlouisfed.org/series?seid=DFXARC1A027NBEA,2026-09-09,food
2000,540.6,540.6,2016-07-29,billion current USD,Personal consumption expenditures: Nondurable goods: Food and beverages purchased for off-premises consumption,https://alfred.stlouisfed.org/series?seid=DFXARC1A027NBEA,2026-09-09,food
2001,564.0,564,2016-07-29,billion current USD,Personal consumption expenditures: Nondurable goods: Food and beverages purchased for off-premises consumption,https://alfred.stlouisfed.org/series?seid=DFXARC1A027NBEA,2026-09-09,food
2002,575.1,575.1,2016-07-29,billion current USD,Personal consumption expenditures: Nondurable goods: Food and beverages purchased for off-premises consumption,https://alfred.stlouisfed.org/series?seid=DFXARC1A027NBEA,2026-09-09,food
2003,599.6,599.6,2016-07-29,billion current USD,Personal consumption expenditures: Nondurable goods: Food and beverages purchased for off-premises consumption,https://alfred.stlouisfed.org/series?seid=DFXARC1A027NBEA,2026-09-09,food
2004,632.6,632.6,2016-07-29,billion current USD,Personal consumption expenditures: Nondurable goods: Food and beverages purchased for off-premises consumption,https://alfred.stlouisfed.org/series?seid=DFXARC1A027NBEA,2026-09-09,food
2005,668.2,668.2,2016-07-29,billion current USD,Personal consumption expenditures: Nondurable goods: Food and beverages purchased for off-premises consumption,https://alfred.stlouisfed.org/series?seid=DFXARC1A027NBEA,2026-09-09,food
2006,700.3,700.3,2016-07-29,billion current USD,Personal consumption expenditures: Nondurable goods: Food and beverages purchased for off-premises consumption,https://alfred.stlouisfed.org/series?seid=DFXARC1A027NBEA,2026-09-09,food
2007,737.3,737.3,2016-07-29,billion current USD,Personal consumption expenditures: Nondurable goods: Food and beverages purchased for off-premises consumption,https://alfred.stlouisfed.org/series?seid=DFXARC1A027NBEA,2026-09-09,food
2008,772.9,772.9,2016-07-29,billion current USD,Personal consumption expenditures: Nondurable goods: Food and beverages purchased for off-premises consumption,https://alfred.stlouisfed.org/series?seid=DFXARC1A027NBEA,2026-09-09,food
2009,770.0,770,2016-07-29,billion current USD,Personal consumption expenditures: Nondurable goods: Food and beverages purchased for off-premises consumption,https://alfred.stlouisfed.org/series?seid=DFXARC1A027NBEA,2026-09-09,food
2010,788.9,788.9,2016-07-29,billion current USD,Personal consumption expenditures: Nondurable goods: Food and beverages purchased for off-premises consumption,https://alfred.stlouisfed.org/series?seid=DFXARC1A027NBEA,2026-09-09,food
2011,829.1,829.1,2016-07-29,billion current USD,Personal consumption expenditures: Nondurable goods: Food and beverages purchased for off-premises consumption,https://alfred.stlouisfed.org/series?seid=DFXARC1A027NBEA,2026-09-09,food
2012,848.8,848.8,2016-07-29,billion current USD,Personal consumption expenditures: Nondurable goods: Food and beverages purchased for off-premises consumption,https://alfred.stlouisfed.org/series?seid=DFXARC1A027NBEA,2026-09-09,food
2013,857.5,857.5,2016-07-29,billion current USD,Personal consumption expenditures: Nondurable goods: Food and beverages purchased for off-premises consumption,https://alfred.stlouisfed.org/series?seid=DFXARC1A027NBEA,2026-09-09,food
2014,891.4,891.4,2016-07-29,billion current USD,Personal consumption expenditures: Nondurable goods: Food and beverages purchased for off-premises consumption,https://alfred.stlouisfed.org/series?seid=DFXARC1A027NBEA,2026-09-09,food
2015,900.7,900.7,2016-07-29,billion current USD,Personal consumption expenditures: Nondurable goods: Food and beverages purchased for off-premises consumption,https://alfred.stlouisfed.org/series?seid=DFXARC1A027NBEA,2026-09-09,food
1929,3.331,3.331,2026-04-09,billion current USD,Personal consumption expenditures: Durable goods: Motor vehicles and parts,https://alfred.stlouisfed.org/series?seid=DMOTRC1A027NBEA,2026-09-09,vehicles
1930,2.233,2.233,2026-04-09,billion current USD,Personal consumption expenditures: Durable goods: Motor vehicles and parts,https://alfred.stlouisfed.org/series?seid=DMOTRC1A027NBEA,2026-09-09,vehicles
1931,1.625,1.625,2026-04-09,billion current USD,Personal consumption expenditures: Durable goods: Motor vehicles and parts,https://alfred.stlouisfed.org/series?seid=DMOTRC1A027NBEA,2026-09-09,vehicles
1932,0.975,0.975,2026-04-09,billion current USD,Personal consumption expenditures: Durable goods: Motor vehicles and parts,https://alfred.stlouisfed.org/series?seid=DMOTRC1A027NBEA,2026-09-09,vehicles
1933,1.089,1.089,2026-04-09,billion current USD,Personal consumption expenditures: Durable goods: Motor vehicles and parts,https://alfred.stlouisfed.org/series?seid=DMOTRC1A027NBEA,2026-09-09,vehicles
1934,1.42,1.42,2026-04-09,billion current USD,Personal consumption expenditures: Durable goods: Motor vehicles and parts,https://alfred.stlouisfed.org/series?seid=DMOTRC1A027NBEA,2026-09-09,vehicles
1935,1.938,1.938,2026-04-09,billion current USD,Personal consumption expenditures: Durable goods: Motor vehicles and parts,https://alfred.stlouisfed.org/series?seid=DMOTRC1A027NBEA,2026-09-09,vehicles
1936,2.404,2.404,2026-04-09,billion current USD,Personal consumption expenditures: Durable goods: Motor vehicles and parts,https://alfred.stlouisfed.org/series?seid=DMOTRC1A027NBEA,2026-09-09,vehicles
1937,2.504,2.504,2026-04-09,billion current USD,Personal consumption expenditures: Durable goods: Motor vehicles and parts,https://alfred.stlouisfed.org/series?seid=DMOTRC1A027NBEA,2026-09-09,vehicles
1938,1.684,1.684,2026-04-09,billion current USD,Personal consumption expenditures: Durable goods: Motor vehicles and parts,https://alfred.stlouisfed.org/series?seid=DMOTRC1A027NBEA,2026-09-09,vehicles
1939,2.242,2.242,2026-04-09,billion current USD,Personal consumption expenditures: Durable goods: Motor vehicles and parts,https://alfred.stlouisfed.org/series?seid=DMOTRC1A027NBEA,2026-09-09,vehicles
1940,2.83,2.83,2026-04-09,billion current USD,Personal consumption expenditures: Durable goods: Motor vehicles and parts,https://alfred.stlouisfed.org/series?seid=DMOTRC1A027NBEA,2026-09-09,vehicles
1941,3.496,3.496,2026-04-09,billion current USD,Personal consumption expenditures: Durable goods: Motor vehicles and parts,https://alfred.stlouisfed.org/series?seid=DMOTRC1A027NBEA,2026-09-09,vehicles
1942,0.718,0.718,2026-04-09,billion current USD,Personal consumption expenditures: Durable goods: Motor vehicles and parts,https://alfred.stlouisfed.org/series?seid=DMOTRC1A027NBEA,2026-09-09,vehicles
1943,0.776,0.776,2026-04-09,billion current USD,Personal consumption expenditures: Durable goods: Motor vehicles and parts,https://alfred.stlouisfed.org/series?seid=DMOTRC1A027NBEA,2026-09-09,vehicles
1944,0.771,0.771,2026-04-09,billion current USD,Personal consumption expenditures: Durable goods: Motor vehicles and parts,https://alfred.stlouisfed.org/series?seid=DMOTRC1A027NBEA,2026-09-09,vehicles
1945,0.97,0.97,2026-04-09,billion current USD,Personal consumption expenditures: Durable goods: Motor vehicles and parts,https://alfred.stlouisfed.org/series?seid=DMOTRC1A027NBEA,2026-09-09,vehicles
1946,4.092,4.092,2026-04-09,billion current USD,Personal consumption expenditures: Durable goods: Motor vehicles and parts,https://alfred.stlouisfed.org/series?seid=DMOTRC1A027NBEA,2026-09-09,vehicles
1947,6.519,6.519,2026-04-09,billion current USD,Personal consumption expenditures: Durable goods: Motor vehicles and parts,https://alfred.stlouisfed.org/series?seid=DMOTRC1A027NBEA,2026-09-09,vehicles
1948,7.935,7.935,2026-04-09,billion current USD,Personal consumption expenditures: Durable goods: Motor vehicles and parts,https://alfred.stlouisfed.org/series?seid=DMOTRC1A027NBEA,2026-09-09,vehicles
1949,10.528,10.528,2026-04-09,billion current USD,Personal consumption expenditures: Durable goods: Motor vehicles and parts,https://alfred.stlouisfed.org/series?seid=DMOTRC1A027NBEA,2026-09-09,vehicles
1950,13.651,13.651,2026-04-09,billion current USD,Personal consumption expenditures: Durable goods: Motor vehicles and parts,https://alfred.stlouisfed.org/series?seid=DMOTRC1A027NBEA,2026-09-09,vehicles
1951,12.108,12.108,2026-04-09,billion current USD,Personal consumption expenditures: Durable goods: Motor vehicles and parts,https://alfred.stlouisfed.org/series?seid=DMOTRC1A027NBEA,2026-09-09,vehicles
1952,11.351,11.351,2026-04-09,billion current USD,Personal consumption expenditures: Durable goods: Motor vehicles and parts,https://alfred.stlouisfed.org/series?seid=DMOTRC1A027NBEA,2026-09-09,vehicles
1953,13.847,13.847,2026-04-09,billion current USD,Personal consumption expenditures: Durable goods: Motor vehicles and parts,https://alfred.stlouisfed.org/series?seid=DMOTRC1A027NBEA,2026-09-09,vehicles
1954,12.748,12.748,2026-04-09,billion current USD,Personal consumption expenditures: Durable goods: Motor vehicles and parts,https://alfred.stlouisfed.org/series?seid=DMOTRC1A027NBEA,2026-09-09,vehicles
1955,17.657,17.657,2026-04-09,billion current USD,Personal consumption expenditures: Durable goods: Motor vehicles and parts,https://alfred.stlouisfed.org/series?seid=DMOTRC1A027NBEA,2026-09-09,vehicles
1956,15.711,15.711,2026-04-09,billion current USD,Personal consumption expenditures: Durable goods: Motor vehicles and parts,https://alfred.stlouisfed.org/series?seid=DMOTRC1A027NBEA,2026-09-09,vehicles
1957,17.482,17.482,2026-04-09,billion current USD,Personal consumption expenditures: Durable goods: Motor vehicles and parts,https://alfred.stlouisfed.org/series?seid=DMOTRC1A027NBEA,2026-09-09,vehicles
1958,15.022,15.022,2026-04-09,billion current USD,Personal consumption expenditures: Durable goods: Motor vehicles and parts,https://alfred.stlouisfed.org/series?seid=DMOTRC1A027NBEA,2026-09-09,vehicles
1959,18.789,18.789,2026-04-09,billion current USD,Personal consumption expenditures: Durable goods: Motor vehicles and parts,https://alfred.stlouisfed.org/series?seid=DMOTRC1A027NBEA,2026-09-09,vehicles
1960,19.582,19.582,2026-04-09,billion current USD,Personal consumption expenditures: Durable goods: Motor vehicles and parts,https://alfred.stlouisfed.org/series?seid=DMOTRC1A027NBEA,2026-09-09,vehicles
1961,17.722,17.722,2026-04-09,billion current USD,Personal consumption expenditures: Durable goods: Motor vehicles and parts,https://alfred.stlouisfed.org/series?seid=DMOTRC1A027NBEA,2026-09-09,vehicles
1962,21.386,21.386,2026-04-09,billion current USD,Personal consumption expenditures: Durable goods: Motor vehicles and parts,https://alfred.stlouisfed.org/series?seid=DMOTRC1A027NBEA,2026-09-09,vehicles
1963,24.246,24.246,2026-04-09,billion current USD,Personal consumption expenditures: Durable goods: Motor vehicles and parts,https://alfred.stlouisfed.org/series?seid=DMOTRC1A027NBEA,2026-09-09,vehicles
1964,25.802,25.802,2026-04-09,billion current USD,Personal consumption expenditures: Durable goods: Motor vehicles and parts,https://alfred.stlouisfed.org/series?seid=DMOTRC1A027NBEA,2026-09-09,vehicles
1965,29.645,29.645,2026-04-09,billion current USD,Personal consumption expenditures: Durable goods: Motor vehicles and parts,https://alfred.stlouisfed.org/series?seid=DMOTRC1A027NBEA,2026-09-09,vehicles
1966,29.927,29.927,2026-04-09,billion current USD,Personal consumption expenditures: Durable goods: Motor vehicles and parts,https://alfred.stlouisfed.org/series?seid=DMOTRC1A027NBEA,2026-09-09,vehicles
1967,29.601,29.601,2026-04-09,billion current USD,Personal consumption expenditures: Durable goods: Motor vehicles and parts,https://alfred.stlouisfed.org/series?seid=DMOTRC1A027NBEA,2026-09-09,vehicles
1968,35.414,35.414,2026-04-09,billion current USD,Personal consumption expenditures: Durable goods: Motor vehicles and parts,https://alfred.stlouisfed.org/series?seid=DMOTRC1A027NBEA,2026-09-09,vehicles
1969,37.448,37.448,2026-04-09,billion current USD,Personal consumption expenditures: Durable goods: Motor vehicles and parts,https://alfred.stlouisfed.org/series?seid=DMOTRC1A027NBEA,2026-09-09,vehicles
1970,34.538,34.538,2026-04-09,billion current USD,Personal consumption expenditures: Durable goods: Motor vehicles and parts,https://alfred.stlouisfed.org/series?seid=DMOTRC1A027NBEA,2026-09-09,vehicles
1971,43.233,43.233,2026-04-09,billion current USD,Personal consumption expenditures: Durable goods: Motor vehicles and parts,https://alfred.stlouisfed.org/series?seid=DMOTRC1A027NBEA,2026-09-09,vehicles
1972,49.365,49.365,2026-04-09,billion current USD,Personal consumption expenditures: Durable goods: Motor vehicles and parts,https://alfred.stlouisfed.org/series?seid=DMOTRC1A027NBEA,2026-09-09,vehicles
1973,54.358,54.358,2026-04-09,billion current USD,Personal consumption expenditures: Durable goods: Motor vehicles and parts,https://alfred.stlouisfed.org/series?seid=DMOTRC1A027NBEA,2026-09-09,vehicles
1974,48.166,48.166,2026-04-09,billion current USD,Personal consumption expenditures: Durable goods: Motor vehicles and parts,https://alfred.stlouisfed.org/series?seid=DMOTRC1A027NBEA,2026-09-09,vehicles
1975,52.643,52.643,2026-04-09,billion current USD,Personal consumption expenditures: Durable goods: Motor vehicles and parts,https://alfred.stlouisfed.org/series?seid=DMOTRC1A027NBEA,2026-09-09,vehicles
1976,68.172,68.172,2026-04-09,billion current USD,Personal consumption expenditures: Durable goods: Motor vehicles and parts,https://alfred.stlouisfed.org/series?seid=DMOTRC1A027NBEA,2026-09-09,vehicles
1977,79.796,79.796,2026-04-09,billion current USD,Personal consumption expenditures: Durable goods: Motor vehicles and parts,https://alfred.stlouisfed.org/series?seid=DMOTRC1A027NBEA,2026-09-09,vehicles
1978,89.173,89.173,2026-04-09,billion current USD,Personal consumption expenditures: Durable goods: Motor vehicles and parts,https://alfred.stlouisfed.org/series?seid=DMOTRC1A027NBEA,2026-09-09,vehicles
1979,90.175,90.175,2026-04-09,billion current USD,Personal consumption expenditures: Durable goods: Motor vehicles and parts,https://alfred.stlouisfed.org/series?seid=DMOTRC1A027NBEA,2026-09-09,vehicles
1980,84.43,84.43,2026-04-09,billion current USD,Personal consumption expenditures: Durable goods: Motor vehicles and parts,https://alfred.stlouisfed.org/series?seid=DMOTRC1A027NBEA,2026-09-09,vehicles
1981,93.016,93.016,2026-04-09,billion current USD,Personal consumption expenditures: Durable goods: Motor vehicles and parts,https://alfred.stlouisfed.org/series?seid=DMOTRC1A027NBEA,2026-09-09,vehicles
1982,100.014,100.014,2026-04-09,billion current USD,Personal consumption expenditures: Durable goods: Motor vehicles and parts,https://alfred.stlouisfed.org/series?seid=DMOTRC1A027NBEA,2026-09-09,vehicles
1983,122.945,122.945,2026-04-09,billion current USD,Personal consumption expenditures: Durable goods: Motor vehicles and parts,https://alfred.stlouisfed.org/series?seid=DMOTRC1A027NBEA,2026-09-09,vehicles
1984,147.192,147.192,2026-04-09,billion current USD,Personal consumption expenditures: Durable goods: Motor vehicles and parts,https://alfred.stlouisfed.org/series?seid=DMOTRC1A027NBEA,2026-09-09,vehicles
1985,170.065,170.065,2026-04-09,billion current USD,Personal consumption expenditures: Durable goods: Motor vehicles and parts,https://alfred.stlouisfed.org/series?seid=DMOTRC1A027NBEA,2026-09-09,vehicles
1986,187.519,187.519,2026-04-09,billion current USD,Personal consumption expenditures: Durable goods: Motor vehicles and parts,https://alfred.stlouisfed.org/series?seid=DMOTRC1A027NBEA,2026-09-09,vehicles
1987,188.181,188.181,2026-04-09,billion current USD,Personal consumption expenditures: Durable goods: Motor vehicles and parts,https://alfred.stlouisfed.org/series?seid=DMOTRC1A027NBEA,2026-09-09,vehicles
1988,202.213,202.213,2026-04-09,billion current USD,Personal consumption expenditures: Durable goods: Motor vehicles and parts,https://alfred.stlouisfed.org/series?seid=DMOTRC1A027NBEA,2026-09-09,vehicles
1989,207.771,207.771,2026-04-09,billion current USD,Personal consumption expenditures: Durable goods: Motor vehicles and parts,https://alfred.stlouisfed.org/series?seid=DMOTRC1A027NBEA,2026-09-09,vehicles
1990,205.119,205.119,2026-04-09,billion current USD,Personal consumption expenditures: Durable goods: Motor vehicles and parts,https://alfred.stlouisfed.org/series?seid=DMOTRC1A027NBEA,2026-09-09,vehicles
1991,185.748,185.748,2026-04-09,billion current USD,Personal consumption expenditures: Durable goods: Motor vehicles and parts,https://alfred.stlouisfed.org/series?seid=DMOTRC1A027NBEA,2026-09-09,vehicles
1992,204.799,204.799,2026-04-09,billion current USD,Personal consumption expenditures: Durable goods: Motor vehicles and parts,https://alfred.stlouisfed.org/series?seid=DMOTRC1A027NBEA,2026-09-09,vehicles
1993,224.715,224.715,2026-04-09,billion current USD,Personal consumption expenditures: Durable goods: Motor vehicles and parts,https://alfred.stlouisfed.org/series?seid=DMOTRC1A027NBEA,2026-09-09,vehicles
1994,249.843,249.843,2026-04-09,billion current USD,Personal consumption expenditures: Durable goods: Motor vehicles and parts,https://alfred.stlouisfed.org/series?seid=DMOTRC1A027NBEA,2026-09-09,vehicles
1995,255.709,255.709,2026-04-09,billion current USD,Personal consumption expenditures: Durable goods: Motor vehicles and parts,https://alfred.stlouisfed.org/series?seid=DMOTRC1A027NBEA,2026-09-09,vehicles
1996,273.485,273.485,2026-04-09,billion current USD,Personal consumption expenditures: Durable goods: Motor vehicles and parts,https://alfred.stlouisfed.org/series?seid=DMOTRC1A027NBEA,2026-09-09,vehicles
1997,293.082,293.082,2026-04-09,billion current USD,Personal consumption expenditures: Durable goods: Motor vehicles and parts,https://alfred.stlouisfed.org/series?seid=DMOTRC1A027NBEA,2026-09-09,vehicles
1998,320.205,320.205,2026-04-09,billion current USD,Personal consumption expenditures: Durable goods: Motor vehicles and parts,https://alfred.stlouisfed.org/series?seid=DMOTRC1A027NBEA,2026-09-09,vehicles
1999,350.73,350.73,2026-04-09,billion current USD,Personal consumption expenditures: Durable goods: Motor vehicles and parts,https://alfred.stlouisfed.org/series?seid=DMOTRC1A027NBEA,2026-09-09,vehicles
2000,363.228,363.228,2026-04-09,billion current USD,Personal consumption expenditures: Durable goods: Motor vehicles and parts,https://alfred.stlouisfed.org/series?seid=DMOTRC1A027NBEA,2026-09-09,vehicles
2001,383.289,383.289,2026-04-09,billion current USD,Personal consumption expenditures: Durable goods: Motor vehicles and parts,https://alfred.stlouisfed.org/series?seid=DMOTRC1A027NBEA,2026-09-09,vehicles
2002,401.347,401.347,2026-04-09,billion current USD,Personal consumption expenditures: Durable goods: Motor vehicles and parts,https://alfred.stlouisfed.org/series?seid=DMOTRC1A027NBEA,2026-09-09,vehicles
2003,401.518,401.518,2026-04-09,billion current USD,Personal consumption expenditures: Durable goods: Motor vehicles and parts,https://alfred.stlouisfed.org/series?seid=DMOTRC1A027NBEA,2026-09-09,vehicles
2004,409.311,409.311,2026-04-09,billion current USD,Personal consumption expenditures: Durable goods: Motor vehicles and parts,https://alfred.stlouisfed.org/series?seid=DMOTRC1A027NBEA,2026-09-09,vehicles
2005,409.954,409.954,2026-04-09,billion current USD,Personal consumption expenditures: Durable goods: Motor vehicles and parts,https://alfred.stlouisfed.org/series?seid=DMOTRC1A027NBEA,2026-09-09,vehicles
2006,394.949,394.949,2026-04-09,billion current USD,Personal consumption expenditures: Durable goods: Motor vehicles and parts,https://alfred.stlouisfed.org/series?seid=DMOTRC1A027NBEA,2026-09-09,vehicles
2007,400.573,400.573,2026-04-09,billion current USD,Personal consumption expenditures: Durable goods: Motor vehicles and parts,https://alfred.stlouisfed.org/series?seid=DMOTRC1A027NBEA,2026-09-09,vehicles
2008,343.337,343.337,2026-04-09,billion current USD,Personal consumption expenditures: Durable goods: Motor vehicles and parts,https://alfred.stlouisfed.org/series?seid=DMOTRC1A027NBEA,2026-09-09,vehicles
2009,318.583,318.583,2026-04-09,billion current USD,Personal consumption expenditures: Durable goods: Motor vehicles and parts,https://alfred.stlouisfed.org/series?seid=DMOTRC1A027NBEA,2026-09-09,vehicles
2010,344.466,344.466,2026-04-09,billion current USD,Personal consumption expenditures: Durable goods: Motor vehicles and parts,https://alfred.stlouisfed.org/series?seid=DMOTRC1A027NBEA,2026-09-09,vehicles
2011,365.178,365.178,2026-04-09,billion current USD,Personal consumption expenditures: Durable goods: Motor vehicles and parts,https://alfred.stlouisfed.org/series?seid=DMOTRC1A027NBEA,2026-09-09,vehicles
2012,396.608,396.608,2026-04-09,billion current USD,Personal consumption expenditures: Durable goods: Motor vehicles and parts,https://alfred.stlouisfed.org/series?seid=DMOTRC1A027NBEA,2026-09-09,vehicles
2013,422.128,422.128,2026-04-09,billion current USD,Personal consumption expenditures: Durable goods: Motor vehicles and parts,https://alfred.stlouisfed.org/series?seid=DMOTRC1A027NBEA,2026-09-09,vehicles
2014,451.591,451.591,2026-04-09,billion current USD,Personal consumption expenditures: Durable goods: Motor vehicles and parts,https://alfred.stlouisfed.org/series?seid=DMOTRC1A027NBEA,2026-09-09,vehicles
2015,490.733,490.733,2026-04-09,billion current USD,Personal consumption expenditures: Durable goods: Motor vehicles and parts,https://alfred.stlouisfed.org/series?seid=DMOTRC1A027NBEA,2026-09-09,vehicles
2016,504.624,504.624,2026-04-09,billion current USD,Personal consumption expenditures: Durable goods: Motor vehicles and parts,https://alfred.stlouisfed.org/series?seid=DMOTRC1A027NBEA,2026-09-09,vehicles
2017,529.413,529.413,2026-04-09,billion current USD,Personal consumption expenditures: Durable goods: Motor vehicles and parts,https://alfred.stlouisfed.org/series?seid=DMOTRC1A027NBEA,2026-09-09,vehicles
2018,549.998,549.998,2026-04-09,billion current USD,Personal consumption expenditures: Durable goods: Motor vehicles and parts,https://alfred.stlouisfed.org/series?seid=DMOTRC1A027NBEA,2026-09-09,vehicles
2019,544.955,544.955,2026-04-09,billion current USD,Personal consumption expenditures: Durable goods: Motor vehicles and parts,https://alfred.stlouisfed.org/series?seid=DMOTRC1A027NBEA,2026-09-09,vehicles
2020,546.813,546.813,2026-04-09,billion current USD,Personal consumption expenditures: Durable goods: Motor vehicles and parts,https://alfred.stlouisfed.org/series?seid=DMOTRC1A027NBEA,2026-09-09,vehicles
2021,696.963,696.963,2026-04-09,billion current USD,Personal consumption expenditures: Durable goods: Motor vehicles and parts,https://alfred.stlouisfed.org/series?seid=DMOTRC1A027NBEA,2026-09-09,vehicles
2022,726.402,726.402,2026-04-09,billion current USD,Personal consumption expenditures: Durable goods: Motor vehicles and parts,https://alfred.stlouisfed.org/series?seid=DMOTRC1A027NBEA,2026-09-09,vehicles
2023,750.42,750.42,2026-04-09,billion current USD,Personal consumption expenditures: Durable goods: Motor vehicles and parts,https://alfred.stlouisfed.org/series?seid=DMOTRC1A027NBEA,2026-09-09,vehicles
2024,732.779,732.779,2026-04-09,billion current USD,Personal consumption expenditures: Durable goods: Motor vehicles and parts,https://alfred.stlouisfed.org/series?seid=DMOTRC1A027NBEA,2026-09-09,vehicles
2025,758.834,758.834,2026-04-09,billion current USD,Personal consumption expenditures: Durable goods: Motor vehicles and parts,https://alfred.stlouisfed.org/series?seid=DMOTRC1A027NBEA,2026-09-09,vehicles
1929,3.3,3.3,2016-07-29,billion current USD,Personal consumption expenditures: Durable goods: Motor vehicles and parts,https://alfred.stlouisfed.org/series?seid=DMOTRC1A027NBEA,2026-09-09,vehicles
1930,2.2,2.2,2016-07-29,billion current USD,Personal consumption expenditures: Durable goods: Motor vehicles and parts,https://alfred.stlouisfed.org/series?seid=DMOTRC1A027NBEA,2026-09-09,vehicles
1931,1.6,1.6,2016-07-29,billion current USD,Personal consumption expenditures: Durable goods: Motor vehicles and parts,https://alfred.stlouisfed.org/series?seid=DMOTRC1A027NBEA,2026-09-09,vehicles
1932,1.0,1,2016-07-29,billion current USD,Personal consumption expenditures: Durable goods: Motor vehicles and parts,https://alfred.stlouisfed.org/series?seid=DMOTRC1A027NBEA,2026-09-09,vehicles
1933,1.1,1.1,2016-07-29,billion current USD,Personal consumption expenditures: Durable goods: Motor vehicles and parts,https://alfred.stlouisfed.org/series?seid=DMOTRC1A027NBEA,2026-09-09,vehicles
1934,1.4,1.4,2016-07-29,billion current USD,Personal consumption expenditures: Durable goods: Motor vehicles and parts,https://alfred.stlouisfed.org/series?seid=DMOTRC1A027NBEA,2026-09-09,vehicles
1935,1.9,1.9,2016-07-29,billion current USD,Personal consumption expenditures: Durable goods: Motor vehicles and parts,https://alfred.stlouisfed.org/series?seid=DMOTRC1A027NBEA,2026-09-09,vehicles
1936,2.4,2.4,2016-07-29,billion current USD,Personal consumption expenditures: Durable goods: Motor vehicles and parts,https://alfred.stlouisfed.org/series?seid=DMOTRC1A027NBEA,2026-09-09,vehicles
1937,2.5,2.5,2016-07-29,billion current USD,Personal consumption expenditures: Durable goods: Motor vehicles and parts,https://alfred.stlouisfed.org/series?seid=DMOTRC1A027NBEA,2026-09-09,vehicles
1938,1.7,1.7,2016-07-29,billion current USD,Personal consumption expenditures: Durable goods: Motor vehicles and parts,https://alfred.stlouisfed.org/series?seid=DMOTRC1A027NBEA,2026-09-09,vehicles
1939,2.2,2.2,2016-07-29,billion current USD,Personal consumption expenditures: Durable goods: Motor vehicles and parts,https://alfred.stlouisfed.org/series?seid=DMOTRC1A027NBEA,2026-09-09,vehicles
1940,2.8,2.8,2016-07-29,billion current USD,Personal consumption expenditures: Durable goods: Motor vehicles and parts,https://alfred.stlouisfed.org/series?seid=DMOTRC1A027NBEA,2026-09-09,vehicles
1941,3.5,3.5,2016-07-29,billion current USD,Personal consumption expenditures: Durable goods: Motor vehicles and parts,https://alfred.stlouisfed.org/series?seid=DMOTRC1A027NBEA,2026-09-09,vehicles
1942,0.7,0.7,2016-07-29,billion current USD,Personal consumption expenditures: Durable goods: Motor vehicles and parts,https://alfred.stlouisfed.org/series?seid=DMOTRC1A027NBEA,2026-09-09,vehicles
1943,0.8,0.8,2016-07-29,billion current USD,Personal consumption expenditures: Durable goods: Motor vehicles and parts,https://alfred.stlouisfed.org/series?seid=DMOTRC1A027NBEA,2026-09-09,vehicles
1944,0.8,0.8,2016-07-29,billion current USD,Personal consumption expenditures: Durable goods: Motor vehicles and parts,https://alfred.stlouisfed.org/series?seid=DMOTRC1A027NBEA,2026-09-09,vehicles
1945,1.0,1,2016-07-29,billion current USD,Personal consumption expenditures: Durable goods: Motor vehicles and parts,https://alfred.stlouisfed.org/series?seid=DMOTRC1A027NBEA,2026-09-09,vehicles
1946,4.1,4.1,2016-07-29,billion current USD,Personal consumption expenditures: Durable goods: Motor vehicles and parts,https://alfred.stlouisfed.org/series?seid=DMOTRC1A027NBEA,2026-09-09,vehicles
1947,6.5,6.5,2016-07-29,billion current USD,Personal consumption expenditures: Durable goods: Motor vehicles and parts,https://alfred.stlouisfed.org/series?seid=DMOTRC1A027NBEA,2026-09-09,vehicles
1948,7.9,7.9,2016-07-29,billion current USD,Personal consumption expenditures: Durable goods: Motor vehicles and parts,https://alfred.stlouisfed.org/series?seid=DMOTRC1A027NBEA,2026-09-09,vehicles
1949,10.5,10.5,2016-07-29,billion current USD,Personal consumption expenditures: Durable goods: Motor vehicles and parts,https://alfred.stlouisfed.org/series?seid=DMOTRC1A027NBEA,2026-09-09,vehicles
1950,13.7,13.7,2016-07-29,billion current USD,Personal consumption expenditures: Durable goods: Motor vehicles and parts,https://alfred.stlouisfed.org/series?seid=DMOTRC1A027NBEA,2026-09-09,vehicles
1951,12.1,12.1,2016-07-29,billion current USD,Personal consumption expenditures: Durable goods: Motor vehicles and parts,https://alfred.stlouisfed.org/series?seid=DMOTRC1A027NBEA,2026-09-09,vehicles
1952,11.4,11.4,2016-07-29,billion current USD,Personal consumption expenditures: Durable goods: Motor vehicles and parts,https://alfred.stlouisfed.org/series?seid=DMOTRC1A027NBEA,2026-09-09,vehicles
1953,13.8,13.8,2016-07-29,billion current USD,Personal consumption expenditures: Durable goods: Motor vehicles and parts,https://alfred.stlouisfed.org/series?seid=DMOTRC1A027NBEA,2026-09-09,vehicles
1954,12.7,12.7,2016-07-29,billion current USD,Personal consumption expenditures: Durable goods: Motor vehicles and parts,https://alfred.stlouisfed.org/series?seid=DMOTRC1A027NBEA,2026-09-09,vehicles
1955,17.7,17.7,2016-07-29,billion current USD,Personal consumption expenditures: Durable goods: Motor vehicles and parts,https://alfred.stlouisfed.org/series?seid=DMOTRC1A027NBEA,2026-09-09,vehicles
1956,15.7,15.7,2016-07-29,billion current USD,Personal consumption expenditures: Durable goods: Motor vehicles and parts,https://alfred.stlouisfed.org/series?seid=DMOTRC1A027NBEA,2026-09-09,vehicles
1957,17.5,17.5,2016-07-29,billion current USD,Personal consumption expenditures: Durable goods: Motor vehicles and parts,https://alfred.stlouisfed.org/series?seid=DMOTRC1A027NBEA,2026-09-09,vehicles
1958,15.0,15,2016-07-29,billion current USD,Personal consumption expenditures: Durable goods: Motor vehicles and parts,https://alfred.stlouisfed.org/series?seid=DMOTRC1A027NBEA,2026-09-09,vehicles
1959,18.8,18.8,2016-07-29,billion current USD,Personal consumption expenditures: Durable goods: Motor vehicles and parts,https://alfred.stlouisfed.org/series?seid=DMOTRC1A027NBEA,2026-09-09,vehicles
1960,19.6,19.6,2016-07-29,billion current USD,Personal consumption expenditures: Durable goods: Motor vehicles and parts,https://alfred.stlouisfed.org/series?seid=DMOTRC1A027NBEA,2026-09-09,vehicles
1961,17.7,17.7,2016-07-29,billion current USD,Personal consumption expenditures: Durable goods: Motor vehicles and parts,https://alfred.stlouisfed.org/series?seid=DMOTRC1A027NBEA,2026-09-09,vehicles
1962,21.4,21.4,2016-07-29,billion current USD,Personal consumption expenditures: Durable goods: Motor vehicles and parts,https://alfred.stlouisfed.org/series?seid=DMOTRC1A027NBEA,2026-09-09,vehicles
1963,24.2,24.2,2016-07-29,billion current USD,Personal consumption expenditures: Durable goods: Motor vehicles and parts,https://alfred.stlouisfed.org/series?seid=DMOTRC1A027NBEA,2026-09-09,vehicles
1964,25.8,25.8,2016-07-29,billion current USD,Personal consumption expenditures: Durable goods: Motor vehicles and parts,https://alfred.stlouisfed.org/series?seid=DMOTRC1A027NBEA,2026-09-09,vehicles
1965,29.6,29.6,2016-07-29,billion current USD,Personal consumption expenditures: Durable goods: Motor vehicles and parts,https://alfred.stlouisfed.org/series?seid=DMOTRC1A027NBEA,2026-09-09,vehicles
1966,29.9,29.9,2016-07-29,billion current USD,Personal consumption expenditures: Durable goods: Motor vehicles and parts,https://alfred.stlouisfed.org/series?seid=DMOTRC1A027NBEA,2026-09-09,vehicles
1967,29.6,29.6,2016-07-29,billion current USD,Personal consumption expenditures: Durable goods: Motor vehicles and parts,https://alfred.stlouisfed.org/series?seid=DMOTRC1A027NBEA,2026-09-09,vehicles
1968,35.4,35.4,2016-07-29,billion current USD,Personal consumption expenditures: Durable goods: Motor vehicles and parts,https://alfred.stlouisfed.org/series?seid=DMOTRC1A027NBEA,2026-09-09,vehicles
1969,37.4,37.4,2016-07-29,billion current USD,Personal consumption expenditures: Durable goods: Motor vehicles and parts,https://alfred.stlouisfed.org/series?seid=DMOTRC1A027NBEA,2026-09-09,vehicles
1970,34.5,34.5,2016-07-29,billion current USD,Personal consumption expenditures: Durable goods: Motor vehicles and parts,https://alfred.stlouisfed.org/series?seid=DMOTRC1A027NBEA,2026-09-09,vehicles
1971,43.2,43.2,2016-07-29,billion current USD,Personal consumption expenditures: Durable goods: Motor vehicles and parts,https://alfred.stlouisfed.org/series?seid=DMOTRC1A027NBEA,2026-09-09,vehicles
1972,49.4,49.4,2016-07-29,billion current USD,Personal consumption expenditures: Durable goods: Motor vehicles and parts,https://alfred.stlouisfed.org/series?seid=DMOTRC1A027NBEA,2026-09-09,vehicles
1973,54.4,54.4,2016-07-29,billion current USD,Personal consumption expenditures: Durable goods: Motor vehicles and parts,https://alfred.stlouisfed.org/series?seid=DMOTRC1A027NBEA,2026-09-09,vehicles
1974,48.2,48.2,2016-07-29,billion current USD,Personal consumption expenditures: Durable goods: Motor vehicles and parts,https://alfred.stlouisfed.org/series?seid=DMOTRC1A027NBEA,2026-09-09,vehicles
1975,52.6,52.6,2016-07-29,billion current USD,Personal consumption expenditures: Durable goods: Motor vehicles and parts,https://alfred.stlouisfed.org/series?seid=DMOTRC1A027NBEA,2026-09-09,vehicles
1976,68.2,68.2,2016-07-29,billion current USD,Personal consumption expenditures: Durable goods: Motor vehicles and parts,https://alfred.stlouisfed.org/series?seid=DMOTRC1A027NBEA,2026-09-09,vehicles
1977,79.8,79.8,2016-07-29,billion current USD,Personal consumption expenditures: Durable goods: Motor vehicles and parts,https://alfred.stlouisfed.org/series?seid=DMOTRC1A027NBEA,2026-09-09,vehicles
1978,89.2,89.2,2016-07-29,billion current USD,Personal consumption expenditures: Durable goods: Motor vehicles and parts,https://alfred.stlouisfed.org/series?seid=DMOTRC1A027NBEA,2026-09-09,vehicles
1979,90.2,90.2,2016-07-29,billion current USD,Personal consumption expenditures: Durable goods: Motor vehicles and parts,https://alfred.stlouisfed.org/series?seid=DMOTRC1A027NBEA,2026-09-09,vehicles
1980,84.4,84.4,2016-07-29,billion current USD,Personal consumption expenditures: Durable goods: Motor vehicles and parts,https://alfred.stlouisfed.org/series?seid=DMOTRC1A027NBEA,2026-09-09,vehicles
1981,93.0,93,2016-07-29,billion current USD,Personal consumption expenditures: Durable goods: Motor vehicles and parts,https://alfred.stlouisfed.org/series?seid=DMOTRC1A027NBEA,2026-09-09,vehicles
1982,100.0,100,2016-07-29,billion current USD,Personal consumption expenditures: Durable goods: Motor vehicles and parts,https://alfred.stlouisfed.org/series?seid=DMOTRC1A027NBEA,2026-09-09,vehicles
1983,122.9,122.9,2016-07-29,billion current USD,Personal consumption expenditures: Durable goods: Motor vehicles and parts,https://alfred.stlouisfed.org/series?seid=DMOTRC1A027NBEA,2026-09-09,vehicles
1984,147.2,147.2,2016-07-29,billion current USD,Personal consumption expenditures: Durable goods: Motor vehicles and parts,https://alfred.stlouisfed.org/series?seid=DMOTRC1A027NBEA,2026-09-09,vehicles
1985,170.1,170.1,2016-07-29,billion current USD,Personal consumption expenditures: Durable goods: Motor vehicles and parts,https://alfred.stlouisfed.org/series?seid=DMOTRC1A027NBEA,2026-09-09,vehicles
1986,187.5,187.5,2016-07-29,billion current USD,Personal consumption expenditures: Durable goods: Motor vehicles and parts,https://alfred.stlouisfed.org/series?seid=DMOTRC1A027NBEA,2026-09-09,vehicles
1987,188.2,188.2,2016-07-29,billion current USD,Personal consumption expenditures: Durable goods: Motor vehicles and parts,https://alfred.stlouisfed.org/series?seid=DMOTRC1A027NBEA,2026-09-09,vehicles
1988,202.2,202.2,2016-07-29,billion current USD,Personal consumption expenditures: Durable goods: Motor vehicles and parts,https://alfred.stlouisfed.org/series?seid=DMOTRC1A027NBEA,2026-09-09,vehicles
1989,207.8,207.8,2016-07-29,billion current USD,Personal consumption expenditures: Durable goods: Motor vehicles and parts,https://alfred.stlouisfed.org/series?seid=DMOTRC1A027NBEA,2026-09-09,vehicles
1990,205.1,205.1,2016-07-29,billion current USD,Personal consumption expenditures: Durable goods: Motor vehicles and parts,https://alfred.stlouisfed.org/series?seid=DMOTRC1A027NBEA,2026-09-09,vehicles
1991,185.7,185.7,2016-07-29,billion current USD,Personal consumption expenditures: Durable goods: Motor vehicles and parts,https://alfred.stlouisfed.org/series?seid=DMOTRC1A027NBEA,2026-09-09,vehicles
1992,204.8,204.8,2016-07-29,billion current USD,Personal consumption expenditures: Durable goods: Motor vehicles and parts,https://alfred.stlouisfed.org/series?seid=DMOTRC1A027NBEA,2026-09-09,vehicles
1993,224.7,224.7,2016-07-29,billion current USD,Personal consumption expenditures: Durable goods: Motor vehicles and parts,https://alfred.stlouisfed.org/series?seid=DMOTRC1A027NBEA,2026-09-09,vehicles
1994,249.8,249.8,2016-07-29,billion current USD,Personal consumption expenditures: Durable goods: Motor vehicles and parts,https://alfred.stlouisfed.org/series?seid=DMOTRC1A027NBEA,2026-09-09,vehicles
1995,255.7,255.7,2016-07-29,billion current USD,Personal consumption expenditures: Durable goods: Motor vehicles and parts,https://alfred.stlouisfed.org/series?seid=DMOTRC1A027NBEA,2026-09-09,vehicles
1996,273.5,273.5,2016-07-29,billion current USD,Personal consumption expenditures: Durable goods: Motor vehicles and parts,https://alfred.stlouisfed.org/series?seid=DMOTRC1A027NBEA,2026-09-09,vehicles
1997,293.1,293.1,2016-07-29,billion current USD,Personal consumption expenditures: Durable goods: Motor vehicles and parts,https://alfred.stlouisfed.org/series?seid=DMOTRC1A027NBEA,2026-09-09,vehicles
1998,320.2,320.2,2016-07-29,billion current USD,Personal consumption expenditures: Durable goods: Motor vehicles and parts,https://alfred.stlouisfed.org/series?seid=DMOTRC1A027NBEA,2026-09-09,vehicles
1999,350.7,350.7,2016-07-29,billion current USD,Personal consumption expenditures: Durable goods: Motor vehicles and parts,https://alfred.stlouisfed.org/series?seid=DMOTRC1A027NBEA,2026-09-09,vehicles
2000,363.2,363.2,2016-07-29,billion current USD,Personal consumption expenditures: Durable goods: Motor vehicles and parts,https://alfred.stlouisfed.org/series?seid=DMOTRC1A027NBEA,2026-09-09,vehicles
2001,383.3,383.3,2016-07-29,billion current USD,Personal consumption expenditures: Durable goods: Motor vehicles and parts,https://alfred.stlouisfed.org/series?seid=DMOTRC1A027NBEA,2026-09-09,vehicles
2002,401.3,401.3,2016-07-29,billion current USD,Personal consumption expenditures: Durable goods: Motor vehicles and parts,https://alfred.stlouisfed.org/series?seid=DMOTRC1A027NBEA,2026-09-09,vehicles
2003,401.5,401.5,2016-07-29,billion current USD,Personal consumption expenditures: Durable goods: Motor vehicles and parts,https://alfred.stlouisfed.org/series?seid=DMOTRC1A027NBEA,2026-09-09,vehicles
2004,409.3,409.3,2016-07-29,billion current USD,Personal consumption expenditures: Durable goods: Motor vehicles and parts,https://alfred.stlouisfed.org/series?seid=DMOTRC1A027NBEA,2026-09-09,vehicles
2005,410.0,410,2016-07-29,billion current USD,Personal consumption expenditures: Durable goods: Motor vehicles and parts,https://alfred.stlouisfed.org/series?seid=DMOTRC1A027NBEA,2026-09-09,vehicles
2006,395.0,395,2016-07-29,billion current USD,Personal consumption expenditures: Durable goods: Motor vehicles and parts,https://alfred.stlouisfed.org/series?seid=DMOTRC1A027NBEA,2026-09-09,vehicles
2007,400.6,400.6,2016-07-29,billion current USD,Personal consumption expenditures: Durable goods: Motor vehicles and parts,https://alfred.stlouisfed.org/series?seid=DMOTRC1A027NBEA,2026-09-09,vehicles
2008,339.6,339.6,2016-07-29,billion current USD,Personal consumption expenditures: Durable goods: Motor vehicles and parts,https://alfred.stlouisfed.org/series?seid=DMOTRC1A027NBEA,2026-09-09,vehicles
2009,317.1,317.1,2016-07-29,billion current USD,Personal consumption expenditures: Durable goods: Motor vehicles and parts,https://alfred.stlouisfed.org/series?seid=DMOTRC1A027NBEA,2026-09-09,vehicles
2010,342.0,342,2016-07-29,billion current USD,Personal consumption expenditures: Durable goods: Motor vehicles and parts,https://alfred.stlouisfed.org/series?seid=DMOTRC1A027NBEA,2026-09-09,vehicles
2011,363.5,363.5,2016-07-29,billion current USD,Personal consumption expenditures: Durable goods: Motor vehicles and parts,https://alfred.stlouisfed.org/series?seid=DMOTRC1A027NBEA,2026-09-09,vehicles
2012,395.8,395.8,2016-07-29,billion current USD,Personal consumption expenditures: Durable goods: Motor vehicles and parts,https://alfred.stlouisfed.org/series?seid=DMOTRC1A027NBEA,2026-09-09,vehicles
2013,416.1,416.1,2016-07-29,billion current USD,Personal consumption expenditures: Durable goods: Motor vehicles and parts,https://alfred.stlouisfed.org/series?seid=DMOTRC1A027NBEA,2026-09-09,vehicles
2014,442.8,442.8,2016-07-29,billion current USD,Personal consumption expenditures: Durable goods: Motor vehicles and parts,https://alfred.stlouisfed.org/series?seid=DMOTRC1A027NBEA,2026-09-09,vehicles
2015,464.8,464.8,2016-07-29,billion current USD,Personal consumption expenditures: Durable goods: Motor vehicles and parts,https://alfred.stlouisfed.org/series?seid=DMOTRC1A027NBEA,2026-09-09,vehicles
1929,3.776,3.776,2026-04-09,billion current USD,Personal consumption expenditures: Durable goods: Furnishings and durable household equipment,https://alfred.stlouisfed.org/series?seid=DFDHRC1A027NBEA,2026-09-09,furnishings
1930,3.004,3.004,2026-04-09,billion current USD,Personal consumption expenditures: Durable goods: Furnishings and durable household equipment,https://alfred.stlouisfed.org/series?seid=DFDHRC1A027NBEA,2026-09-09,furnishings
1931,2.6,2.6,2026-04-09,billion current USD,Personal consumption expenditures: Durable goods: Furnishings and durable household equipment,https://alfred.stlouisfed.org/series?seid=DFDHRC1A027NBEA,2026-09-09,furnishings
1932,1.853,1.853,2026-04-09,billion current USD,Personal consumption expenditures: Durable goods: Furnishings and durable household equipment,https://alfred.stlouisfed.org/series?seid=DFDHRC1A027NBEA,2026-09-09,furnishings
1933,1.744,1.744,2026-04-09,billion current USD,Personal consumption expenditures: Durable goods: Furnishings and durable household equipment,https://alfred.stlouisfed.org/series?seid=DFDHRC1A027NBEA,2026-09-09,furnishings
1934,2.047,2.047,2026-04-09,billion current USD,Personal consumption expenditures: Durable goods: Furnishings and durable household equipment,https://alfred.stlouisfed.org/series?seid=DFDHRC1A027NBEA,2026-09-09,furnishings
1935,2.335,2.335,2026-04-09,billion current USD,Personal consumption expenditures: Durable goods: Furnishings and durable household equipment,https://alfred.stlouisfed.org/series?seid=DFDHRC1A027NBEA,2026-09-09,furnishings
1936,2.903,2.903,2026-04-09,billion current USD,Personal consumption expenditures: Durable goods: Furnishings and durable household equipment,https://alfred.stlouisfed.org/series?seid=DFDHRC1A027NBEA,2026-09-09,furnishings
1937,3.204,3.204,2026-04-09,billion current USD,Personal consumption expenditures: Durable goods: Furnishings and durable household equipment,https://alfred.stlouisfed.org/series?seid=DFDHRC1A027NBEA,2026-09-09,furnishings
1938,2.845,2.845,2026-04-09,billion current USD,Personal consumption expenditures: Durable goods: Furnishings and durable household equipment,https://alfred.stlouisfed.org/series?seid=DFDHRC1A027NBEA,2026-09-09,furnishings
1939,3.161,3.161,2026-04-09,billion current USD,Personal consumption expenditures: Durable goods: Furnishings and durable household equipment,https://alfred.stlouisfed.org/series?seid=DFDHRC1A027NBEA,2026-09-09,furnishings
1940,3.498,3.498,2026-04-09,billion current USD,Personal consumption expenditures: Durable goods: Furnishings and durable household equipment,https://alfred.stlouisfed.org/series?seid=DFDHRC1A027NBEA,2026-09-09,furnishings
1941,4.36,4.36,2026-04-09,billion current USD,Personal consumption expenditures: Durable goods: Furnishings and durable household equipment,https://alfred.stlouisfed.org/series?seid=DFDHRC1A027NBEA,2026-09-09,furnishings
1942,4.179,4.179,2026-04-09,billion current USD,Personal consumption expenditures: Durable goods: Furnishings and durable household equipment,https://alfred.stlouisfed.org/series?seid=DFDHRC1A027NBEA,2026-09-09,furnishings
1943,3.778,3.778,2026-04-09,billion current USD,Personal consumption expenditures: Durable goods: Furnishings and durable household equipment,https://alfred.stlouisfed.org/series?seid=DFDHRC1A027NBEA,2026-09-09,furnishings
1944,3.845,3.845,2026-04-09,billion current USD,Personal consumption expenditures: Durable goods: Furnishings and durable household equipment,https://alfred.stlouisfed.org/series?seid=DFDHRC1A027NBEA,2026-09-09,furnishings
1945,4.525,4.525,2026-04-09,billion current USD,Personal consumption expenditures: Durable goods: Furnishings and durable household equipment,https://alfred.stlouisfed.org/series?seid=DFDHRC1A027NBEA,2026-09-09,furnishings
1946,7.68,7.68,2026-04-09,billion current USD,Personal consumption expenditures: Durable goods: Furnishings and durable household equipment,https://alfred.stlouisfed.org/series?seid=DFDHRC1A027NBEA,2026-09-09,furnishings
1947,9.557,9.557,2026-04-09,billion current USD,Personal consumption expenditures: Durable goods: Furnishings and durable household equipment,https://alfred.stlouisfed.org/series?seid=DFDHRC1A027NBEA,2026-09-09,furnishings
1948,10.539,10.539,2026-04-09,billion current USD,Personal consumption expenditures: Durable goods: Furnishings and durable household equipment,https://alfred.stlouisfed.org/series?seid=DFDHRC1A027NBEA,2026-09-09,furnishings
1949,10.062,10.062,2026-04-09,billion current USD,Personal consumption expenditures: Durable goods: Furnishings and durable household equipment,https://alfred.stlouisfed.org/series?seid=DFDHRC1A027NBEA,2026-09-09,furnishings
1950,11.8,11.8,2026-04-09,billion current USD,Personal consumption expenditures: Durable goods: Furnishings and durable household equipment,https://alfred.stlouisfed.org/series?seid=DFDHRC1A027NBEA,2026-09-09,furnishings
1951,12.366,12.366,2026-04-09,billion current USD,Personal consumption expenditures: Durable goods: Furnishings and durable household equipment,https://alfred.stlouisfed.org/series?seid=DFDHRC1A027NBEA,2026-09-09,furnishings
1952,12.192,12.192,2026-04-09,billion current USD,Personal consumption expenditures: Durable goods: Furnishings and durable household equipment,https://alfred.stlouisfed.org/series?seid=DFDHRC1A027NBEA,2026-09-09,furnishings
1953,12.584,12.584,2026-04-09,billion current USD,Personal consumption expenditures: Durable goods: Furnishings and durable household equipment,https://alfred.stlouisfed.org/series?seid=DFDHRC1A027NBEA,2026-09-09,furnishings
1954,12.525,12.525,2026-04-09,billion current USD,Personal consumption expenditures: Durable goods: Furnishings and durable household equipment,https://alfred.stlouisfed.org/series?seid=DFDHRC1A027NBEA,2026-09-09,furnishings
1955,14.01,14.01,2026-04-09,billion current USD,Personal consumption expenditures: Durable goods: Furnishings and durable household equipment,https://alfred.stlouisfed.org/series?seid=DFDHRC1A027NBEA,2026-09-09,furnishings
1956,14.814,14.814,2026-04-09,billion current USD,Personal consumption expenditures: Durable goods: Furnishings and durable household equipment,https://alfred.stlouisfed.org/series?seid=DFDHRC1A027NBEA,2026-09-09,furnishings
1957,14.776,14.776,2026-04-09,billion current USD,Personal consumption expenditures: Durable goods: Furnishings and durable household equipment,https://alfred.stlouisfed.org/series?seid=DFDHRC1A027NBEA,2026-09-09,furnishings
1958,14.562,14.562,2026-04-09,billion current USD,Personal consumption expenditures: Durable goods: Furnishings and durable household equipment,https://alfred.stlouisfed.org/series?seid=DFDHRC1A027NBEA,2026-09-09,furnishings
1959,15.518,15.518,2026-04-09,billion current USD,Personal consumption expenditures: Durable goods: Furnishings and durable household equipment,https://alfred.stlouisfed.org/series?seid=DFDHRC1A027NBEA,2026-09-09,furnishings
1960,15.424,15.424,2026-04-09,billion current USD,Personal consumption expenditures: Durable goods: Furnishings and durable household equipment,https://alfred.stlouisfed.org/series?seid=DFDHRC1A027NBEA,2026-09-09,furnishings
1961,15.572,15.572,2026-04-09,billion current USD,Personal consumption expenditures: Durable goods: Furnishings and durable household equipment,https://alfred.stlouisfed.org/series?seid=DFDHRC1A027NBEA,2026-09-09,furnishings
1962,16.424,16.424,2026-04-09,billion current USD,Personal consumption expenditures: Durable goods: Furnishings and durable household equipment,https://alfred.stlouisfed.org/series?seid=DFDHRC1A027NBEA,2026-09-09,furnishings
1963,17.51,17.51,2026-04-09,billion current USD,Personal consumption expenditures: Durable goods: Furnishings and durable household equipment,https://alfred.stlouisfed.org/series?seid=DFDHRC1A027NBEA,2026-09-09,furnishings
1964,19.517,19.517,2026-04-09,billion current USD,Personal consumption expenditures: Durable goods: Furnishings and durable household equipment,https://alfred.stlouisfed.org/series?seid=DFDHRC1A027NBEA,2026-09-09,furnishings
1965,20.661,20.661,2026-04-09,billion current USD,Personal consumption expenditures: Durable goods: Furnishings and durable household equipment,https://alfred.stlouisfed.org/series?seid=DFDHRC1A027NBEA,2026-09-09,furnishings
1966,22.643,22.643,2026-04-09,billion current USD,Personal consumption expenditures: Durable goods: Furnishings and durable household equipment,https://alfred.stlouisfed.org/series?seid=DFDHRC1A027NBEA,2026-09-09,furnishings
1967,23.68,23.68,2026-04-09,billion current USD,Personal consumption expenditures: Durable goods: Furnishings and durable household equipment,https://alfred.stlouisfed.org/series?seid=DFDHRC1A027NBEA,2026-09-09,furnishings
1968,26.089,26.089,2026-04-09,billion current USD,Personal consumption expenditures: Durable goods: Furnishings and durable household equipment,https://alfred.stlouisfed.org/series?seid=DFDHRC1A027NBEA,2026-09-09,furnishings
1969,27.589,27.589,2026-04-09,billion current USD,Personal consumption expenditures: Durable goods: Furnishings and durable household equipment,https://alfred.stlouisfed.org/series?seid=DFDHRC1A027NBEA,2026-09-09,furnishings
1970,28.152,28.152,2026-04-09,billion current USD,Personal consumption expenditures: Durable goods: Furnishings and durable household equipment,https://alfred.stlouisfed.org/series?seid=DFDHRC1A027NBEA,2026-09-09,furnishings
1971,29.943,29.943,2026-04-09,billion current USD,Personal consumption expenditures: Durable goods: Furnishings and durable household equipment,https://alfred.stlouisfed.org/series?seid=DFDHRC1A027NBEA,2026-09-09,furnishings
1972,33.522,33.522,2026-04-09,billion current USD,Personal consumption expenditures: Durable goods: Furnishings and durable household equipment,https://alfred.stlouisfed.org/series?seid=DFDHRC1A027NBEA,2026-09-09,furnishings
1973,37.961,37.961,2026-04-09,billion current USD,Personal consumption expenditures: Durable goods: Furnishings and durable household equipment,https://alfred.stlouisfed.org/series?seid=DFDHRC1A027NBEA,2026-09-09,furnishings
1974,40.89,40.89,2026-04-09,billion current USD,Personal consumption expenditures: Durable goods: Furnishings and durable household equipment,https://alfred.stlouisfed.org/series?seid=DFDHRC1A027NBEA,2026-09-09,furnishings
1975,42.612,42.612,2026-04-09,billion current USD,Personal consumption expenditures: Durable goods: Furnishings and durable household equipment,https://alfred.stlouisfed.org/series?seid=DFDHRC1A027NBEA,2026-09-09,furnishings
1976,47.172,47.172,2026-04-09,billion current USD,Personal consumption expenditures: Durable goods: Furnishings and durable household equipment,https://alfred.stlouisfed.org/series?seid=DFDHRC1A027NBEA,2026-09-09,furnishings
1977,53.355,53.355,2026-04-09,billion current USD,Personal consumption expenditures: Durable goods: Furnishings and durable household equipment,https://alfred.stlouisfed.org/series?seid=DFDHRC1A027NBEA,2026-09-09,furnishings
1978,59.004,59.004,2026-04-09,billion current USD,Personal consumption expenditures: Durable goods: Furnishings and durable household equipment,https://alfred.stlouisfed.org/series?seid=DFDHRC1A027NBEA,2026-09-09,furnishings
1979,65.254,65.254,2026-04-09,billion current USD,Personal consumption expenditures: Durable goods: Furnishings and durable household equipment,https://alfred.stlouisfed.org/series?seid=DFDHRC1A027NBEA,2026-09-09,furnishings
1980,67.844,67.844,2026-04-09,billion current USD,Personal consumption expenditures: Durable goods: Furnishings and durable household equipment,https://alfred.stlouisfed.org/series?seid=DFDHRC1A027NBEA,2026-09-09,furnishings
1981,71.461,71.461,2026-04-09,billion current USD,Personal consumption expenditures: Durable goods: Furnishings and durable household equipment,https://alfred.stlouisfed.org/series?seid=DFDHRC1A027NBEA,2026-09-09,furnishings
1982,71.811,71.811,2026-04-09,billion current USD,Personal consumption expenditures: Durable goods: Furnishings and durable household equipment,https://alfred.stlouisfed.org/series?seid=DFDHRC1A027NBEA,2026-09-09,furnishings
1983,79.77,79.77,2026-04-09,billion current USD,Personal consumption expenditures: Durable goods: Furnishings and durable household equipment,https://alfred.stlouisfed.org/series?seid=DFDHRC1A027NBEA,2026-09-09,furnishings
1984,88.833,88.833,2026-04-09,billion current USD,Personal consumption expenditures: Durable goods: Furnishings and durable household equipment,https://alfred.stlouisfed.org/series?seid=DFDHRC1A027NBEA,2026-09-09,furnishings
1985,94.62,94.62,2026-04-09,billion current USD,Personal consumption expenditures: Durable goods: Furnishings and durable household equipment,https://alfred.stlouisfed.org/series?seid=DFDHRC1A027NBEA,2026-09-09,furnishings
1986,103.454,103.454,2026-04-09,billion current USD,Personal consumption expenditures: Durable goods: Furnishings and durable household equipment,https://alfred.stlouisfed.org/series?seid=DFDHRC1A027NBEA,2026-09-09,furnishings
1987,109.536,109.536,2026-04-09,billion current USD,Personal consumption expenditures: Durable goods: Furnishings and durable household equipment,https://alfred.stlouisfed.org/series?seid=DFDHRC1A027NBEA,2026-09-09,furnishings
1988,115.155,115.155,2026-04-09,billion current USD,Personal consumption expenditures: Durable goods: Furnishings and durable household equipment,https://alfred.stlouisfed.org/series?seid=DFDHRC1A027NBEA,2026-09-09,furnishings
1989,121.388,121.388,2026-04-09,billion current USD,Personal consumption expenditures: Durable goods: Furnishings and durable household equipment,https://alfred.stlouisfed.org/series?seid=DFDHRC1A027NBEA,2026-09-09,furnishings
1990,120.94,120.94,2026-04-09,billion current USD,Personal consumption expenditures: Durable goods: Furnishings and durable household equipment,https://alfred.stlouisfed.org/series?seid=DFDHRC1A027NBEA,2026-09-09,furnishings
1991,118.784,118.784,2026-04-09,billion current USD,Personal consumption expenditures: Durable goods: Furnishings and durable household equipment,https://alfred.stlouisfed.org/series?seid=DFDHRC1A027NBEA,2026-09-09,furnishings
1992,124.288,124.288,2026-04-09,billion current USD,Personal consumption expenditures: Durable goods: Furnishings and durable household equipment,https://alfred.stlouisfed.org/series?seid=DFDHRC1A027NBEA,2026-09-09,furnishings
1993,131.367,131.367,2026-04-09,billion current USD,Personal consumption expenditures: Durable goods: Furnishings and durable household equipment,https://alfred.stlouisfed.org/series?seid=DFDHRC1A027NBEA,2026-09-09,furnishings
1994,140.511,140.511,2026-04-09,billion current USD,Personal consumption expenditures: Durable goods: Furnishings and durable household equipment,https://alfred.stlouisfed.org/series?seid=DFDHRC1A027NBEA,2026-09-09,furnishings
1995,146.742,146.742,2026-04-09,billion current USD,Personal consumption expenditures: Durable goods: Furnishings and durable household equipment,https://alfred.stlouisfed.org/series?seid=DFDHRC1A027NBEA,2026-09-09,furnishings
1996,153.535,153.535,2026-04-09,billion current USD,Personal consumption expenditures: Durable goods: Furnishings and durable household equipment,https://alfred.stlouisfed.org/series?seid=DFDHRC1A027NBEA,2026-09-09,furnishings
1997,160.49,160.49,2026-04-09,billion current USD,Personal consumption expenditures: Durable goods: Furnishings and durable household equipment,https://alfred.stlouisfed.org/series?seid=DFDHRC1A027NBEA,2026-09-09,furnishings
1998,173.579,173.579,2026-04-09,billion current USD,Personal consumption expenditures: Durable goods: Furnishings and durable household equipment,https://alfred.stlouisfed.org/series?seid=DFDHRC1A027NBEA,2026-09-09,furnishings
1999,191.185,191.185,2026-04-09,billion current USD,Personal consumption expenditures: Durable goods: Furnishings and durable household equipment,https://alfred.stlouisfed.org/series?seid=DFDHRC1A027NBEA,2026-09-09,furnishings
2000,208.106,208.106,2026-04-09,billion current USD,Personal consumption expenditures: Durable goods: Furnishings and durable household equipment,https://alfred.stlouisfed.org/series?seid=DFDHRC1A027NBEA,2026-09-09,furnishings
2001,214.94,214.94,2026-04-09,billion current USD,Personal consumption expenditures: Durable goods: Furnishings and durable household equipment,https://alfred.stlouisfed.org/series?seid=DFDHRC1A027NBEA,2026-09-09,furnishings
2002,225.868,225.868,2026-04-09,billion current USD,Personal consumption expenditures: Durable goods: Furnishings and durable household equipment,https://alfred.stlouisfed.org/series?seid=DFDHRC1A027NBEA,2026-09-09,furnishings
2003,235.161,235.161,2026-04-09,billion current USD,Personal consumption expenditures: Durable goods: Furnishings and durable household equipment,https://alfred.stlouisfed.org/series?seid=DFDHRC1A027NBEA,2026-09-09,furnishings
2004,254.31,254.31,2026-04-09,billion current USD,Personal consumption expenditures: Durable goods: Furnishings and durable household equipment,https://alfred.stlouisfed.org/series?seid=DFDHRC1A027NBEA,2026-09-09,furnishings
2005,271.273,271.273,2026-04-09,billion current USD,Personal consumption expenditures: Durable goods: Furnishings and durable household equipment,https://alfred.stlouisfed.org/series?seid=DFDHRC1A027NBEA,2026-09-09,furnishings
2006,283.598,283.598,2026-04-09,billion current USD,Personal consumption expenditures: Durable goods: Furnishings and durable household equipment,https://alfred.stlouisfed.org/series?seid=DFDHRC1A027NBEA,2026-09-09,furnishings
2007,283.458,283.458,2026-04-09,billion current USD,Personal consumption expenditures: Durable goods: Furnishings and durable household equipment,https://alfred.stlouisfed.org/series?seid=DFDHRC1A027NBEA,2026-09-09,furnishings
2008,264.349,264.349,2026-04-09,billion current USD,Personal consumption expenditures: Durable goods: Furnishings and durable household equipment,https://alfred.stlouisfed.org/series?seid=DFDHRC1A027NBEA,2026-09-09,furnishings
2009,238.275,238.275,2026-04-09,billion current USD,Personal consumption expenditures: Durable goods: Furnishings and durable household equipment,https://alfred.stlouisfed.org/series?seid=DFDHRC1A027NBEA,2026-09-09,furnishings
2010,240.924,240.924,2026-04-09,billion current USD,Personal consumption expenditures: Durable goods: Furnishings and durable household equipment,https://alfred.stlouisfed.org/series?seid=DFDHRC1A027NBEA,2026-09-09,furnishings
2011,246.862,246.862,2026-04-09,billion current USD,Personal consumption expenditures: Durable goods: Furnishings and durable household equipment,https://alfred.stlouisfed.org/series?seid=DFDHRC1A027NBEA,2026-09-09,furnishings
2012,253.938,253.938,2026-04-09,billion current USD,Personal consumption expenditures: Durable goods: Furnishings and durable household equipment,https://alfred.stlouisfed.org/series?seid=DFDHRC1A027NBEA,2026-09-09,furnishings
2013,263.304,263.304,2026-04-09,billion current USD,Personal consumption expenditures: Durable goods: Furnishings and durable household equipment,https://alfred.stlouisfed.org/series?seid=DFDHRC1A027NBEA,2026-09-09,furnishings
2014,275.462,275.462,2026-04-09,billion current USD,Personal consumption expenditures: Durable goods: Furnishings and durable household equipment,https://alfred.stlouisfed.org/series?seid=DFDHRC1A027NBEA,2026-09-09,furnishings
2015,292.691,292.691,2026-04-09,billion current USD,Personal consumption expenditures: Durable goods: Furnishings and durable household equipment,https://alfred.stlouisfed.org/series?seid=DFDHRC1A027NBEA,2026-09-09,furnishings
2016,306.047,306.047,2026-04-09,billion current USD,Personal consumption expenditures: Durable goods: Furnishings and durable household equipment,https://alfred.stlouisfed.org/series?seid=DFDHRC1A027NBEA,2026-09-09,furnishings
2017,319.185,319.185,2026-04-09,billion current USD,Personal consumption expenditures: Durable goods: Furnishings and durable household equipment,https://alfred.stlouisfed.org/series?seid=DFDHRC1A027NBEA,2026-09-09,furnishings
2018,335.953,335.953,2026-04-09,billion current USD,Personal consumption expenditures: Durable goods: Furnishings and durable household equipment,https://alfred.stlouisfed.org/series?seid=DFDHRC1A027NBEA,2026-09-09,furnishings
2019,346.714,346.714,2026-04-09,billion current USD,Personal consumption expenditures: Durable goods: Furnishings and durable household equipment,https://alfred.stlouisfed.org/series?seid=DFDHRC1A027NBEA,2026-09-09,furnishings
2020,380.989,380.989,2026-04-09,billion current USD,Personal consumption expenditures: Durable goods: Furnishings and durable household equipment,https://alfred.stlouisfed.org/series?seid=DFDHRC1A027NBEA,2026-09-09,furnishings
2021,451.228,451.228,2026-04-09,billion current USD,Personal consumption expenditures: Durable goods: Furnishings and durable household equipment,https://alfred.stlouisfed.org/series?seid=DFDHRC1A027NBEA,2026-09-09,furnishings
2022,476.136,476.136,2026-04-09,billion current USD,Personal consumption expenditures: Durable goods: Furnishings and durable household equipment,https://alfred.stlouisfed.org/series?seid=DFDHRC1A027NBEA,2026-09-09,furnishings
2023,479.861,479.861,2026-04-09,billion current USD,Personal consumption expenditures: Durable goods: Furnishings and durable household equipment,https://alfred.stlouisfed.org/series?seid=DFDHRC1A027NBEA,2026-09-09,furnishings
2024,490.018,490.018,2026-04-09,billion current USD,Personal consumption expenditures: Durable goods: Furnishings and durable household equipment,https://alfred.stlouisfed.org/series?seid=DFDHRC1A027NBEA,2026-09-09,furnishings
2025,507.34,507.34,2026-04-09,billion current USD,Personal consumption expenditures: Durable goods: Furnishings and durable household equipment,https://alfred.stlouisfed.org/series?seid=DFDHRC1A027NBEA,2026-09-09,furnishings
1929,3.8,3.8,2016-07-29,billion current USD,Personal consumption expenditures: Durable goods: Furnishings and durable household equipment,https://alfred.stlouisfed.org/series?seid=DFDHRC1A027NBEA,2026-09-09,furnishings
1930,3.0,3,2016-07-29,billion current USD,Personal consumption expenditures: Durable goods: Furnishings and durable household equipment,https://alfred.stlouisfed.org/series?seid=DFDHRC1A027NBEA,2026-09-09,furnishings
1931,2.6,2.6,2016-07-29,billion current USD,Personal consumption expenditures: Durable goods: Furnishings and durable household equipment,https://alfred.stlouisfed.org/series?seid=DFDHRC1A027NBEA,2026-09-09,furnishings
1932,1.9,1.9,2016-07-29,billion current USD,Personal consumption expenditures: Durable goods: Furnishings and durable household equipment,https://alfred.stlouisfed.org/series?seid=DFDHRC1A027NBEA,2026-09-09,furnishings
1933,1.7,1.7,2016-07-29,billion current USD,Personal consumption expenditures: Durable goods: Furnishings and durable household equipment,https://alfred.stlouisfed.org/series?seid=DFDHRC1A027NBEA,2026-09-09,furnishings
1934,2.0,2,2016-07-29,billion current USD,Personal consumption expenditures: Durable goods: Furnishings and durable household equipment,https://alfred.stlouisfed.org/series?seid=DFDHRC1A027NBEA,2026-09-09,furnishings
1935,2.3,2.3,2016-07-29,billion current USD,Personal consumption expenditures: Durable goods: Furnishings and durable household equipment,https://alfred.stlouisfed.org/series?seid=DFDHRC1A027NBEA,2026-09-09,furnishings
1936,2.9,2.9,2016-07-29,billion current USD,Personal consumption expenditures: Durable goods: Furnishings and durable household equipment,https://alfred.stlouisfed.org/series?seid=DFDHRC1A027NBEA,2026-09-09,furnishings
1937,3.2,3.2,2016-07-29,billion current USD,Personal consumption expenditures: Durable goods: Furnishings and durable household equipment,https://alfred.stlouisfed.org/series?seid=DFDHRC1A027NBEA,2026-09-09,furnishings
1938,2.8,2.8,2016-07-29,billion current USD,Personal consumption expenditures: Durable goods: Furnishings and durable household equipment,https://alfred.stlouisfed.org/series?seid=DFDHRC1A027NBEA,2026-09-09,furnishings
1939,3.2,3.2,2016-07-29,billion current USD,Personal consumption expenditures: Durable goods: Furnishings and durable household equipment,https://alfred.stlouisfed.org/series?seid=DFDHRC1A027NBEA,2026-09-09,furnishings
1940,3.5,3.5,2016-07-29,billion current USD,Personal consumption expenditures: Durable goods: Furnishings and durable household equipment,https://alfred.stlouisfed.org/series?seid=DFDHRC1A027NBEA,2026-09-09,furnishings
1941,4.4,4.4,2016-07-29,billion current USD,Personal consumption expenditures: Durable goods: Furnishings and durable household equipment,https://alfred.stlouisfed.org/series?seid=DFDHRC1A027NBEA,2026-09-09,furnishings
1942,4.2,4.2,2016-07-29,billion current USD,Personal consumption expenditures: Durable goods: Furnishings and durable household equipment,https://alfred.stlouisfed.org/series?seid=DFDHRC1A027NBEA,2026-09-09,furnishings
1943,3.8,3.8,2016-07-29,billion current USD,Personal consumption expenditures: Durable goods: Furnishings and durable household equipment,https://alfred.stlouisfed.org/series?seid=DFDHRC1A027NBEA,2026-09-09,furnishings
1944,3.8,3.8,2016-07-29,billion current USD,Personal consumption expenditures: Durable goods: Furnishings and durable household equipment,https://alfred.stlouisfed.org/series?seid=DFDHRC1A027NBEA,2026-09-09,furnishings
1945,4.5,4.5,2016-07-29,billion current USD,Personal consumption expenditures: Durable goods: Furnishings and durable household equipment,https://alfred.stlouisfed.org/series?seid=DFDHRC1A027NBEA,2026-09-09,furnishings
1946,7.7,7.7,2016-07-29,billion current USD,Personal consumption expenditures: Durable goods: Furnishings and durable household equipment,https://alfred.stlouisfed.org/series?seid=DFDHRC1A027NBEA,2026-09-09,furnishings
1947,9.6,9.6,2016-07-29,billion current USD,Personal consumption expenditures: Durable goods: Furnishings and durable household equipment,https://alfred.stlouisfed.org/series?seid=DFDHRC1A027NBEA,2026-09-09,furnishings
1948,10.5,10.5,2016-07-29,billion current USD,Personal consumption expenditures: Durable goods: Furnishings and durable household equipment,https://alfred.stlouisfed.org/series?seid=DFDHRC1A027NBEA,2026-09-09,furnishings
1949,10.1,10.1,2016-07-29,billion current USD,Personal consumption expenditures: Durable goods: Furnishings and durable household equipment,https://alfred.stlouisfed.org/series?seid=DFDHRC1A027NBEA,2026-09-09,furnishings
1950,11.8,11.8,2016-07-29,billion current USD,Personal consumption expenditures: Durable goods: Furnishings and durable household equipment,https://alfred.stlouisfed.org/series?seid=DFDHRC1A027NBEA,2026-09-09,furnishings
1951,12.4,12.4,2016-07-29,billion current USD,Personal consumption expenditures: Durable goods: Furnishings and durable household equipment,https://alfred.stlouisfed.org/series?seid=DFDHRC1A027NBEA,2026-09-09,furnishings
1952,12.2,12.2,2016-07-29,billion current USD,Personal consumption expenditures: Durable goods: Furnishings and durable household equipment,https://alfred.stlouisfed.org/series?seid=DFDHRC1A027NBEA,2026-09-09,furnishings
1953,12.6,12.6,2016-07-29,billion current USD,Personal consumption expenditures: Durable goods: Furnishings and durable household equipment,https://alfred.stlouisfed.org/series?seid=DFDHRC1A027NBEA,2026-09-09,furnishings
1954,12.5,12.5,2016-07-29,billion current USD,Personal consumption expenditures: Durable goods: Furnishings and durable household equipment,https://alfred.stlouisfed.org/series?seid=DFDHRC1A027NBEA,2026-09-09,furnishings
1955,14.0,14,2016-07-29,billion current USD,Personal consumption expenditures: Durable goods: Furnishings and durable household equipment,https://alfred.stlouisfed.org/series?seid=DFDHRC1A027NBEA,2026-09-09,furnishings
1956,14.8,14.8,2016-07-29,billion current USD,Personal consumption expenditures: Durable goods: Furnishings and durable household equipment,https://alfred.stlouisfed.org/series?seid=DFDHRC1A027NBEA,2026-09-09,furnishings
1957,14.8,14.8,2016-07-29,billion current USD,Personal consumption expenditures: Durable goods: Furnishings and durable household equipment,https://alfred.stlouisfed.org/series?seid=DFDHRC1A027NBEA,2026-09-09,furnishings
1958,14.6,14.6,2016-07-29,billion current USD,Personal consumption expenditures: Durable goods: Furnishings and durable household equipment,https://alfred.stlouisfed.org/series?seid=DFDHRC1A027NBEA,2026-09-09,furnishings
1959,15.5,15.5,2016-07-29,billion current USD,Personal consumption expenditures: Durable goods: Furnishings and durable household equipment,https://alfred.stlouisfed.org/series?seid=DFDHRC1A027NBEA,2026-09-09,furnishings
1960,15.4,15.4,2016-07-29,billion current USD,Personal consumption expenditures: Durable goods: Furnishings and durable household equipment,https://alfred.stlouisfed.org/series?seid=DFDHRC1A027NBEA,2026-09-09,furnishings
1961,15.6,15.6,2016-07-29,billion current USD,Personal consumption expenditures: Durable goods: Furnishings and durable household equipment,https://alfred.stlouisfed.org/series?seid=DFDHRC1A027NBEA,2026-09-09,furnishings
1962,16.4,16.4,2016-07-29,billion current USD,Personal consumption expenditures: Durable goods: Furnishings and durable household equipment,https://alfred.stlouisfed.org/series?seid=DFDHRC1A027NBEA,2026-09-09,furnishings
1963,17.5,17.5,2016-07-29,billion current USD,Personal consumption expenditures: Durable goods: Furnishings and durable household equipment,https://alfred.stlouisfed.org/series?seid=DFDHRC1A027NBEA,2026-09-09,furnishings
1964,19.5,19.5,2016-07-29,billion current USD,Personal consumption expenditures: Durable goods: Furnishings and durable household equipment,https://alfred.stlouisfed.org/series?seid=DFDHRC1A027NBEA,2026-09-09,furnishings
1965,20.7,20.7,2016-07-29,billion current USD,Personal consumption expenditures: Durable goods: Furnishings and durable household equipment,https://alfred.stlouisfed.org/series?seid=DFDHRC1A027NBEA,2026-09-09,furnishings
1966,22.6,22.6,2016-07-29,billion current USD,Personal consumption expenditures: Durable goods: Furnishings and durable household equipment,https://alfred.stlouisfed.org/series?seid=DFDHRC1A027NBEA,2026-09-09,furnishings
1967,23.7,23.7,2016-07-29,billion current USD,Personal consumption expenditures: Durable goods: Furnishings and durable household equipment,https://alfred.stlouisfed.org/series?seid=DFDHRC1A027NBEA,2026-09-09,furnishings
1968,26.1,26.1,2016-07-29,billion current USD,Personal consumption expenditures: Durable goods: Furnishings and durable household equipment,https://alfred.stlouisfed.org/series?seid=DFDHRC1A027NBEA,2026-09-09,furnishings
1969,27.6,27.6,2016-07-29,billion current USD,Personal consumption expenditures: Durable goods: Furnishings and durable household equipment,https://alfred.stlouisfed.org/series?seid=DFDHRC1A027NBEA,2026-09-09,furnishings
1970,28.2,28.2,2016-07-29,billion current USD,Personal consumption expenditures: Durable goods: Furnishings and durable household equipment,https://alfred.stlouisfed.org/series?seid=DFDHRC1A027NBEA,2026-09-09,furnishings
1971,29.9,29.9,2016-07-29,billion current USD,Personal consumption expenditures: Durable goods: Furnishings and durable household equipment,https://alfred.stlouisfed.org/series?seid=DFDHRC1A027NBEA,2026-09-09,furnishings
1972,33.5,33.5,2016-07-29,billion current USD,Personal consumption expenditures: Durable goods: Furnishings and durable household equipment,https://alfred.stlouisfed.org/series?seid=DFDHRC1A027NBEA,2026-09-09,furnishings
1973,38.0,38,2016-07-29,billion current USD,Personal consumption expenditures: Durable goods: Furnishings and durable household equipment,https://alfred.stlouisfed.org/series?seid=DFDHRC1A027NBEA,2026-09-09,furnishings
1974,40.9,40.9,2016-07-29,billion current USD,Personal consumption expenditures: Durable goods: Furnishings and durable household equipment,https://alfred.stlouisfed.org/series?seid=DFDHRC1A027NBEA,2026-09-09,furnishings
1975,42.6,42.6,2016-07-29,billion current USD,Personal consumption expenditures: Durable goods: Furnishings and durable household equipment,https://alfred.stlouisfed.org/series?seid=DFDHRC1A027NBEA,2026-09-09,furnishings
1976,47.2,47.2,2016-07-29,billion current USD,Personal consumption expenditures: Durable goods: Furnishings and durable household equipment,https://alfred.stlouisfed.org/series?seid=DFDHRC1A027NBEA,2026-09-09,furnishings
1977,53.4,53.4,2016-07-29,billion current USD,Personal consumption expenditures: Durable goods: Furnishings and durable household equipment,https://alfred.stlouisfed.org/series?seid=DFDHRC1A027NBEA,2026-09-09,furnishings
1978,59.0,59,2016-07-29,billion current USD,Personal consumption expenditures: Durable goods: Furnishings and durable household equipment,https://alfred.stlouisfed.org/series?seid=DFDHRC1A027NBEA,2026-09-09,furnishings
1979,65.3,65.3,2016-07-29,billion current USD,Personal consumption expenditures: Durable goods: Furnishings and durable household equipment,https://alfred.stlouisfed.org/series?seid=DFDHRC1A027NBEA,2026-09-09,furnishings
1980,67.8,67.8,2016-07-29,billion current USD,Personal consumption expenditures: Durable goods: Furnishings and durable household equipment,https://alfred.stlouisfed.org/series?seid=DFDHRC1A027NBEA,2026-09-09,furnishings
1981,71.5,71.5,2016-07-29,billion current USD,Personal consumption expenditures: Durable goods: Furnishings and durable household equipment,https://alfred.stlouisfed.org/series?seid=DFDHRC1A027NBEA,2026-09-09,furnishings
1982,71.8,71.8,2016-07-29,billion current USD,Personal consumption expenditures: Durable goods: Furnishings and durable household equipment,https://alfred.stlouisfed.org/series?seid=DFDHRC1A027NBEA,2026-09-09,furnishings
1983,79.8,79.8,2016-07-29,billion current USD,Personal consumption expenditures: Durable goods: Furnishings and durable household equipment,https://alfred.stlouisfed.org/series?seid=DFDHRC1A027NBEA,2026-09-09,furnishings
1984,88.8,88.8,2016-07-29,billion current USD,Personal consumption expenditures: Durable goods: Furnishings and durable household equipment,https://alfred.stlouisfed.org/series?seid=DFDHRC1A027NBEA,2026-09-09,furnishings
1985,94.6,94.6,2016-07-29,billion current USD,Personal consumption expenditures: Durable goods: Furnishings and durable household equipment,https://alfred.stlouisfed.org/series?seid=DFDHRC1A027NBEA,2026-09-09,furnishings
1986,103.5,103.5,2016-07-29,billion current USD,Personal consumption expenditures: Durable goods: Furnishings and durable household equipment,https://alfred.stlouisfed.org/series?seid=DFDHRC1A027NBEA,2026-09-09,furnishings
1987,109.5,109.5,2016-07-29,billion current USD,Personal consumption expenditures: Durable goods: Furnishings and durable household equipment,https://alfred.stlouisfed.org/series?seid=DFDHRC1A027NBEA,2026-09-09,furnishings
1988,115.2,115.2,2016-07-29,billion current USD,Personal consumption expenditures: Durable goods: Furnishings and durable household equipment,https://alfred.stlouisfed.org/series?seid=DFDHRC1A027NBEA,2026-09-09,furnishings
1989,121.4,121.4,2016-07-29,billion current USD,Personal consumption expenditures: Durable goods: Furnishings and durable household equipment,https://alfred.stlouisfed.org/series?seid=DFDHRC1A027NBEA,2026-09-09,furnishings
1990,120.9,120.9,2016-07-29,billion current USD,Personal consumption expenditures: Durable goods: Furnishings and durable household equipment,https://alfred.stlouisfed.org/series?seid=DFDHRC1A027NBEA,2026-09-09,furnishings
1991,118.8,118.8,2016-07-29,billion current USD,Personal consumption expenditures: Durable goods: Furnishings and durable household equipment,https://alfred.stlouisfed.org/series?seid=DFDHRC1A027NBEA,2026-09-09,furnishings
1992,124.3,124.3,2016-07-29,billion current USD,Personal consumption expenditures: Durable goods: Furnishings and durable household equipment,https://alfred.stlouisfed.org/series?seid=DFDHRC1A027NBEA,2026-09-09,furnishings
1993,131.4,131.4,2016-07-29,billion current USD,Personal consumption expenditures: Durable goods: Furnishings and durable household equipment,https://alfred.stlouisfed.org/series?seid=DFDHRC1A027NBEA,2026-09-09,furnishings
1994,140.5,140.5,2016-07-29,billion current USD,Personal consumption expenditures: Durable goods: Furnishings and durable household equipment,https://alfred.stlouisfed.org/series?seid=DFDHRC1A027NBEA,2026-09-09,furnishings
1995,146.7,146.7,2016-07-29,billion current USD,Personal consumption expenditures: Durable goods: Furnishings and durable household equipment,https://alfred.stlouisfed.org/series?seid=DFDHRC1A027NBEA,2026-09-09,furnishings
1996,153.5,153.5,2016-07-29,billion current USD,Personal consumption expenditures: Durable goods: Furnishings and durable household equipment,https://alfred.stlouisfed.org/series?seid=DFDHRC1A027NBEA,2026-09-09,furnishings
1997,160.5,160.5,2016-07-29,billion current USD,Personal consumption expenditures: Durable goods: Furnishings and durable household equipment,https://alfred.stlouisfed.org/series?seid=DFDHRC1A027NBEA,2026-09-09,furnishings
1998,173.6,173.6,2016-07-29,billion current USD,Personal consumption expenditures: Durable goods: Furnishings and durable household equipment,https://alfred.stlouisfed.org/series?seid=DFDHRC1A027NBEA,2026-09-09,furnishings
1999,191.2,191.2,2016-07-29,billion current USD,Personal consumption expenditures: Durable goods: Furnishings and durable household equipment,https://alfred.stlouisfed.org/series?seid=DFDHRC1A027NBEA,2026-09-09,furnishings
2000,208.1,208.1,2016-07-29,billion current USD,Personal consumption expenditures: Durable goods: Furnishings and durable household equipment,https://alfred.stlouisfed.org/series?seid=DFDHRC1A027NBEA,2026-09-09,furnishings
2001,214.9,214.9,2016-07-29,billion current USD,Personal consumption expenditures: Durable goods: Furnishings and durable household equipment,https://alfred.stlouisfed.org/series?seid=DFDHRC1A027NBEA,2026-09-09,furnishings
2002,225.9,225.9,2016-07-29,billion current USD,Personal consumption expenditures: Durable goods: Furnishings and durable household equipment,https://alfred.stlouisfed.org/series?seid=DFDHRC1A027NBEA,2026-09-09,furnishings
2003,235.2,235.2,2016-07-29,billion current USD,Personal consumption expenditures: Durable goods: Furnishings and durable household equipment,https://alfred.stlouisfed.org/series?seid=DFDHRC1A027NBEA,2026-09-09,furnishings
2004,254.3,254.3,2016-07-29,billion current USD,Personal consumption expenditures: Durable goods: Furnishings and durable household equipment,https://alfred.stlouisfed.org/series?seid=DFDHRC1A027NBEA,2026-09-09,furnishings
2005,271.3,271.3,2016-07-29,billion current USD,Personal consumption expenditures: Durable goods: Furnishings and durable household equipment,https://alfred.stlouisfed.org/series?seid=DFDHRC1A027NBEA,2026-09-09,furnishings
2006,283.6,283.6,2016-07-29,billion current USD,Personal consumption expenditures: Durable goods: Furnishings and durable household equipment,https://alfred.stlouisfed.org/series?seid=DFDHRC1A027NBEA,2026-09-09,furnishings
2007,283.5,283.5,2016-07-29,billion current USD,Personal consumption expenditures: Durable goods: Furnishings and durable household equipment,https://alfred.stlouisfed.org/series?seid=DFDHRC1A027NBEA,2026-09-09,furnishings
2008,268.7,268.7,2016-07-29,billion current USD,Personal consumption expenditures: Durable goods: Furnishings and durable household equipment,https://alfred.stlouisfed.org/series?seid=DFDHRC1A027NBEA,2026-09-09,furnishings
2009,244.3,244.3,2016-07-29,billion current USD,Personal consumption expenditures: Durable goods: Furnishings and durable household equipment,https://alfred.stlouisfed.org/series?seid=DFDHRC1A027NBEA,2026-09-09,furnishings
2010,250.4,250.4,2016-07-29,billion current USD,Personal consumption expenditures: Durable goods: Furnishings and durable household equipment,https://alfred.stlouisfed.org/series?seid=DFDHRC1A027NBEA,2026-09-09,furnishings
2011,260.7,260.7,2016-07-29,billion current USD,Personal consumption expenditures: Durable goods: Furnishings and durable household equipment,https://alfred.stlouisfed.org/series?seid=DFDHRC1A027NBEA,2026-09-09,furnishings
2012,271.4,271.4,2016-07-29,billion current USD,Personal consumption expenditures: Durable goods: Furnishings and durable household equipment,https://alfred.stlouisfed.org/series?seid=DFDHRC1A027NBEA,2026-09-09,furnishings
2013,281.6,281.6,2016-07-29,billion current USD,Personal consumption expenditures: Durable goods: Furnishings and durable household equipment,https://alfred.stlouisfed.org/series?seid=DFDHRC1A027NBEA,2026-09-09,furnishings
2014,292.1,292.1,2016-07-29,billion current USD,Personal consumption expenditures: Durable goods: Furnishings and durable household equipment,https://alfred.stlouisfed.org/series?seid=DFDHRC1A027NBEA,2026-09-09,furnishings
2015,305.1,305.1,2016-07-29,billion current USD,Personal consumption expenditures: Durable goods: Furnishings and durable household equipment,https://alfred.stlouisfed.org/series?seid=DFDHRC1A027NBEA,2026-09-09,furnishings
1929,9.03,9.03,2026-04-09,billion current USD,Personal consumption expenditures: Nondurable goods: Clothing and footwear,https://alfred.stlouisfed.org/series?seid=DCLORC1A027NBEA,2026-09-09,clothing
1930,7.754,7.754,2026-04-09,billion current USD,Personal consumption expenditures: Nondurable goods: Clothing and footwear,https://alfred.stlouisfed.org/series?seid=DCLORC1A027NBEA,2026-09-09,clothing
1931,6.69,6.69,2026-04-09,billion current USD,Personal consumption expenditures: Nondurable goods: Clothing and footwear,https://alfred.stlouisfed.org/series?seid=DCLORC1A027NBEA,2026-09-09,clothing
1932,4.887,4.887,2026-04-09,billion current USD,Personal consumption expenditures: Nondurable goods: Clothing and footwear,https://alfred.stlouisfed.org/series?seid=DCLORC1A027NBEA,2026-09-09,clothing
1933,4.483,4.483,2026-04-09,billion current USD,Personal consumption expenditures: Nondurable goods: Clothing and footwear,https://alfred.stlouisfed.org/series?seid=DCLORC1A027NBEA,2026-09-09,clothing
1934,5.489,5.489,2026-04-09,billion current USD,Personal consumption expenditures: Nondurable goods: Clothing and footwear,https://alfred.stlouisfed.org/series?seid=DCLORC1A027NBEA,2026-09-09,clothing
1935,5.828,5.828,2026-04-09,billion current USD,Personal consumption expenditures: Nondurable goods: Clothing and footwear,https://alfred.stlouisfed.org/series?seid=DCLORC1A027NBEA,2026-09-09,clothing
1936,6.344,6.344,2026-04-09,billion current USD,Personal consumption expenditures: Nondurable goods: Clothing and footwear,https://alfred.stlouisfed.org/series?seid=DCLORC1A027NBEA,2026-09-09,clothing
1937,6.607,6.607,2026-04-09,billion current USD,Personal consumption expenditures: Nondurable goods: Clothing and footwear,https://alfred.stlouisfed.org/series?seid=DCLORC1A027NBEA,2026-09-09,clothing
1938,6.536,6.536,2026-04-09,billion current USD,Personal consumption expenditures: Nondurable goods: Clothing and footwear,https://alfred.stlouisfed.org/series?seid=DCLORC1A027NBEA,2026-09-09,clothing
1939,6.894,6.894,2026-04-09,billion current USD,Personal consumption expenditures: Nondurable goods: Clothing and footwear,https://alfred.stlouisfed.org/series?seid=DCLORC1A027NBEA,2026-09-09,clothing
1940,7.197,7.197,2026-04-09,billion current USD,Personal consumption expenditures: Nondurable goods: Clothing and footwear,https://alfred.stlouisfed.org/series?seid=DCLORC1A027NBEA,2026-09-09,clothing
1941,8.498,8.498,2026-04-09,billion current USD,Personal consumption expenditures: Nondurable goods: Clothing and footwear,https://alfred.stlouisfed.org/series?seid=DCLORC1A027NBEA,2026-09-09,clothing
1942,10.615,10.615,2026-04-09,billion current USD,Personal consumption expenditures: Nondurable goods: Clothing and footwear,https://alfred.stlouisfed.org/series?seid=DCLORC1A027NBEA,2026-09-09,clothing
1943,12.914,12.914,2026-04-09,billion current USD,Personal consumption expenditures: Nondurable goods: Clothing and footwear,https://alfred.stlouisfed.org/series?seid=DCLORC1A027NBEA,2026-09-09,clothing
1944,14.115,14.115,2026-04-09,billion current USD,Personal consumption expenditures: Nondurable goods: Clothing and footwear,https://alfred.stlouisfed.org/series?seid=DCLORC1A027NBEA,2026-09-09,clothing
1945,15.856,15.856,2026-04-09,billion current USD,Personal consumption expenditures: Nondurable goods: Clothing and footwear,https://alfred.stlouisfed.org/series?seid=DCLORC1A027NBEA,2026-09-09,clothing
1946,17.51,17.51,2026-04-09,billion current USD,Personal consumption expenditures: Nondurable goods: Clothing and footwear,https://alfred.stlouisfed.org/series?seid=DCLORC1A027NBEA,2026-09-09,clothing
1947,18.037,18.037,2026-04-09,billion current USD,Personal consumption expenditures: Nondurable goods: Clothing and footwear,https://alfred.stlouisfed.org/series?seid=DCLORC1A027NBEA,2026-09-09,clothing
1948,19.334,19.334,2026-04-09,billion current USD,Personal consumption expenditures: Nondurable goods: Clothing and footwear,https://alfred.stlouisfed.org/series?seid=DCLORC1A027NBEA,2026-09-09,clothing
1949,18.613,18.613,2026-04-09,billion current USD,Personal consumption expenditures: Nondurable goods: Clothing and footwear,https://alfred.stlouisfed.org/series?seid=DCLORC1A027NBEA,2026-09-09,clothing
1950,18.93,18.93,2026-04-09,billion current USD,Personal consumption expenditures: Nondurable goods: Clothing and footwear,https://alfred.stlouisfed.org/series?seid=DCLORC1A027NBEA,2026-09-09,clothing
1951,20.478,20.478,2026-04-09,billion current USD,Personal consumption expenditures: Nondurable goods: Clothing and footwear,https://alfred.stlouisfed.org/series?seid=DCLORC1A027NBEA,2026-09-09,clothing
1952,21.182,21.182,2026-04-09,billion current USD,Personal consumption expenditures: Nondurable goods: Clothing and footwear,https://alfred.stlouisfed.org/series?seid=DCLORC1A027NBEA,2026-09-09,clothing
1953,21.321,21.321,2026-04-09,billion current USD,Personal consumption expenditures: Nondurable goods: Clothing and footwear,https://alfred.stlouisfed.org/series?seid=DCLORC1A027NBEA,2026-09-09,clothing
1954,21.394,21.394,2026-04-09,billion current USD,Personal consumption expenditures: Nondurable goods: Clothing and footwear,https://alfred.stlouisfed.org/series?seid=DCLORC1A027NBEA,2026-09-09,clothing
1955,22.375,22.375,2026-04-09,billion current USD,Personal consumption expenditures: Nondurable goods: Clothing and footwear,https://alfred.stlouisfed.org/series?seid=DCLORC1A027NBEA,2026-09-09,clothing
1956,23.398,23.398,2026-04-09,billion current USD,Personal consumption expenditures: Nondurable goods: Clothing and footwear,https://alfred.stlouisfed.org/series?seid=DCLORC1A027NBEA,2026-09-09,clothing
1957,23.579,23.579,2026-04-09,billion current USD,Personal consumption expenditures: Nondurable goods: Clothing and footwear,https://alfred.stlouisfed.org/series?seid=DCLORC1A027NBEA,2026-09-09,clothing
1958,23.919,23.919,2026-04-09,billion current USD,Personal consumption expenditures: Nondurable goods: Clothing and footwear,https://alfred.stlouisfed.org/series?seid=DCLORC1A027NBEA,2026-09-09,clothing
1959,25.366,25.366,2026-04-09,billion current USD,Personal consumption expenditures: Nondurable goods: Clothing and footwear,https://alfred.stlouisfed.org/series?seid=DCLORC1A027NBEA,2026-09-09,clothing
1960,25.94,25.94,2026-04-09,billion current USD,Personal consumption expenditures: Nondurable goods: Clothing and footwear,https://alfred.stlouisfed.org/series?seid=DCLORC1A027NBEA,2026-09-09,clothing
1961,26.571,26.571,2026-04-09,billion current USD,Personal consumption expenditures: Nondurable goods: Clothing and footwear,https://alfred.stlouisfed.org/series?seid=DCLORC1A027NBEA,2026-09-09,clothing
1962,27.858,27.858,2026-04-09,billion current USD,Personal consumption expenditures: Nondurable goods: Clothing and footwear,https://alfred.stlouisfed.org/series?seid=DCLORC1A027NBEA,2026-09-09,clothing
1963,28.618,28.618,2026-04-09,billion current USD,Personal consumption expenditures: Nondurable goods: Clothing and footwear,https://alfred.stlouisfed.org/series?seid=DCLORC1A027NBEA,2026-09-09,clothing
1964,31.085,31.085,2026-04-09,billion current USD,Personal consumption expenditures: Nondurable goods: Clothing and footwear,https://alfred.stlouisfed.org/series?seid=DCLORC1A027NBEA,2026-09-09,clothing
1965,32.659,32.659,2026-04-09,billion current USD,Personal consumption expenditures: Nondurable goods: Clothing and footwear,https://alfred.stlouisfed.org/series?seid=DCLORC1A027NBEA,2026-09-09,clothing
1966,35.812,35.812,2026-04-09,billion current USD,Personal consumption expenditures: Nondurable goods: Clothing and footwear,https://alfred.stlouisfed.org/series?seid=DCLORC1A027NBEA,2026-09-09,clothing
1967,37.547,37.547,2026-04-09,billion current USD,Personal consumption expenditures: Nondurable goods: Clothing and footwear,https://alfred.stlouisfed.org/series?seid=DCLORC1A027NBEA,2026-09-09,clothing
1968,41.26,41.26,2026-04-09,billion current USD,Personal consumption expenditures: Nondurable goods: Clothing and footwear,https://alfred.stlouisfed.org/series?seid=DCLORC1A027NBEA,2026-09-09,clothing
1969,44.331,44.331,2026-04-09,billion current USD,Personal consumption expenditures: Nondurable goods: Clothing and footwear,https://alfred.stlouisfed.org/series?seid=DCLORC1A027NBEA,2026-09-09,clothing
1970,45.45,45.45,2026-04-09,billion current USD,Personal consumption expenditures: Nondurable goods: Clothing and footwear,https://alfred.stlouisfed.org/series?seid=DCLORC1A027NBEA,2026-09-09,clothing
1971,49.047,49.047,2026-04-09,billion current USD,Personal consumption expenditures: Nondurable goods: Clothing and footwear,https://alfred.stlouisfed.org/series?seid=DCLORC1A027NBEA,2026-09-09,clothing
1972,53.491,53.491,2026-04-09,billion current USD,Personal consumption expenditures: Nondurable goods: Clothing and footwear,https://alfred.stlouisfed.org/series?seid=DCLORC1A027NBEA,2026-09-09,clothing
1973,59.243,59.243,2026-04-09,billion current USD,Personal consumption expenditures: Nondurable goods: Clothing and footwear,https://alfred.stlouisfed.org/series?seid=DCLORC1A027NBEA,2026-09-09,clothing
1974,62.422,62.422,2026-04-09,billion current USD,Personal consumption expenditures: Nondurable goods: Clothing and footwear,https://alfred.stlouisfed.org/series?seid=DCLORC1A027NBEA,2026-09-09,clothing
1975,66.867,66.867,2026-04-09,billion current USD,Personal consumption expenditures: Nondurable goods: Clothing and footwear,https://alfred.stlouisfed.org/series?seid=DCLORC1A027NBEA,2026-09-09,clothing
1976,72.191,72.191,2026-04-09,billion current USD,Personal consumption expenditures: Nondurable goods: Clothing and footwear,https://alfred.stlouisfed.org/series?seid=DCLORC1A027NBEA,2026-09-09,clothing
1977,79.305,79.305,2026-04-09,billion current USD,Personal consumption expenditures: Nondurable goods: Clothing and footwear,https://alfred.stlouisfed.org/series?seid=DCLORC1A027NBEA,2026-09-09,clothing
1978,89.318,89.318,2026-04-09,billion current USD,Personal consumption expenditures: Nondurable goods: Clothing and footwear,https://alfred.stlouisfed.org/series?seid=DCLORC1A027NBEA,2026-09-09,clothing
1979,96.371,96.371,2026-04-09,billion current USD,Personal consumption expenditures: Nondurable goods: Clothing and footwear,https://alfred.stlouisfed.org/series?seid=DCLORC1A027NBEA,2026-09-09,clothing
1980,103.002,103.002,2026-04-09,billion current USD,Personal consumption expenditures: Nondurable goods: Clothing and footwear,https://alfred.stlouisfed.org/series?seid=DCLORC1A027NBEA,2026-09-09,clothing
1981,113.178,113.178,2026-04-09,billion current USD,Personal consumption expenditures: Nondurable goods: Clothing and footwear,https://alfred.stlouisfed.org/series?seid=DCLORC1A027NBEA,2026-09-09,clothing
1982,116.745,116.745,2026-04-09,billion current USD,Personal consumption expenditures: Nondurable goods: Clothing and footwear,https://alfred.stlouisfed.org/series?seid=DCLORC1A027NBEA,2026-09-09,clothing
1983,126.446,126.446,2026-04-09,billion current USD,Personal consumption expenditures: Nondurable goods: Clothing and footwear,https://alfred.stlouisfed.org/series?seid=DCLORC1A027NBEA,2026-09-09,clothing
1984,137.622,137.622,2026-04-09,billion current USD,Personal consumption expenditures: Nondurable goods: Clothing and footwear,https://alfred.stlouisfed.org/series?seid=DCLORC1A027NBEA,2026-09-09,clothing
1985,146.845,146.845,2026-04-09,billion current USD,Personal consumption expenditures: Nondurable goods: Clothing and footwear,https://alfred.stlouisfed.org/series?seid=DCLORC1A027NBEA,2026-09-09,clothing
1986,157.2,157.2,2026-04-09,billion current USD,Personal consumption expenditures: Nondurable goods: Clothing and footwear,https://alfred.stlouisfed.org/series?seid=DCLORC1A027NBEA,2026-09-09,clothing
1987,167.727,167.727,2026-04-09,billion current USD,Personal consumption expenditures: Nondurable goods: Clothing and footwear,https://alfred.stlouisfed.org/series?seid=DCLORC1A027NBEA,2026-09-09,clothing
1988,178.214,178.214,2026-04-09,billion current USD,Personal consumption expenditures: Nondurable goods: Clothing and footwear,https://alfred.stlouisfed.org/series?seid=DCLORC1A027NBEA,2026-09-09,clothing
1989,190.397,190.397,2026-04-09,billion current USD,Personal consumption expenditures: Nondurable goods: Clothing and footwear,https://alfred.stlouisfed.org/series?seid=DCLORC1A027NBEA,2026-09-09,clothing
1990,195.245,195.245,2026-04-09,billion current USD,Personal consumption expenditures: Nondurable goods: Clothing and footwear,https://alfred.stlouisfed.org/series?seid=DCLORC1A027NBEA,2026-09-09,clothing
1991,199.098,199.098,2026-04-09,billion current USD,Personal consumption expenditures: Nondurable goods: Clothing and footwear,https://alfred.stlouisfed.org/series?seid=DCLORC1A027NBEA,2026-09-09,clothing
1992,211.233,211.233,2026-04-09,billion current USD,Personal consumption expenditures: Nondurable goods: Clothing and footwear,https://alfred.stlouisfed.org/series?seid=DCLORC1A027NBEA,2026-09-09,clothing
1993,219.053,219.053,2026-04-09,billion current USD,Personal consumption expenditures: Nondurable goods: Clothing and footwear,https://alfred.stlouisfed.org/series?seid=DCLORC1A027NBEA,2026-09-09,clothing
1994,227.435,227.435,2026-04-09,billion current USD,Personal consumption expenditures: Nondurable goods: Clothing and footwear,https://alfred.stlouisfed.org/series?seid=DCLORC1A027NBEA,2026-09-09,clothing
1995,231.245,231.245,2026-04-09,billion current USD,Personal consumption expenditures: Nondurable goods: Clothing and footwear,https://alfred.stlouisfed.org/series?seid=DCLORC1A027NBEA,2026-09-09,clothing
1996,239.542,239.542,2026-04-09,billion current USD,Personal consumption expenditures: Nondurable goods: Clothing and footwear,https://alfred.stlouisfed.org/series?seid=DCLORC1A027NBEA,2026-09-09,clothing
1997,247.496,247.496,2026-04-09,billion current USD,Personal consumption expenditures: Nondurable goods: Clothing and footwear,https://alfred.stlouisfed.org/series?seid=DCLORC1A027NBEA,2026-09-09,clothing
1998,257.805,257.805,2026-04-09,billion current USD,Personal consumption expenditures: Nondurable goods: Clothing and footwear,https://alfred.stlouisfed.org/series?seid=DCLORC1A027NBEA,2026-09-09,clothing
1999,271.097,271.097,2026-04-09,billion current USD,Personal consumption expenditures: Nondurable goods: Clothing and footwear,https://alfred.stlouisfed.org/series?seid=DCLORC1A027NBEA,2026-09-09,clothing
2000,280.831,280.831,2026-04-09,billion current USD,Personal consumption expenditures: Nondurable goods: Clothing and footwear,https://alfred.stlouisfed.org/series?seid=DCLORC1A027NBEA,2026-09-09,clothing
2001,277.868,277.868,2026-04-09,billion current USD,Personal consumption expenditures: Nondurable goods: Clothing and footwear,https://alfred.stlouisfed.org/series?seid=DCLORC1A027NBEA,2026-09-09,clothing
2002,278.835,278.835,2026-04-09,billion current USD,Personal consumption expenditures: Nondurable goods: Clothing and footwear,https://alfred.stlouisfed.org/series?seid=DCLORC1A027NBEA,2026-09-09,clothing
2003,285.296,285.296,2026-04-09,billion current USD,Personal consumption expenditures: Nondurable goods: Clothing and footwear,https://alfred.stlouisfed.org/series?seid=DCLORC1A027NBEA,2026-09-09,clothing
2004,297.38,297.38,2026-04-09,billion current USD,Personal consumption expenditures: Nondurable goods: Clothing and footwear,https://alfred.stlouisfed.org/series?seid=DCLORC1A027NBEA,2026-09-09,clothing
2005,310.509,310.509,2026-04-09,billion current USD,Personal consumption expenditures: Nondurable goods: Clothing and footwear,https://alfred.stlouisfed.org/series?seid=DCLORC1A027NBEA,2026-09-09,clothing
2006,320.023,320.023,2026-04-09,billion current USD,Personal consumption expenditures: Nondurable goods: Clothing and footwear,https://alfred.stlouisfed.org/series?seid=DCLORC1A027NBEA,2026-09-09,clothing
2007,323.474,323.474,2026-04-09,billion current USD,Personal consumption expenditures: Nondurable goods: Clothing and footwear,https://alfred.stlouisfed.org/series?seid=DCLORC1A027NBEA,2026-09-09,clothing
2008,317.373,317.373,2026-04-09,billion current USD,Personal consumption expenditures: Nondurable goods: Clothing and footwear,https://alfred.stlouisfed.org/series?seid=DCLORC1A027NBEA,2026-09-09,clothing
2009,304.043,304.043,2026-04-09,billion current USD,Personal consumption expenditures: Nondurable goods: Clothing and footwear,https://alfred.stlouisfed.org/series?seid=DCLORC1A027NBEA,2026-09-09,clothing
2010,316.611,316.611,2026-04-09,billion current USD,Personal consumption expenditures: Nondurable goods: Clothing and footwear,https://alfred.stlouisfed.org/series?seid=DCLORC1A027NBEA,2026-09-09,clothing
2011,332.586,332.586,2026-04-09,billion current USD,Personal consumption expenditures: Nondurable goods: Clothing and footwear,https://alfred.stlouisfed.org/series?seid=DCLORC1A027NBEA,2026-09-09,clothing
2012,345.22,345.22,2026-04-09,billion current USD,Personal consumption expenditures: Nondurable goods: Clothing and footwear,https://alfred.stlouisfed.org/series?seid=DCLORC1A027NBEA,2026-09-09,clothing
2013,354.351,354.351,2026-04-09,billion current USD,Personal consumption expenditures: Nondurable goods: Clothing and footwear,https://alfred.stlouisfed.org/series?seid=DCLORC1A027NBEA,2026-09-09,clothing
2014,368.604,368.604,2026-04-09,billion current USD,Personal consumption expenditures: Nondurable goods: Clothing and footwear,https://alfred.stlouisfed.org/series?seid=DCLORC1A027NBEA,2026-09-09,clothing
2015,380.803,380.803,2026-04-09,billion current USD,Personal consumption expenditures: Nondurable goods: Clothing and footwear,https://alfred.stlouisfed.org/series?seid=DCLORC1A027NBEA,2026-09-09,clothing
2016,392.151,392.151,2026-04-09,billion current USD,Personal consumption expenditures: Nondurable goods: Clothing and footwear,https://alfred.stlouisfed.org/series?seid=DCLORC1A027NBEA,2026-09-09,clothing
2017,401.084,401.084,2026-04-09,billion current USD,Personal consumption expenditures: Nondurable goods: Clothing and footwear,https://alfred.stlouisfed.org/series?seid=DCLORC1A027NBEA,2026-09-09,clothing
2018,409.38,409.38,2026-04-09,billion current USD,Personal consumption expenditures: Nondurable goods: Clothing and footwear,https://alfred.stlouisfed.org/series?seid=DCLORC1A027NBEA,2026-09-09,clothing
2019,414.144,414.144,2026-04-09,billion current USD,Personal consumption expenditures: Nondurable goods: Clothing and footwear,https://alfred.stlouisfed.org/series?seid=DCLORC1A027NBEA,2026-09-09,clothing
2020,360.435,360.435,2026-04-09,billion current USD,Personal consumption expenditures: Nondurable goods: Clothing and footwear,https://alfred.stlouisfed.org/series?seid=DCLORC1A027NBEA,2026-09-09,clothing
2021,468.624,468.624,2026-04-09,billion current USD,Personal consumption expenditures: Nondurable goods: Clothing and footwear,https://alfred.stlouisfed.org/series?seid=DCLORC1A027NBEA,2026-09-09,clothing
2022,494.102,494.102,2026-04-09,billion current USD,Personal consumption expenditures: Nondurable goods: Clothing and footwear,https://alfred.stlouisfed.org/series?seid=DCLORC1A027NBEA,2026-09-09,clothing
2023,513.336,513.336,2026-04-09,billion current USD,Personal consumption expenditures: Nondurable goods: Clothing and footwear,https://alfred.stlouisfed.org/series?seid=DCLORC1A027NBEA,2026-09-09,clothing
2024,530.206,530.206,2026-04-09,billion current USD,Personal consumption expenditures: Nondurable goods: Clothing and footwear,https://alfred.stlouisfed.org/series?seid=DCLORC1A027NBEA,2026-09-09,clothing
2025,561.764,561.764,2026-04-09,billion current USD,Personal consumption expenditures: Nondurable goods: Clothing and footwear,https://alfred.stlouisfed.org/series?seid=DCLORC1A027NBEA,2026-09-09,clothing
1929,9.0,9,2016-07-29,billion current USD,Personal consumption expenditures: Nondurable goods: Clothing and footwear,https://alfred.stlouisfed.org/series?seid=DCLORC1A027NBEA,2026-09-09,clothing
1930,7.8,7.8,2016-07-29,billion current USD,Personal consumption expenditures: Nondurable goods: Clothing and footwear,https://alfred.stlouisfed.org/series?seid=DCLORC1A027NBEA,2026-09-09,clothing
1931,6.7,6.7,2016-07-29,billion current USD,Personal consumption expenditures: Nondurable goods: Clothing and footwear,https://alfred.stlouisfed.org/series?seid=DCLORC1A027NBEA,2026-09-09,clothing
1932,4.9,4.9,2016-07-29,billion current USD,Personal consumption expenditures: Nondurable goods: Clothing and footwear,https://alfred.stlouisfed.org/series?seid=DCLORC1A027NBEA,2026-09-09,clothing
1933,4.5,4.5,2016-07-29,billion current USD,Personal consumption expenditures: Nondurable goods: Clothing and footwear,https://alfred.stlouisfed.org/series?seid=DCLORC1A027NBEA,2026-09-09,clothing
1934,5.5,5.5,2016-07-29,billion current USD,Personal consumption expenditures: Nondurable goods: Clothing and footwear,https://alfred.stlouisfed.org/series?seid=DCLORC1A027NBEA,2026-09-09,clothing
1935,5.8,5.8,2016-07-29,billion current USD,Personal consumption expenditures: Nondurable goods: Clothing and footwear,https://alfred.stlouisfed.org/series?seid=DCLORC1A027NBEA,2026-09-09,clothing
1936,6.3,6.3,2016-07-29,billion current USD,Personal consumption expenditures: Nondurable goods: Clothing and footwear,https://alfred.stlouisfed.org/series?seid=DCLORC1A027NBEA,2026-09-09,clothing
1937,6.6,6.6,2016-07-29,billion current USD,Personal consumption expenditures: Nondurable goods: Clothing and footwear,https://alfred.stlouisfed.org/series?seid=DCLORC1A027NBEA,2026-09-09,clothing
1938,6.5,6.5,2016-07-29,billion current USD,Personal consumption expenditures: Nondurable goods: Clothing and footwear,https://alfred.stlouisfed.org/series?seid=DCLORC1A027NBEA,2026-09-09,clothing
1939,6.9,6.9,2016-07-29,billion current USD,Personal consumption expenditures: Nondurable goods: Clothing and footwear,https://alfred.stlouisfed.org/series?seid=DCLORC1A027NBEA,2026-09-09,clothing
1940,7.2,7.2,2016-07-29,billion current USD,Personal consumption expenditures: Nondurable goods: Clothing and footwear,https://alfred.stlouisfed.org/series?seid=DCLORC1A027NBEA,2026-09-09,clothing
1941,8.5,8.5,2016-07-29,billion current USD,Personal consumption expenditures: Nondurable goods: Clothing and footwear,https://alfred.stlouisfed.org/series?seid=DCLORC1A027NBEA,2026-09-09,clothing
1942,10.6,10.6,2016-07-29,billion current USD,Personal consumption expenditures: Nondurable goods: Clothing and footwear,https://alfred.stlouisfed.org/series?seid=DCLORC1A027NBEA,2026-09-09,clothing
1943,12.9,12.9,2016-07-29,billion current USD,Personal consumption expenditures: Nondurable goods: Clothing and footwear,https://alfred.stlouisfed.org/series?seid=DCLORC1A027NBEA,2026-09-09,clothing
1944,14.1,14.1,2016-07-29,billion current USD,Personal consumption expenditures: Nondurable goods: Clothing and footwear,https://alfred.stlouisfed.org/series?seid=DCLORC1A027NBEA,2026-09-09,clothing
1945,15.9,15.9,2016-07-29,billion current USD,Personal consumption expenditures: Nondurable goods: Clothing and footwear,https://alfred.stlouisfed.org/series?seid=DCLORC1A027NBEA,2026-09-09,clothing
1946,17.5,17.5,2016-07-29,billion current USD,Personal consumption expenditures: Nondurable goods: Clothing and footwear,https://alfred.stlouisfed.org/series?seid=DCLORC1A027NBEA,2026-09-09,clothing
1947,18.0,18,2016-07-29,billion current USD,Personal consumption expenditures: Nondurable goods: Clothing and footwear,https://alfred.stlouisfed.org/series?seid=DCLORC1A027NBEA,2026-09-09,clothing
1948,19.3,19.3,2016-07-29,billion current USD,Personal consumption expenditures: Nondurable goods: Clothing and footwear,https://alfred.stlouisfed.org/series?seid=DCLORC1A027NBEA,2026-09-09,clothing
1949,18.6,18.6,2016-07-29,billion current USD,Personal consumption expenditures: Nondurable goods: Clothing and footwear,https://alfred.stlouisfed.org/series?seid=DCLORC1A027NBEA,2026-09-09,clothing
1950,18.9,18.9,2016-07-29,billion current USD,Personal consumption expenditures: Nondurable goods: Clothing and footwear,https://alfred.stlouisfed.org/series?seid=DCLORC1A027NBEA,2026-09-09,clothing
1951,20.5,20.5,2016-07-29,billion current USD,Personal consumption expenditures: Nondurable goods: Clothing and footwear,https://alfred.stlouisfed.org/series?seid=DCLORC1A027NBEA,2026-09-09,clothing
1952,21.2,21.2,2016-07-29,billion current USD,Personal consumption expenditures: Nondurable goods: Clothing and footwear,https://alfred.stlouisfed.org/series?seid=DCLORC1A027NBEA,2026-09-09,clothing
1953,21.3,21.3,2016-07-29,billion current USD,Personal consumption expenditures: Nondurable goods: Clothing and footwear,https://alfred.stlouisfed.org/series?seid=DCLORC1A027NBEA,2026-09-09,clothing
1954,21.4,21.4,2016-07-29,billion current USD,Personal consumption expenditures: Nondurable goods: Clothing and footwear,https://alfred.stlouisfed.org/series?seid=DCLORC1A027NBEA,2026-09-09,clothing
1955,22.4,22.4,2016-07-29,billion current USD,Personal consumption expenditures: Nondurable goods: Clothing and footwear,https://alfred.stlouisfed.org/series?seid=DCLORC1A027NBEA,2026-09-09,clothing
1956,23.4,23.4,2016-07-29,billion current USD,Personal consumption expenditures: Nondurable goods: Clothing and footwear,https://alfred.stlouisfed.org/series?seid=DCLORC1A027NBEA,2026-09-09,clothing
1957,23.6,23.6,2016-07-29,billion current USD,Personal consumption expenditures: Nondurable goods: Clothing and footwear,https://alfred.stlouisfed.org/series?seid=DCLORC1A027NBEA,2026-09-09,clothing
1958,23.9,23.9,2016-07-29,billion current USD,Personal consumption expenditures: Nondurable goods: Clothing and footwear,https://alfred.stlouisfed.org/series?seid=DCLORC1A027NBEA,2026-09-09,clothing
1959,25.4,25.4,2016-07-29,billion current USD,Personal consumption expenditures: Nondurable goods: Clothing and footwear,https://alfred.stlouisfed.org/series?seid=DCLORC1A027NBEA,2026-09-09,clothing
1960,25.9,25.9,2016-07-29,billion current USD,Personal consumption expenditures: Nondurable goods: Clothing and footwear,https://alfred.stlouisfed.org/series?seid=DCLORC1A027NBEA,2026-09-09,clothing
1961,26.6,26.6,2016-07-29,billion current USD,Personal consumption expenditures: Nondurable goods: Clothing and footwear,https://alfred.stlouisfed.org/series?seid=DCLORC1A027NBEA,2026-09-09,clothing
1962,27.9,27.9,2016-07-29,billion current USD,Personal consumption expenditures: Nondurable goods: Clothing and footwear,https://alfred.stlouisfed.org/series?seid=DCLORC1A027NBEA,2026-09-09,clothing
1963,28.6,28.6,2016-07-29,billion current USD,Personal consumption expenditures: Nondurable goods: Clothing and footwear,https://alfred.stlouisfed.org/series?seid=DCLORC1A027NBEA,2026-09-09,clothing
1964,31.1,31.1,2016-07-29,billion current USD,Personal consumption expenditures: Nondurable goods: Clothing and footwear,https://alfred.stlouisfed.org/series?seid=DCLORC1A027NBEA,2026-09-09,clothing
1965,32.7,32.7,2016-07-29,billion current USD,Personal consumption expenditures: Nondurable goods: Clothing and footwear,https://alfred.stlouisfed.org/series?seid=DCLORC1A027NBEA,2026-09-09,clothing
1966,35.8,35.8,2016-07-29,billion current USD,Personal consumption expenditures: Nondurable goods: Clothing and footwear,https://alfred.stlouisfed.org/series?seid=DCLORC1A027NBEA,2026-09-09,clothing
1967,37.5,37.5,2016-07-29,billion current USD,Personal consumption expenditures: Nondurable goods: Clothing and footwear,https://alfred.stlouisfed.org/series?seid=DCLORC1A027NBEA,2026-09-09,clothing
1968,41.3,41.3,2016-07-29,billion current USD,Personal consumption expenditures: Nondurable goods: Clothing and footwear,https://alfred.stlouisfed.org/series?seid=DCLORC1A027NBEA,2026-09-09,clothing
1969,44.3,44.3,2016-07-29,billion current USD,Personal consumption expenditures: Nondurable goods: Clothing and footwear,https://alfred.stlouisfed.org/series?seid=DCLORC1A027NBEA,2026-09-09,clothing
1970,45.5,45.5,2016-07-29,billion current USD,Personal consumption expenditures: Nondurable goods: Clothing and footwear,https://alfred.stlouisfed.org/series?seid=DCLORC1A027NBEA,2026-09-09,clothing
1971,49.0,49,2016-07-29,billion current USD,Personal consumption expenditures: Nondurable goods: Clothing and footwear,https://alfred.stlouisfed.org/series?seid=DCLORC1A027NBEA,2026-09-09,clothing
1972,53.5,53.5,2016-07-29,billion current USD,Personal consumption expenditures: Nondurable goods: Clothing and footwear,https://alfred.stlouisfed.org/series?seid=DCLORC1A027NBEA,2026-09-09,clothing
1973,59.2,59.2,2016-07-29,billion current USD,Personal consumption expenditures: Nondurable goods: Clothing and footwear,https://alfred.stlouisfed.org/series?seid=DCLORC1A027NBEA,2026-09-09,clothing
1974,62.4,62.4,2016-07-29,billion current USD,Personal consumption expenditures: Nondurable goods: Clothing and footwear,https://alfred.stlouisfed.org/series?seid=DCLORC1A027NBEA,2026-09-09,clothing
1975,66.9,66.9,2016-07-29,billion current USD,Personal consumption expenditures: Nondurable goods: Clothing and footwear,https://alfred.stlouisfed.org/series?seid=DCLORC1A027NBEA,2026-09-09,clothing
1976,72.2,72.2,2016-07-29,billion current USD,Personal consumption expenditures: Nondurable goods: Clothing and footwear,https://alfred.stlouisfed.org/series?seid=DCLORC1A027NBEA,2026-09-09,clothing
1977,79.3,79.3,2016-07-29,billion current USD,Personal consumption expenditures: Nondurable goods: Clothing and footwear,https://alfred.stlouisfed.org/series?seid=DCLORC1A027NBEA,2026-09-09,clothing
1978,89.3,89.3,2016-07-29,billion current USD,Personal consumption expenditures: Nondurable goods: Clothing and footwear,https://alfred.stlouisfed.org/series?seid=DCLORC1A027NBEA,2026-09-09,clothing
1979,96.4,96.4,2016-07-29,billion current USD,Personal consumption expenditures: Nondurable goods: Clothing and footwear,https://alfred.stlouisfed.org/series?seid=DCLORC1A027NBEA,2026-09-09,clothing
1980,103.0,103,2016-07-29,billion current USD,Personal consumption expenditures: Nondurable goods: Clothing and footwear,https://alfred.stlouisfed.org/series?seid=DCLORC1A027NBEA,2026-09-09,clothing
1981,113.2,113.2,2016-07-29,billion current USD,Personal consumption expenditures: Nondurable goods: Clothing and footwear,https://alfred.stlouisfed.org/series?seid=DCLORC1A027NBEA,2026-09-09,clothing
1982,116.7,116.7,2016-07-29,billion current USD,Personal consumption expenditures: Nondurable goods: Clothing and footwear,https://alfred.stlouisfed.org/series?seid=DCLORC1A027NBEA,2026-09-09,clothing
1983,126.4,126.4,2016-07-29,billion current USD,Personal consumption expenditures: Nondurable goods: Clothing and footwear,https://alfred.stlouisfed.org/series?seid=DCLORC1A027NBEA,2026-09-09,clothing
1984,137.6,137.6,2016-07-29,billion current USD,Personal consumption expenditures: Nondurable goods: Clothing and footwear,https://alfred.stlouisfed.org/series?seid=DCLORC1A027NBEA,2026-09-09,clothing
1985,146.8,146.8,2016-07-29,billion current USD,Personal consumption expenditures: Nondurable goods: Clothing and footwear,https://alfred.stlouisfed.org/series?seid=DCLORC1A027NBEA,2026-09-09,clothing
1986,157.2,157.2,2016-07-29,billion current USD,Personal consumption expenditures: Nondurable goods: Clothing and footwear,https://alfred.stlouisfed.org/series?seid=DCLORC1A027NBEA,2026-09-09,clothing
1987,167.7,167.7,2016-07-29,billion current USD,Personal consumption expenditures: Nondurable goods: Clothing and footwear,https://alfred.stlouisfed.org/series?seid=DCLORC1A027NBEA,2026-09-09,clothing
1988,178.2,178.2,2016-07-29,billion current USD,Personal consumption expenditures: Nondurable goods: Clothing and footwear,https://alfred.stlouisfed.org/series?seid=DCLORC1A027NBEA,2026-09-09,clothing
1989,190.4,190.4,2016-07-29,billion current USD,Personal consumption expenditures: Nondurable goods: Clothing and footwear,https://alfred.stlouisfed.org/series?seid=DCLORC1A027NBEA,2026-09-09,clothing
1990,195.2,195.2,2016-07-29,billion current USD,Personal consumption expenditures: Nondurable goods: Clothing and footwear,https://alfred.stlouisfed.org/series?seid=DCLORC1A027NBEA,2026-09-09,clothing
1991,199.1,199.1,2016-07-29,billion current USD,Personal consumption expenditures: Nondurable goods: Clothing and footwear,https://alfred.stlouisfed.org/series?seid=DCLORC1A027NBEA,2026-09-09,clothing
1992,211.2,211.2,2016-07-29,billion current USD,Personal consumption expenditures: Nondurable goods: Clothing and footwear,https://alfred.stlouisfed.org/series?seid=DCLORC1A027NBEA,2026-09-09,clothing
1993,219.1,219.1,2016-07-29,billion current USD,Personal consumption expenditures: Nondurable goods: Clothing and footwear,https://alfred.stlouisfed.org/series?seid=DCLORC1A027NBEA,2026-09-09,clothing
1994,227.4,227.4,2016-07-29,billion current USD,Personal consumption expenditures: Nondurable goods: Clothing and footwear,https://alfred.stlouisfed.org/series?seid=DCLORC1A027NBEA,2026-09-09,clothing
1995,231.2,231.2,2016-07-29,billion current USD,Personal consumption expenditures: Nondurable goods: Clothing and footwear,https://alfred.stlouisfed.org/series?seid=DCLORC1A027NBEA,2026-09-09,clothing
1996,239.5,239.5,2016-07-29,billion current USD,Personal consumption expenditures: Nondurable goods: Clothing and footwear,https://alfred.stlouisfed.org/series?seid=DCLORC1A027NBEA,2026-09-09,clothing
1997,247.5,247.5,2016-07-29,billion current USD,Personal consumption expenditures: Nondurable goods: Clothing and footwear,https://alfred.stlouisfed.org/series?seid=DCLORC1A027NBEA,2026-09-09,clothing
1998,257.8,257.8,2016-07-29,billion current USD,Personal consumption expenditures: Nondurable goods: Clothing and footwear,https://alfred.stlouisfed.org/series?seid=DCLORC1A027NBEA,2026-09-09,clothing
1999,271.1,271.1,2016-07-29,billion current USD,Personal consumption expenditures: Nondurable goods: Clothing and footwear,https://alfred.stlouisfed.org/series?seid=DCLORC1A027NBEA,2026-09-09,clothing
2000,280.8,280.8,2016-07-29,billion current USD,Personal consumption expenditures: Nondurable goods: Clothing and footwear,https://alfred.stlouisfed.org/series?seid=DCLORC1A027NBEA,2026-09-09,clothing
2001,277.9,277.9,2016-07-29,billion current USD,Personal consumption expenditures: Nondurable goods: Clothing and footwear,https://alfred.stlouisfed.org/series?seid=DCLORC1A027NBEA,2026-09-09,clothing
2002,278.8,278.8,2016-07-29,billion current USD,Personal consumption expenditures: Nondurable goods: Clothing and footwear,https://alfred.stlouisfed.org/series?seid=DCLORC1A027NBEA,2026-09-09,clothing
2003,285.3,285.3,2016-07-29,billion current USD,Personal consumption expenditures: Nondurable goods: Clothing and footwear,https://alfred.stlouisfed.org/series?seid=DCLORC1A027NBEA,2026-09-09,clothing
2004,297.5,297.5,2016-07-29,billion current USD,Personal consumption expenditures: Nondurable goods: Clothing and footwear,https://alfred.stlouisfed.org/series?seid=DCLORC1A027NBEA,2026-09-09,clothing
2005,310.7,310.7,2016-07-29,billion current USD,Personal consumption expenditures: Nondurable goods: Clothing and footwear,https://alfred.stlouisfed.org/series?seid=DCLORC1A027NBEA,2026-09-09,clothing
2006,320.2,320.2,2016-07-29,billion current USD,Personal consumption expenditures: Nondurable goods: Clothing and footwear,https://alfred.stlouisfed.org/series?seid=DCLORC1A027NBEA,2026-09-09,clothing
2007,323.7,323.7,2016-07-29,billion current USD,Personal consumption expenditures: Nondurable goods: Clothing and footwear,https://alfred.stlouisfed.org/series?seid=DCLORC1A027NBEA,2026-09-09,clothing
2008,319.5,319.5,2016-07-29,billion current USD,Personal consumption expenditures: Nondurable goods: Clothing and footwear,https://alfred.stlouisfed.org/series?seid=DCLORC1A027NBEA,2026-09-09,clothing
2009,306.5,306.5,2016-07-29,billion current USD,Personal consumption expenditures: Nondurable goods: Clothing and footwear,https://alfred.stlouisfed.org/series?seid=DCLORC1A027NBEA,2026-09-09,clothing
2010,320.6,320.6,2016-07-29,billion current USD,Personal consumption expenditures: Nondurable goods: Clothing and footwear,https://alfred.stlouisfed.org/series?seid=DCLORC1A027NBEA,2026-09-09,clothing
2011,338.9,338.9,2016-07-29,billion current USD,Personal consumption expenditures: Nondurable goods: Clothing and footwear,https://alfred.stlouisfed.org/series?seid=DCLORC1A027NBEA,2026-09-09,clothing
2012,354.3,354.3,2016-07-29,billion current USD,Personal consumption expenditures: Nondurable goods: Clothing and footwear,https://alfred.stlouisfed.org/series?seid=DCLORC1A027NBEA,2026-09-09,clothing
2013,363.6,363.6,2016-07-29,billion current USD,Personal consumption expenditures: Nondurable goods: Clothing and footwear,https://alfred.stlouisfed.org/series?seid=DCLORC1A027NBEA,2026-09-09,clothing
2014,370.8,370.8,2016-07-29,billion current USD,Personal consumption expenditures: Nondurable goods: Clothing and footwear,https://alfred.stlouisfed.org/series?seid=DCLORC1A027NBEA,2026-09-09,clothing
2015,379.5,379.5,2016-07-29,billion current USD,Personal consumption expenditures: Nondurable goods: Clothing and footwear,https://alfred.stlouisfed.org/series?seid=DCLORC1A027NBEA,2026-09-09,clothing
1929,12.876,12.876,2026-04-09,billion current USD,Personal consumption expenditures: Services: Housing and utilities,https://alfred.stlouisfed.org/series?seid=DHUTRC1A027NBEA,2026-09-09,housing
1930,12.499,12.499,2026-04-09,billion current USD,Personal consumption expenditures: Services: Housing and utilities,https://alfred.stlouisfed.org/series?seid=DHUTRC1A027NBEA,2026-09-09,housing
1931,11.782,11.782,2026-04-09,billion current USD,Personal consumption expenditures: Services: Housing and utilities,https://alfred.stlouisfed.org/series?seid=DHUTRC1A027NBEA,2026-09-09,housing
1932,10.498,10.498,2026-04-09,billion current USD,Personal consumption expenditures: Services: Housing and utilities,https://alfred.stlouisfed.org/series?seid=DHUTRC1A027NBEA,2026-09-09,housing
1933,9.357,9.357,2026-04-09,billion current USD,Personal consumption expenditures: Services: Housing and utilities,https://alfred.stlouisfed.org/series?seid=DHUTRC1A027NBEA,2026-09-09,housing
1934,9.106,9.106,2026-04-09,billion current USD,Personal consumption expenditures: Services: Housing and utilities,https://alfred.stlouisfed.org/series?seid=DHUTRC1A027NBEA,2026-09-09,housing
1935,9.248,9.248,2026-04-09,billion current USD,Personal consumption expenditures: Services: Housing and utilities,https://alfred.stlouisfed.org/series?seid=DHUTRC1A027NBEA,2026-09-09,housing
1936,9.604,9.604,2026-04-09,billion current USD,Personal consumption expenditures: Services: Housing and utilities,https://alfred.stlouisfed.org/series?seid=DHUTRC1A027NBEA,2026-09-09,housing
1937,10.172,10.172,2026-04-09,billion current USD,Personal consumption expenditures: Services: Housing and utilities,https://alfred.stlouisfed.org/series?seid=DHUTRC1A027NBEA,2026-09-09,housing
1938,10.614,10.614,2026-04-09,billion current USD,Personal consumption expenditures: Services: Housing and utilities,https://alfred.stlouisfed.org/series?seid=DHUTRC1A027NBEA,2026-09-09,housing
1939,10.888,10.888,2026-04-09,billion current USD,Personal consumption expenditures: Services: Housing and utilities,https://alfred.stlouisfed.org/series?seid=DHUTRC1A027NBEA,2026-09-09,housing
1940,11.306,11.306,2026-04-09,billion current USD,Personal consumption expenditures: Services: Housing and utilities,https://alfred.stlouisfed.org/series?seid=DHUTRC1A027NBEA,2026-09-09,housing
1941,12.082,12.082,2026-04-09,billion current USD,Personal consumption expenditures: Services: Housing and utilities,https://alfred.stlouisfed.org/series?seid=DHUTRC1A027NBEA,2026-09-09,housing
1942,12.99,12.99,2026-04-09,billion current USD,Personal consumption expenditures: Services: Housing and utilities,https://alfred.stlouisfed.org/series?seid=DHUTRC1A027NBEA,2026-09-09,housing
1943,13.535,13.535,2026-04-09,billion current USD,Personal consumption expenditures: Services: Housing and utilities,https://alfred.stlouisfed.org/series?seid=DHUTRC1A027NBEA,2026-09-09,housing
1944,14.19,14.19,2026-04-09,billion current USD,Personal consumption expenditures: Services: Housing and utilities,https://alfred.stlouisfed.org/series?seid=DHUTRC1A027NBEA,2026-09-09,housing
1945,14.713,14.713,2026-04-09,billion current USD,Personal consumption expenditures: Services: Housing and utilities,https://alfred.stlouisfed.org/series?seid=DHUTRC1A027NBEA,2026-09-09,housing
1946,16.312,16.312,2026-04-09,billion current USD,Personal consumption expenditures: Services: Housing and utilities,https://alfred.stlouisfed.org/series?seid=DHUTRC1A027NBEA,2026-09-09,housing
1947,18.276,18.276,2026-04-09,billion current USD,Personal consumption expenditures: Services: Housing and utilities,https://alfred.stlouisfed.org/series?seid=DHUTRC1A027NBEA,2026-09-09,housing
1948,20.535,20.535,2026-04-09,billion current USD,Personal consumption expenditures: Services: Housing and utilities,https://alfred.stlouisfed.org/series?seid=DHUTRC1A027NBEA,2026-09-09,housing
1949,22.591,22.591,2026-04-09,billion current USD,Personal consumption expenditures: Services: Housing and utilities,https://alfred.stlouisfed.org/series?seid=DHUTRC1A027NBEA,2026-09-09,housing
1950,25.088,25.088,2026-04-09,billion current USD,Personal consumption expenditures: Services: Housing and utilities,https://alfred.stlouisfed.org/series?seid=DHUTRC1A027NBEA,2026-09-09,housing
1951,28.102,28.102,2026-04-09,billion current USD,Personal consumption expenditures: Services: Housing and utilities,https://alfred.stlouisfed.org/series?seid=DHUTRC1A027NBEA,2026-09-09,housing
1952,31.175,31.175,2026-04-09,billion current USD,Personal consumption expenditures: Services: Housing and utilities,https://alfred.stlouisfed.org/series?seid=DHUTRC1A027NBEA,2026-09-09,housing
1953,34.469,34.469,2026-04-09,billion current USD,Personal consumption expenditures: Services: Housing and utilities,https://alfred.stlouisfed.org/series?seid=DHUTRC1A027NBEA,2026-09-09,housing
1954,37.367,37.367,2026-04-09,billion current USD,Personal consumption expenditures: Services: Housing and utilities,https://alfred.stlouisfed.org/series?seid=DHUTRC1A027NBEA,2026-09-09,housing
1955,40.032,40.032,2026-04-09,billion current USD,Personal consumption expenditures: Services: Housing and utilities,https://alfred.stlouisfed.org/series?seid=DHUTRC1A027NBEA,2026-09-09,housing
1956,42.898,42.898,2026-04-09,billion current USD,Personal consumption expenditures: Services: Housing and utilities,https://alfred.stlouisfed.org/series?seid=DHUTRC1A027NBEA,2026-09-09,housing
1957,45.934,45.934,2026-04-09,billion current USD,Personal consumption expenditures: Services: Housing and utilities,https://alfred.stlouisfed.org/series?seid=DHUTRC1A027NBEA,2026-09-09,housing
1958,49.186,49.186,2026-04-09,billion current USD,Personal consumption expenditures: Services: Housing and utilities,https://alfred.stlouisfed.org/series?seid=DHUTRC1A027NBEA,2026-09-09,housing
1959,52.848,52.848,2026-04-09,billion current USD,Personal consumption expenditures: Services: Housing and utilities,https://alfred.stlouisfed.org/series?seid=DHUTRC1A027NBEA,2026-09-09,housing
1960,56.72,56.72,2026-04-09,billion current USD,Personal consumption expenditures: Services: Housing and utilities,https://alfred.stlouisfed.org/series?seid=DHUTRC1A027NBEA,2026-09-09,housing
1961,60.302,60.302,2026-04-09,billion current USD,Personal consumption expenditures: Services: Housing and utilities,https://alfred.stlouisfed.org/series?seid=DHUTRC1A027NBEA,2026-09-09,housing
1962,64.476,64.476,2026-04-09,billion current USD,Personal consumption expenditures: Services: Housing and utilities,https://alfred.stlouisfed.org/series?seid=DHUTRC1A027NBEA,2026-09-09,housing
1963,68.207,68.207,2026-04-09,billion current USD,Personal consumption expenditures: Services: Housing and utilities,https://alfred.stlouisfed.org/series?seid=DHUTRC1A027NBEA,2026-09-09,housing
1964,72.149,72.149,2026-04-09,billion current USD,Personal consumption expenditures: Services: Housing and utilities,https://alfred.stlouisfed.org/series?seid=DHUTRC1A027NBEA,2026-09-09,housing
1965,76.618,76.618,2026-04-09,billion current USD,Personal consumption expenditures: Services: Housing and utilities,https://alfred.stlouisfed.org/series?seid=DHUTRC1A027NBEA,2026-09-09,housing
1966,81.226,81.226,2026-04-09,billion current USD,Personal consumption expenditures: Services: Housing and utilities,https://alfred.stlouisfed.org/series?seid=DHUTRC1A027NBEA,2026-09-09,housing
1967,86.344,86.344,2026-04-09,billion current USD,Personal consumption expenditures: Services: Housing and utilities,https://alfred.stlouisfed.org/series?seid=DHUTRC1A027NBEA,2026-09-09,housing
1968,92.748,92.748,2026-04-09,billion current USD,Personal consumption expenditures: Services: Housing and utilities,https://alfred.stlouisfed.org/series?seid=DHUTRC1A027NBEA,2026-09-09,housing
1969,100.982,100.982,2026-04-09,billion current USD,Personal consumption expenditures: Services: Housing and utilities,https://alfred.stlouisfed.org/series?seid=DHUTRC1A027NBEA,2026-09-09,housing
1970,109.422,109.422,2026-04-09,billion current USD,Personal consumption expenditures: Services: Housing and utilities,https://alfred.stlouisfed.org/series?seid=DHUTRC1A027NBEA,2026-09-09,housing
1971,119.981,119.981,2026-04-09,billion current USD,Personal consumption expenditures: Services: Housing and utilities,https://alfred.stlouisfed.org/series?seid=DHUTRC1A027NBEA,2026-09-09,housing
1972,131.185,131.185,2026-04-09,billion current USD,Personal consumption expenditures: Services: Housing and utilities,https://alfred.stlouisfed.org/series?seid=DHUTRC1A027NBEA,2026-09-09,housing
1973,143.485,143.485,2026-04-09,billion current USD,Personal consumption expenditures: Services: Housing and utilities,https://alfred.stlouisfed.org/series?seid=DHUTRC1A027NBEA,2026-09-09,housing
1974,158.579,158.579,2026-04-09,billion current USD,Personal consumption expenditures: Services: Housing and utilities,https://alfred.stlouisfed.org/series?seid=DHUTRC1A027NBEA,2026-09-09,housing
1975,176.526,176.526,2026-04-09,billion current USD,Personal consumption expenditures: Services: Housing and utilities,https://alfred.stlouisfed.org/series?seid=DHUTRC1A027NBEA,2026-09-09,housing
1976,194.663,194.663,2026-04-09,billion current USD,Personal consumption expenditures: Services: Housing and utilities,https://alfred.stlouisfed.org/series?seid=DHUTRC1A027NBEA,2026-09-09,housing
1977,217.806,217.806,2026-04-09,billion current USD,Personal consumption expenditures: Services: Housing and utilities,https://alfred.stlouisfed.org/series?seid=DHUTRC1A027NBEA,2026-09-09,housing
1978,244.279,244.279,2026-04-09,billion current USD,Personal consumption expenditures: Services: Housing and utilities,https://alfred.stlouisfed.org/series?seid=DHUTRC1A027NBEA,2026-09-09,housing
1979,273.403,273.403,2026-04-09,billion current USD,Personal consumption expenditures: Services: Housing and utilities,https://alfred.stlouisfed.org/series?seid=DHUTRC1A027NBEA,2026-09-09,housing
1980,312.454,312.454,2026-04-09,billion current USD,Personal consumption expenditures: Services: Housing and utilities,https://alfred.stlouisfed.org/series?seid=DHUTRC1A027NBEA,2026-09-09,housing
1981,352.071,352.071,2026-04-09,billion current USD,Personal consumption expenditures: Services: Housing and utilities,https://alfred.stlouisfed.org/series?seid=DHUTRC1A027NBEA,2026-09-09,housing
1982,387.498,387.498,2026-04-09,billion current USD,Personal consumption expenditures: Services: Housing and utilities,https://alfred.stlouisfed.org/series?seid=DHUTRC1A027NBEA,2026-09-09,housing
1983,421.227,421.227,2026-04-09,billion current USD,Personal consumption expenditures: Services: Housing and utilities,https://alfred.stlouisfed.org/series?seid=DHUTRC1A027NBEA,2026-09-09,housing
1984,457.51,457.51,2026-04-09,billion current USD,Personal consumption expenditures: Services: Housing and utilities,https://alfred.stlouisfed.org/series?seid=DHUTRC1A027NBEA,2026-09-09,housing
1985,500.61,500.61,2026-04-09,billion current USD,Personal consumption expenditures: Services: Housing and utilities,https://alfred.stlouisfed.org/series?seid=DHUTRC1A027NBEA,2026-09-09,housing
1986,536.976,536.976,2026-04-09,billion current USD,Personal consumption expenditures: Services: Housing and utilities,https://alfred.stlouisfed.org/series?seid=DHUTRC1A027NBEA,2026-09-09,housing
1987,571.559,571.559,2026-04-09,billion current USD,Personal consumption expenditures: Services: Housing and utilities,https://alfred.stlouisfed.org/series?seid=DHUTRC1A027NBEA,2026-09-09,housing
1988,614.438,614.438,2026-04-09,billion current USD,Personal consumption expenditures: Services: Housing and utilities,https://alfred.stlouisfed.org/series?seid=DHUTRC1A027NBEA,2026-09-09,housing
1989,655.168,655.168,2026-04-09,billion current USD,Personal consumption expenditures: Services: Housing and utilities,https://alfred.stlouisfed.org/series?seid=DHUTRC1A027NBEA,2026-09-09,housing
1990,696.54,696.54,2026-04-09,billion current USD,Personal consumption expenditures: Services: Housing and utilities,https://alfred.stlouisfed.org/series?seid=DHUTRC1A027NBEA,2026-09-09,housing
1991,735.248,735.248,2026-04-09,billion current USD,Personal consumption expenditures: Services: Housing and utilities,https://alfred.stlouisfed.org/series?seid=DHUTRC1A027NBEA,2026-09-09,housing
1992,771.112,771.112,2026-04-09,billion current USD,Personal consumption expenditures: Services: Housing and utilities,https://alfred.stlouisfed.org/series?seid=DHUTRC1A027NBEA,2026-09-09,housing
1993,814.939,814.939,2026-04-09,billion current USD,Personal consumption expenditures: Services: Housing and utilities,https://alfred.stlouisfed.org/series?seid=DHUTRC1A027NBEA,2026-09-09,housing
1994,863.343,863.343,2026-04-09,billion current USD,Personal consumption expenditures: Services: Housing and utilities,https://alfred.stlouisfed.org/series?seid=DHUTRC1A027NBEA,2026-09-09,housing
1995,913.681,913.681,2026-04-09,billion current USD,Personal consumption expenditures: Services: Housing and utilities,https://alfred.stlouisfed.org/series?seid=DHUTRC1A027NBEA,2026-09-09,housing
1996,962.44,962.44,2026-04-09,billion current USD,Personal consumption expenditures: Services: Housing and utilities,https://alfred.stlouisfed.org/series?seid=DHUTRC1A027NBEA,2026-09-09,housing
1997,1009.822,1009.822,2026-04-09,billion current USD,Personal consumption expenditures: Services: Housing and utilities,https://alfred.stlouisfed.org/series?seid=DHUTRC1A027NBEA,2026-09-09,housing
1998,1065.472,1065.472,2026-04-09,billion current USD,Personal consumption expenditures: Services: Housing and utilities,https://alfred.stlouisfed.org/series?seid=DHUTRC1A027NBEA,2026-09-09,housing
1999,1123.133,1123.133,2026-04-09,billion current USD,Personal consumption expenditures: Services: Housing and utilities,https://alfred.stlouisfed.org/series?seid=DHUTRC1A027NBEA,2026-09-09,housing
2000,1198.556,1198.556,2026-04-09,billion current USD,Personal consumption expenditures: Services: Housing and utilities,https://alfred.stlouisfed.org/series?seid=DHUTRC1A027NBEA,2026-09-09,housing
2001,1287.493,1287.493,2026-04-09,billion current USD,Personal consumption expenditures: Services: Housing and utilities,https://alfred.stlouisfed.org/series?seid=DHUTRC1A027NBEA,2026-09-09,housing
2002,1329.534,1329.534,2026-04-09,billion current USD,Personal consumption expenditures: Services: Housing and utilities,https://alfred.stlouisfed.org/series?seid=DHUTRC1A027NBEA,2026-09-09,housing
2003,1391.084,1391.084,2026-04-09,billion current USD,Personal consumption expenditures: Services: Housing and utilities,https://alfred.stlouisfed.org/series?seid=DHUTRC1A027NBEA,2026-09-09,housing
2004,1466.633,1466.633,2026-04-09,billion current USD,Personal consumption expenditures: Services: Housing and utilities,https://alfred.stlouisfed.org/series?seid=DHUTRC1A027NBEA,2026-09-09,housing
2005,1580.105,1580.105,2026-04-09,billion current USD,Personal consumption expenditures: Services: Housing and utilities,https://alfred.stlouisfed.org/series?seid=DHUTRC1A027NBEA,2026-09-09,housing
2006,1665.715,1665.715,2026-04-09,billion current USD,Personal consumption expenditures: Services: Housing and utilities,https://alfred.stlouisfed.org/series?seid=DHUTRC1A027NBEA,2026-09-09,housing
2007,1759.556,1759.556,2026-04-09,billion current USD,Personal consumption expenditures: Services: Housing and utilities,https://alfred.stlouisfed.org/series?seid=DHUTRC1A027NBEA,2026-09-09,housing
2008,1872.714,1872.714,2026-04-09,billion current USD,Personal consumption expenditures: Services: Housing and utilities,https://alfred.stlouisfed.org/series?seid=DHUTRC1A027NBEA,2026-09-09,housing
2009,1900.009,1900.009,2026-04-09,billion current USD,Personal consumption expenditures: Services: Housing and utilities,https://alfred.stlouisfed.org/series?seid=DHUTRC1A027NBEA,2026-09-09,housing
2010,1947.947,1947.947,2026-04-09,billion current USD,Personal consumption expenditures: Services: Housing and utilities,https://alfred.stlouisfed.org/series?seid=DHUTRC1A027NBEA,2026-09-09,housing
2011,1983.277,1983.277,2026-04-09,billion current USD,Personal consumption expenditures: Services: Housing and utilities,https://alfred.stlouisfed.org/series?seid=DHUTRC1A027NBEA,2026-09-09,housing
2012,2014.74,2014.74,2026-04-09,billion current USD,Personal consumption expenditures: Services: Housing and utilities,https://alfred.stlouisfed.org/series?seid=DHUTRC1A027NBEA,2026-09-09,housing
2013,2085.694,2085.694,2026-04-09,billion current USD,Personal consumption expenditures: Services: Housing and utilities,https://alfred.stlouisfed.org/series?seid=DHUTRC1A027NBEA,2026-09-09,housing
2014,2146.012,2146.012,2026-04-09,billion current USD,Personal consumption expenditures: Services: Housing and utilities,https://alfred.stlouisfed.org/series?seid=DHUTRC1A027NBEA,2026-09-09,housing
2015,2196.137,2196.137,2026-04-09,billion current USD,Personal consumption expenditures: Services: Housing and utilities,https://alfred.stlouisfed.org/series?seid=DHUTRC1A027NBEA,2026-09-09,housing
2016,2269.046,2269.046,2026-04-09,billion current USD,Personal consumption expenditures: Services: Housing and utilities,https://alfred.stlouisfed.org/series?seid=DHUTRC1A027NBEA,2026-09-09,housing
2017,2350.171,2350.171,2026-04-09,billion current USD,Personal consumption expenditures: Services: Housing and utilities,https://alfred.stlouisfed.org/series?seid=DHUTRC1A027NBEA,2026-09-09,housing
2018,2459.308,2459.308,2026-04-09,billion current USD,Personal consumption expenditures: Services: Housing and utilities,https://alfred.stlouisfed.org/series?seid=DHUTRC1A027NBEA,2026-09-09,housing
2019,2561.996,2561.996,2026-04-09,billion current USD,Personal consumption expenditures: Services: Housing and utilities,https://alfred.stlouisfed.org/series?seid=DHUTRC1A027NBEA,2026-09-09,housing
2020,2687.694,2687.694,2026-04-09,billion current USD,Personal consumption expenditures: Services: Housing and utilities,https://alfred.stlouisfed.org/series?seid=DHUTRC1A027NBEA,2026-09-09,housing
2021,2842.804,2842.804,2026-04-09,billion current USD,Personal consumption expenditures: Services: Housing and utilities,https://alfred.stlouisfed.org/series?seid=DHUTRC1A027NBEA,2026-09-09,housing
2022,3114.446,3114.446,2026-04-09,billion current USD,Personal consumption expenditures: Services: Housing and utilities,https://alfred.stlouisfed.org/series?seid=DHUTRC1A027NBEA,2026-09-09,housing
2023,3375.528,3375.528,2026-04-09,billion current USD,Personal consumption expenditures: Services: Housing and utilities,https://alfred.stlouisfed.org/series?seid=DHUTRC1A027NBEA,2026-09-09,housing
2024,3603.64,3603.64,2026-04-09,billion current USD,Personal consumption expenditures: Services: Housing and utilities,https://alfred.stlouisfed.org/series?seid=DHUTRC1A027NBEA,2026-09-09,housing
2025,3801.214,3801.214,2026-04-09,billion current USD,Personal consumption expenditures: Services: Housing and utilities,https://alfred.stlouisfed.org/series?seid=DHUTRC1A027NBEA,2026-09-09,housing
1929,12.9,12.9,2016-07-29,billion current USD,Personal consumption expenditures: Services: Housing and utilities,https://alfred.stlouisfed.org/series?seid=DHUTRC1A027NBEA,2026-09-09,housing
1930,12.5,12.5,2016-07-29,billion current USD,Personal consumption expenditures: Services: Housing and utilities,https://alfred.stlouisfed.org/series?seid=DHUTRC1A027NBEA,2026-09-09,housing
1931,11.8,11.8,2016-07-29,billion current USD,Personal consumption expenditures: Services: Housing and utilities,https://alfred.stlouisfed.org/series?seid=DHUTRC1A027NBEA,2026-09-09,housing
1932,10.5,10.5,2016-07-29,billion current USD,Personal consumption expenditures: Services: Housing and utilities,https://alfred.stlouisfed.org/series?seid=DHUTRC1A027NBEA,2026-09-09,housing
1933,9.4,9.4,2016-07-29,billion current USD,Personal consumption expenditures: Services: Housing and utilities,https://alfred.stlouisfed.org/series?seid=DHUTRC1A027NBEA,2026-09-09,housing
1934,9.1,9.1,2016-07-29,billion current USD,Personal consumption expenditures: Services: Housing and utilities,https://alfred.stlouisfed.org/series?seid=DHUTRC1A027NBEA,2026-09-09,housing
1935,9.2,9.2,2016-07-29,billion current USD,Personal consumption expenditures: Services: Housing and utilities,https://alfred.stlouisfed.org/series?seid=DHUTRC1A027NBEA,2026-09-09,housing
1936,9.6,9.6,2016-07-29,billion current USD,Personal consumption expenditures: Services: Housing and utilities,https://alfred.stlouisfed.org/series?seid=DHUTRC1A027NBEA,2026-09-09,housing
1937,10.2,10.2,2016-07-29,billion current USD,Personal consumption expenditures: Services: Housing and utilities,https://alfred.stlouisfed.org/series?seid=DHUTRC1A027NBEA,2026-09-09,housing
1938,10.6,10.6,2016-07-29,billion current USD,Personal consumption expenditures: Services: Housing and utilities,https://alfred.stlouisfed.org/series?seid=DHUTRC1A027NBEA,2026-09-09,housing
1939,10.9,10.9,2016-07-29,billion current USD,Personal consumption expenditures: Services: Housing and utilities,https://alfred.stlouisfed.org/series?seid=DHUTRC1A027NBEA,2026-09-09,housing
1940,11.3,11.3,2016-07-29,billion current USD,Personal consumption expenditures: Services: Housing and utilities,https://alfred.stlouisfed.org/series?seid=DHUTRC1A027NBEA,2026-09-09,housing
1941,12.1,12.1,2016-07-29,billion current USD,Personal consumption expenditures: Services: Housing and utilities,https://alfred.stlouisfed.org/series?seid=DHUTRC1A027NBEA,2026-09-09,housing
1942,13.0,13,2016-07-29,billion current USD,Personal consumption expenditures: Services: Housing and utilities,https://alfred.stlouisfed.org/series?seid=DHUTRC1A027NBEA,2026-09-09,housing
1943,13.5,13.5,2016-07-29,billion current USD,Personal consumption expenditures: Services: Housing and utilities,https://alfred.stlouisfed.org/series?seid=DHUTRC1A027NBEA,2026-09-09,housing
1944,14.2,14.2,2016-07-29,billion current USD,Personal consumption expenditures: Services: Housing and utilities,https://alfred.stlouisfed.org/series?seid=DHUTRC1A027NBEA,2026-09-09,housing
1945,14.7,14.7,2016-07-29,billion current USD,Personal consumption expenditures: Services: Housing and utilities,https://alfred.stlouisfed.org/series?seid=DHUTRC1A027NBEA,2026-09-09,housing
1946,16.3,16.3,2016-07-29,billion current USD,Personal consumption expenditures: Services: Housing and utilities,https://alfred.stlouisfed.org/series?seid=DHUTRC1A027NBEA,2026-09-09,housing
1947,18.3,18.3,2016-07-29,billion current USD,Personal consumption expenditures: Services: Housing and utilities,https://alfred.stlouisfed.org/series?seid=DHUTRC1A027NBEA,2026-09-09,housing
1948,20.5,20.5,2016-07-29,billion current USD,Personal consumption expenditures: Services: Housing and utilities,https://alfred.stlouisfed.org/series?seid=DHUTRC1A027NBEA,2026-09-09,housing
1949,22.6,22.6,2016-07-29,billion current USD,Personal consumption expenditures: Services: Housing and utilities,https://alfred.stlouisfed.org/series?seid=DHUTRC1A027NBEA,2026-09-09,housing
1950,25.1,25.1,2016-07-29,billion current USD,Personal consumption expenditures: Services: Housing and utilities,https://alfred.stlouisfed.org/series?seid=DHUTRC1A027NBEA,2026-09-09,housing
1951,28.1,28.1,2016-07-29,billion current USD,Personal consumption expenditures: Services: Housing and utilities,https://alfred.stlouisfed.org/series?seid=DHUTRC1A027NBEA,2026-09-09,housing
1952,31.2,31.2,2016-07-29,billion current USD,Personal consumption expenditures: Services: Housing and utilities,https://alfred.stlouisfed.org/series?seid=DHUTRC1A027NBEA,2026-09-09,housing
1953,34.5,34.5,2016-07-29,billion current USD,Personal consumption expenditures: Services: Housing and utilities,https://alfred.stlouisfed.org/series?seid=DHUTRC1A027NBEA,2026-09-09,housing
1954,37.4,37.4,2016-07-29,billion current USD,Personal consumption expenditures: Services: Housing and utilities,https://alfred.stlouisfed.org/series?seid=DHUTRC1A027NBEA,2026-09-09,housing
1955,40.0,40,2016-07-29,billion current USD,Personal consumption expenditures: Services: Housing and utilities,https://alfred.stlouisfed.org/series?seid=DHUTRC1A027NBEA,2026-09-09,housing
1956,42.9,42.9,2016-07-29,billion current USD,Personal consumption expenditures: Services: Housing and utilities,https://alfred.stlouisfed.org/series?seid=DHUTRC1A027NBEA,2026-09-09,housing
1957,45.9,45.9,2016-07-29,billion current USD,Personal consumption expenditures: Services: Housing and utilities,https://alfred.stlouisfed.org/series?seid=DHUTRC1A027NBEA,2026-09-09,housing
1958,49.2,49.2,2016-07-29,billion current USD,Personal consumption expenditures: Services: Housing and utilities,https://alfred.stlouisfed.org/series?seid=DHUTRC1A027NBEA,2026-09-09,housing
1959,52.8,52.8,2016-07-29,billion current USD,Personal consumption expenditures: Services: Housing and utilities,https://alfred.stlouisfed.org/series?seid=DHUTRC1A027NBEA,2026-09-09,housing
1960,56.7,56.7,2016-07-29,billion current USD,Personal consumption expenditures: Services: Housing and utilities,https://alfred.stlouisfed.org/series?seid=DHUTRC1A027NBEA,2026-09-09,housing
1961,60.3,60.3,2016-07-29,billion current USD,Personal consumption expenditures: Services: Housing and utilities,https://alfred.stlouisfed.org/series?seid=DHUTRC1A027NBEA,2026-09-09,housing
1962,64.5,64.5,2016-07-29,billion current USD,Personal consumption expenditures: Services: Housing and utilities,https://alfred.stlouisfed.org/series?seid=DHUTRC1A027NBEA,2026-09-09,housing
1963,68.2,68.2,2016-07-29,billion current USD,Personal consumption expenditures: Services: Housing and utilities,https://alfred.stlouisfed.org/series?seid=DHUTRC1A027NBEA,2026-09-09,housing
1964,72.1,72.1,2016-07-29,billion current USD,Personal consumption expenditures: Services: Housing and utilities,https://alfred.stlouisfed.org/series?seid=DHUTRC1A027NBEA,2026-09-09,housing
1965,76.6,76.6,2016-07-29,billion current USD,Personal consumption expenditures: Services: Housing and utilities,https://alfred.stlouisfed.org/series?seid=DHUTRC1A027NBEA,2026-09-09,housing
1966,81.2,81.2,2016-07-29,billion current USD,Personal consumption expenditures: Services: Housing and utilities,https://alfred.stlouisfed.org/series?seid=DHUTRC1A027NBEA,2026-09-09,housing
1967,86.3,86.3,2016-07-29,billion current USD,Personal consumption expenditures: Services: Housing and utilities,https://alfred.stlouisfed.org/series?seid=DHUTRC1A027NBEA,2026-09-09,housing
1968,92.7,92.7,2016-07-29,billion current USD,Personal consumption expenditures: Services: Housing and utilities,https://alfred.stlouisfed.org/series?seid=DHUTRC1A027NBEA,2026-09-09,housing
1969,101.0,101,2016-07-29,billion current USD,Personal consumption expenditures: Services: Housing and utilities,https://alfred.stlouisfed.org/series?seid=DHUTRC1A027NBEA,2026-09-09,housing
1970,109.4,109.4,2016-07-29,billion current USD,Personal consumption expenditures: Services: Housing and utilities,https://alfred.stlouisfed.org/series?seid=DHUTRC1A027NBEA,2026-09-09,housing
1971,120.0,120,2016-07-29,billion current USD,Personal consumption expenditures: Services: Housing and utilities,https://alfred.stlouisfed.org/series?seid=DHUTRC1A027NBEA,2026-09-09,housing
1972,131.2,131.2,2016-07-29,billion current USD,Personal consumption expenditures: Services: Housing and utilities,https://alfred.stlouisfed.org/series?seid=DHUTRC1A027NBEA,2026-09-09,housing
1973,143.5,143.5,2016-07-29,billion current USD,Personal consumption expenditures: Services: Housing and utilities,https://alfred.stlouisfed.org/series?seid=DHUTRC1A027NBEA,2026-09-09,housing
1974,158.6,158.6,2016-07-29,billion current USD,Personal consumption expenditures: Services: Housing and utilities,https://alfred.stlouisfed.org/series?seid=DHUTRC1A027NBEA,2026-09-09,housing
1975,176.5,176.5,2016-07-29,billion current USD,Personal consumption expenditures: Services: Housing and utilities,https://alfred.stlouisfed.org/series?seid=DHUTRC1A027NBEA,2026-09-09,housing
1976,194.7,194.7,2016-07-29,billion current USD,Personal consumption expenditures: Services: Housing and utilities,https://alfred.stlouisfed.org/series?seid=DHUTRC1A027NBEA,2026-09-09,housing
1977,217.8,217.8,2016-07-29,billion current USD,Personal consumption expenditures: Services: Housing and utilities,https://alfred.stlouisfed.org/series?seid=DHUTRC1A027NBEA,2026-09-09,housing
1978,244.3,244.3,2016-07-29,billion current USD,Personal consumption expenditures: Services: Housing and utilities,https://alfred.stlouisfed.org/series?seid=DHUTRC1A027NBEA,2026-09-09,housing
1979,273.4,273.4,2016-07-29,billion current USD,Personal consumption expenditures: Services: Housing and utilities,https://alfred.stlouisfed.org/series?seid=DHUTRC1A027NBEA,2026-09-09,housing
1980,312.5,312.5,2016-07-29,billion current USD,Personal consumption expenditures: Services: Housing and utilities,https://alfred.stlouisfed.org/series?seid=DHUTRC1A027NBEA,2026-09-09,housing
1981,352.1,352.1,2016-07-29,billion current USD,Personal consumption expenditures: Services: Housing and utilities,https://alfred.stlouisfed.org/series?seid=DHUTRC1A027NBEA,2026-09-09,housing
1982,387.5,387.5,2016-07-29,billion current USD,Personal consumption expenditures: Services: Housing and utilities,https://alfred.stlouisfed.org/series?seid=DHUTRC1A027NBEA,2026-09-09,housing
1983,421.2,421.2,2016-07-29,billion current USD,Personal consumption expenditures: Services: Housing and utilities,https://alfred.stlouisfed.org/series?seid=DHUTRC1A027NBEA,2026-09-09,housing
1984,457.5,457.5,2016-07-29,billion current USD,Personal consumption expenditures: Services: Housing and utilities,https://alfred.stlouisfed.org/series?seid=DHUTRC1A027NBEA,2026-09-09,housing
1985,500.6,500.6,2016-07-29,billion current USD,Personal consumption expenditures: Services: Housing and utilities,https://alfred.stlouisfed.org/series?seid=DHUTRC1A027NBEA,2026-09-09,housing
1986,537.0,537,2016-07-29,billion current USD,Personal consumption expenditures: Services: Housing and utilities,https://alfred.stlouisfed.org/series?seid=DHUTRC1A027NBEA,2026-09-09,housing
1987,571.6,571.6,2016-07-29,billion current USD,Personal consumption expenditures: Services: Housing and utilities,https://alfred.stlouisfed.org/series?seid=DHUTRC1A027NBEA,2026-09-09,housing
1988,614.4,614.4,2016-07-29,billion current USD,Personal consumption expenditures: Services: Housing and utilities,https://alfred.stlouisfed.org/series?seid=DHUTRC1A027NBEA,2026-09-09,housing
1989,655.2,655.2,2016-07-29,billion current USD,Personal consumption expenditures: Services: Housing and utilities,https://alfred.stlouisfed.org/series?seid=DHUTRC1A027NBEA,2026-09-09,housing
1990,696.5,696.5,2016-07-29,billion current USD,Personal consumption expenditures: Services: Housing and utilities,https://alfred.stlouisfed.org/series?seid=DHUTRC1A027NBEA,2026-09-09,housing
1991,735.2,735.2,2016-07-29,billion current USD,Personal consumption expenditures: Services: Housing and utilities,https://alfred.stlouisfed.org/series?seid=DHUTRC1A027NBEA,2026-09-09,housing
1992,771.1,771.1,2016-07-29,billion current USD,Personal consumption expenditures: Services: Housing and utilities,https://alfred.stlouisfed.org/series?seid=DHUTRC1A027NBEA,2026-09-09,housing
1993,814.9,814.9,2016-07-29,billion current USD,Personal consumption expenditures: Services: Housing and utilities,https://alfred.stlouisfed.org/series?seid=DHUTRC1A027NBEA,2026-09-09,housing
1994,863.3,863.3,2016-07-29,billion current USD,Personal consumption expenditures: Services: Housing and utilities,https://alfred.stlouisfed.org/series?seid=DHUTRC1A027NBEA,2026-09-09,housing
1995,913.7,913.7,2016-07-29,billion current USD,Personal consumption expenditures: Services: Housing and utilities,https://alfred.stlouisfed.org/series?seid=DHUTRC1A027NBEA,2026-09-09,housing
1996,962.4,962.4,2016-07-29,billion current USD,Personal consumption expenditures: Services: Housing and utilities,https://alfred.stlouisfed.org/series?seid=DHUTRC1A027NBEA,2026-09-09,housing
1997,1009.8,1009.8,2016-07-29,billion current USD,Personal consumption expenditures: Services: Housing and utilities,https://alfred.stlouisfed.org/series?seid=DHUTRC1A027NBEA,2026-09-09,housing
1998,1065.5,1065.5,2016-07-29,billion current USD,Personal consumption expenditures: Services: Housing and utilities,https://alfred.stlouisfed.org/series?seid=DHUTRC1A027NBEA,2026-09-09,housing
1999,1123.1,1123.1,2016-07-29,billion current USD,Personal consumption expenditures: Services: Housing and utilities,https://alfred.stlouisfed.org/series?seid=DHUTRC1A027NBEA,2026-09-09,housing
2000,1198.6,1198.6,2016-07-29,billion current USD,Personal consumption expenditures: Services: Housing and utilities,https://alfred.stlouisfed.org/series?seid=DHUTRC1A027NBEA,2026-09-09,housing
2001,1287.5,1287.5,2016-07-29,billion current USD,Personal consumption expenditures: Services: Housing and utilities,https://alfred.stlouisfed.org/series?seid=DHUTRC1A027NBEA,2026-09-09,housing
2002,1333.6,1333.6,2016-07-29,billion current USD,Personal consumption expenditures: Services: Housing and utilities,https://alfred.stlouisfed.org/series?seid=DHUTRC1A027NBEA,2026-09-09,housing
2003,1394.1,1394.1,2016-07-29,billion current USD,Personal consumption expenditures: Services: Housing and utilities,https://alfred.stlouisfed.org/series?seid=DHUTRC1A027NBEA,2026-09-09,housing
2004,1469.1,1469.1,2016-07-29,billion current USD,Personal consumption expenditures: Services: Housing and utilities,https://alfred.stlouisfed.org/series?seid=DHUTRC1A027NBEA,2026-09-09,housing
2005,1583.6,1583.6,2016-07-29,billion current USD,Personal consumption expenditures: Services: Housing and utilities,https://alfred.stlouisfed.org/series?seid=DHUTRC1A027NBEA,2026-09-09,housing
2006,1682.4,1682.4,2016-07-29,billion current USD,Personal consumption expenditures: Services: Housing and utilities,https://alfred.stlouisfed.org/series?seid=DHUTRC1A027NBEA,2026-09-09,housing
2007,1758.2,1758.2,2016-07-29,billion current USD,Personal consumption expenditures: Services: Housing and utilities,https://alfred.stlouisfed.org/series?seid=DHUTRC1A027NBEA,2026-09-09,housing
2008,1839.1,1839.1,2016-07-29,billion current USD,Personal consumption expenditures: Services: Housing and utilities,https://alfred.stlouisfed.org/series?seid=DHUTRC1A027NBEA,2026-09-09,housing
2009,1881.0,1881,2016-07-29,billion current USD,Personal consumption expenditures: Services: Housing and utilities,https://alfred.stlouisfed.org/series?seid=DHUTRC1A027NBEA,2026-09-09,housing
2010,1909.0,1909,2016-07-29,billion current USD,Personal consumption expenditures: Services: Housing and utilities,https://alfred.stlouisfed.org/series?seid=DHUTRC1A027NBEA,2026-09-09,housing
2011,1959.9,1959.9,2016-07-29,billion current USD,Personal consumption expenditures: Services: Housing and utilities,https://alfred.stlouisfed.org/series?seid=DHUTRC1A027NBEA,2026-09-09,housing
2012,1995.4,1995.4,2016-07-29,billion current USD,Personal consumption expenditures: Services: Housing and utilities,https://alfred.stlouisfed.org/series?seid=DHUTRC1A027NBEA,2026-09-09,housing
2013,2054.2,2054.2,2016-07-29,billion current USD,Personal consumption expenditures: Services: Housing and utilities,https://alfred.stlouisfed.org/series?seid=DHUTRC1A027NBEA,2026-09-09,housing
2014,2142.8,2142.8,2016-07-29,billion current USD,Personal consumption expenditures: Services: Housing and utilities,https://alfred.stlouisfed.org/series?seid=DHUTRC1A027NBEA,2026-09-09,housing
2015,2233.2,2233.2,2016-07-29,billion current USD,Personal consumption expenditures: Services: Housing and utilities,https://alfred.stlouisfed.org/series?seid=DHUTRC1A027NBEA,2026-09-09,housing
1929,3.407,3.407,2026-04-09,billion current USD,Personal consumption expenditures: Nondurable goods: Gasoline and other energy goods,https://alfred.stlouisfed.org/series?seid=DGOERC1A027NBEA#,2026-09-09,energy
1930,3.276,3.276,2026-04-09,billion current USD,Personal consumption expenditures: Nondurable goods: Gasoline and other energy goods,https://alfred.stlouisfed.org/series?seid=DGOERC1A027NBEA#,2026-09-09,energy
1931,2.846,2.846,2026-04-09,billion current USD,Personal consumption expenditures: Nondurable goods: Gasoline and other energy goods,https://alfred.stlouisfed.org/series?seid=DGOERC1A027NBEA#,2026-09-09,energy
1932,2.603,2.603,2026-04-09,billion current USD,Personal consumption expenditures: Nondurable goods: Gasoline and other energy goods,https://alfred.stlouisfed.org/series?seid=DGOERC1A027NBEA#,2026-09-09,energy
1933,2.607,2.607,2026-04-09,billion current USD,Personal consumption expenditures: Nondurable goods: Gasoline and other energy goods,https://alfred.stlouisfed.org/series?seid=DGOERC1A027NBEA#,2026-09-09,energy
1934,2.891,2.891,2026-04-09,billion current USD,Personal consumption expenditures: Nondurable goods: Gasoline and other energy goods,https://alfred.stlouisfed.org/series?seid=DGOERC1A027NBEA#,2026-09-09,energy
1935,3.012,3.012,2026-04-09,billion current USD,Personal consumption expenditures: Nondurable goods: Gasoline and other energy goods,https://alfred.stlouisfed.org/series?seid=DGOERC1A027NBEA#,2026-09-09,energy
1936,3.343,3.343,2026-04-09,billion current USD,Personal consumption expenditures: Nondurable goods: Gasoline and other energy goods,https://alfred.stlouisfed.org/series?seid=DGOERC1A027NBEA#,2026-09-09,energy
1937,3.547,3.547,2026-04-09,billion current USD,Personal consumption expenditures: Nondurable goods: Gasoline and other energy goods,https://alfred.stlouisfed.org/series?seid=DGOERC1A027NBEA#,2026-09-09,energy
1938,3.444,3.444,2026-04-09,billion current USD,Personal consumption expenditures: Nondurable goods: Gasoline and other energy goods,https://alfred.stlouisfed.org/series?seid=DGOERC1A027NBEA#,2026-09-09,energy
1939,3.566,3.566,2026-04-09,billion current USD,Personal consumption expenditures: Nondurable goods: Gasoline and other energy goods,https://alfred.stlouisfed.org/series?seid=DGOERC1A027NBEA#,2026-09-09,energy
1940,3.807,3.807,2026-04-09,billion current USD,Personal consumption expenditures: Nondurable goods: Gasoline and other energy goods,https://alfred.stlouisfed.org/series?seid=DGOERC1A027NBEA#,2026-09-09,energy
1941,4.307,4.307,2026-04-09,billion current USD,Personal consumption expenditures: Nondurable goods: Gasoline and other energy goods,https://alfred.stlouisfed.org/series?seid=DGOERC1A027NBEA#,2026-09-09,energy
1942,3.923,3.923,2026-04-09,billion current USD,Personal consumption expenditures: Nondurable goods: Gasoline and other energy goods,https://alfred.stlouisfed.org/series?seid=DGOERC1A027NBEA#,2026-09-09,energy
1943,3.315,3.315,2026-04-09,billion current USD,Personal consumption expenditures: Nondurable goods: Gasoline and other energy goods,https://alfred.stlouisfed.org/series?seid=DGOERC1A027NBEA#,2026-09-09,energy
1944,3.408,3.408,2026-04-09,billion current USD,Personal consumption expenditures: Nondurable goods: Gasoline and other energy goods,https://alfred.stlouisfed.org/series?seid=DGOERC1A027NBEA#,2026-09-09,energy
1945,3.977,3.977,2026-04-09,billion current USD,Personal consumption expenditures: Nondurable goods: Gasoline and other energy goods,https://alfred.stlouisfed.org/series?seid=DGOERC1A027NBEA#,2026-09-09,energy
1946,5.826,5.826,2026-04-09,billion current USD,Personal consumption expenditures: Nondurable goods: Gasoline and other energy goods,https://alfred.stlouisfed.org/series?seid=DGOERC1A027NBEA#,2026-09-09,energy
1947,6.937,6.937,2026-04-09,billion current USD,Personal consumption expenditures: Nondurable goods: Gasoline and other energy goods,https://alfred.stlouisfed.org/series?seid=DGOERC1A027NBEA#,2026-09-09,energy
1948,8.202,8.202,2026-04-09,billion current USD,Personal consumption expenditures: Nondurable goods: Gasoline and other energy goods,https://alfred.stlouisfed.org/series?seid=DGOERC1A027NBEA#,2026-09-09,energy
1949,8.343,8.343,2026-04-09,billion current USD,Personal consumption expenditures: Nondurable goods: Gasoline and other energy goods,https://alfred.stlouisfed.org/series?seid=DGOERC1A027NBEA#,2026-09-09,energy
1950,8.864,8.864,2026-04-09,billion current USD,Personal consumption expenditures: Nondurable goods: Gasoline and other energy goods,https://alfred.stlouisfed.org/series?seid=DGOERC1A027NBEA#,2026-09-09,energy
1951,9.595,9.595,2026-04-09,billion current USD,Personal consumption expenditures: Nondurable goods: Gasoline and other energy goods,https://alfred.stlouisfed.org/series?seid=DGOERC1A027NBEA#,2026-09-09,energy
1952,10.184,10.184,2026-04-09,billion current USD,Personal consumption expenditures: Nondurable goods: Gasoline and other energy goods,https://alfred.stlouisfed.org/series?seid=DGOERC1A027NBEA#,2026-09-09,energy
1953,10.843,10.843,2026-04-09,billion current USD,Personal consumption expenditures: Nondurable goods: Gasoline and other energy goods,https://alfred.stlouisfed.org/series?seid=DGOERC1A027NBEA#,2026-09-09,energy
1954,11.328,11.328,2026-04-09,billion current USD,Personal consumption expenditures: Nondurable goods: Gasoline and other energy goods,https://alfred.stlouisfed.org/series?seid=DGOERC1A027NBEA#,2026-09-09,energy
1955,12.359,12.359,2026-04-09,billion current USD,Personal consumption expenditures: Nondurable goods: Gasoline and other energy goods,https://alfred.stlouisfed.org/series?seid=DGOERC1A027NBEA#,2026-09-09,energy
1956,13.29,13.29,2026-04-09,billion current USD,Personal consumption expenditures: Nondurable goods: Gasoline and other energy goods,https://alfred.stlouisfed.org/series?seid=DGOERC1A027NBEA#,2026-09-09,energy
1957,14.245,14.245,2026-04-09,billion current USD,Personal consumption expenditures: Nondurable goods: Gasoline and other energy goods,https://alfred.stlouisfed.org/series?seid=DGOERC1A027NBEA#,2026-09-09,energy
1958,14.718,14.718,2026-04-09,billion current USD,Personal consumption expenditures: Nondurable goods: Gasoline and other energy goods,https://alfred.stlouisfed.org/series?seid=DGOERC1A027NBEA#,2026-09-09,energy
1959,15.289,15.289,2026-04-09,billion current USD,Personal consumption expenditures: Nondurable goods: Gasoline and other energy goods,https://alfred.stlouisfed.org/series?seid=DGOERC1A027NBEA#,2026-09-09,energy
1960,15.809,15.809,2026-04-09,billion current USD,Personal consumption expenditures: Nondurable goods: Gasoline and other energy goods,https://alfred.stlouisfed.org/series?seid=DGOERC1A027NBEA#,2026-09-09,energy
1961,15.723,15.723,2026-04-09,billion current USD,Personal consumption expenditures: Nondurable goods: Gasoline and other energy goods,https://alfred.stlouisfed.org/series?seid=DGOERC1A027NBEA#,2026-09-09,energy
1962,16.316,16.316,2026-04-09,billion current USD,Personal consumption expenditures: Nondurable goods: Gasoline and other energy goods,https://alfred.stlouisfed.org/series?seid=DGOERC1A027NBEA#,2026-09-09,energy
1963,16.922,16.922,2026-04-09,billion current USD,Personal consumption expenditures: Nondurable goods: Gasoline and other energy goods,https://alfred.stlouisfed.org/series?seid=DGOERC1A027NBEA#,2026-09-09,energy
1964,17.659,17.659,2026-04-09,billion current USD,Personal consumption expenditures: Nondurable goods: Gasoline and other energy goods,https://alfred.stlouisfed.org/series?seid=DGOERC1A027NBEA#,2026-09-09,energy
1965,19.132,19.132,2026-04-09,billion current USD,Personal consumption expenditures: Nondurable goods: Gasoline and other energy goods,https://alfred.stlouisfed.org/series?seid=DGOERC1A027NBEA#,2026-09-09,energy
1966,20.656,20.656,2026-04-09,billion current USD,Personal consumption expenditures: Nondurable goods: Gasoline and other energy goods,https://alfred.stlouisfed.org/series?seid=DGOERC1A027NBEA#,2026-09-09,energy
1967,21.876,21.876,2026-04-09,billion current USD,Personal consumption expenditures: Nondurable goods: Gasoline and other energy goods,https://alfred.stlouisfed.org/series?seid=DGOERC1A027NBEA#,2026-09-09,energy
1968,23.217,23.217,2026-04-09,billion current USD,Personal consumption expenditures: Nondurable goods: Gasoline and other energy goods,https://alfred.stlouisfed.org/series?seid=DGOERC1A027NBEA#,2026-09-09,energy
1969,24.968,24.968,2026-04-09,billion current USD,Personal consumption expenditures: Nondurable goods: Gasoline and other energy goods,https://alfred.stlouisfed.org/series?seid=DGOERC1A027NBEA#,2026-09-09,energy
1970,26.286,26.286,2026-04-09,billion current USD,Personal consumption expenditures: Nondurable goods: Gasoline and other energy goods,https://alfred.stlouisfed.org/series?seid=DGOERC1A027NBEA#,2026-09-09,energy
1971,27.647,27.647,2026-04-09,billion current USD,Personal consumption expenditures: Nondurable goods: Gasoline and other energy goods,https://alfred.stlouisfed.org/series?seid=DGOERC1A027NBEA#,2026-09-09,energy
1972,29.393,29.393,2026-04-09,billion current USD,Personal consumption expenditures: Nondurable goods: Gasoline and other energy goods,https://alfred.stlouisfed.org/series?seid=DGOERC1A027NBEA#,2026-09-09,energy
1973,34.325,34.325,2026-04-09,billion current USD,Personal consumption expenditures: Nondurable goods: Gasoline and other energy goods,https://alfred.stlouisfed.org/series?seid=DGOERC1A027NBEA#,2026-09-09,energy
1974,43.849,43.849,2026-04-09,billion current USD,Personal consumption expenditures: Nondurable goods: Gasoline and other energy goods,https://alfred.stlouisfed.org/series?seid=DGOERC1A027NBEA#,2026-09-09,energy
1975,48.02,48.02,2026-04-09,billion current USD,Personal consumption expenditures: Nondurable goods: Gasoline and other energy goods,https://alfred.stlouisfed.org/series?seid=DGOERC1A027NBEA#,2026-09-09,energy
1976,53.013,53.013,2026-04-09,billion current USD,Personal consumption expenditures: Nondurable goods: Gasoline and other energy goods,https://alfred.stlouisfed.org/series?seid=DGOERC1A027NBEA#,2026-09-09,energy
1977,57.817,57.817,2026-04-09,billion current USD,Personal consumption expenditures: Nondurable goods: Gasoline and other energy goods,https://alfred.stlouisfed.org/series?seid=DGOERC1A027NBEA#,2026-09-09,energy
1978,61.453,61.453,2026-04-09,billion current USD,Personal consumption expenditures: Nondurable goods: Gasoline and other energy goods,https://alfred.stlouisfed.org/series?seid=DGOERC1A027NBEA#,2026-09-09,energy
1979,80.388,80.388,2026-04-09,billion current USD,Personal consumption expenditures: Nondurable goods: Gasoline and other energy goods,https://alfred.stlouisfed.org/series?seid=DGOERC1A027NBEA#,2026-09-09,energy
1980,101.898,101.898,2026-04-09,billion current USD,Personal consumption expenditures: Nondurable goods: Gasoline and other energy goods,https://alfred.stlouisfed.org/series?seid=DGOERC1A027NBEA#,2026-09-09,energy
1981,113.443,113.443,2026-04-09,billion current USD,Personal consumption expenditures: Nondurable goods: Gasoline and other energy goods,https://alfred.stlouisfed.org/series?seid=DGOERC1A027NBEA#,2026-09-09,energy
1982,108.35,108.35,2026-04-09,billion current USD,Personal consumption expenditures: Nondurable goods: Gasoline and other energy goods,https://alfred.stlouisfed.org/series?seid=DGOERC1A027NBEA#,2026-09-09,energy
1983,106.456,106.456,2026-04-09,billion current USD,Personal consumption expenditures: Nondurable goods: Gasoline and other energy goods,https://alfred.stlouisfed.org/series?seid=DGOERC1A027NBEA#,2026-09-09,energy
1984,108.201,108.201,2026-04-09,billion current USD,Personal consumption expenditures: Nondurable goods: Gasoline and other energy goods,https://alfred.stlouisfed.org/series?seid=DGOERC1A027NBEA#,2026-09-09,energy
1985,110.532,110.532,2026-04-09,billion current USD,Personal consumption expenditures: Nondurable goods: Gasoline and other energy goods,https://alfred.stlouisfed.org/series?seid=DGOERC1A027NBEA#,2026-09-09,energy
1986,91.191,91.191,2026-04-09,billion current USD,Personal consumption expenditures: Nondurable goods: Gasoline and other energy goods,https://alfred.stlouisfed.org/series?seid=DGOERC1A027NBEA#,2026-09-09,energy
1987,96.369,96.369,2026-04-09,billion current USD,Personal consumption expenditures: Nondurable goods: Gasoline and other energy goods,https://alfred.stlouisfed.org/series?seid=DGOERC1A027NBEA#,2026-09-09,energy
1988,99.85,99.85,2026-04-09,billion current USD,Personal consumption expenditures: Nondurable goods: Gasoline and other energy goods,https://alfred.stlouisfed.org/series?seid=DGOERC1A027NBEA#,2026-09-09,energy
1989,110.439,110.439,2026-04-09,billion current USD,Personal consumption expenditures: Nondurable goods: Gasoline and other energy goods,https://alfred.stlouisfed.org/series?seid=DGOERC1A027NBEA#,2026-09-09,energy
1990,124.199,124.199,2026-04-09,billion current USD,Personal consumption expenditures: Nondurable goods: Gasoline and other energy goods,https://alfred.stlouisfed.org/series?seid=DGOERC1A027NBEA#,2026-09-09,energy
1991,121.129,121.129,2026-04-09,billion current USD,Personal consumption expenditures: Nondurable goods: Gasoline and other energy goods,https://alfred.stlouisfed.org/series?seid=DGOERC1A027NBEA#,2026-09-09,energy
1992,125.008,125.008,2026-04-09,billion current USD,Personal consumption expenditures: Nondurable goods: Gasoline and other energy goods,https://alfred.stlouisfed.org/series?seid=DGOERC1A027NBEA#,2026-09-09,energy
1993,126.882,126.882,2026-04-09,billion current USD,Personal consumption expenditures: Nondurable goods: Gasoline and other energy goods,https://alfred.stlouisfed.org/series?seid=DGOERC1A027NBEA#,2026-09-09,energy
1994,129.231,129.231,2026-04-09,billion current USD,Personal consumption expenditures: Nondurable goods: Gasoline and other energy goods,https://alfred.stlouisfed.org/series?seid=DGOERC1A027NBEA#,2026-09-09,energy
1995,133.404,133.404,2026-04-09,billion current USD,Personal consumption expenditures: Nondurable goods: Gasoline and other energy goods,https://alfred.stlouisfed.org/series?seid=DGOERC1A027NBEA#,2026-09-09,energy
1996,144.745,144.745,2026-04-09,billion current USD,Personal consumption expenditures: Nondurable goods: Gasoline and other energy goods,https://alfred.stlouisfed.org/series?seid=DGOERC1A027NBEA#,2026-09-09,energy
1997,147.661,147.661,2026-04-09,billion current USD,Personal consumption expenditures: Nondurable goods: Gasoline and other energy goods,https://alfred.stlouisfed.org/series?seid=DGOERC1A027NBEA#,2026-09-09,energy
1998,132.355,132.355,2026-04-09,billion current USD,Personal consumption expenditures: Nondurable goods: Gasoline and other energy goods,https://alfred.stlouisfed.org/series?seid=DGOERC1A027NBEA#,2026-09-09,energy
1999,146.545,146.545,2026-04-09,billion current USD,Personal consumption expenditures: Nondurable goods: Gasoline and other energy goods,https://alfred.stlouisfed.org/series?seid=DGOERC1A027NBEA#,2026-09-09,energy
2000,184.516,184.516,2026-04-09,billion current USD,Personal consumption expenditures: Nondurable goods: Gasoline and other energy goods,https://alfred.stlouisfed.org/series?seid=DGOERC1A027NBEA#,2026-09-09,energy
2001,177.986,177.986,2026-04-09,billion current USD,Personal consumption expenditures: Nondurable goods: Gasoline and other energy goods,https://alfred.stlouisfed.org/series?seid=DGOERC1A027NBEA#,2026-09-09,energy
2002,167.9,167.9,2026-04-09,billion current USD,Personal consumption expenditures: Nondurable goods: Gasoline and other energy goods,https://alfred.stlouisfed.org/series?seid=DGOERC1A027NBEA#,2026-09-09,energy
2003,196.412,196.412,2026-04-09,billion current USD,Personal consumption expenditures: Nondurable goods: Gasoline and other energy goods,https://alfred.stlouisfed.org/series?seid=DGOERC1A027NBEA#,2026-09-09,energy
2004,232.732,232.732,2026-04-09,billion current USD,Personal consumption expenditures: Nondurable goods: Gasoline and other energy goods,https://alfred.stlouisfed.org/series?seid=DGOERC1A027NBEA#,2026-09-09,energy
2005,283.77,283.77,2026-04-09,billion current USD,Personal consumption expenditures: Nondurable goods: Gasoline and other energy goods,https://alfred.stlouisfed.org/series?seid=DGOERC1A027NBEA#,2026-09-09,energy
2006,319.65,319.65,2026-04-09,billion current USD,Personal consumption expenditures: Nondurable goods: Gasoline and other energy goods,https://alfred.stlouisfed.org/series?seid=DGOERC1A027NBEA#,2026-09-09,energy
2007,345.547,345.547,2026-04-09,billion current USD,Personal consumption expenditures: Nondurable goods: Gasoline and other energy goods,https://alfred.stlouisfed.org/series?seid=DGOERC1A027NBEA#,2026-09-09,energy
2008,391.089,391.089,2026-04-09,billion current USD,Personal consumption expenditures: Nondurable goods: Gasoline and other energy goods,https://alfred.stlouisfed.org/series?seid=DGOERC1A027NBEA#,2026-09-09,energy
2009,287.027,287.027,2026-04-09,billion current USD,Personal consumption expenditures: Nondurable goods: Gasoline and other energy goods,https://alfred.stlouisfed.org/series?seid=DGOERC1A027NBEA#,2026-09-09,energy
2010,336.718,336.718,2026-04-09,billion current USD,Personal consumption expenditures: Nondurable goods: Gasoline and other energy goods,https://alfred.stlouisfed.org/series?seid=DGOERC1A027NBEA#,2026-09-09,energy
2011,413.801,413.801,2026-04-09,billion current USD,Personal consumption expenditures: Nondurable goods: Gasoline and other energy goods,https://alfred.stlouisfed.org/series?seid=DGOERC1A027NBEA#,2026-09-09,energy
2012,421.935,421.935,2026-04-09,billion current USD,Personal consumption expenditures: Nondurable goods: Gasoline and other energy goods,https://alfred.stlouisfed.org/series?seid=DGOERC1A027NBEA#,2026-09-09,energy
2013,421.623,421.623,2026-04-09,billion current USD,Personal consumption expenditures: Nondurable goods: Gasoline and other energy goods,https://alfred.stlouisfed.org/series?seid=DGOERC1A027NBEA#,2026-09-09,energy
2014,410.907,410.907,2026-04-09,billion current USD,Personal consumption expenditures: Nondurable goods: Gasoline and other energy goods,https://alfred.stlouisfed.org/series?seid=DGOERC1A027NBEA#,2026-09-09,energy
2015,318.796,318.796,2026-04-09,billion current USD,Personal consumption expenditures: Nondurable goods: Gasoline and other energy goods,https://alfred.stlouisfed.org/series?seid=DGOERC1A027NBEA#,2026-09-09,energy
2016,287.015,287.015,2026-04-09,billion current USD,Personal consumption expenditures: Nondurable goods: Gasoline and other energy goods,https://alfred.stlouisfed.org/series?seid=DGOERC1A027NBEA#,2026-09-09,energy
2017,323.983,323.983,2026-04-09,billion current USD,Personal consumption expenditures: Nondurable goods: Gasoline and other energy goods,https://alfred.stlouisfed.org/series?seid=DGOERC1A027NBEA#,2026-09-09,energy
2018,366.675,366.675,2026-04-09,billion current USD,Personal consumption expenditures: Nondurable goods: Gasoline and other energy goods,https://alfred.stlouisfed.org/series?seid=DGOERC1A027NBEA#,2026-09-09,energy
2019,352.512,352.512,2026-04-09,billion current USD,Personal consumption expenditures: Nondurable goods: Gasoline and other energy goods,https://alfred.stlouisfed.org/series?seid=DGOERC1A027NBEA#,2026-09-09,energy
2020,258.458,258.458,2026-04-09,billion current USD,Personal consumption expenditures: Nondurable goods: Gasoline and other energy goods,https://alfred.stlouisfed.org/series?seid=DGOERC1A027NBEA#,2026-09-09,energy
2021,385.743,385.743,2026-04-09,billion current USD,Personal consumption expenditures: Nondurable goods: Gasoline and other energy goods,https://alfred.stlouisfed.org/series?seid=DGOERC1A027NBEA#,2026-09-09,energy
2022,514.602,514.602,2026-04-09,billion current USD,Personal consumption expenditures: Nondurable goods: Gasoline and other energy goods,https://alfred.stlouisfed.org/series?seid=DGOERC1A027NBEA#,2026-09-09,energy
2023,464.897,464.897,2026-04-09,billion current USD,Personal consumption expenditures: Nondurable goods: Gasoline and other energy goods,https://alfred.stlouisfed.org/series?seid=DGOERC1A027NBEA#,2026-09-09,energy
2024,440.526,440.526,2026-04-09,billion current USD,Personal consumption expenditures: Nondurable goods: Gasoline and other energy goods,https://alfred.stlouisfed.org/series?seid=DGOERC1A027NBEA#,2026-09-09,energy
2025,422.353,422.353,2026-04-09,billion current USD,Personal consumption expenditures: Nondurable goods: Gasoline and other energy goods,https://alfred.stlouisfed.org/series?seid=DGOERC1A027NBEA#,2026-09-09,energy
1929,3.4,3.4,2016-07-29,billion current USD,Personal consumption expenditures: Nondurable goods: Gasoline and other energy goods,https://alfred.stlouisfed.org/series?seid=DGOERC1A027NBEA#,2026-09-09,energy
1930,3.3,3.3,2016-07-29,billion current USD,Personal consumption expenditures: Nondurable goods: Gasoline and other energy goods,https://alfred.stlouisfed.org/series?seid=DGOERC1A027NBEA#,2026-09-09,energy
1931,2.8,2.8,2016-07-29,billion current USD,Personal consumption expenditures: Nondurable goods: Gasoline and other energy goods,https://alfred.stlouisfed.org/series?seid=DGOERC1A027NBEA#,2026-09-09,energy
1932,2.6,2.6,2016-07-29,billion current USD,Personal consumption expenditures: Nondurable goods: Gasoline and other energy goods,https://alfred.stlouisfed.org/series?seid=DGOERC1A027NBEA#,2026-09-09,energy
1933,2.6,2.6,2016-07-29,billion current USD,Personal consumption expenditures: Nondurable goods: Gasoline and other energy goods,https://alfred.stlouisfed.org/series?seid=DGOERC1A027NBEA#,2026-09-09,energy
1934,2.9,2.9,2016-07-29,billion current USD,Personal consumption expenditures: Nondurable goods: Gasoline and other energy goods,https://alfred.stlouisfed.org/series?seid=DGOERC1A027NBEA#,2026-09-09,energy
1935,3.0,3,2016-07-29,billion current USD,Personal consumption expenditures: Nondurable goods: Gasoline and other energy goods,https://alfred.stlouisfed.org/series?seid=DGOERC1A027NBEA#,2026-09-09,energy
1936,3.3,3.3,2016-07-29,billion current USD,Personal consumption expenditures: Nondurable goods: Gasoline and other energy goods,https://alfred.stlouisfed.org/series?seid=DGOERC1A027NBEA#,2026-09-09,energy
1937,3.5,3.5,2016-07-29,billion current USD,Personal consumption expenditures: Nondurable goods: Gasoline and other energy goods,https://alfred.stlouisfed.org/series?seid=DGOERC1A027NBEA#,2026-09-09,energy
1938,3.4,3.4,2016-07-29,billion current USD,Personal consumption expenditures: Nondurable goods: Gasoline and other energy goods,https://alfred.stlouisfed.org/series?seid=DGOERC1A027NBEA#,2026-09-09,energy
1939,3.6,3.6,2016-07-29,billion current USD,Personal consumption expenditures: Nondurable goods: Gasoline and other energy goods,https://alfred.stlouisfed.org/series?seid=DGOERC1A027NBEA#,2026-09-09,energy
1940,3.8,3.8,2016-07-29,billion current USD,Personal consumption expenditures: Nondurable goods: Gasoline and other energy goods,https://alfred.stlouisfed.org/series?seid=DGOERC1A027NBEA#,2026-09-09,energy
1941,4.3,4.3,2016-07-29,billion current USD,Personal consumption expenditures: Nondurable goods: Gasoline and other energy goods,https://alfred.stlouisfed.org/series?seid=DGOERC1A027NBEA#,2026-09-09,energy
1942,3.9,3.9,2016-07-29,billion current USD,Personal consumption expenditures: Nondurable goods: Gasoline and other energy goods,https://alfred.stlouisfed.org/series?seid=DGOERC1A027NBEA#,2026-09-09,energy
1943,3.3,3.3,2016-07-29,billion current USD,Personal consumption expenditures: Nondurable goods: Gasoline and other energy goods,https://alfred.stlouisfed.org/series?seid=DGOERC1A027NBEA#,2026-09-09,energy
1944,3.4,3.4,2016-07-29,billion current USD,Personal consumption expenditures: Nondurable goods: Gasoline and other energy goods,https://alfred.stlouisfed.org/series?seid=DGOERC1A027NBEA#,2026-09-09,energy
1945,4.0,4,2016-07-29,billion current USD,Personal consumption expenditures: Nondurable goods: Gasoline and other energy goods,https://alfred.stlouisfed.org/series?seid=DGOERC1A027NBEA#,2026-09-09,energy
1946,5.8,5.8,2016-07-29,billion current USD,Personal consumption expenditures: Nondurable goods: Gasoline and other energy goods,https://alfred.stlouisfed.org/series?seid=DGOERC1A027NBEA#,2026-09-09,energy
1947,6.9,6.9,2016-07-29,billion current USD,Personal consumption expenditures: Nondurable goods: Gasoline and other energy goods,https://alfred.stlouisfed.org/series?seid=DGOERC1A027NBEA#,2026-09-09,energy
1948,8.2,8.2,2016-07-29,billion current USD,Personal consumption expenditures: Nondurable goods: Gasoline and other energy goods,https://alfred.stlouisfed.org/series?seid=DGOERC1A027NBEA#,2026-09-09,energy
1949,8.3,8.3,2016-07-29,billion current USD,Personal consumption expenditures: Nondurable goods: Gasoline and other energy goods,https://alfred.stlouisfed.org/series?seid=DGOERC1A027NBEA#,2026-09-09,energy
1950,8.9,8.9,2016-07-29,billion current USD,Personal consumption expenditures: Nondurable goods: Gasoline and other energy goods,https://alfred.stlouisfed.org/series?seid=DGOERC1A027NBEA#,2026-09-09,energy
1951,9.6,9.6,2016-07-29,billion current USD,Personal consumption expenditures: Nondurable goods: Gasoline and other energy goods,https://alfred.stlouisfed.org/series?seid=DGOERC1A027NBEA#,2026-09-09,energy
1952,10.2,10.2,2016-07-29,billion current USD,Personal consumption expenditures: Nondurable goods: Gasoline and other energy goods,https://alfred.stlouisfed.org/series?seid=DGOERC1A027NBEA#,2026-09-09,energy
1953,10.8,10.8,2016-07-29,billion current USD,Personal consumption expenditures: Nondurable goods: Gasoline and other energy goods,https://alfred.stlouisfed.org/series?seid=DGOERC1A027NBEA#,2026-09-09,energy
1954,11.3,11.3,2016-07-29,billion current USD,Personal consumption expenditures: Nondurable goods: Gasoline and other energy goods,https://alfred.stlouisfed.org/series?seid=DGOERC1A027NBEA#,2026-09-09,energy
1955,12.4,12.4,2016-07-29,billion current USD,Personal consumption expenditures: Nondurable goods: Gasoline and other energy goods,https://alfred.stlouisfed.org/series?seid=DGOERC1A027NBEA#,2026-09-09,energy
1956,13.3,13.3,2016-07-29,billion current USD,Personal consumption expenditures: Nondurable goods: Gasoline and other energy goods,https://alfred.stlouisfed.org/series?seid=DGOERC1A027NBEA#,2026-09-09,energy
1957,14.2,14.2,2016-07-29,billion current USD,Personal consumption expenditures: Nondurable goods: Gasoline and other energy goods,https://alfred.stlouisfed.org/series?seid=DGOERC1A027NBEA#,2026-09-09,energy
1958,14.7,14.7,2016-07-29,billion current USD,Personal consumption expenditures: Nondurable goods: Gasoline and other energy goods,https://alfred.stlouisfed.org/series?seid=DGOERC1A027NBEA#,2026-09-09,energy
1959,15.3,15.3,2016-07-29,billion current USD,Personal consumption expenditures: Nondurable goods: Gasoline and other energy goods,https://alfred.stlouisfed.org/series?seid=DGOERC1A027NBEA#,2026-09-09,energy
1960,15.8,15.8,2016-07-29,billion current USD,Personal consumption expenditures: Nondurable goods: Gasoline and other energy goods,https://alfred.stlouisfed.org/series?seid=DGOERC1A027NBEA#,2026-09-09,energy
1961,15.7,15.7,2016-07-29,billion current USD,Personal consumption expenditures: Nondurable goods: Gasoline and other energy goods,https://alfred.stlouisfed.org/series?seid=DGOERC1A027NBEA#,2026-09-09,energy
1962,16.3,16.3,2016-07-29,billion current USD,Personal consumption expenditures: Nondurable goods: Gasoline and other energy goods,https://alfred.stlouisfed.org/series?seid=DGOERC1A027NBEA#,2026-09-09,energy
1963,16.9,16.9,2016-07-29,billion current USD,Personal consumption expenditures: Nondurable goods: Gasoline and other energy goods,https://alfred.stlouisfed.org/series?seid=DGOERC1A027NBEA#,2026-09-09,energy
1964,17.7,17.7,2016-07-29,billion current USD,Personal consumption expenditures: Nondurable goods: Gasoline and other energy goods,https://alfred.stlouisfed.org/series?seid=DGOERC1A027NBEA#,2026-09-09,energy
1965,19.1,19.1,2016-07-29,billion current USD,Personal consumption expenditures: Nondurable goods: Gasoline and other energy goods,https://alfred.stlouisfed.org/series?seid=DGOERC1A027NBEA#,2026-09-09,energy
1966,20.7,20.7,2016-07-29,billion current USD,Personal consumption expenditures: Nondurable goods: Gasoline and other energy goods,https://alfred.stlouisfed.org/series?seid=DGOERC1A027NBEA#,2026-09-09,energy
1967,21.9,21.9,2016-07-29,billion current USD,Personal consumption expenditures: Nondurable goods: Gasoline and other energy goods,https://alfred.stlouisfed.org/series?seid=DGOERC1A027NBEA#,2026-09-09,energy
1968,23.2,23.2,2016-07-29,billion current USD,Personal consumption expenditures: Nondurable goods: Gasoline and other energy goods,https://alfred.stlouisfed.org/series?seid=DGOERC1A027NBEA#,2026-09-09,energy
1969,25.0,25,2016-07-29,billion current USD,Personal consumption expenditures: Nondurable goods: Gasoline and other energy goods,https://alfred.stlouisfed.org/series?seid=DGOERC1A027NBEA#,2026-09-09,energy
1970,26.3,26.3,2016-07-29,billion current USD,Personal consumption expenditures: Nondurable goods: Gasoline and other energy goods,https://alfred.stlouisfed.org/series?seid=DGOERC1A027NBEA#,2026-09-09,energy
1971,27.6,27.6,2016-07-29,billion current USD,Personal consumption expenditures: Nondurable goods: Gasoline and other energy goods,https://alfred.stlouisfed.org/series?seid=DGOERC1A027NBEA#,2026-09-09,energy
1972,29.4,29.4,2016-07-29,billion current USD,Personal consumption expenditures: Nondurable goods: Gasoline and other energy goods,https://alfred.stlouisfed.org/series?seid=DGOERC1A027NBEA#,2026-09-09,energy
1973,34.3,34.3,2016-07-29,billion current USD,Personal consumption expenditures: Nondurable goods: Gasoline and other energy goods,https://alfred.stlouisfed.org/series?seid=DGOERC1A027NBEA#,2026-09-09,energy
1974,43.8,43.8,2016-07-29,billion current USD,Personal consumption expenditures: Nondurable goods: Gasoline and other energy goods,https://alfred.stlouisfed.org/series?seid=DGOERC1A027NBEA#,2026-09-09,energy
1975,48.0,48,2016-07-29,billion current USD,Personal consumption expenditures: Nondurable goods: Gasoline and other energy goods,https://alfred.stlouisfed.org/series?seid=DGOERC1A027NBEA#,2026-09-09,energy
1976,53.0,53,2016-07-29,billion current USD,Personal consumption expenditures: Nondurable goods: Gasoline and other energy goods,https://alfred.stlouisfed.org/series?seid=DGOERC1A027NBEA#,2026-09-09,energy
1977,57.8,57.8,2016-07-29,billion current USD,Personal consumption expenditures: Nondurable goods: Gasoline and other energy goods,https://alfred.stlouisfed.org/series?seid=DGOERC1A027NBEA#,2026-09-09,energy
1978,61.5,61.5,2016-07-29,billion current USD,Personal consumption expenditures: Nondurable goods: Gasoline and other energy goods,https://alfred.stlouisfed.org/series?seid=DGOERC1A027NBEA#,2026-09-09,energy
1979,80.4,80.4,2016-07-29,billion current USD,Personal consumption expenditures: Nondurable goods: Gasoline and other energy goods,https://alfred.stlouisfed.org/series?seid=DGOERC1A027NBEA#,2026-09-09,energy
1980,101.9,101.9,2016-07-29,billion current USD,Personal consumption expenditures: Nondurable goods: Gasoline and other energy goods,https://alfred.stlouisfed.org/series?seid=DGOERC1A027NBEA#,2026-09-09,energy
1981,113.4,113.4,2016-07-29,billion current USD,Personal consumption expenditures: Nondurable goods: Gasoline and other energy goods,https://alfred.stlouisfed.org/series?seid=DGOERC1A027NBEA#,2026-09-09,energy
1982,108.4,108.4,2016-07-29,billion current USD,Personal consumption expenditures: Nondurable goods: Gasoline and other energy goods,https://alfred.stlouisfed.org/series?seid=DGOERC1A027NBEA#,2026-09-09,energy
1983,106.5,106.5,2016-07-29,billion current USD,Personal consumption expenditures: Nondurable goods: Gasoline and other energy goods,https://alfred.stlouisfed.org/series?seid=DGOERC1A027NBEA#,2026-09-09,energy
1984,108.2,108.2,2016-07-29,billion current USD,Personal consumption expenditures: Nondurable goods: Gasoline and other energy goods,https://alfred.stlouisfed.org/series?seid=DGOERC1A027NBEA#,2026-09-09,energy
1985,110.5,110.5,2016-07-29,billion current USD,Personal consumption expenditures: Nondurable goods: Gasoline and other energy goods,https://alfred.stlouisfed.org/series?seid=DGOERC1A027NBEA#,2026-09-09,energy
1986,91.2,91.2,2016-07-29,billion current USD,Personal consumption expenditures: Nondurable goods: Gasoline and other energy goods,https://alfred.stlouisfed.org/series?seid=DGOERC1A027NBEA#,2026-09-09,energy
1987,96.4,96.4,2016-07-29,billion current USD,Personal consumption expenditures: Nondurable goods: Gasoline and other energy goods,https://alfred.stlouisfed.org/series?seid=DGOERC1A027NBEA#,2026-09-09,energy
1988,99.9,99.9,2016-07-29,billion current USD,Personal consumption expenditures: Nondurable goods: Gasoline and other energy goods,https://alfred.stlouisfed.org/series?seid=DGOERC1A027NBEA#,2026-09-09,energy
1989,110.4,110.4,2016-07-29,billion current USD,Personal consumption expenditures: Nondurable goods: Gasoline and other energy goods,https://alfred.stlouisfed.org/series?seid=DGOERC1A027NBEA#,2026-09-09,energy
1990,124.2,124.2,2016-07-29,billion current USD,Personal consumption expenditures: Nondurable goods: Gasoline and other energy goods,https://alfred.stlouisfed.org/series?seid=DGOERC1A027NBEA#,2026-09-09,energy
1991,121.1,121.1,2016-07-29,billion current USD,Personal consumption expenditures: Nondurable goods: Gasoline and other energy goods,https://alfred.stlouisfed.org/series?seid=DGOERC1A027NBEA#,2026-09-09,energy
1992,125.0,125,2016-07-29,billion current USD,Personal consumption expenditures: Nondurable goods: Gasoline and other energy goods,https://alfred.stlouisfed.org/series?seid=DGOERC1A027NBEA#,2026-09-09,energy
1993,126.9,126.9,2016-07-29,billion current USD,Personal consumption expenditures: Nondurable goods: Gasoline and other energy goods,https://alfred.stlouisfed.org/series?seid=DGOERC1A027NBEA#,2026-09-09,energy
1994,129.2,129.2,2016-07-29,billion current USD,Personal consumption expenditures: Nondurable goods: Gasoline and other energy goods,https://alfred.stlouisfed.org/series?seid=DGOERC1A027NBEA#,2026-09-09,energy
1995,133.4,133.4,2016-07-29,billion current USD,Personal consumption expenditures: Nondurable goods: Gasoline and other energy goods,https://alfred.stlouisfed.org/series?seid=DGOERC1A027NBEA#,2026-09-09,energy
1996,144.7,144.7,2016-07-29,billion current USD,Personal consumption expenditures: Nondurable goods: Gasoline and other energy goods,https://alfred.stlouisfed.org/series?seid=DGOERC1A027NBEA#,2026-09-09,energy
1997,147.7,147.7,2016-07-29,billion current USD,Personal consumption expenditures: Nondurable goods: Gasoline and other energy goods,https://alfred.stlouisfed.org/series?seid=DGOERC1A027NBEA#,2026-09-09,energy
1998,132.4,132.4,2016-07-29,billion current USD,Personal consumption expenditures: Nondurable goods: Gasoline and other energy goods,https://alfred.stlouisfed.org/series?seid=DGOERC1A027NBEA#,2026-09-09,energy
1999,146.5,146.5,2016-07-29,billion current USD,Personal consumption expenditures: Nondurable goods: Gasoline and other energy goods,https://alfred.stlouisfed.org/series?seid=DGOERC1A027NBEA#,2026-09-09,energy
2000,184.5,184.5,2016-07-29,billion current USD,Personal consumption expenditures: Nondurable goods: Gasoline and other energy goods,https://alfred.stlouisfed.org/series?seid=DGOERC1A027NBEA#,2026-09-09,energy
2001,178.0,178,2016-07-29,billion current USD,Personal consumption expenditures: Nondurable goods: Gasoline and other energy goods,https://alfred.stlouisfed.org/series?seid=DGOERC1A027NBEA#,2026-09-09,energy
2002,167.9,167.9,2016-07-29,billion current USD,Personal consumption expenditures: Nondurable goods: Gasoline and other energy goods,https://alfred.stlouisfed.org/series?seid=DGOERC1A027NBEA#,2026-09-09,energy
2003,196.4,196.4,2016-07-29,billion current USD,Personal consumption expenditures: Nondurable goods: Gasoline and other energy goods,https://alfred.stlouisfed.org/series?seid=DGOERC1A027NBEA#,2026-09-09,energy
2004,232.7,232.7,2016-07-29,billion current USD,Personal consumption expenditures: Nondurable goods: Gasoline and other energy goods,https://alfred.stlouisfed.org/series?seid=DGOERC1A027NBEA#,2026-09-09,energy
2005,283.8,283.8,2016-07-29,billion current USD,Personal consumption expenditures: Nondurable goods: Gasoline and other energy goods,https://alfred.stlouisfed.org/series?seid=DGOERC1A027NBEA#,2026-09-09,energy
2006,319.7,319.7,2016-07-29,billion current USD,Personal consumption expenditures: Nondurable goods: Gasoline and other energy goods,https://alfred.stlouisfed.org/series?seid=DGOERC1A027NBEA#,2026-09-09,energy
2007,345.5,345.5,2016-07-29,billion current USD,Personal consumption expenditures: Nondurable goods: Gasoline and other energy goods,https://alfred.stlouisfed.org/series?seid=DGOERC1A027NBEA#,2026-09-09,energy
2008,389.1,389.1,2016-07-29,billion current USD,Personal consumption expenditures: Nondurable goods: Gasoline and other energy goods,https://alfred.stlouisfed.org/series?seid=DGOERC1A027NBEA#,2026-09-09,energy
2009,284.5,284.5,2016-07-29,billion current USD,Personal consumption expenditures: Nondurable goods: Gasoline and other energy goods,https://alfred.stlouisfed.org/series?seid=DGOERC1A027NBEA#,2026-09-09,energy
2010,333.4,333.4,2016-07-29,billion current USD,Personal consumption expenditures: Nondurable goods: Gasoline and other energy goods,https://alfred.stlouisfed.org/series?seid=DGOERC1A027NBEA#,2026-09-09,energy
2011,409.6,409.6,2016-07-29,billion current USD,Personal consumption expenditures: Nondurable goods: Gasoline and other energy goods,https://alfred.stlouisfed.org/series?seid=DGOERC1A027NBEA#,2026-09-09,energy
2012,416.9,416.9,2016-07-29,billion current USD,Personal consumption expenditures: Nondurable goods: Gasoline and other energy goods,https://alfred.stlouisfed.org/series?seid=DGOERC1A027NBEA#,2026-09-09,energy
2013,412.2,412.2,2016-07-29,billion current USD,Personal consumption expenditures: Nondurable goods: Gasoline and other energy goods,https://alfred.stlouisfed.org/series?seid=DGOERC1A027NBEA#,2026-09-09,energy
2014,398.9,398.9,2016-07-29,billion current USD,Personal consumption expenditures: Nondurable goods: Gasoline and other energy goods,https://alfred.stlouisfed.org/series?seid=DGOERC1A027NBEA#,2026-09-09,energy
2015,303.7,303.7,2016-07-29,billion current USD,Personal consumption expenditures: Nondurable goods: Gasoline and other energy goods,https://alfred.stlouisfed.org/series?seid=DGOERC1A027NBEA#,2026-09-09,energy
1929,83.56,83.56,2026-05-28,billion current USD,Disposable personal income,https://alfred.stlouisfed.org/series?seid=A067RC1A027NBEA,2026-09-09,income
1930,74.962,74.962,2026-05-28,billion current USD,Disposable personal income,https://alfred.stlouisfed.org/series?seid=A067RC1A027NBEA,2026-09-09,income
1931,64.665,64.665,2026-05-28,billion current USD,Disposable personal income,https://alfred.stlouisfed.org/series?seid=A067RC1A027NBEA,2026-09-09,income
1932,49.566,49.566,2026-05-28,billion current USD,Disposable personal income,https://alfred.stlouisfed.org/series?seid=A067RC1A027NBEA,2026-09-09,income
1933,46.422,46.422,2026-05-28,billion current USD,Disposable personal income,https://alfred.stlouisfed.org/series?seid=A067RC1A027NBEA,2026-09-09,income
1934,53.19,53.19,2026-05-28,billion current USD,Disposable personal income,https://alfred.stlouisfed.org/series?seid=A067RC1A027NBEA,2026-09-09,income
1935,59.776,59.776,2026-05-28,billion current USD,Disposable personal income,https://alfred.stlouisfed.org/series?seid=A067RC1A027NBEA,2026-09-09,income
1936,67.926,67.926,2026-05-28,billion current USD,Disposable personal income,https://alfred.stlouisfed.org/series?seid=A067RC1A027NBEA,2026-09-09,income
1937,72.788,72.788,2026-05-28,billion current USD,Disposable personal income,https://alfred.stlouisfed.org/series?seid=A067RC1A027NBEA,2026-09-09,income
1938,67.226,67.226,2026-05-28,billion current USD,Disposable personal income,https://alfred.stlouisfed.org/series?seid=A067RC1A027NBEA,2026-09-09,income
1939,72.145,72.145,2026-05-28,billion current USD,Disposable personal income,https://alfred.stlouisfed.org/series?seid=A067RC1A027NBEA,2026-09-09,income
1940,77.722,77.722,2026-05-28,billion current USD,Disposable personal income,https://alfred.stlouisfed.org/series?seid=A067RC1A027NBEA,2026-09-09,income
1941,95.568,95.568,2026-05-28,billion current USD,Disposable personal income,https://alfred.stlouisfed.org/series?seid=A067RC1A027NBEA,2026-09-09,income
1942,121.836,121.836,2026-05-28,billion current USD,Disposable personal income,https://alfred.stlouisfed.org/series?seid=A067RC1A027NBEA,2026-09-09,income
1943,139.45,139.45,2026-05-28,billion current USD,Disposable personal income,https://alfred.stlouisfed.org/series?seid=A067RC1A027NBEA,2026-09-09,income
1944,152.054,152.054,2026-05-28,billion current USD,Disposable personal income,https://alfred.stlouisfed.org/series?seid=A067RC1A027NBEA,2026-09-09,income
1945,156.344,156.344,2026-05-28,billion current USD,Disposable personal income,https://alfred.stlouisfed.org/series?seid=A067RC1A027NBEA,2026-09-09,income
1946,165.324,165.324,2026-05-28,billion current USD,Disposable personal income,https://alfred.stlouisfed.org/series?seid=A067RC1A027NBEA,2026-09-09,income
1947,174.691,174.691,2026-05-28,billion current USD,Disposable personal income,https://alfred.stlouisfed.org/series?seid=A067RC1A027NBEA,2026-09-09,income
1948,194.291,194.291,2026-05-28,billion current USD,Disposable personal income,https://alfred.stlouisfed.org/series?seid=A067RC1A027NBEA,2026-09-09,income
1949,194.338,194.338,2026-05-28,billion current USD,Disposable personal income,https://alfred.stlouisfed.org/series?seid=A067RC1A027NBEA,2026-09-09,income
1950,214.823,214.823,2026-05-28,billion current USD,Disposable personal income,https://alfred.stlouisfed.org/series?seid=A067RC1A027NBEA,2026-09-09,income
1951,237.177,237.177,2026-05-28,billion current USD,Disposable personal income,https://alfred.stlouisfed.org/series?seid=A067RC1A027NBEA,2026-09-09,income
1952,250.455,250.455,2026-05-28,billion current USD,Disposable personal income,https://alfred.stlouisfed.org/series?seid=A067RC1A027NBEA,2026-09-09,income
1953,265.985,265.985,2026-05-28,billion current USD,Disposable personal income,https://alfred.stlouisfed.org/series?seid=A067RC1A027NBEA,2026-09-09,income
1954,272.061,272.061,2026-05-28,billion current USD,Disposable personal income,https://alfred.stlouisfed.org/series?seid=A067RC1A027NBEA,2026-09-09,income
1955,291.3,291.3,2026-05-28,billion current USD,Disposable personal income,https://alfred.stlouisfed.org/series?seid=A067RC1A027NBEA,2026-09-09,income
1956,311.312,311.312,2026-05-28,billion current USD,Disposable personal income,https://alfred.stlouisfed.org/series?seid=A067RC1A027NBEA,2026-09-09,income
1957,329.097,329.097,2026-05-28,billion current USD,Disposable personal income,https://alfred.stlouisfed.org/series?seid=A067RC1A027NBEA,2026-09-09,income
1958,340.404,340.404,2026-05-28,billion current USD,Disposable personal income,https://alfred.stlouisfed.org/series?seid=A067RC1A027NBEA,2026-09-09,income
1959,360.576,360.576,2026-05-28,billion current USD,Disposable personal income,https://alfred.stlouisfed.org/series?seid=A067RC1A027NBEA,2026-09-09,income
1960,376.07,376.07,2026-05-28,billion current USD,Disposable personal income,https://alfred.stlouisfed.org/series?seid=A067RC1A027NBEA,2026-09-09,income
1961,393.326,393.326,2026-05-28,billion current USD,Disposable personal income,https://alfred.stlouisfed.org/series?seid=A067RC1A027NBEA,2026-09-09,income
1962,417.282,417.282,2026-05-28,billion current USD,Disposable personal income,https://alfred.stlouisfed.org/series?seid=A067RC1A027NBEA,2026-09-09,income
1963,438.222,438.222,2026-05-28,billion current USD,Disposable personal income,https://alfred.stlouisfed.org/series?seid=A067RC1A027NBEA,2026-09-09,income
1964,476.124,476.124,2026-05-28,billion current USD,Disposable personal income,https://alfred.stlouisfed.org/series?seid=A067RC1A027NBEA,2026-09-09,income
1965,512.995,512.995,2026-05-28,billion current USD,Disposable personal income,https://alfred.stlouisfed.org/series?seid=A067RC1A027NBEA,2026-09-09,income
1966,553.961,553.961,2026-05-28,billion current USD,Disposable personal income,https://alfred.stlouisfed.org/series?seid=A067RC1A027NBEA,2026-09-09,income
1967,592.762,592.762,2026-05-28,billion current USD,Disposable personal income,https://alfred.stlouisfed.org/series?seid=A067RC1A027NBEA,2026-09-09,income
1968,643.928,643.928,2026-05-28,billion current USD,Disposable personal income,https://alfred.stlouisfed.org/series?seid=A067RC1A027NBEA,2026-09-09,income
1969,695.83,695.83,2026-05-28,billion current USD,Disposable personal income,https://alfred.stlouisfed.org/series?seid=A067RC1A027NBEA,2026-09-09,income
1970,761.975,761.975,2026-05-28,billion current USD,Disposable personal income,https://alfred.stlouisfed.org/series?seid=A067RC1A027NBEA,2026-09-09,income
1971,831.08,831.08,2026-05-28,billion current USD,Disposable personal income,https://alfred.stlouisfed.org/series?seid=A067RC1A027NBEA,2026-09-09,income
1972,900.816,900.816,2026-05-28,billion current USD,Disposable personal income,https://alfred.stlouisfed.org/series?seid=A067RC1A027NBEA,2026-09-09,income
1973,1008.373,1008.373,2026-05-28,billion current USD,Disposable personal income,https://alfred.stlouisfed.org/series?seid=A067RC1A027NBEA,2026-09-09,income
1974,1100.771,1100.771,2026-05-28,billion current USD,Disposable personal income,https://alfred.stlouisfed.org/series?seid=A067RC1A027NBEA,2026-09-09,income
1975,1221.782,1221.782,2026-05-28,billion current USD,Disposable personal income,https://alfred.stlouisfed.org/series?seid=A067RC1A027NBEA,2026-09-09,income
1976,1329.976,1329.976,2026-05-28,billion current USD,Disposable personal income,https://alfred.stlouisfed.org/series?seid=A067RC1A027NBEA,2026-09-09,income
1977,1461.357,1461.357,2026-05-28,billion current USD,Disposable personal income,https://alfred.stlouisfed.org/series?seid=A067RC1A027NBEA,2026-09-09,income
1978,1634.072,1634.072,2026-05-28,billion current USD,Disposable personal income,https://alfred.stlouisfed.org/series?seid=A067RC1A027NBEA,2026-09-09,income
1979,1813.796,1813.796,2026-05-28,billion current USD,Disposable personal income,https://alfred.stlouisfed.org/series?seid=A067RC1A027NBEA,2026-09-09,income
1980,2024.946,2024.946,2026-05-28,billion current USD,Disposable personal income,https://alfred.stlouisfed.org/series?seid=A067RC1A027NBEA,2026-09-09,income
1981,2257.42,2257.42,2026-05-28,billion current USD,Disposable personal income,https://alfred.stlouisfed.org/series?seid=A067RC1A027NBEA,2026-09-09,income
1982,2434.718,2434.718,2026-05-28,billion current USD,Disposable personal income,https://alfred.stlouisfed.org/series?seid=A067RC1A027NBEA,2026-09-09,income
1983,2628.837,2628.837,2026-05-28,billion current USD,Disposable personal income,https://alfred.stlouisfed.org/series?seid=A067RC1A027NBEA,2026-09-09,income
1984,2910.758,2910.758,2026-05-28,billion current USD,Disposable personal income,https://alfred.stlouisfed.org/series?seid=A067RC1A027NBEA,2026-09-09,income
1985,3105.08,3105.08,2026-05-28,billion current USD,Disposable personal income,https://alfred.stlouisfed.org/series?seid=A067RC1A027NBEA,2026-09-09,income
1986,3293.387,3293.387,2026-05-28,billion current USD,Disposable personal income,https://alfred.stlouisfed.org/series?seid=A067RC1A027NBEA,2026-09-09,income
1987,3457.219,3457.219,2026-05-28,billion current USD,Disposable personal income,https://alfred.stlouisfed.org/series?seid=A067RC1A027NBEA,2026-09-09,income
1988,3774.082,3774.082,2026-05-28,billion current USD,Disposable personal income,https://alfred.stlouisfed.org/series?seid=A067RC1A027NBEA,2026-09-09,income
1989,4053.277,4053.277,2026-05-28,billion current USD,Disposable personal income,https://alfred.stlouisfed.org/series?seid=A067RC1A027NBEA,2026-09-09,income
1990,4318.635,4318.635,2026-05-28,billion current USD,Disposable personal income,https://alfred.stlouisfed.org/series?seid=A067RC1A027NBEA,2026-09-09,income
1991,4501.012,4501.012,2026-05-28,billion current USD,Disposable personal income,https://alfred.stlouisfed.org/series?seid=A067RC1A027NBEA,2026-09-09,income
1992,4804.692,4804.692,2026-05-28,billion current USD,Disposable personal income,https://alfred.stlouisfed.org/series?seid=A067RC1A027NBEA,2026-09-09,income
1993,5004.111,5004.111,2026-05-28,billion current USD,Disposable personal income,https://alfred.stlouisfed.org/series?seid=A067RC1A027NBEA,2026-09-09,income
1994,5247.849,5247.849,2026-05-28,billion current USD,Disposable personal income,https://alfred.stlouisfed.org/series?seid=A067RC1A027NBEA,2026-09-09,income
1995,5534.953,5534.953,2026-05-28,billion current USD,Disposable personal income,https://alfred.stlouisfed.org/series?seid=A067RC1A027NBEA,2026-09-09,income
1996,5829.114,5829.114,2026-05-28,billion current USD,Disposable personal income,https://alfred.stlouisfed.org/series?seid=A067RC1A027NBEA,2026-09-09,income
1997,6142.153,6142.153,2026-05-28,billion current USD,Disposable personal income,https://alfred.stlouisfed.org/series?seid=A067RC1A027NBEA,2026-09-09,income
1998,6555.937,6555.937,2026-05-28,billion current USD,Disposable personal income,https://alfred.stlouisfed.org/series?seid=A067RC1A027NBEA,2026-09-09,income
1999,6866.685,6866.685,2026-05-28,billion current USD,Disposable personal income,https://alfred.stlouisfed.org/series?seid=A067RC1A027NBEA,2026-09-09,income
2000,7384.97,7384.97,2026-05-28,billion current USD,Disposable personal income,https://alfred.stlouisfed.org/series?seid=A067RC1A027NBEA,2026-09-09,income
2001,7754.096,7754.096,2026-05-28,billion current USD,Disposable personal income,https://alfred.stlouisfed.org/series?seid=A067RC1A027NBEA,2026-09-09,income
2002,8097.871,8097.871,2026-05-28,billion current USD,Disposable personal income,https://alfred.stlouisfed.org/series?seid=A067RC1A027NBEA,2026-09-09,income
2003,8478.217,8478.217,2026-05-28,billion current USD,Disposable personal income,https://alfred.stlouisfed.org/series?seid=A067RC1A027NBEA,2026-09-09,income
2004,8967.128,8967.128,2026-05-28,billion current USD,Disposable personal income,https://alfred.stlouisfed.org/series?seid=A067RC1A027NBEA,2026-09-09,income
2005,9333.646,9333.646,2026-05-28,billion current USD,Disposable personal income,https://alfred.stlouisfed.org/series?seid=A067RC1A027NBEA,2026-09-09,income
2006,9945.033,9945.033,2026-05-28,billion current USD,Disposable personal income,https://alfred.stlouisfed.org/series?seid=A067RC1A027NBEA,2026-09-09,income
2007,10439.63,10439.63,2026-05-28,billion current USD,Disposable personal income,https://alfred.stlouisfed.org/series?seid=A067RC1A027NBEA,2026-09-09,income
2008,10918.179,10918.179,2026-05-28,billion current USD,Disposable personal income,https://alfred.stlouisfed.org/series?seid=A067RC1A027NBEA,2026-09-09,income
2009,10913.304,10913.304,2026-05-28,billion current USD,Disposable personal income,https://alfred.stlouisfed.org/series?seid=A067RC1A027NBEA,2026-09-09,income
2010,11319.008,11319.008,2026-05-28,billion current USD,Disposable personal income,https://alfred.stlouisfed.org/series?seid=A067RC1A027NBEA,2026-09-09,income
2011,11855.88,11855.88,2026-05-28,billion current USD,Disposable personal income,https://alfred.stlouisfed.org/series?seid=A067RC1A027NBEA,2026-09-09,income
2012,12408.28,12408.28,2026-05-28,billion current USD,Disposable personal income,https://alfred.stlouisfed.org/series?seid=A067RC1A027NBEA,2026-09-09,income
2013,12391.235,12391.235,2026-05-28,billion current USD,Disposable personal income,https://alfred.stlouisfed.org/series?seid=A067RC1A027NBEA,2026-09-09,income
2014,12998.394,12998.394,2026-05-28,billion current USD,Disposable personal income,https://alfred.stlouisfed.org/series?seid=A067RC1A027NBEA,2026-09-09,income
2015,13532.854,13532.854,2026-05-28,billion current USD,Disposable personal income,https://alfred.stlouisfed.org/series?seid=A067RC1A027NBEA,2026-09-09,income
2016,13928.899,13928.899,2026-05-28,billion current USD,Disposable personal income,https://alfred.stlouisfed.org/series?seid=A067RC1A027NBEA,2026-09-09,income
2017,14613.927,14613.927,2026-05-28,billion current USD,Disposable personal income,https://alfred.stlouisfed.org/series?seid=A067RC1A027NBEA,2026-09-09,income
2018,15454.039,15454.039,2026-05-28,billion current USD,Disposable personal income,https://alfred.stlouisfed.org/series?seid=A067RC1A027NBEA,2026-09-09,income
2019,16164.498,16164.498,2026-05-28,billion current USD,Disposable personal income,https://alfred.stlouisfed.org/series?seid=A067RC1A027NBEA,2026-09-09,income
2020,17383.429,17383.429,2026-05-28,billion current USD,Disposable personal income,https://alfred.stlouisfed.org/series?seid=A067RC1A027NBEA,2026-09-09,income
2021,18800.904,18800.904,2026-05-28,billion current USD,Disposable personal income,https://alfred.stlouisfed.org/series?seid=A067RC1A027NBEA,2026-09-09,income
2022,18910.518,18910.518,2026-05-28,billion current USD,Disposable personal income,https://alfred.stlouisfed.org/series?seid=A067RC1A027NBEA,2026-09-09,income
2023,20749.273,20749.273,2026-05-28,billion current USD,Disposable personal income,https://alfred.stlouisfed.org/series?seid=A067RC1A027NBEA,2026-09-09,income
2024,21917.657,21917.657,2026-05-28,billion current USD,Disposable personal income,https://alfred.stlouisfed.org/series?seid=A067RC1A027NBEA,2026-09-09,income
2025,22866.177,22866.177,2026-05-28,billion current USD,Disposable personal income,https://alfred.stlouisfed.org/series?seid=A067RC1A027NBEA,2026-09-09,income
1929,83.5,83.5,2016-07-29,billion current USD,Disposable personal income,https://alfred.stlouisfed.org/series?seid=A067RC1A027NBEA,2026-09-09,income
1930,74.9,74.9,2016-07-29,billion current USD,Disposable personal income,https://alfred.stlouisfed.org/series?seid=A067RC1A027NBEA,2026-09-09,income
1931,64.6,64.6,2016-07-29,billion current USD,Disposable personal income,https://alfred.stlouisfed.org/series?seid=A067RC1A027NBEA,2026-09-09,income
1932,49.5,49.5,2016-07-29,billion current USD,Disposable personal income,https://alfred.stlouisfed.org/series?seid=A067RC1A027NBEA,2026-09-09,income
1933,46.4,46.4,2016-07-29,billion current USD,Disposable personal income,https://alfred.stlouisfed.org/series?seid=A067RC1A027NBEA,2026-09-09,income
1934,53.2,53.2,2016-07-29,billion current USD,Disposable personal income,https://alfred.stlouisfed.org/series?seid=A067RC1A027NBEA,2026-09-09,income
1935,59.8,59.8,2016-07-29,billion current USD,Disposable personal income,https://alfred.stlouisfed.org/series?seid=A067RC1A027NBEA,2026-09-09,income
1936,67.9,67.9,2016-07-29,billion current USD,Disposable personal income,https://alfred.stlouisfed.org/series?seid=A067RC1A027NBEA,2026-09-09,income
1937,72.8,72.8,2016-07-29,billion current USD,Disposable personal income,https://alfred.stlouisfed.org/series?seid=A067RC1A027NBEA,2026-09-09,income
1938,67.2,67.2,2016-07-29,billion current USD,Disposable personal income,https://alfred.stlouisfed.org/series?seid=A067RC1A027NBEA,2026-09-09,income
1939,72.1,72.1,2016-07-29,billion current USD,Disposable personal income,https://alfred.stlouisfed.org/series?seid=A067RC1A027NBEA,2026-09-09,income
1940,77.7,77.7,2016-07-29,billion current USD,Disposable personal income,https://alfred.stlouisfed.org/series?seid=A067RC1A027NBEA,2026-09-09,income
1941,95.6,95.6,2016-07-29,billion current USD,Disposable personal income,https://alfred.stlouisfed.org/series?seid=A067RC1A027NBEA,2026-09-09,income
1942,121.8,121.8,2016-07-29,billion current USD,Disposable personal income,https://alfred.stlouisfed.org/series?seid=A067RC1A027NBEA,2026-09-09,income
1943,139.4,139.4,2016-07-29,billion current USD,Disposable personal income,https://alfred.stlouisfed.org/series?seid=A067RC1A027NBEA,2026-09-09,income
1944,152.0,152,2016-07-29,billion current USD,Disposable personal income,https://alfred.stlouisfed.org/series?seid=A067RC1A027NBEA,2026-09-09,income
1945,156.3,156.3,2016-07-29,billion current USD,Disposable personal income,https://alfred.stlouisfed.org/series?seid=A067RC1A027NBEA,2026-09-09,income
1946,165.5,165.5,2016-07-29,billion current USD,Disposable personal income,https://alfred.stlouisfed.org/series?seid=A067RC1A027NBEA,2026-09-09,income
1947,174.8,174.8,2016-07-29,billion current USD,Disposable personal income,https://alfred.stlouisfed.org/series?seid=A067RC1A027NBEA,2026-09-09,income
1948,194.5,194.5,2016-07-29,billion current USD,Disposable personal income,https://alfred.stlouisfed.org/series?seid=A067RC1A027NBEA,2026-09-09,income
1949,194.5,194.5,2016-07-29,billion current USD,Disposable personal income,https://alfred.stlouisfed.org/series?seid=A067RC1A027NBEA,2026-09-09,income
1950,215.0,215,2016-07-29,billion current USD,Disposable personal income,https://alfred.stlouisfed.org/series?seid=A067RC1A027NBEA,2026-09-09,income
1951,237.4,237.4,2016-07-29,billion current USD,Disposable personal income,https://alfred.stlouisfed.org/series?seid=A067RC1A027NBEA,2026-09-09,income
1952,250.7,250.7,2016-07-29,billion current USD,Disposable personal income,https://alfred.stlouisfed.org/series?seid=A067RC1A027NBEA,2026-09-09,income
1953,266.3,266.3,2016-07-29,billion current USD,Disposable personal income,https://alfred.stlouisfed.org/series?seid=A067RC1A027NBEA,2026-09-09,income
1954,272.4,272.4,2016-07-29,billion current USD,Disposable personal income,https://alfred.stlouisfed.org/series?seid=A067RC1A027NBEA,2026-09-09,income
1955,291.7,291.7,2016-07-29,billion current USD,Disposable personal income,https://alfred.stlouisfed.org/series?seid=A067RC1A027NBEA,2026-09-09,income
1956,311.8,311.8,2016-07-29,billion current USD,Disposable personal income,https://alfred.stlouisfed.org/series?seid=A067RC1A027NBEA,2026-09-09,income
1957,329.6,329.6,2016-07-29,billion current USD,Disposable personal income,https://alfred.stlouisfed.org/series?seid=A067RC1A027NBEA,2026-09-09,income
1958,340.9,340.9,2016-07-29,billion current USD,Disposable personal income,https://alfred.stlouisfed.org/series?seid=A067RC1A027NBEA,2026-09-09,income
1959,360.9,360.9,2016-07-29,billion current USD,Disposable personal income,https://alfred.stlouisfed.org/series?seid=A067RC1A027NBEA,2026-09-09,income
1960,376.5,376.5,2016-07-29,billion current USD,Disposable personal income,https://alfred.stlouisfed.org/series?seid=A067RC1A027NBEA,2026-09-09,income
1961,393.8,393.8,2016-07-29,billion current USD,Disposable personal income,https://alfred.stlouisfed.org/series?seid=A067RC1A027NBEA,2026-09-09,income
1962,417.5,417.5,2016-07-29,billion current USD,Disposable personal income,https://alfred.stlouisfed.org/series?seid=A067RC1A027NBEA,2026-09-09,income
1963,438.3,438.3,2016-07-29,billion current USD,Disposable personal income,https://alfred.stlouisfed.org/series?seid=A067RC1A027NBEA,2026-09-09,income
1964,476.3,476.3,2016-07-29,billion current USD,Disposable personal income,https://alfred.stlouisfed.org/series?seid=A067RC1A027NBEA,2026-09-09,income
1965,513.2,513.2,2016-07-29,billion current USD,Disposable personal income,https://alfred.stlouisfed.org/series?seid=A067RC1A027NBEA,2026-09-09,income
1966,554.2,554.2,2016-07-29,billion current USD,Disposable personal income,https://alfred.stlouisfed.org/series?seid=A067RC1A027NBEA,2026-09-09,income
1967,592.8,592.8,2016-07-29,billion current USD,Disposable personal income,https://alfred.stlouisfed.org/series?seid=A067RC1A027NBEA,2026-09-09,income
1968,643.8,643.8,2016-07-29,billion current USD,Disposable personal income,https://alfred.stlouisfed.org/series?seid=A067RC1A027NBEA,2026-09-09,income
1969,695.8,695.8,2016-07-29,billion current USD,Disposable personal income,https://alfred.stlouisfed.org/series?seid=A067RC1A027NBEA,2026-09-09,income
1970,761.5,761.5,2016-07-29,billion current USD,Disposable personal income,https://alfred.stlouisfed.org/series?seid=A067RC1A027NBEA,2026-09-09,income
1971,830.4,830.4,2016-07-29,billion current USD,Disposable personal income,https://alfred.stlouisfed.org/series?seid=A067RC1A027NBEA,2026-09-09,income
1972,899.9,899.9,2016-07-29,billion current USD,Disposable personal income,https://alfred.stlouisfed.org/series?seid=A067RC1A027NBEA,2026-09-09,income
1973,1006.1,1006.1,2016-07-29,billion current USD,Disposable personal income,https://alfred.stlouisfed.org/series?seid=A067RC1A027NBEA,2026-09-09,income
1974,1098.3,1098.3,2016-07-29,billion current USD,Disposable personal income,https://alfred.stlouisfed.org/series?seid=A067RC1A027NBEA,2026-09-09,income
1975,1219.3,1219.3,2016-07-29,billion current USD,Disposable personal income,https://alfred.stlouisfed.org/series?seid=A067RC1A027NBEA,2026-09-09,income
1976,1325.8,1325.8,2016-07-29,billion current USD,Disposable personal income,https://alfred.stlouisfed.org/series?seid=A067RC1A027NBEA,2026-09-09,income
1977,1456.7,1456.7,2016-07-29,billion current USD,Disposable personal income,https://alfred.stlouisfed.org/series?seid=A067RC1A027NBEA,2026-09-09,income
1978,1630.1,1630.1,2016-07-29,billion current USD,Disposable personal income,https://alfred.stlouisfed.org/series?seid=A067RC1A027NBEA,2026-09-09,income
1979,1809.3,1809.3,2016-07-29,billion current USD,Disposable personal income,https://alfred.stlouisfed.org/series?seid=A067RC1A027NBEA,2026-09-09,income
1980,2018.0,2018,2016-07-29,billion current USD,Disposable personal income,https://alfred.stlouisfed.org/series?seid=A067RC1A027NBEA,2026-09-09,income
1981,2250.7,2250.7,2016-07-29,billion current USD,Disposable personal income,https://alfred.stlouisfed.org/series?seid=A067RC1A027NBEA,2026-09-09,income
1982,2424.7,2424.7,2016-07-29,billion current USD,Disposable personal income,https://alfred.stlouisfed.org/series?seid=A067RC1A027NBEA,2026-09-09,income
1983,2617.4,2617.4,2016-07-29,billion current USD,Disposable personal income,https://alfred.stlouisfed.org/series?seid=A067RC1A027NBEA,2026-09-09,income
1984,2903.9,2903.9,2016-07-29,billion current USD,Disposable personal income,https://alfred.stlouisfed.org/series?seid=A067RC1A027NBEA,2026-09-09,income
1985,3098.5,3098.5,2016-07-29,billion current USD,Disposable personal income,https://alfred.stlouisfed.org/series?seid=A067RC1A027NBEA,2026-09-09,income
1986,3287.9,3287.9,2016-07-29,billion current USD,Disposable personal income,https://alfred.stlouisfed.org/series?seid=A067RC1A027NBEA,2026-09-09,income
1987,3466.3,3466.3,2016-07-29,billion current USD,Disposable personal income,https://alfred.stlouisfed.org/series?seid=A067RC1A027NBEA,2026-09-09,income
1988,3770.4,3770.4,2016-07-29,billion current USD,Disposable personal income,https://alfred.stlouisfed.org/series?seid=A067RC1A027NBEA,2026-09-09,income
1989,4052.1,4052.1,2016-07-29,billion current USD,Disposable personal income,https://alfred.stlouisfed.org/series?seid=A067RC1A027NBEA,2026-09-09,income
1990,4311.8,4311.8,2016-07-29,billion current USD,Disposable personal income,https://alfred.stlouisfed.org/series?seid=A067RC1A027NBEA,2026-09-09,income
1991,4484.5,4484.5,2016-07-29,billion current USD,Disposable personal income,https://alfred.stlouisfed.org/series?seid=A067RC1A027NBEA,2026-09-09,income
1992,4800.2,4800.2,2016-07-29,billion current USD,Disposable personal income,https://alfred.stlouisfed.org/series?seid=A067RC1A027NBEA,2026-09-09,income
1993,5000.2,5000.2,2016-07-29,billion current USD,Disposable personal income,https://alfred.stlouisfed.org/series?seid=A067RC1A027NBEA,2026-09-09,income
1994,5244.2,5244.2,2016-07-29,billion current USD,Disposable personal income,https://alfred.stlouisfed.org/series?seid=A067RC1A027NBEA,2026-09-09,income
1995,5532.6,5532.6,2016-07-29,billion current USD,Disposable personal income,https://alfred.stlouisfed.org/series?seid=A067RC1A027NBEA,2026-09-09,income
1996,5829.9,5829.9,2016-07-29,billion current USD,Disposable personal income,https://alfred.stlouisfed.org/series?seid=A067RC1A027NBEA,2026-09-09,income
1997,6148.8,6148.8,2016-07-29,billion current USD,Disposable personal income,https://alfred.stlouisfed.org/series?seid=A067RC1A027NBEA,2026-09-09,income
1998,6561.3,6561.3,2016-07-29,billion current USD,Disposable personal income,https://alfred.stlouisfed.org/series?seid=A067RC1A027NBEA,2026-09-09,income
1999,6876.3,6876.3,2016-07-29,billion current USD,Disposable personal income,https://alfred.stlouisfed.org/series?seid=A067RC1A027NBEA,2026-09-09,income
2000,7400.5,7400.5,2016-07-29,billion current USD,Disposable personal income,https://alfred.stlouisfed.org/series?seid=A067RC1A027NBEA,2026-09-09,income
2001,7752.3,7752.3,2016-07-29,billion current USD,Disposable personal income,https://alfred.stlouisfed.org/series?seid=A067RC1A027NBEA,2026-09-09,income
2002,8099.2,8099.2,2016-07-29,billion current USD,Disposable personal income,https://alfred.stlouisfed.org/series?seid=A067RC1A027NBEA,2026-09-09,income
2003,8485.8,8485.8,2016-07-29,billion current USD,Disposable personal income,https://alfred.stlouisfed.org/series?seid=A067RC1A027NBEA,2026-09-09,income
2004,9002.3,9002.3,2016-07-29,billion current USD,Disposable personal income,https://alfred.stlouisfed.org/series?seid=A067RC1A027NBEA,2026-09-09,income
2005,9400.8,9400.8,2016-07-29,billion current USD,Disposable personal income,https://alfred.stlouisfed.org/series?seid=A067RC1A027NBEA,2026-09-09,income
2006,10036.9,10036.9,2016-07-29,billion current USD,Disposable personal income,https://alfred.stlouisfed.org/series?seid=A067RC1A027NBEA,2026-09-09,income
2007,10507.0,10507,2016-07-29,billion current USD,Disposable personal income,https://alfred.stlouisfed.org/series?seid=A067RC1A027NBEA,2026-09-09,income
2008,10994.4,10994.4,2016-07-29,billion current USD,Disposable personal income,https://alfred.stlouisfed.org/series?seid=A067RC1A027NBEA,2026-09-09,income
2009,10942.5,10942.5,2016-07-29,billion current USD,Disposable personal income,https://alfred.stlouisfed.org/series?seid=A067RC1A027NBEA,2026-09-09,income
2010,11237.9,11237.9,2016-07-29,billion current USD,Disposable personal income,https://alfred.stlouisfed.org/series?seid=A067RC1A027NBEA,2026-09-09,income
2011,11801.4,11801.4,2016-07-29,billion current USD,Disposable personal income,https://alfred.stlouisfed.org/series?seid=A067RC1A027NBEA,2026-09-09,income
2012,12403.7,12403.7,2016-07-29,billion current USD,Disposable personal income,https://alfred.stlouisfed.org/series?seid=A067RC1A027NBEA,2026-09-09,income
2013,12395.8,12395.8,2016-07-29,billion current USD,Disposable personal income,https://alfred.stlouisfed.org/series?seid=A067RC1A027NBEA,2026-09-09,income
2014,13022.7,13022.7,2016-07-29,billion current USD,Disposable personal income,https://alfred.stlouisfed.org/series?seid=A067RC1A027NBEA,2026-09-09,income
2015,13519.8,13519.8,2016-07-29,billion current USD,Disposable personal income,https://alfred.stlouisfed.org/series?seid=A067RC1A027NBEA,2026-09-09,income
1929,1.814,1.814,2026-04-09,billion current USD,"Personal consumption expenditures: Nondurable goods: Motor vehicle fuels, lubricants, and fluids",https://alfred.stlouisfed.org/series?seid=DMFLRC1A027NBEA,2026-09-09,motor_fuels
1930,1.749,1.749,2026-04-09,billion current USD,"Personal consumption expenditures: Nondurable goods: Motor vehicle fuels, lubricants, and fluids",https://alfred.stlouisfed.org/series?seid=DMFLRC1A027NBEA,2026-09-09,motor_fuels
1931,1.54,1.54,2026-04-09,billion current USD,"Personal consumption expenditures: Nondurable goods: Motor vehicle fuels, lubricants, and fluids",https://alfred.stlouisfed.org/series?seid=DMFLRC1A027NBEA,2026-09-09,motor_fuels
1932,1.476,1.476,2026-04-09,billion current USD,"Personal consumption expenditures: Nondurable goods: Motor vehicle fuels, lubricants, and fluids",https://alfred.stlouisfed.org/series?seid=DMFLRC1A027NBEA,2026-09-09,motor_fuels
1933,1.466,1.466,2026-04-09,billion current USD,"Personal consumption expenditures: Nondurable goods: Motor vehicle fuels, lubricants, and fluids",https://alfred.stlouisfed.org/series?seid=DMFLRC1A027NBEA,2026-09-09,motor_fuels
1934,1.64,1.64,2026-04-09,billion current USD,"Personal consumption expenditures: Nondurable goods: Motor vehicle fuels, lubricants, and fluids",https://alfred.stlouisfed.org/series?seid=DMFLRC1A027NBEA,2026-09-09,motor_fuels
1935,1.743,1.743,2026-04-09,billion current USD,"Personal consumption expenditures: Nondurable goods: Motor vehicle fuels, lubricants, and fluids",https://alfred.stlouisfed.org/series?seid=DMFLRC1A027NBEA,2026-09-09,motor_fuels
1936,1.945,1.945,2026-04-09,billion current USD,"Personal consumption expenditures: Nondurable goods: Motor vehicle fuels, lubricants, and fluids",https://alfred.stlouisfed.org/series?seid=DMFLRC1A027NBEA,2026-09-09,motor_fuels
1937,2.143,2.143,2026-04-09,billion current USD,"Personal consumption expenditures: Nondurable goods: Motor vehicle fuels, lubricants, and fluids",https://alfred.stlouisfed.org/series?seid=DMFLRC1A027NBEA,2026-09-09,motor_fuels
1938,2.145,2.145,2026-04-09,billion current USD,"Personal consumption expenditures: Nondurable goods: Motor vehicle fuels, lubricants, and fluids",https://alfred.stlouisfed.org/series?seid=DMFLRC1A027NBEA,2026-09-09,motor_fuels
1939,2.181,2.181,2026-04-09,billion current USD,"Personal consumption expenditures: Nondurable goods: Motor vehicle fuels, lubricants, and fluids",https://alfred.stlouisfed.org/series?seid=DMFLRC1A027NBEA,2026-09-09,motor_fuels
1940,2.273,2.273,2026-04-09,billion current USD,"Personal consumption expenditures: Nondurable goods: Motor vehicle fuels, lubricants, and fluids",https://alfred.stlouisfed.org/series?seid=DMFLRC1A027NBEA,2026-09-09,motor_fuels
1941,2.649,2.649,2026-04-09,billion current USD,"Personal consumption expenditures: Nondurable goods: Motor vehicle fuels, lubricants, and fluids",https://alfred.stlouisfed.org/series?seid=DMFLRC1A027NBEA,2026-09-09,motor_fuels
1942,2.09,2.09,2026-04-09,billion current USD,"Personal consumption expenditures: Nondurable goods: Motor vehicle fuels, lubricants, and fluids",https://alfred.stlouisfed.org/series?seid=DMFLRC1A027NBEA,2026-09-09,motor_fuels
1943,1.339,1.339,2026-04-09,billion current USD,"Personal consumption expenditures: Nondurable goods: Motor vehicle fuels, lubricants, and fluids",https://alfred.stlouisfed.org/series?seid=DMFLRC1A027NBEA,2026-09-09,motor_fuels
1944,1.384,1.384,2026-04-09,billion current USD,"Personal consumption expenditures: Nondurable goods: Motor vehicle fuels, lubricants, and fluids",https://alfred.stlouisfed.org/series?seid=DMFLRC1A027NBEA,2026-09-09,motor_fuels
1945,1.809,1.809,2026-04-09,billion current USD,"Personal consumption expenditures: Nondurable goods: Motor vehicle fuels, lubricants, and fluids",https://alfred.stlouisfed.org/series?seid=DMFLRC1A027NBEA,2026-09-09,motor_fuels
1946,3.366,3.366,2026-04-09,billion current USD,"Personal consumption expenditures: Nondurable goods: Motor vehicle fuels, lubricants, and fluids",https://alfred.stlouisfed.org/series?seid=DMFLRC1A027NBEA,2026-09-09,motor_fuels
1947,4.015,4.015,2026-04-09,billion current USD,"Personal consumption expenditures: Nondurable goods: Motor vehicle fuels, lubricants, and fluids",https://alfred.stlouisfed.org/series?seid=DMFLRC1A027NBEA,2026-09-09,motor_fuels
1948,4.789,4.789,2026-04-09,billion current USD,"Personal consumption expenditures: Nondurable goods: Motor vehicle fuels, lubricants, and fluids",https://alfred.stlouisfed.org/series?seid=DMFLRC1A027NBEA,2026-09-09,motor_fuels
1949,5.317,5.317,2026-04-09,billion current USD,"Personal consumption expenditures: Nondurable goods: Motor vehicle fuels, lubricants, and fluids",https://alfred.stlouisfed.org/series?seid=DMFLRC1A027NBEA,2026-09-09,motor_fuels
1950,5.522,5.522,2026-04-09,billion current USD,"Personal consumption expenditures: Nondurable goods: Motor vehicle fuels, lubricants, and fluids",https://alfred.stlouisfed.org/series?seid=DMFLRC1A027NBEA,2026-09-09,motor_fuels
1951,6.126,6.126,2026-04-09,billion current USD,"Personal consumption expenditures: Nondurable goods: Motor vehicle fuels, lubricants, and fluids",https://alfred.stlouisfed.org/series?seid=DMFLRC1A027NBEA,2026-09-09,motor_fuels
1952,6.765,6.765,2026-04-09,billion current USD,"Personal consumption expenditures: Nondurable goods: Motor vehicle fuels, lubricants, and fluids",https://alfred.stlouisfed.org/series?seid=DMFLRC1A027NBEA,2026-09-09,motor_fuels
1953,7.441,7.441,2026-04-09,billion current USD,"Personal consumption expenditures: Nondurable goods: Motor vehicle fuels, lubricants, and fluids",https://alfred.stlouisfed.org/series?seid=DMFLRC1A027NBEA,2026-09-09,motor_fuels
1954,7.844,7.844,2026-04-09,billion current USD,"Personal consumption expenditures: Nondurable goods: Motor vehicle fuels, lubricants, and fluids",https://alfred.stlouisfed.org/series?seid=DMFLRC1A027NBEA,2026-09-09,motor_fuels
1955,8.617,8.617,2026-04-09,billion current USD,"Personal consumption expenditures: Nondurable goods: Motor vehicle fuels, lubricants, and fluids",https://alfred.stlouisfed.org/series?seid=DMFLRC1A027NBEA,2026-09-09,motor_fuels
1956,9.414,9.414,2026-04-09,billion current USD,"Personal consumption expenditures: Nondurable goods: Motor vehicle fuels, lubricants, and fluids",https://alfred.stlouisfed.org/series?seid=DMFLRC1A027NBEA,2026-09-09,motor_fuels
1957,10.2,10.2,2026-04-09,billion current USD,"Personal consumption expenditures: Nondurable goods: Motor vehicle fuels, lubricants, and fluids",https://alfred.stlouisfed.org/series?seid=DMFLRC1A027NBEA,2026-09-09,motor_fuels
1958,10.58,10.58,2026-04-09,billion current USD,"Personal consumption expenditures: Nondurable goods: Motor vehicle fuels, lubricants, and fluids",https://alfred.stlouisfed.org/series?seid=DMFLRC1A027NBEA,2026-09-09,motor_fuels
1959,11.281,11.281,2026-04-09,billion current USD,"Personal consumption expenditures: Nondurable goods: Motor vehicle fuels, lubricants, and fluids",https://alfred.stlouisfed.org/series?seid=DMFLRC1A027NBEA,2026-09-09,motor_fuels
1960,12.004,12.004,2026-04-09,billion current USD,"Personal consumption expenditures: Nondurable goods: Motor vehicle fuels, lubricants, and fluids",https://alfred.stlouisfed.org/series?seid=DMFLRC1A027NBEA,2026-09-09,motor_fuels
1961,12.009,12.009,2026-04-09,billion current USD,"Personal consumption expenditures: Nondurable goods: Motor vehicle fuels, lubricants, and fluids",https://alfred.stlouisfed.org/series?seid=DMFLRC1A027NBEA,2026-09-09,motor_fuels
1962,12.597,12.597,2026-04-09,billion current USD,"Personal consumption expenditures: Nondurable goods: Motor vehicle fuels, lubricants, and fluids",https://alfred.stlouisfed.org/series?seid=DMFLRC1A027NBEA,2026-09-09,motor_fuels
1963,12.952,12.952,2026-04-09,billion current USD,"Personal consumption expenditures: Nondurable goods: Motor vehicle fuels, lubricants, and fluids",https://alfred.stlouisfed.org/series?seid=DMFLRC1A027NBEA,2026-09-09,motor_fuels
1964,13.572,13.572,2026-04-09,billion current USD,"Personal consumption expenditures: Nondurable goods: Motor vehicle fuels, lubricants, and fluids",https://alfred.stlouisfed.org/series?seid=DMFLRC1A027NBEA,2026-09-09,motor_fuels
1965,14.751,14.751,2026-04-09,billion current USD,"Personal consumption expenditures: Nondurable goods: Motor vehicle fuels, lubricants, and fluids",https://alfred.stlouisfed.org/series?seid=DMFLRC1A027NBEA,2026-09-09,motor_fuels
1966,16.032,16.032,2026-04-09,billion current USD,"Personal consumption expenditures: Nondurable goods: Motor vehicle fuels, lubricants, and fluids",https://alfred.stlouisfed.org/series?seid=DMFLRC1A027NBEA,2026-09-09,motor_fuels
1967,17.1,17.1,2026-04-09,billion current USD,"Personal consumption expenditures: Nondurable goods: Motor vehicle fuels, lubricants, and fluids",https://alfred.stlouisfed.org/series?seid=DMFLRC1A027NBEA,2026-09-09,motor_fuels
1968,18.56,18.56,2026-04-09,billion current USD,"Personal consumption expenditures: Nondurable goods: Motor vehicle fuels, lubricants, and fluids",https://alfred.stlouisfed.org/series?seid=DMFLRC1A027NBEA,2026-09-09,motor_fuels
1969,20.46,20.46,2026-04-09,billion current USD,"Personal consumption expenditures: Nondurable goods: Motor vehicle fuels, lubricants, and fluids",https://alfred.stlouisfed.org/series?seid=DMFLRC1A027NBEA,2026-09-09,motor_fuels
1970,21.921,21.921,2026-04-09,billion current USD,"Personal consumption expenditures: Nondurable goods: Motor vehicle fuels, lubricants, and fluids",https://alfred.stlouisfed.org/series?seid=DMFLRC1A027NBEA,2026-09-09,motor_fuels
1971,23.15,23.15,2026-04-09,billion current USD,"Personal consumption expenditures: Nondurable goods: Motor vehicle fuels, lubricants, and fluids",https://alfred.stlouisfed.org/series?seid=DMFLRC1A027NBEA,2026-09-09,motor_fuels
1972,24.406,24.406,2026-04-09,billion current USD,"Personal consumption expenditures: Nondurable goods: Motor vehicle fuels, lubricants, and fluids",https://alfred.stlouisfed.org/series?seid=DMFLRC1A027NBEA,2026-09-09,motor_fuels
1973,28.131,28.131,2026-04-09,billion current USD,"Personal consumption expenditures: Nondurable goods: Motor vehicle fuels, lubricants, and fluids",https://alfred.stlouisfed.org/series?seid=DMFLRC1A027NBEA,2026-09-09,motor_fuels
1974,36.13,36.13,2026-04-09,billion current USD,"Personal consumption expenditures: Nondurable goods: Motor vehicle fuels, lubricants, and fluids",https://alfred.stlouisfed.org/series?seid=DMFLRC1A027NBEA,2026-09-09,motor_fuels
1975,39.703,39.703,2026-04-09,billion current USD,"Personal consumption expenditures: Nondurable goods: Motor vehicle fuels, lubricants, and fluids",https://alfred.stlouisfed.org/series?seid=DMFLRC1A027NBEA,2026-09-09,motor_fuels
1976,43.046,43.046,2026-04-09,billion current USD,"Personal consumption expenditures: Nondurable goods: Motor vehicle fuels, lubricants, and fluids",https://alfred.stlouisfed.org/series?seid=DMFLRC1A027NBEA,2026-09-09,motor_fuels
1977,46.934,46.934,2026-04-09,billion current USD,"Personal consumption expenditures: Nondurable goods: Motor vehicle fuels, lubricants, and fluids",https://alfred.stlouisfed.org/series?seid=DMFLRC1A027NBEA,2026-09-09,motor_fuels
1978,50.102,50.102,2026-04-09,billion current USD,"Personal consumption expenditures: Nondurable goods: Motor vehicle fuels, lubricants, and fluids",https://alfred.stlouisfed.org/series?seid=DMFLRC1A027NBEA,2026-09-09,motor_fuels
1979,66.243,66.243,2026-04-09,billion current USD,"Personal consumption expenditures: Nondurable goods: Motor vehicle fuels, lubricants, and fluids",https://alfred.stlouisfed.org/series?seid=DMFLRC1A027NBEA,2026-09-09,motor_fuels
1980,86.689,86.689,2026-04-09,billion current USD,"Personal consumption expenditures: Nondurable goods: Motor vehicle fuels, lubricants, and fluids",https://alfred.stlouisfed.org/series?seid=DMFLRC1A027NBEA,2026-09-09,motor_fuels
1981,97.919,97.919,2026-04-09,billion current USD,"Personal consumption expenditures: Nondurable goods: Motor vehicle fuels, lubricants, and fluids",https://alfred.stlouisfed.org/series?seid=DMFLRC1A027NBEA,2026-09-09,motor_fuels
1982,94.125,94.125,2026-04-09,billion current USD,"Personal consumption expenditures: Nondurable goods: Motor vehicle fuels, lubricants, and fluids",https://alfred.stlouisfed.org/series?seid=DMFLRC1A027NBEA,2026-09-09,motor_fuels
1983,93.081,93.081,2026-04-09,billion current USD,"Personal consumption expenditures: Nondurable goods: Motor vehicle fuels, lubricants, and fluids",https://alfred.stlouisfed.org/series?seid=DMFLRC1A027NBEA,2026-09-09,motor_fuels
1984,94.568,94.568,2026-04-09,billion current USD,"Personal consumption expenditures: Nondurable goods: Motor vehicle fuels, lubricants, and fluids",https://alfred.stlouisfed.org/series?seid=DMFLRC1A027NBEA,2026-09-09,motor_fuels
1985,97.205,97.205,2026-04-09,billion current USD,"Personal consumption expenditures: Nondurable goods: Motor vehicle fuels, lubricants, and fluids",https://alfred.stlouisfed.org/series?seid=DMFLRC1A027NBEA,2026-09-09,motor_fuels
1986,80.052,80.052,2026-04-09,billion current USD,"Personal consumption expenditures: Nondurable goods: Motor vehicle fuels, lubricants, and fluids",https://alfred.stlouisfed.org/series?seid=DMFLRC1A027NBEA,2026-09-09,motor_fuels
1987,85.355,85.355,2026-04-09,billion current USD,"Personal consumption expenditures: Nondurable goods: Motor vehicle fuels, lubricants, and fluids",https://alfred.stlouisfed.org/series?seid=DMFLRC1A027NBEA,2026-09-09,motor_fuels
1988,88.395,88.395,2026-04-09,billion current USD,"Personal consumption expenditures: Nondurable goods: Motor vehicle fuels, lubricants, and fluids",https://alfred.stlouisfed.org/series?seid=DMFLRC1A027NBEA,2026-09-09,motor_fuels
1989,98.716,98.716,2026-04-09,billion current USD,"Personal consumption expenditures: Nondurable goods: Motor vehicle fuels, lubricants, and fluids",https://alfred.stlouisfed.org/series?seid=DMFLRC1A027NBEA,2026-09-09,motor_fuels
1990,111.44,111.44,2026-04-09,billion current USD,"Personal consumption expenditures: Nondurable goods: Motor vehicle fuels, lubricants, and fluids",https://alfred.stlouisfed.org/series?seid=DMFLRC1A027NBEA,2026-09-09,motor_fuels
1991,108.852,108.852,2026-04-09,billion current USD,"Personal consumption expenditures: Nondurable goods: Motor vehicle fuels, lubricants, and fluids",https://alfred.stlouisfed.org/series?seid=DMFLRC1A027NBEA,2026-09-09,motor_fuels
1992,112.864,112.864,2026-04-09,billion current USD,"Personal consumption expenditures: Nondurable goods: Motor vehicle fuels, lubricants, and fluids",https://alfred.stlouisfed.org/series?seid=DMFLRC1A027NBEA,2026-09-09,motor_fuels
1993,114.518,114.518,2026-04-09,billion current USD,"Personal consumption expenditures: Nondurable goods: Motor vehicle fuels, lubricants, and fluids",https://alfred.stlouisfed.org/series?seid=DMFLRC1A027NBEA,2026-09-09,motor_fuels
1994,116.492,116.492,2026-04-09,billion current USD,"Personal consumption expenditures: Nondurable goods: Motor vehicle fuels, lubricants, and fluids",https://alfred.stlouisfed.org/series?seid=DMFLRC1A027NBEA,2026-09-09,motor_fuels
1995,120.41,120.41,2026-04-09,billion current USD,"Personal consumption expenditures: Nondurable goods: Motor vehicle fuels, lubricants, and fluids",https://alfred.stlouisfed.org/series?seid=DMFLRC1A027NBEA,2026-09-09,motor_fuels
1996,130.494,130.494,2026-04-09,billion current USD,"Personal consumption expenditures: Nondurable goods: Motor vehicle fuels, lubricants, and fluids",https://alfred.stlouisfed.org/series?seid=DMFLRC1A027NBEA,2026-09-09,motor_fuels
1997,134.428,134.428,2026-04-09,billion current USD,"Personal consumption expenditures: Nondurable goods: Motor vehicle fuels, lubricants, and fluids",https://alfred.stlouisfed.org/series?seid=DMFLRC1A027NBEA,2026-09-09,motor_fuels
1998,120.787,120.787,2026-04-09,billion current USD,"Personal consumption expenditures: Nondurable goods: Motor vehicle fuels, lubricants, and fluids",https://alfred.stlouisfed.org/series?seid=DMFLRC1A027NBEA,2026-09-09,motor_fuels
1999,134.19,134.19,2026-04-09,billion current USD,"Personal consumption expenditures: Nondurable goods: Motor vehicle fuels, lubricants, and fluids",https://alfred.stlouisfed.org/series?seid=DMFLRC1A027NBEA,2026-09-09,motor_fuels
2000,168.609,168.609,2026-04-09,billion current USD,"Personal consumption expenditures: Nondurable goods: Motor vehicle fuels, lubricants, and fluids",https://alfred.stlouisfed.org/series?seid=DMFLRC1A027NBEA,2026-09-09,motor_fuels
2001,162.485,162.485,2026-04-09,billion current USD,"Personal consumption expenditures: Nondurable goods: Motor vehicle fuels, lubricants, and fluids",https://alfred.stlouisfed.org/series?seid=DMFLRC1A027NBEA,2026-09-09,motor_fuels
2002,153.611,153.611,2026-04-09,billion current USD,"Personal consumption expenditures: Nondurable goods: Motor vehicle fuels, lubricants, and fluids",https://alfred.stlouisfed.org/series?seid=DMFLRC1A027NBEA,2026-09-09,motor_fuels
2003,178.977,178.977,2026-04-09,billion current USD,"Personal consumption expenditures: Nondurable goods: Motor vehicle fuels, lubricants, and fluids",https://alfred.stlouisfed.org/series?seid=DMFLRC1A027NBEA,2026-09-09,motor_fuels
2004,213.376,213.376,2026-04-09,billion current USD,"Personal consumption expenditures: Nondurable goods: Motor vehicle fuels, lubricants, and fluids",https://alfred.stlouisfed.org/series?seid=DMFLRC1A027NBEA,2026-09-09,motor_fuels
2005,261.43,261.43,2026-04-09,billion current USD,"Personal consumption expenditures: Nondurable goods: Motor vehicle fuels, lubricants, and fluids",https://alfred.stlouisfed.org/series?seid=DMFLRC1A027NBEA,2026-09-09,motor_fuels
2006,295.926,295.926,2026-04-09,billion current USD,"Personal consumption expenditures: Nondurable goods: Motor vehicle fuels, lubricants, and fluids",https://alfred.stlouisfed.org/series?seid=DMFLRC1A027NBEA,2026-09-09,motor_fuels
2007,319.919,319.919,2026-04-09,billion current USD,"Personal consumption expenditures: Nondurable goods: Motor vehicle fuels, lubricants, and fluids",https://alfred.stlouisfed.org/series?seid=DMFLRC1A027NBEA,2026-09-09,motor_fuels
2008,360.955,360.955,2026-04-09,billion current USD,"Personal consumption expenditures: Nondurable goods: Motor vehicle fuels, lubricants, and fluids",https://alfred.stlouisfed.org/series?seid=DMFLRC1A027NBEA,2026-09-09,motor_fuels
2009,263.79,263.79,2026-04-09,billion current USD,"Personal consumption expenditures: Nondurable goods: Motor vehicle fuels, lubricants, and fluids",https://alfred.stlouisfed.org/series?seid=DMFLRC1A027NBEA,2026-09-09,motor_fuels
2010,312.138,312.138,2026-04-09,billion current USD,"Personal consumption expenditures: Nondurable goods: Motor vehicle fuels, lubricants, and fluids",https://alfred.stlouisfed.org/series?seid=DMFLRC1A027NBEA,2026-09-09,motor_fuels
2011,386.787,386.787,2026-04-09,billion current USD,"Personal consumption expenditures: Nondurable goods: Motor vehicle fuels, lubricants, and fluids",https://alfred.stlouisfed.org/series?seid=DMFLRC1A027NBEA,2026-09-09,motor_fuels
2012,397.808,397.808,2026-04-09,billion current USD,"Personal consumption expenditures: Nondurable goods: Motor vehicle fuels, lubricants, and fluids",https://alfred.stlouisfed.org/series?seid=DMFLRC1A027NBEA,2026-09-09,motor_fuels
2013,395.669,395.669,2026-04-09,billion current USD,"Personal consumption expenditures: Nondurable goods: Motor vehicle fuels, lubricants, and fluids",https://alfred.stlouisfed.org/series?seid=DMFLRC1A027NBEA,2026-09-09,motor_fuels
2014,383.099,383.099,2026-04-09,billion current USD,"Personal consumption expenditures: Nondurable goods: Motor vehicle fuels, lubricants, and fluids",https://alfred.stlouisfed.org/series?seid=DMFLRC1A027NBEA,2026-09-09,motor_fuels
2015,297.404,297.404,2026-04-09,billion current USD,"Personal consumption expenditures: Nondurable goods: Motor vehicle fuels, lubricants, and fluids",https://alfred.stlouisfed.org/series?seid=DMFLRC1A027NBEA,2026-09-09,motor_fuels
2016,268.63,268.63,2026-04-09,billion current USD,"Personal consumption expenditures: Nondurable goods: Motor vehicle fuels, lubricants, and fluids",https://alfred.stlouisfed.org/series?seid=DMFLRC1A027NBEA,2026-09-09,motor_fuels
2017,302.501,302.501,2026-04-09,billion current USD,"Personal consumption expenditures: Nondurable goods: Motor vehicle fuels, lubricants, and fluids",https://alfred.stlouisfed.org/series?seid=DMFLRC1A027NBEA,2026-09-09,motor_fuels
2018,341.696,341.696,2026-04-09,billion current USD,"Personal consumption expenditures: Nondurable goods: Motor vehicle fuels, lubricants, and fluids",https://alfred.stlouisfed.org/series?seid=DMFLRC1A027NBEA,2026-09-09,motor_fuels
2019,328.716,328.716,2026-04-09,billion current USD,"Personal consumption expenditures: Nondurable goods: Motor vehicle fuels, lubricants, and fluids",https://alfred.stlouisfed.org/series?seid=DMFLRC1A027NBEA,2026-09-09,motor_fuels
2020,238.409,238.409,2026-04-09,billion current USD,"Personal consumption expenditures: Nondurable goods: Motor vehicle fuels, lubricants, and fluids",https://alfred.stlouisfed.org/series?seid=DMFLRC1A027NBEA,2026-09-09,motor_fuels
2021,361.108,361.108,2026-04-09,billion current USD,"Personal consumption expenditures: Nondurable goods: Motor vehicle fuels, lubricants, and fluids",https://alfred.stlouisfed.org/series?seid=DMFLRC1A027NBEA,2026-09-09,motor_fuels
2022,481.699,481.699,2026-04-09,billion current USD,"Personal consumption expenditures: Nondurable goods: Motor vehicle fuels, lubricants, and fluids",https://alfred.stlouisfed.org/series?seid=DMFLRC1A027NBEA,2026-09-09,motor_fuels
2023,436.921,436.921,2026-04-09,billion current USD,"Personal consumption expenditures: Nondurable goods: Motor vehicle fuels, lubricants, and fluids",https://alfred.stlouisfed.org/series?seid=DMFLRC1A027NBEA,2026-09-09,motor_fuels
2024,414.263,414.263,2026-04-09,billion current USD,"Personal consumption expenditures: Nondurable goods: Motor vehicle fuels, lubricants, and fluids",https://alfred.stlouisfed.org/series?seid=DMFLRC1A027NBEA,2026-09-09,motor_fuels
2025,393.097,393.097,2026-04-09,billion current USD,"Personal consumption expenditures: Nondurable goods: Motor vehicle fuels, lubricants, and fluids",https://alfred.stlouisfed.org/series?seid=DMFLRC1A027NBEA,2026-09-09,motor_fuels
1929,1.8,1.8,2016-08-03,billion current USD,"Personal consumption expenditures: Nondurable goods: Motor vehicle fuels, lubricants, and fluids",https://alfred.stlouisfed.org/series?seid=DMFLRC1A027NBEA,2026-09-09,motor_fuels
1930,1.7,1.7,2016-08-03,billion current USD,"Personal consumption expenditures: Nondurable goods: Motor vehicle fuels, lubricants, and fluids",https://alfred.stlouisfed.org/series?seid=DMFLRC1A027NBEA,2026-09-09,motor_fuels
1931,1.5,1.5,2016-08-03,billion current USD,"Personal consumption expenditures: Nondurable goods: Motor vehicle fuels, lubricants, and fluids",https://alfred.stlouisfed.org/series?seid=DMFLRC1A027NBEA,2026-09-09,motor_fuels
1932,1.5,1.5,2016-08-03,billion current USD,"Personal consumption expenditures: Nondurable goods: Motor vehicle fuels, lubricants, and fluids",https://alfred.stlouisfed.org/series?seid=DMFLRC1A027NBEA,2026-09-09,motor_fuels
1933,1.5,1.5,2016-08-03,billion current USD,"Personal consumption expenditures: Nondurable goods: Motor vehicle fuels, lubricants, and fluids",https://alfred.stlouisfed.org/series?seid=DMFLRC1A027NBEA,2026-09-09,motor_fuels
1934,1.6,1.6,2016-08-03,billion current USD,"Personal consumption expenditures: Nondurable goods: Motor vehicle fuels, lubricants, and fluids",https://alfred.stlouisfed.org/series?seid=DMFLRC1A027NBEA,2026-09-09,motor_fuels
1935,1.7,1.7,2016-08-03,billion current USD,"Personal consumption expenditures: Nondurable goods: Motor vehicle fuels, lubricants, and fluids",https://alfred.stlouisfed.org/series?seid=DMFLRC1A027NBEA,2026-09-09,motor_fuels
1936,1.9,1.9,2016-08-03,billion current USD,"Personal consumption expenditures: Nondurable goods: Motor vehicle fuels, lubricants, and fluids",https://alfred.stlouisfed.org/series?seid=DMFLRC1A027NBEA,2026-09-09,motor_fuels
1937,2.1,2.1,2016-08-03,billion current USD,"Personal consumption expenditures: Nondurable goods: Motor vehicle fuels, lubricants, and fluids",https://alfred.stlouisfed.org/series?seid=DMFLRC1A027NBEA,2026-09-09,motor_fuels
1938,2.1,2.1,2016-08-03,billion current USD,"Personal consumption expenditures: Nondurable goods: Motor vehicle fuels, lubricants, and fluids",https://alfred.stlouisfed.org/series?seid=DMFLRC1A027NBEA,2026-09-09,motor_fuels
1939,2.2,2.2,2016-08-03,billion current USD,"Personal consumption expenditures: Nondurable goods: Motor vehicle fuels, lubricants, and fluids",https://alfred.stlouisfed.org/series?seid=DMFLRC1A027NBEA,2026-09-09,motor_fuels
1940,2.3,2.3,2016-08-03,billion current USD,"Personal consumption expenditures: Nondurable goods: Motor vehicle fuels, lubricants, and fluids",https://alfred.stlouisfed.org/series?seid=DMFLRC1A027NBEA,2026-09-09,motor_fuels
1941,2.6,2.6,2016-08-03,billion current USD,"Personal consumption expenditures: Nondurable goods: Motor vehicle fuels, lubricants, and fluids",https://alfred.stlouisfed.org/series?seid=DMFLRC1A027NBEA,2026-09-09,motor_fuels
1942,2.1,2.1,2016-08-03,billion current USD,"Personal consumption expenditures: Nondurable goods: Motor vehicle fuels, lubricants, and fluids",https://alfred.stlouisfed.org/series?seid=DMFLRC1A027NBEA,2026-09-09,motor_fuels
1943,1.3,1.3,2016-08-03,billion current USD,"Personal consumption expenditures: Nondurable goods: Motor vehicle fuels, lubricants, and fluids",https://alfred.stlouisfed.org/series?seid=DMFLRC1A027NBEA,2026-09-09,motor_fuels
1944,1.4,1.4,2016-08-03,billion current USD,"Personal consumption expenditures: Nondurable goods: Motor vehicle fuels, lubricants, and fluids",https://alfred.stlouisfed.org/series?seid=DMFLRC1A027NBEA,2026-09-09,motor_fuels
1945,1.8,1.8,2016-08-03,billion current USD,"Personal consumption expenditures: Nondurable goods: Motor vehicle fuels, lubricants, and fluids",https://alfred.stlouisfed.org/series?seid=DMFLRC1A027NBEA,2026-09-09,motor_fuels
1946,3.4,3.4,2016-08-03,billion current USD,"Personal consumption expenditures: Nondurable goods: Motor vehicle fuels, lubricants, and fluids",https://alfred.stlouisfed.org/series?seid=DMFLRC1A027NBEA,2026-09-09,motor_fuels
1947,4.0,4,2016-08-03,billion current USD,"Personal consumption expenditures: Nondurable goods: Motor vehicle fuels, lubricants, and fluids",https://alfred.stlouisfed.org/series?seid=DMFLRC1A027NBEA,2026-09-09,motor_fuels
1948,4.8,4.8,2016-08-03,billion current USD,"Personal consumption expenditures: Nondurable goods: Motor vehicle fuels, lubricants, and fluids",https://alfred.stlouisfed.org/series?seid=DMFLRC1A027NBEA,2026-09-09,motor_fuels
1949,5.3,5.3,2016-08-03,billion current USD,"Personal consumption expenditures: Nondurable goods: Motor vehicle fuels, lubricants, and fluids",https://alfred.stlouisfed.org/series?seid=DMFLRC1A027NBEA,2026-09-09,motor_fuels
1950,5.5,5.5,2016-08-03,billion current USD,"Personal consumption expenditures: Nondurable goods: Motor vehicle fuels, lubricants, and fluids",https://alfred.stlouisfed.org/series?seid=DMFLRC1A027NBEA,2026-09-09,motor_fuels
1951,6.1,6.1,2016-08-03,billion current USD,"Personal consumption expenditures: Nondurable goods: Motor vehicle fuels, lubricants, and fluids",https://alfred.stlouisfed.org/series?seid=DMFLRC1A027NBEA,2026-09-09,motor_fuels
1952,6.8,6.8,2016-08-03,billion current USD,"Personal consumption expenditures: Nondurable goods: Motor vehicle fuels, lubricants, and fluids",https://alfred.stlouisfed.org/series?seid=DMFLRC1A027NBEA,2026-09-09,motor_fuels
1953,7.4,7.4,2016-08-03,billion current USD,"Personal consumption expenditures: Nondurable goods: Motor vehicle fuels, lubricants, and fluids",https://alfred.stlouisfed.org/series?seid=DMFLRC1A027NBEA,2026-09-09,motor_fuels
1954,7.8,7.8,2016-08-03,billion current USD,"Personal consumption expenditures: Nondurable goods: Motor vehicle fuels, lubricants, and fluids",https://alfred.stlouisfed.org/series?seid=DMFLRC1A027NBEA,2026-09-09,motor_fuels
1955,8.6,8.6,2016-08-03,billion current USD,"Personal consumption expenditures: Nondurable goods: Motor vehicle fuels, lubricants, and fluids",https://alfred.stlouisfed.org/series?seid=DMFLRC1A027NBEA,2026-09-09,motor_fuels
1956,9.4,9.4,2016-08-03,billion current USD,"Personal consumption expenditures: Nondurable goods: Motor vehicle fuels, lubricants, and fluids",https://alfred.stlouisfed.org/series?seid=DMFLRC1A027NBEA,2026-09-09,motor_fuels
1957,10.2,10.2,2016-08-03,billion current USD,"Personal consumption expenditures: Nondurable goods: Motor vehicle fuels, lubricants, and fluids",https://alfred.stlouisfed.org/series?seid=DMFLRC1A027NBEA,2026-09-09,motor_fuels
1958,10.6,10.6,2016-08-03,billion current USD,"Personal consumption expenditures: Nondurable goods: Motor vehicle fuels, lubricants, and fluids",https://alfred.stlouisfed.org/series?seid=DMFLRC1A027NBEA,2026-09-09,motor_fuels
1959,11.3,11.3,2016-08-03,billion current USD,"Personal consumption expenditures: Nondurable goods: Motor vehicle fuels, lubricants, and fluids",https://alfred.stlouisfed.org/series?seid=DMFLRC1A027NBEA,2026-09-09,motor_fuels
1960,12.0,12,2016-08-03,billion current USD,"Personal consumption expenditures: Nondurable goods: Motor vehicle fuels, lubricants, and fluids",https://alfred.stlouisfed.org/series?seid=DMFLRC1A027NBEA,2026-09-09,motor_fuels
1961,12.0,12,2016-08-03,billion current USD,"Personal consumption expenditures: Nondurable goods: Motor vehicle fuels, lubricants, and fluids",https://alfred.stlouisfed.org/series?seid=DMFLRC1A027NBEA,2026-09-09,motor_fuels
1962,12.6,12.6,2016-08-03,billion current USD,"Personal consumption expenditures: Nondurable goods: Motor vehicle fuels, lubricants, and fluids",https://alfred.stlouisfed.org/series?seid=DMFLRC1A027NBEA,2026-09-09,motor_fuels
1963,13.0,13,2016-08-03,billion current USD,"Personal consumption expenditures: Nondurable goods: Motor vehicle fuels, lubricants, and fluids",https://alfred.stlouisfed.org/series?seid=DMFLRC1A027NBEA,2026-09-09,motor_fuels
1964,13.6,13.6,2016-08-03,billion current USD,"Personal consumption expenditures: Nondurable goods: Motor vehicle fuels, lubricants, and fluids",https://alfred.stlouisfed.org/series?seid=DMFLRC1A027NBEA,2026-09-09,motor_fuels
1965,14.8,14.8,2016-08-03,billion current USD,"Personal consumption expenditures: Nondurable goods: Motor vehicle fuels, lubricants, and fluids",https://alfred.stlouisfed.org/series?seid=DMFLRC1A027NBEA,2026-09-09,motor_fuels
1966,16.0,16,2016-08-03,billion current USD,"Personal consumption expenditures: Nondurable goods: Motor vehicle fuels, lubricants, and fluids",https://alfred.stlouisfed.org/series?seid=DMFLRC1A027NBEA,2026-09-09,motor_fuels
1967,17.1,17.1,2016-08-03,billion current USD,"Personal consumption expenditures: Nondurable goods: Motor vehicle fuels, lubricants, and fluids",https://alfred.stlouisfed.org/series?seid=DMFLRC1A027NBEA,2026-09-09,motor_fuels
1968,18.6,18.6,2016-08-03,billion current USD,"Personal consumption expenditures: Nondurable goods: Motor vehicle fuels, lubricants, and fluids",https://alfred.stlouisfed.org/series?seid=DMFLRC1A027NBEA,2026-09-09,motor_fuels
1969,20.5,20.5,2016-08-03,billion current USD,"Personal consumption expenditures: Nondurable goods: Motor vehicle fuels, lubricants, and fluids",https://alfred.stlouisfed.org/series?seid=DMFLRC1A027NBEA,2026-09-09,motor_fuels
1970,21.9,21.9,2016-08-03,billion current USD,"Personal consumption expenditures: Nondurable goods: Motor vehicle fuels, lubricants, and fluids",https://alfred.stlouisfed.org/series?seid=DMFLRC1A027NBEA,2026-09-09,motor_fuels
1971,23.2,23.2,2016-08-03,billion current USD,"Personal consumption expenditures: Nondurable goods: Motor vehicle fuels, lubricants, and fluids",https://alfred.stlouisfed.org/series?seid=DMFLRC1A027NBEA,2026-09-09,motor_fuels
1972,24.4,24.4,2016-08-03,billion current USD,"Personal consumption expenditures: Nondurable goods: Motor vehicle fuels, lubricants, and fluids",https://alfred.stlouisfed.org/series?seid=DMFLRC1A027NBEA,2026-09-09,motor_fuels
1973,28.1,28.1,2016-08-03,billion current USD,"Personal consumption expenditures: Nondurable goods: Motor vehicle fuels, lubricants, and fluids",https://alfred.stlouisfed.org/series?seid=DMFLRC1A027NBEA,2026-09-09,motor_fuels
1974,36.1,36.1,2016-08-03,billion current USD,"Personal consumption expenditures: Nondurable goods: Motor vehicle fuels, lubricants, and fluids",https://alfred.stlouisfed.org/series?seid=DMFLRC1A027NBEA,2026-09-09,motor_fuels
1975,39.7,39.7,2016-08-03,billion current USD,"Personal consumption expenditures: Nondurable goods: Motor vehicle fuels, lubricants, and fluids",https://alfred.stlouisfed.org/series?seid=DMFLRC1A027NBEA,2026-09-09,motor_fuels
1976,43.0,43,2016-08-03,billion current USD,"Personal consumption expenditures: Nondurable goods: Motor vehicle fuels, lubricants, and fluids",https://alfred.stlouisfed.org/series?seid=DMFLRC1A027NBEA,2026-09-09,motor_fuels
1977,46.9,46.9,2016-08-03,billion current USD,"Personal consumption expenditures: Nondurable goods: Motor vehicle fuels, lubricants, and fluids",https://alfred.stlouisfed.org/series?seid=DMFLRC1A027NBEA,2026-09-09,motor_fuels
1978,50.1,50.1,2016-08-03,billion current USD,"Personal consumption expenditures: Nondurable goods: Motor vehicle fuels, lubricants, and fluids",https://alfred.stlouisfed.org/series?seid=DMFLRC1A027NBEA,2026-09-09,motor_fuels
1979,66.2,66.2,2016-08-03,billion current USD,"Personal consumption expenditures: Nondurable goods: Motor vehicle fuels, lubricants, and fluids",https://alfred.stlouisfed.org/series?seid=DMFLRC1A027NBEA,2026-09-09,motor_fuels
1980,86.7,86.7,2016-08-03,billion current USD,"Personal consumption expenditures: Nondurable goods: Motor vehicle fuels, lubricants, and fluids",https://alfred.stlouisfed.org/series?seid=DMFLRC1A027NBEA,2026-09-09,motor_fuels
1981,97.9,97.9,2016-08-03,billion current USD,"Personal consumption expenditures: Nondurable goods: Motor vehicle fuels, lubricants, and fluids",https://alfred.stlouisfed.org/series?seid=DMFLRC1A027NBEA,2026-09-09,motor_fuels
1982,94.1,94.1,2016-08-03,billion current USD,"Personal consumption expenditures: Nondurable goods: Motor vehicle fuels, lubricants, and fluids",https://alfred.stlouisfed.org/series?seid=DMFLRC1A027NBEA,2026-09-09,motor_fuels
1983,93.1,93.1,2016-08-03,billion current USD,"Personal consumption expenditures: Nondurable goods: Motor vehicle fuels, lubricants, and fluids",https://alfred.stlouisfed.org/series?seid=DMFLRC1A027NBEA,2026-09-09,motor_fuels
1984,94.6,94.6,2016-08-03,billion current USD,"Personal consumption expenditures: Nondurable goods: Motor vehicle fuels, lubricants, and fluids",https://alfred.stlouisfed.org/series?seid=DMFLRC1A027NBEA,2026-09-09,motor_fuels
1985,97.2,97.2,2016-08-03,billion current USD,"Personal consumption expenditures: Nondurable goods: Motor vehicle fuels, lubricants, and fluids",https://alfred.stlouisfed.org/series?seid=DMFLRC1A027NBEA,2026-09-09,motor_fuels
1986,80.1,80.1,2016-08-03,billion current USD,"Personal consumption expenditures: Nondurable goods: Motor vehicle fuels, lubricants, and fluids",https://alfred.stlouisfed.org/series?seid=DMFLRC1A027NBEA,2026-09-09,motor_fuels
1987,85.4,85.4,2016-08-03,billion current USD,"Personal consumption expenditures: Nondurable goods: Motor vehicle fuels, lubricants, and fluids",https://alfred.stlouisfed.org/series?seid=DMFLRC1A027NBEA,2026-09-09,motor_fuels
1988,88.4,88.4,2016-08-03,billion current USD,"Personal consumption expenditures: Nondurable goods: Motor vehicle fuels, lubricants, and fluids",https://alfred.stlouisfed.org/series?seid=DMFLRC1A027NBEA,2026-09-09,motor_fuels
1989,98.7,98.7,2016-08-03,billion current USD,"Personal consumption expenditures: Nondurable goods: Motor vehicle fuels, lubricants, and fluids",https://alfred.stlouisfed.org/series?seid=DMFLRC1A027NBEA,2026-09-09,motor_fuels
1990,111.4,111.4,2016-08-03,billion current USD,"Personal consumption expenditures: Nondurable goods: Motor vehicle fuels, lubricants, and fluids",https://alfred.stlouisfed.org/series?seid=DMFLRC1A027NBEA,2026-09-09,motor_fuels
1991,108.9,108.9,2016-08-03,billion current USD,"Personal consumption expenditures: Nondurable goods: Motor vehicle fuels, lubricants, and fluids",https://alfred.stlouisfed.org/series?seid=DMFLRC1A027NBEA,2026-09-09,motor_fuels
1992,112.9,112.9,2016-08-03,billion current USD,"Personal consumption expenditures: Nondurable goods: Motor vehicle fuels, lubricants, and fluids",https://alfred.stlouisfed.org/series?seid=DMFLRC1A027NBEA,2026-09-09,motor_fuels
1993,114.5,114.5,2016-08-03,billion current USD,"Personal consumption expenditures: Nondurable goods: Motor vehicle fuels, lubricants, and fluids",https://alfred.stlouisfed.org/series?seid=DMFLRC1A027NBEA,2026-09-09,motor_fuels
1994,116.5,116.5,2016-08-03,billion current USD,"Personal consumption expenditures: Nondurable goods: Motor vehicle fuels, lubricants, and fluids",https://alfred.stlouisfed.org/series?seid=DMFLRC1A027NBEA,2026-09-09,motor_fuels
1995,120.4,120.4,2016-08-03,billion current USD,"Personal consumption expenditures: Nondurable goods: Motor vehicle fuels, lubricants, and fluids",https://alfred.stlouisfed.org/series?seid=DMFLRC1A027NBEA,2026-09-09,motor_fuels
1996,130.5,130.5,2016-08-03,billion current USD,"Personal consumption expenditures: Nondurable goods: Motor vehicle fuels, lubricants, and fluids",https://alfred.stlouisfed.org/series?seid=DMFLRC1A027NBEA,2026-09-09,motor_fuels
1997,134.4,134.4,2016-08-03,billion current USD,"Personal consumption expenditures: Nondurable goods: Motor vehicle fuels, lubricants, and fluids",https://alfred.stlouisfed.org/series?seid=DMFLRC1A027NBEA,2026-09-09,motor_fuels
1998,120.8,120.8,2016-08-03,billion current USD,"Personal consumption expenditures: Nondurable goods: Motor vehicle fuels, lubricants, and fluids",https://alfred.stlouisfed.org/series?seid=DMFLRC1A027NBEA,2026-09-09,motor_fuels
1999,134.2,134.2,2016-08-03,billion current USD,"Personal consumption expenditures: Nondurable goods: Motor vehicle fuels, lubricants, and fluids",https://alfred.stlouisfed.org/series?seid=DMFLRC1A027NBEA,2026-09-09,motor_fuels
2000,168.6,168.6,2016-08-03,billion current USD,"Personal consumption expenditures: Nondurable goods: Motor vehicle fuels, lubricants, and fluids",https://alfred.stlouisfed.org/series?seid=DMFLRC1A027NBEA,2026-09-09,motor_fuels
2001,162.5,162.5,2016-08-03,billion current USD,"Personal consumption expenditures: Nondurable goods: Motor vehicle fuels, lubricants, and fluids",https://alfred.stlouisfed.org/series?seid=DMFLRC1A027NBEA,2026-09-09,motor_fuels
2002,153.6,153.6,2016-08-03,billion current USD,"Personal consumption expenditures: Nondurable goods: Motor vehicle fuels, lubricants, and fluids",https://alfred.stlouisfed.org/series?seid=DMFLRC1A027NBEA,2026-09-09,motor_fuels
2003,179.0,179,2016-08-03,billion current USD,"Personal consumption expenditures: Nondurable goods: Motor vehicle fuels, lubricants, and fluids",https://alfred.stlouisfed.org/series?seid=DMFLRC1A027NBEA,2026-09-09,motor_fuels
2004,213.4,213.4,2016-08-03,billion current USD,"Personal consumption expenditures: Nondurable goods: Motor vehicle fuels, lubricants, and fluids",https://alfred.stlouisfed.org/series?seid=DMFLRC1A027NBEA,2026-09-09,motor_fuels
2005,261.4,261.4,2016-08-03,billion current USD,"Personal consumption expenditures: Nondurable goods: Motor vehicle fuels, lubricants, and fluids",https://alfred.stlouisfed.org/series?seid=DMFLRC1A027NBEA,2026-09-09,motor_fuels
2006,295.9,295.9,2016-08-03,billion current USD,"Personal consumption expenditures: Nondurable goods: Motor vehicle fuels, lubricants, and fluids",https://alfred.stlouisfed.org/series?seid=DMFLRC1A027NBEA,2026-09-09,motor_fuels
2007,319.9,319.9,2016-08-03,billion current USD,"Personal consumption expenditures: Nondurable goods: Motor vehicle fuels, lubricants, and fluids",https://alfred.stlouisfed.org/series?seid=DMFLRC1A027NBEA,2026-09-09,motor_fuels
2008,358.3,358.3,2016-08-03,billion current USD,"Personal consumption expenditures: Nondurable goods: Motor vehicle fuels, lubricants, and fluids",https://alfred.stlouisfed.org/series?seid=DMFLRC1A027NBEA,2026-09-09,motor_fuels
2009,260.2,260.2,2016-08-03,billion current USD,"Personal consumption expenditures: Nondurable goods: Motor vehicle fuels, lubricants, and fluids",https://alfred.stlouisfed.org/series?seid=DMFLRC1A027NBEA,2026-09-09,motor_fuels
2010,307.3,307.3,2016-08-03,billion current USD,"Personal consumption expenditures: Nondurable goods: Motor vehicle fuels, lubricants, and fluids",https://alfred.stlouisfed.org/series?seid=DMFLRC1A027NBEA,2026-09-09,motor_fuels
2011,380.4,380.4,2016-08-03,billion current USD,"Personal consumption expenditures: Nondurable goods: Motor vehicle fuels, lubricants, and fluids",https://alfred.stlouisfed.org/series?seid=DMFLRC1A027NBEA,2026-09-09,motor_fuels
2012,390.5,390.5,2016-08-03,billion current USD,"Personal consumption expenditures: Nondurable goods: Motor vehicle fuels, lubricants, and fluids",https://alfred.stlouisfed.org/series?seid=DMFLRC1A027NBEA,2026-09-09,motor_fuels
2013,385.6,385.6,2016-08-03,billion current USD,"Personal consumption expenditures: Nondurable goods: Motor vehicle fuels, lubricants, and fluids",https://alfred.stlouisfed.org/series?seid=DMFLRC1A027NBEA,2026-09-09,motor_fuels
2014,371.2,371.2,2016-08-03,billion current USD,"Personal consumption expenditures: Nondurable goods: Motor vehicle fuels, lubricants, and fluids",https://alfred.stlouisfed.org/series?seid=DMFLRC1A027NBEA,2026-09-09,motor_fuels
2015,283.0,283,2016-08-03,billion current USD,"Personal consumption expenditures: Nondurable goods: Motor vehicle fuels, lubricants, and fluids",https://alfred.stlouisfed.org/series?seid=DMFLRC1A027NBEA,2026-09-09,motor_fuels
